person_id,timestamp,youth_group_id,scd_active_from,scd_active_to,scd_currently_active_flag,scd_changed_by_user
0,2025-01-31 11:12:11,YG005,2025-01-31 11:12:11,,True,admin
1,2025-01-31 11:12:21,YG022,2025-01-31 11:12:21,,True,admin
2,2025-01-31 11:12:25,YG015,2025-01-31 11:12:25,,True,admin
3,2025-01-31 11:12:36,YG023,2025-01-31 11:12:36,,True,admin
4,2025-01-31 11:12:38,YG022,2025-01-31 11:12:38,,True,admin
5,2025-01-31 11:12:38,YG007,2025-01-31 11:12:38,,True,admin
6,2025-01-31 11:12:42,YG027,2025-01-31 11:12:42,,True,admin
7,2025-01-31 11:12:46,YG023,2025-01-31 11:12:46,,True,admin
8,2025-01-31 11:12:47,YG005,2025-01-31 11:12:47,,True,admin
9,2025-01-31 11:12:50,YG012,2025-01-31 11:12:50,,True,admin
10,2025-01-31 11:12:50,YG016,2025-01-31 11:12:50,,True,admin
11,2025-01-31 11:12:54,YG029,2025-01-31 11:12:54,,True,admin
12,2025-01-31 11:12:54,YG019,2025-01-31 11:12:54,,True,admin
13,2025-01-31 11:13:00,YG023,2025-01-31 11:13:00,,True,admin
14,2025-01-31 11:13:00,YG012,2025-01-31 11:13:00,,True,admin
15,2025-01-31 11:13:01,YG023,2025-01-31 11:13:01,,True,admin
16,2025-01-31 11:13:02,YG021,2025-01-31 11:13:02,,True,admin
17,2025-01-31 11:13:03,YG016,2025-01-31 11:13:03,,True,admin
18,2025-01-31 11:13:03,YG027,2025-01-31 11:13:03,,True,admin
19,2025-01-31 11:13:04,YG010,2025-01-31 11:13:04,,True,admin
20,2025-01-31 11:13:06,YG012,2025-01-31 11:13:06,,True,admin
21,2025-01-31 11:13:09,YG003,2025-01-31 11:13:09,,True,admin
22,2025-01-31 11:13:09,YG012,2025-01-31 11:13:09,,True,admin
23,2025-01-31 11:13:09,YG003,2025-01-31 11:13:09,,True,admin
24,2025-01-31 11:13:12,YG004,2025-01-31 11:13:12,,True,admin
25,2025-01-31 11:13:12,YG005,2025-01-31 11:13:12,,True,admin
26,2025-01-31 11:13:13,YG012,2025-01-31 11:13:13,,True,admin
27,2025-01-31 11:13:13,YG016,2025-01-31 11:13:13,,True,admin
28,2025-01-31 11:13:13,YG003,2025-01-31 11:13:13,,True,admin
29,2025-01-31 11:13:15,YG010,2025-01-31 11:13:15,,True,admin
30,2025-01-31 11:13:18,YG015,2025-01-31 11:13:18,,True,admin
31,2025-01-31 11:13:18,YG016,2025-01-31 11:13:18,,True,admin
32,2025-01-31 11:13:19,YG003,2025-01-31 11:13:19,,True,admin
33,2025-01-31 11:13:20,YG019,2025-01-31 11:13:20,,True,admin
34,2025-01-31 11:13:20,YG005,2025-01-31 11:13:20,,True,admin
35,2025-01-31 11:13:21,YG003,2025-01-31 11:13:21,,True,admin
36,2025-01-31 11:13:22,YG005,2025-01-31 11:13:22,,True,admin
37,2025-01-31 11:13:23,YG005,2025-01-31 11:13:23,,True,admin
38,2025-01-31 11:13:24,YG003,2025-01-31 11:13:24,,True,admin
39,2025-01-31 11:13:25,YG005,2025-01-31 11:13:25,,True,admin
40,2025-01-31 11:13:25,YG007,2025-01-31 11:13:25,,True,admin
41,2025-01-31 11:13:26,YG006,2025-01-31 11:13:26,,True,admin
42,2025-01-31 11:13:27,YG002,2025-01-31 11:13:27,,True,admin
43,2025-01-31 11:13:28,YG023,2025-01-31 11:13:28,,True,admin
44,2025-01-31 11:13:29,YG016,2025-01-31 11:13:29,,True,admin
45,2025-01-31 11:13:29,YG009,2025-01-31 11:13:29,,True,admin
46,2025-01-31 11:13:32,YG026,2025-01-31 11:13:32,,True,admin
47,2025-01-31 11:13:32,YG002,2025-01-31 11:13:32,,True,admin
48,2025-01-31 11:13:33,YG029,2025-01-31 11:13:33,,True,admin
49,2025-01-31 11:13:35,YG016,2025-01-31 11:13:35,,True,admin
50,2025-01-31 11:13:36,YG006,2025-01-31 11:13:36,,True,admin
51,2025-01-31 11:13:36,YG010,2025-01-31 11:13:36,,True,admin
52,2025-01-31 11:13:40,YG009,2025-01-31 11:13:40,,True,admin
53,2025-01-31 11:13:41,YG003,2025-01-31 11:13:41,,True,admin
54,2025-01-31 11:13:42,YG007,2025-01-31 11:13:42,,True,admin
55,2025-01-31 11:13:42,YG009,2025-01-31 11:13:42,,True,admin
56,2025-01-31 11:13:44,YG028,2025-01-31 11:13:44,,True,admin
57,2025-01-31 11:13:45,YG010,2025-01-31 11:13:45,,True,admin
58,2025-01-31 11:13:45,YG027,2025-01-31 11:13:45,,True,admin
59,2025-01-31 11:13:46,YG004,2025-01-31 11:13:46,,True,admin
60,2025-01-31 11:13:46,YG015,2025-01-31 11:13:46,,True,admin
61,2025-01-31 11:13:46,YG027,2025-01-31 11:13:46,,True,admin
62,2025-01-31 11:13:48,YG016,2025-01-31 11:13:48,,True,admin
63,2025-01-31 11:13:49,YG016,2025-01-31 11:13:49,,True,admin
64,2025-01-31 11:13:49,YG020,2025-01-31 11:13:49,,True,admin
65,2025-01-31 11:13:49,YG009,2025-01-31 11:13:49,,True,admin
66,2025-01-31 11:13:50,YG016,2025-01-31 11:13:50,,True,admin
67,2025-01-31 11:13:51,YG013,2025-01-31 11:13:51,,True,admin
68,2025-01-31 11:13:52,YG010,2025-01-31 11:13:52,,True,admin
69,2025-01-31 11:13:53,YG022,2025-01-31 11:13:53,,True,admin
70,2025-01-31 11:13:55,YG022,2025-01-31 11:13:55,,True,admin
71,2025-01-31 11:13:56,YG002,2025-01-31 11:13:56,,True,admin
71,2025-03-20 12:24:29,YG023,2025-03-20 12:24:29,,True,admin
72,2025-01-31 11:14:00,YG016,2025-01-31 11:14:00,,True,admin
73,2025-01-31 11:14:01,YG016,2025-01-31 11:14:01,,True,admin
74,2025-01-31 11:14:02,YG016,2025-01-31 11:14:02,,True,admin
75,2025-01-31 11:14:03,YG019,2025-01-31 11:14:03,,True,admin
76,2025-01-31 11:14:05,YG017,2025-01-31 11:14:05,,True,admin
77,2025-01-31 11:14:09,YG019,2025-01-31 11:14:09,,True,admin
78,2025-01-31 11:14:11,YG026,2025-01-31 11:14:11,,True,admin
79,2025-01-31 11:14:11,YG010,2025-01-31 11:14:11,,True,admin
80,2025-01-31 11:14:12,YG003,2025-01-31 11:14:12,,True,admin
81,2025-01-31 11:14:13,YG016,2025-01-31 11:14:13,,True,admin
82,2025-01-31 11:14:14,YG023,2025-01-31 11:14:14,,True,admin
83,2025-01-31 11:14:15,YG016,2025-01-31 11:14:15,,True,admin
84,2025-01-31 11:14:16,YG011,2025-01-31 11:14:16,,True,admin
85,2025-01-31 11:14:17,YG003,2025-01-31 11:14:17,,True,admin
86,2025-01-31 11:14:17,YG015,2025-01-31 11:14:17,,True,admin
87,2025-01-31 11:14:19,YG024,2025-01-31 11:14:19,,True,admin
88,2025-01-31 11:14:19,YG007,2025-01-31 11:14:19,,True,admin
89,2025-01-31 11:14:22,YG019,2025-01-31 11:14:22,,True,admin
90,2025-01-31 11:14:24,YG024,2025-01-31 11:14:24,,True,admin
90,2025-09-10 23:28:12,YG005,2025-09-10 23:28:12,,True,admin
90,2025-11-04 18:10:48,YG011,2025-11-04 18:10:48,,True,admin
91,2025-01-31 11:14:25,YG017,2025-01-31 11:14:25,,True,admin
92,2025-01-31 11:14:26,YG002,2025-01-31 11:14:26,,True,admin
93,2025-01-31 11:14:26,YG012,2025-01-31 11:14:26,,True,admin
94,2025-01-31 11:14:27,YG027,2025-01-31 11:14:27,,True,admin
95,2025-01-31 11:14:27,YG006,2025-01-31 11:14:27,,True,admin
96,2025-01-31 11:14:27,YG007,2025-01-31 11:14:27,,True,admin
97,2025-01-31 11:14:27,YG002,2025-01-31 11:14:27,,True,admin
98,2025-01-31 11:14:28,YG005,2025-01-31 11:14:28,,True,admin
99,2025-01-31 11:14:29,YG012,2025-01-31 11:14:29,,True,admin
100,2025-01-31 11:14:30,YG007,2025-01-31 11:14:30,,True,admin
101,2025-01-31 11:14:32,YG003,2025-01-31 11:14:32,,True,admin
102,2025-01-31 11:14:32,YG016,2025-01-31 11:14:32,,True,admin
103,2025-01-31 11:14:33,YG003,2025-01-31 11:14:33,,True,admin
104,2025-01-31 11:14:34,YG009,2025-01-31 11:14:34,,True,admin
105,2025-01-31 11:14:35,YG005,2025-01-31 11:14:35,,True,admin
106,2025-01-31 11:14:36,YG002,2025-01-31 11:14:36,,True,admin
107,2025-01-31 11:14:37,YG017,2025-01-31 11:14:37,,True,admin
108,2025-01-31 11:14:38,YG016,2025-01-31 11:14:38,,True,admin
109,2025-01-31 11:14:39,YG003,2025-01-31 11:14:39,,True,admin
110,2025-01-31 11:14:39,YG016,2025-01-31 11:14:39,,True,admin
111,2025-01-31 11:14:40,YG010,2025-01-31 11:14:40,,True,admin
112,2025-01-31 11:14:40,YG017,2025-01-31 11:14:40,,True,admin
113,2025-01-31 11:14:41,YG027,2025-01-31 11:14:41,,True,admin
114,2025-01-31 11:14:41,YG027,2025-01-31 11:14:41,,True,admin
115,2025-01-31 11:14:42,YG003,2025-01-31 11:14:42,,True,admin
116,2025-01-31 11:14:42,YG012,2025-01-31 11:14:42,,True,admin
117,2025-01-31 11:14:44,YG019,2025-01-31 11:14:44,,True,admin
118,2025-01-31 11:14:45,YG013,2025-01-31 11:14:45,,True,admin
119,2025-01-31 11:14:45,YG002,2025-01-31 11:14:45,,True,admin
120,2025-01-31 11:14:45,YG016,2025-01-31 11:14:45,,True,admin
121,2025-01-31 11:14:45,YG017,2025-01-31 11:14:45,,True,admin
122,2025-01-31 11:14:45,YG012,2025-01-31 11:14:45,,True,admin
123,2025-01-31 11:14:47,YG026,2025-01-31 11:14:47,,True,admin
124,2025-01-31 11:14:47,YG005,2025-01-31 11:14:47,,True,admin
125,2025-01-31 11:14:47,YG022,2025-01-31 11:14:47,,True,admin
126,2025-01-31 11:14:47,YG016,2025-01-31 11:14:47,,True,admin
127,2025-01-31 11:14:50,YG006,2025-01-31 11:14:50,,True,admin
128,2025-01-31 11:14:50,YG005,2025-01-31 11:14:50,,True,admin
129,2025-01-31 11:14:51,YG016,2025-01-31 11:14:51,,True,admin
130,2025-01-31 11:14:51,YG003,2025-01-31 11:14:51,,True,admin
131,2025-01-31 11:14:52,YG024,2025-01-31 11:14:52,,True,admin
132,2025-01-31 11:14:53,YG007,2025-01-31 11:14:53,,True,admin
133,2025-01-31 11:14:53,YG003,2025-01-31 11:14:53,,True,admin
134,2025-01-31 11:14:54,YG003,2025-01-31 11:14:54,,True,admin
135,2025-01-31 11:14:54,YG009,2025-01-31 11:14:54,,True,admin
136,2025-01-31 11:14:57,YG022,2025-01-31 11:14:57,,True,admin
137,2025-01-31 11:14:57,YG005,2025-01-31 11:14:57,,True,admin
138,2025-01-31 11:14:58,YG019,2025-01-31 11:14:58,,True,admin
139,2025-01-31 11:14:58,YG009,2025-01-31 11:14:58,,True,admin
140,2025-01-31 11:14:58,YG004,2025-01-31 11:14:58,,True,admin
141,2025-01-31 11:14:59,YG012,2025-01-31 11:14:59,,True,admin
142,2025-01-31 11:14:59,YG010,2025-01-31 11:14:59,,True,admin
143,2025-01-31 11:14:00,YG026,2025-01-31 11:14:00,,True,admin
144,2025-01-31 11:15:00,YG010,2025-01-31 11:15:00,,True,admin
145,2025-01-31 11:15:01,YG006,2025-01-31 11:15:01,,True,admin
146,2025-01-31 11:15:02,YG012,2025-01-31 11:15:02,,True,admin
147,2025-01-31 11:15:04,YG002,2025-01-31 11:15:04,,True,admin
148,2025-01-31 11:15:06,YG009,2025-01-31 11:15:06,,True,admin
149,2025-01-31 11:15:06,YG015,2025-01-31 11:15:06,,True,admin
150,2025-01-31 11:15:07,YG003,2025-01-31 11:15:07,,True,admin
151,2025-01-31 11:15:07,YG003,2025-01-31 11:15:07,,True,admin
152,2025-01-31 11:15:07,YG007,2025-01-31 11:15:07,,True,admin
153,2025-01-31 11:15:09,YG024,2025-01-31 11:15:09,,True,admin
154,2025-01-31 11:15:11,YG017,2025-01-31 11:15:11,,True,admin
155,2025-01-31 11:15:12,YG015,2025-01-31 11:15:12,,True,admin
156,2025-01-31 11:15:14,YG023,2025-01-31 11:15:14,,True,admin
157,2025-01-31 11:15:15,YG002,2025-01-31 11:15:15,,True,admin
158,2025-01-31 11:15:16,YG007,2025-01-31 11:15:16,,True,admin
159,2025-01-31 11:15:16,YG005,2025-01-31 11:15:16,,True,admin
160,2025-01-31 11:15:17,YG022,2025-01-31 11:15:17,,True,admin
161,2025-01-31 11:15:18,YG016,2025-01-31 11:15:18,,True,admin
162,2025-01-31 11:15:18,YG016,2025-01-31 11:15:18,,True,admin
163,2025-01-31 11:15:20,YG010,2025-01-31 11:15:20,,True,admin
164,2025-01-31 11:15:20,YG009,2025-01-31 11:15:20,,True,admin
165,2025-01-31 11:15:22,YG024,2025-01-31 11:15:22,,True,admin
166,2025-01-31 11:15:27,YG013,2025-01-31 11:15:27,,True,admin
167,2025-01-31 11:15:27,YG011,2025-01-31 11:15:27,,True,admin
168,2025-01-31 11:15:28,YG016,2025-01-31 11:15:28,,True,admin
169,2025-01-31 11:15:32,YG006,2025-01-31 11:15:32,,True,admin
170,2025-01-31 11:15:33,YG011,2025-01-31 11:15:33,,True,admin
171,2025-01-31 11:15:33,YG016,2025-01-31 11:15:33,,True,admin
172,2025-01-31 11:15:33,YG023,2025-01-31 11:15:33,,True,admin
173,2025-01-31 11:15:33,YG002,2025-01-31 11:15:33,,True,admin
174,2025-01-31 11:15:34,YG008,2025-01-31 11:15:34,,True,admin
174,2026-01-26 16:20:28,YG003,2026-01-26 16:20:28,,True,admin
175,2025-01-31 11:15:34,YG026,2025-01-31 11:15:34,,True,admin
176,2025-01-31 11:15:36,YG003,2025-01-31 11:15:36,,True,admin
177,2025-01-31 11:15:37,YG002,2025-01-31 11:15:37,,True,admin
178,2025-01-31 11:15:38,YG016,2025-01-31 11:15:38,,True,admin
179,2025-01-31 11:15:39,YG006,2025-01-31 11:15:39,,True,admin
180,2025-01-31 11:15:39,YG019,2025-01-31 11:15:39,,True,admin
181,2025-01-31 11:15:40,YG009,2025-01-31 11:15:40,,True,admin
182,2025-01-31 11:15:41,YG022,2025-01-31 11:15:41,,True,admin
183,2025-01-31 11:15:41,YG012,2025-01-31 11:15:41,,True,admin
184,2025-01-31 11:15:41,YG005,2025-01-31 11:15:41,,True,admin
185,2025-01-31 11:15:44,YG007,2025-01-31 11:15:44,,True,admin
186,2025-01-31 11:15:44,YG007,2025-01-31 11:15:44,,True,admin
187,2025-01-31 11:15:44,YG012,2025-01-31 11:15:44,,True,admin
188,2025-01-31 11:15:44,YG003,2025-01-31 11:15:44,,True,admin
189,2025-01-31 11:15:45,YG024,2025-01-31 11:15:45,,True,admin
190,2025-01-31 11:15:45,YG024,2025-01-31 11:15:45,,True,admin
191,2025-01-31 11:15:45,YG023,2025-01-31 11:15:45,,True,admin
192,2025-01-31 11:15:45,YG003,2025-01-31 11:15:45,,True,admin
193,2025-01-31 11:15:46,YG026,2025-01-31 11:15:46,,True,admin
194,2025-01-31 11:15:47,YG014,2025-01-31 11:15:47,,True,admin
195,2025-01-31 11:15:47,YG023,2025-01-31 11:15:47,,True,admin
196,2025-01-31 11:15:48,YG016,2025-01-31 11:15:48,,True,admin
197,2025-01-31 11:15:50,YG011,2025-01-31 11:15:50,,True,admin
198,2025-01-31 11:15:50,YG017,2025-01-31 11:15:50,,True,admin
199,2025-01-31 11:15:53,YG026,2025-01-31 11:15:53,,True,admin
200,2025-01-31 11:15:53,YG030,2025-01-31 11:15:53,,True,admin
201,2025-01-31 11:15:55,YG024,2025-01-31 11:15:55,,True,admin
201,2026-01-23 15:21:14,YG021,2026-01-23 15:21:14,,True,admin
202,2025-01-31 11:15:55,YG003,2025-01-31 11:15:55,,True,admin
203,2025-01-31 11:15:55,YG022,2025-01-31 11:15:55,,True,admin
204,2025-01-31 11:15:55,YG027,2025-01-31 11:15:55,,True,admin
205,2025-01-31 11:15:57,YG024,2025-01-31 11:15:57,,True,admin
206,2025-01-31 11:15:57,YG007,2025-01-31 11:15:57,,True,admin
207,2025-01-31 11:15:57,YG003,2025-01-31 11:15:57,,True,admin
208,2025-01-31 11:15:57,YG010,2025-01-31 11:15:57,,True,admin
209,2025-01-31 11:16:02,YG003,2025-01-31 11:16:02,,True,admin
210,2025-01-31 11:16:02,YG026,2025-01-31 11:16:02,,True,admin
211,2025-01-31 11:16:02,YG003,2025-01-31 11:16:02,,True,admin
212,2025-01-31 11:16:03,YG023,2025-01-31 11:16:03,,True,admin
213,2025-01-31 11:16:05,YG018,2025-01-31 11:16:05,,True,admin
214,2025-01-31 11:16:08,YG009,2025-01-31 11:16:08,,True,admin
215,2025-01-31 11:16:10,YG002,2025-01-31 11:16:10,,True,admin
216,2025-01-31 11:16:12,YG014,2025-01-31 11:16:12,,True,admin
217,2025-01-31 11:16:12,YG007,2025-01-31 11:16:12,,True,admin
218,2025-01-31 11:16:13,YG003,2025-01-31 11:16:13,,True,admin
219,2025-01-31 11:16:13,YG012,2025-01-31 11:16:13,,True,admin
220,2025-01-31 11:16:14,YG005,2025-01-31 11:16:14,,True,admin
221,2025-01-31 11:16:14,YG023,2025-01-31 11:16:14,,True,admin
222,2025-01-31 11:16:15,YG007,2025-01-31 11:16:15,,True,admin
223,2025-01-31 11:16:16,YG022,2025-01-31 11:16:16,,True,admin
224,2025-01-31 11:16:17,YG015,2025-01-31 11:16:17,,True,admin
225,2025-01-31 11:16:17,YG006,2025-01-31 11:16:17,,True,admin
226,2025-01-31 11:16:18,YG026,2025-01-31 11:16:18,,True,admin
227,2025-01-31 11:16:19,YG006,2025-01-31 11:16:19,,True,admin
228,2025-01-31 11:16:21,YG022,2025-01-31 11:16:21,,True,admin
229,2025-01-31 11:16:24,YG022,2025-01-31 11:16:24,,True,admin
230,2025-01-31 11:16:24,YG022,2025-01-31 11:16:24,,True,admin
231,2025-01-31 11:16:25,YG030,2025-01-31 11:16:25,,True,admin
232,2025-01-31 11:16:27,YG022,2025-01-31 11:16:27,,True,admin
233,2025-01-31 11:16:28,YG022,2025-01-31 11:16:28,,True,admin
234,2025-01-31 11:16:29,YG004,2025-01-31 11:16:29,,True,admin
235,2025-01-31 11:16:29,YG002,2025-01-31 11:16:29,,True,admin
236,2025-01-31 11:16:35,YG003,2025-01-31 11:16:35,,True,admin
237,2025-01-31 11:16:37,YG016,2025-01-31 11:16:37,,True,admin
238,2025-01-31 11:16:40,YG010,2025-01-31 11:16:40,,True,admin
239,2025-01-31 11:16:41,YG010,2025-01-31 11:16:41,,True,admin
240,2025-01-31 11:16:42,YG022,2025-01-31 11:16:42,,True,admin
241,2025-01-31 11:16:43,YG022,2025-01-31 11:16:43,,True,admin
242,2025-01-31 11:16:44,YG023,2025-01-31 11:16:44,,True,admin
243,2025-01-31 11:16:45,YG015,2025-01-31 11:16:45,,True,admin
244,2025-01-31 11:16:46,YG023,2025-01-31 11:16:46,,True,admin
245,2025-01-31 11:16:48,YG015,2025-01-31 11:16:48,,True,admin
246,2025-01-31 11:16:50,YG002,2025-01-31 11:16:50,,True,admin
247,2025-01-31 11:16:51,YG003,2025-01-31 11:16:51,,True,admin
248,2025-01-31 11:16:52,YG005,2025-01-31 11:16:52,,True,admin
249,2025-01-31 11:16:52,YG030,2025-01-31 11:16:52,,True,admin
250,2025-01-31 11:16:58,YG010,2025-01-31 11:16:58,,True,admin
251,2025-01-31 11:16:59,YG024,2025-01-31 11:16:59,,True,admin
252,2025-01-31 11:16:59,YG004,2025-01-31 11:16:59,,True,admin
253,2025-01-31 11:17:01,YG030,2025-01-31 11:17:01,,True,admin
254,2025-01-31 11:17:01,YG006,2025-01-31 11:17:01,,True,admin
255,2025-01-31 11:17:06,YG005,2025-01-31 11:17:06,,True,admin
256,2025-01-31 11:17:07,YG003,2025-01-31 11:17:07,,True,admin
257,2025-01-31 11:17:09,YG026,2025-01-31 11:17:09,,True,admin
258,2025-01-31 11:17:10,YG003,2025-01-31 11:17:10,,True,admin
259,2025-01-31 11:17:11,YG019,2025-01-31 11:17:11,,True,admin
260,2025-01-31 11:17:12,YG024,2025-01-31 11:17:12,,True,admin
261,2025-01-31 11:17:13,YG015,2025-01-31 11:17:13,,True,admin
262,2025-01-31 11:17:15,YG003,2025-01-31 11:17:15,,True,admin
263,2025-01-31 11:17:16,YG005,2025-01-31 11:17:16,,True,admin
264,2025-01-31 11:17:17,YG003,2025-01-31 11:17:17,,True,admin
265,2025-01-31 11:17:18,YG006,2025-01-31 11:17:18,,True,admin
266,2025-01-31 11:17:20,YG004,2025-01-31 11:17:20,,True,admin
267,2025-01-31 11:17:21,YG003,2025-01-31 11:17:21,,True,admin
268,2025-01-31 11:17:25,YG005,2025-01-31 11:17:25,,True,admin
269,2025-01-31 11:17:34,YG027,2025-01-31 11:17:34,,True,admin
270,2025-01-31 11:17:38,YG002,2025-01-31 11:17:38,,True,admin
271,2025-01-31 11:17:40,YG015,2025-01-31 11:17:40,,True,admin
272,2025-01-31 11:17:41,YG014,2025-01-31 11:17:41,,True,admin
273,2025-01-31 11:17:45,YG003,2025-01-31 11:17:45,,True,admin
274,2025-01-31 11:17:49,YG002,2025-01-31 11:17:49,,True,admin
275,2025-01-31 11:17:50,YG021,2025-01-31 11:17:50,,True,admin
276,2025-01-31 11:18:01,YG017,2025-01-31 11:18:01,,True,admin
277,2025-01-31 11:18:02,YG007,2025-01-31 11:18:02,,True,admin
278,2025-01-31 11:18:02,YG003,2025-01-31 11:18:02,,True,admin
279,2025-01-31 11:18:03,YG008,2025-01-31 11:18:03,,True,admin
280,2025-01-31 11:18:06,YG009,2025-01-31 11:18:06,,True,admin
281,2025-01-31 11:18:07,YG004,2025-01-31 11:18:07,,True,admin
282,2025-01-31 11:18:08,YG002,2025-01-31 11:18:08,,True,admin
282,2025-11-03 19:02:04,YG017,2025-11-03 19:02:04,,True,admin
283,2025-01-31 11:18:11,YG002,2025-01-31 11:18:11,,True,admin
284,2025-01-31 11:18:12,YG015,2025-01-31 11:18:12,,True,admin
285,2025-01-31 11:18:16,YG030,2025-01-31 11:18:16,,True,admin
286,2025-01-31 11:18:19,YG011,2025-01-31 11:18:19,,True,admin
287,2025-01-31 11:18:21,YG019,2025-01-31 11:18:21,,True,admin
288,2025-01-31 11:18:21,YG002,2025-01-31 11:18:21,,True,admin
289,2025-01-31 11:18:21,YG002,2025-01-31 11:18:21,,True,admin
290,2025-01-31 11:18:21,YG003,2025-01-31 11:18:21,,True,admin
291,2025-01-31 11:18:24,YG011,2025-01-31 11:18:24,,True,admin
292,2025-01-31 11:18:27,YG007,2025-01-31 11:18:27,,True,admin
293,2025-01-31 11:18:33,YG003,2025-01-31 11:18:33,,True,admin
294,2025-01-31 11:18:39,YG015,2025-01-31 11:18:39,,True,admin
295,2025-01-31 11:18:39,YG017,2025-01-31 11:18:39,,True,admin
296,2025-01-31 11:18:43,YG003,2025-01-31 11:18:43,,True,admin
297,2025-01-31 11:18:44,YG003,2025-01-31 11:18:44,,True,admin
298,2025-01-31 11:18:44,YG011,2025-01-31 11:18:44,,True,admin
299,2025-01-31 11:18:00,YG009,2025-01-31 11:18:00,,True,admin
300,2025-01-31 11:19:01,YG003,2025-01-31 11:19:01,,True,admin
301,2025-01-31 11:19:04,YG003,2025-01-31 11:19:04,,True,admin
302,2025-01-31 11:19:10,YG024,2025-01-31 11:19:10,,True,admin
303,2025-01-31 11:19:11,YG022,2025-01-31 11:19:11,,True,admin
304,2025-01-31 11:19:17,YG019,2025-01-31 11:19:17,,True,admin
305,2025-01-31 11:19:18,YG030,2025-01-31 11:19:18,,True,admin
306,2025-01-31 11:19:40,YG022,2025-01-31 11:19:40,,True,admin
307,2025-01-31 11:19:43,YG014,2025-01-31 11:19:43,,True,admin
307,2025-06-27 03:48:35,YG017,2025-06-27 03:48:35,,True,admin
308,2025-01-31 11:20:06,YG002,2025-01-31 11:20:06,,True,admin
309,2025-01-31 11:20:08,YG010,2025-01-31 11:20:08,,True,admin
310,2025-01-31 11:20:08,YG014,2025-01-31 11:20:08,,True,admin
311,2025-01-31 11:20:10,YG003,2025-01-31 11:20:10,,True,admin
312,2025-01-31 11:20:18,YG019,2025-01-31 11:20:18,,True,admin
313,2025-01-31 11:21:26,YG011,2025-01-31 11:21:26,,True,admin
314,2025-01-31 11:21:51,YG003,2025-01-31 11:21:51,,True,admin
315,2025-01-31 11:22:37,YG003,2025-01-31 11:22:37,,True,admin
316,2025-01-31 11:22:46,YG016,2025-01-31 11:22:46,,True,admin
317,2025-01-31 11:23:09,YG003,2025-01-31 11:23:09,,True,admin
318,2025-01-31 11:23:15,YG030,2025-01-31 11:23:15,,True,admin
319,2025-01-31 11:24:08,YG030,2025-01-31 11:24:08,,True,admin
320,2025-01-31 11:24:54,YG003,2025-01-31 11:24:54,,True,admin
321,2025-01-31 11:25:23,YG030,2025-01-31 11:25:23,,True,admin
322,2025-01-31 11:26:59,YG005,2025-01-31 11:26:59,,True,admin
323,2025-01-31 11:29:09,YG003,2025-01-31 11:29:09,,True,admin
324,2025-01-31 11:33:32,YG017,2025-01-31 11:33:32,,True,admin
325,2025-01-31 11:37:13,YG030,2025-01-31 11:37:13,,True,admin
326,2025-01-31 11:38:46,YG003,2025-01-31 11:38:46,,True,admin
327,2025-01-31 11:42:11,YG030,2025-01-31 11:42:11,,True,admin
328,2025-01-31 11:52:23,YG002,2025-01-31 11:52:23,,True,admin
329,2025-01-31 11:58:47,YG016,2025-01-31 11:58:47,,True,admin
330,2025-01-31 12:24:41,YG003,2025-01-31 12:24:41,,True,admin
331,2025-01-31 12:32:23,YG003,2025-01-31 12:32:23,,True,admin
332,2025-01-31 13:30:38,YG002,2025-01-31 13:30:38,,True,admin
333,2025-01-31 13:33:50,YG003,2025-01-31 13:33:50,,True,admin
334,2025-01-31 13:43:41,YG022,2025-01-31 13:43:41,,True,admin
335,2025-01-31 13:51:54,YG016,2025-01-31 13:51:54,,True,admin
336,2025-01-31 14:53:31,YG002,2025-01-31 14:53:31,,True,admin
337,2025-01-31 15:08:17,YG003,2025-01-31 15:08:17,,True,admin
338,2025-01-31 16:01:13,YG016,2025-01-31 16:01:13,,True,admin
339,2025-01-31 16:17:26,YG002,2025-01-31 16:17:26,,True,admin
340,2025-01-31 16:37:22,YG002,2025-01-31 16:37:22,,True,admin
341,2025-01-31 17:12:27,YG028,2025-01-31 17:12:27,,True,admin
342,2025-01-31 17:22:22,YG028,2025-01-31 17:22:22,,True,admin
343,2025-01-31 17:27:30,YG028,2025-01-31 17:27:30,,True,admin
344,2025-01-31 17:27:34,YG028,2025-01-31 17:27:34,,True,admin
345,2025-01-31 17:30:15,YG002,2025-01-31 17:30:15,,True,admin
346,2025-01-31 17:41:04,YG016,2025-01-31 17:41:04,,True,admin
347,2025-01-31 19:11:47,YG024,2025-01-31 19:11:47,,True,admin
348,2025-01-31 19:11:54,YG024,2025-01-31 19:11:54,,True,admin
349,2025-01-31 19:11:58,YG024,2025-01-31 19:11:58,,True,admin
350,2025-01-31 19:13:52,YG024,2025-01-31 19:13:52,,True,admin
351,2025-01-31 19:15:56,YG024,2025-01-31 19:15:56,,True,admin
352,2025-01-31 19:17:34,YG024,2025-01-31 19:17:34,,True,admin
353,2025-01-31 19:18:25,YG024,2025-01-31 19:18:25,,True,admin
354,2025-01-31 19:19:10,YG024,2025-01-31 19:19:10,,True,admin
355,2025-01-31 19:39:59,YG027,2025-01-31 19:39:59,,True,admin
356,2025-01-31 19:40:14,YG027,2025-01-31 19:40:14,,True,admin
357,2025-01-31 19:40:50,YG027,2025-01-31 19:40:50,,True,admin
358,2025-01-31 19:50:29,YG024,2025-01-31 19:50:29,,True,admin
359,2025-01-31 19:50:31,YG027,2025-01-31 19:50:31,,True,admin
360,2025-01-31 19:51:11,YG027,2025-01-31 19:51:11,,True,admin
361,2025-01-31 19:51:53,YG027,2025-01-31 19:51:53,,True,admin
362,2025-01-31 19:52:29,YG027,2025-01-31 19:52:29,,True,admin
363,2025-01-31 19:53:05,YG027,2025-01-31 19:53:05,,True,admin
364,2025-01-31 19:56:06,YG024,2025-01-31 19:56:06,,True,admin
365,2025-01-31 19:58:29,YG027,2025-01-31 19:58:29,,True,admin
366,2025-01-31 19:59:07,YG027,2025-01-31 19:59:07,,True,admin
367,2025-01-31 20:07:14,YG027,2025-01-31 20:07:14,,True,admin
368,2025-01-31 20:10:48,YG027,2025-01-31 20:10:48,,True,admin
369,2025-01-31 20:22:58,YG024,2025-01-31 20:22:58,,True,admin
370,2025-01-31 20:28:49,YG027,2025-01-31 20:28:49,,True,admin
371,2025-01-31 20:34:13,YG027,2025-01-31 20:34:13,,True,admin
372,2025-01-31 20:45:50,YG027,2025-01-31 20:45:50,,True,admin
373,2025-01-31 20:53:11,YG028,2025-01-31 20:53:11,,True,admin
374,2025-01-31 20:55:47,YG005,2025-01-31 20:55:47,,True,admin
375,2025-01-31 21:34:04,YG027,2025-01-31 21:34:04,,True,admin
376,2025-01-31 22:08:49,YG012,2025-01-31 22:08:49,,True,admin
377,2025-01-31 22:08:55,YG012,2025-01-31 22:08:55,,True,admin
378,2025-01-31 22:12:10,YG012,2025-01-31 22:12:10,,True,admin
379,2025-01-31 22:13:50,YG012,2025-01-31 22:13:50,,True,admin
380,2025-01-31 22:15:40,YG024,2025-01-31 22:15:40,,True,admin
381,2025-01-31 22:19:07,YG012,2025-01-31 22:19:07,,True,admin
382,2025-01-31 22:31:32,YG012,2025-01-31 22:31:32,,True,admin
383,2025-01-31 22:37:46,YG012,2025-01-31 22:37:46,,True,admin
384,2025-01-31 22:41:24,YG012,2025-01-31 22:41:24,,True,admin
385,2025-01-31 22:45:19,YG028,2025-01-31 22:45:19,,True,admin
386,2025-01-31 22:46:40,YG012,2025-01-31 22:46:40,,True,admin
387,2025-01-31 22:49:13,YG012,2025-01-31 22:49:13,,True,admin
388,2025-01-31 22:56:59,YG012,2025-01-31 22:56:59,,True,admin
389,2025-01-31 23:15:38,YG012,2025-01-31 23:15:38,,True,admin
390,2025-02-01 01:42:53,YG012,2025-02-01 01:42:53,,True,admin
391,2025-02-01 08:43:18,YG003,2025-02-01 08:43:18,,True,admin
392,2025-02-01 09:51:14,YG005,2025-02-01 09:51:14,,True,admin
393,2025-02-01 09:52:53,YG005,2025-02-01 09:52:53,,True,admin
394,2025-02-01 10:06:30,YG024,2025-02-01 10:06:30,,True,admin
395,2025-02-01 10:26:32,YG005,2025-02-01 10:26:32,,True,admin
396,2025-02-01 10:27:32,YG005,2025-02-01 10:27:32,,True,admin
397,2025-02-01 11:35:37,YG013,2025-02-01 11:35:37,,True,admin
398,2025-02-01 11:50:03,YG013,2025-02-01 11:50:03,,True,admin
399,2025-02-01 11:51:25,YG005,2025-02-01 11:51:25,,True,admin
400,2025-02-01 12:13:29,YG009,2025-02-01 12:13:29,,True,admin
401,2025-02-01 12:19:50,YG009,2025-02-01 12:19:50,,True,admin
402,2025-02-01 12:20:45,YG009,2025-02-01 12:20:45,,True,admin
403,2025-02-01 12:21:18,YG009,2025-02-01 12:21:18,,True,admin
404,2025-02-01 12:23:59,YG009,2025-02-01 12:23:59,,True,admin
405,2025-02-01 12:29:45,YG009,2025-02-01 12:29:45,,True,admin
406,2025-02-01 12:34:29,YG028,2025-02-01 12:34:29,,True,admin
407,2025-02-01 12:42:41,YG009,2025-02-01 12:42:41,,True,admin
408,2025-02-01 12:45:12,YG009,2025-02-01 12:45:12,,True,admin
409,2025-02-01 12:57:29,YG009,2025-02-01 12:57:29,,True,admin
410,2025-02-01 13:07:19,YG022,2025-02-01 13:07:19,,True,admin
411,2025-02-01 13:14:36,YG011,2025-02-01 13:14:36,,True,admin
412,2025-02-01 13:19:33,YG011,2025-02-01 13:19:33,,True,admin
413,2025-02-01 13:23:12,YG011,2025-02-01 13:23:12,,True,admin
414,2025-02-01 13:27:37,YG009,2025-02-01 13:27:37,,True,admin
415,2025-02-01 13:32:37,YG011,2025-02-01 13:32:37,,True,admin
416,2025-02-01 13:38:13,YG009,2025-02-01 13:38:13,,True,admin
417,2025-02-01 13:47:43,YG012,2025-02-01 13:47:43,,True,admin
418,2025-02-01 13:49:04,YG012,2025-02-01 13:49:04,,True,admin
419,2025-02-01 13:51:21,YG009,2025-02-01 13:51:21,,True,admin
420,2025-02-01 13:54:41,YG011,2025-02-01 13:54:41,,True,admin
421,2025-02-01 13:55:00,YG009,2025-02-01 13:55:00,,True,admin
422,2025-02-01 13:57:44,YG011,2025-02-01 13:57:44,,True,admin
423,2025-02-01 13:59:10,YG011,2025-02-01 13:59:10,,True,admin
424,2025-02-01 14:11:35,YG016,2025-02-01 14:11:35,,True,admin
425,2025-02-01 14:11:48,YG016,2025-02-01 14:11:48,,True,admin
425,2025-03-30 16:32:29,YG003,2025-03-30 16:32:29,,True,admin
426,2025-02-01 14:11:59,YG016,2025-02-01 14:11:59,,True,admin
427,2025-02-01 14:12:54,YG016,2025-02-01 14:12:54,,True,admin
428,2025-02-01 14:12:57,YG012,2025-02-01 14:12:57,,True,admin
429,2025-02-01 14:13:18,YG016,2025-02-01 14:13:18,,True,admin
430,2025-02-01 14:13:58,YG016,2025-02-01 14:13:58,,True,admin
431,2025-02-01 14:15:09,YG012,2025-02-01 14:15:09,,True,admin
432,2025-02-01 14:15:29,YG012,2025-02-01 14:15:29,,True,admin
433,2025-02-01 14:17:47,YG016,2025-02-01 14:17:47,,True,admin
434,2025-02-01 14:18:23,YG028,2025-02-01 14:18:23,,True,admin
435,2025-02-01 14:18:44,YG012,2025-02-01 14:18:44,,True,admin
436,2025-02-01 14:20:11,YG012,2025-02-01 14:20:11,,True,admin
437,2025-02-01 14:21:00,YG012,2025-02-01 14:21:00,,True,admin
438,2025-02-01 14:23:52,YG012,2025-02-01 14:23:52,,True,admin
439,2025-02-01 14:25:33,YG012,2025-02-01 14:25:33,,True,admin
440,2025-02-01 14:30:36,YG012,2025-02-01 14:30:36,,True,admin
441,2025-02-01 14:30:43,YG009,2025-02-01 14:30:43,,True,admin
442,2025-02-01 14:30:48,YG016,2025-02-01 14:30:48,,True,admin
443,2025-02-01 14:30:52,YG012,2025-02-01 14:30:52,,True,admin
444,2025-02-01 14:30:58,YG012,2025-02-01 14:30:58,,True,admin
445,2025-02-01 14:32:43,YG016,2025-02-01 14:32:43,,True,admin
446,2025-02-01 14:32:46,YG012,2025-02-01 14:32:46,,True,admin
447,2025-02-01 14:33:36,YG012,2025-02-01 14:33:36,,True,admin
448,2025-02-01 14:35:15,YG009,2025-02-01 14:35:15,,True,admin
449,2025-02-01 14:41:58,YG009,2025-02-01 14:41:58,,True,admin
450,2025-02-01 14:42:41,YG012,2025-02-01 14:42:41,,True,admin
451,2025-02-01 14:43:19,YG016,2025-02-01 14:43:19,,True,admin
452,2025-02-01 14:44:58,YG012,2025-02-01 14:44:58,,True,admin
453,2025-02-01 14:46:16,YG003,2025-02-01 14:46:16,,True,admin
453,2025-03-21 21:30:13,YG016,2025-03-21 21:30:13,,True,admin
454,2025-02-01 14:47:30,YG009,2025-02-01 14:47:30,,True,admin
455,2025-02-01 14:48:05,YG009,2025-02-01 14:48:05,,True,admin
456,2025-02-01 14:48:16,YG003,2025-02-01 14:48:16,,True,admin
456,2025-03-21 21:28:34,YG016,2025-03-21 21:28:34,,True,admin
457,2025-02-01 14:48:00,YG016,2025-02-01 14:48:00,,True,admin
457,2025-11-07 15:54:08,YG003,2025-11-07 15:54:08,,True,admin
458,2025-02-01 14:49:21,YG009,2025-02-01 14:49:21,,True,admin
459,2025-02-01 14:50:27,YG016,2025-02-01 14:50:27,,True,admin
460,2025-02-01 14:50:41,YG009,2025-02-01 14:50:41,,True,admin
461,2025-02-01 14:51:39,YG009,2025-02-01 14:51:39,,True,admin
462,2025-02-01 14:53:03,YG009,2025-02-01 14:53:03,,True,admin
463,2025-02-01 14:53:11,YG009,2025-02-01 14:53:11,,True,admin
464,2025-02-01 14:58:42,YG027,2025-02-01 14:58:42,,True,admin
465,2025-02-01 14:59:02,YG009,2025-02-01 14:59:02,,True,admin
466,2025-02-01 15:04:02,YG017,2025-02-01 15:04:02,,True,admin
467,2025-02-01 15:05:23,YG012,2025-02-01 15:05:23,,True,admin
468,2025-02-01 15:05:53,YG012,2025-02-01 15:05:53,,True,admin
469,2025-02-01 15:07:01,YG012,2025-02-01 15:07:01,,True,admin
470,2025-02-01 15:07:17,YG012,2025-02-01 15:07:17,,True,admin
471,2025-02-01 15:08:56,YG012,2025-02-01 15:08:56,,True,admin
472,2025-02-01 15:09:24,YG012,2025-02-01 15:09:24,,True,admin
473,2025-02-01 15:09:52,YG024,2025-02-01 15:09:52,,True,admin
474,2025-02-01 15:09:55,YG012,2025-02-01 15:09:55,,True,admin
475,2025-02-01 15:14:04,YG012,2025-02-01 15:14:04,,True,admin
476,2025-02-01 15:16:26,YG012,2025-02-01 15:16:26,,True,admin
477,2025-02-01 15:17:11,YG012,2025-02-01 15:17:11,,True,admin
478,2025-02-01 15:18:22,YG012,2025-02-01 15:18:22,,True,admin
479,2025-02-01 15:19:28,YG012,2025-02-01 15:19:28,,True,admin
480,2025-02-01 15:25:08,YG017,2025-02-01 15:25:08,,True,admin
481,2025-02-01 15:26:13,YG013,2025-02-01 15:26:13,,True,admin
482,2025-02-01 15:26:29,YG012,2025-02-01 15:26:29,,True,admin
483,2025-02-01 15:39:32,YG017,2025-02-01 15:39:32,,True,admin
484,2025-02-01 15:41:12,YG016,2025-02-01 15:41:12,,True,admin
485,2025-02-01 15:42:55,YG016,2025-02-01 15:42:55,,True,admin
486,2025-02-01 15:46:03,YG016,2025-02-01 15:46:03,,True,admin
486,2025-03-30 15:06:29,YG003,2025-03-30 15:06:29,,True,admin
487,2025-02-01 15:46:18,YG016,2025-02-01 15:46:18,,True,admin
488,2025-02-01 15:47:30,YG016,2025-02-01 15:47:30,,True,admin
488,2025-03-30 15:08:06,YG003,2025-03-30 15:08:06,,True,admin
489,2025-02-01 15:49:55,YG016,2025-02-01 15:49:55,,True,admin
490,2025-02-01 15:52:51,YG012,2025-02-01 15:52:51,,True,admin
491,2025-02-01 15:54:37,YG016,2025-02-01 15:54:37,,True,admin
492,2025-02-01 15:56:31,YG012,2025-02-01 15:56:31,,True,admin
493,2025-02-01 16:01:06,YG016,2025-02-01 16:01:06,,True,admin
494,2025-02-01 16:01:42,YG017,2025-02-01 16:01:42,,True,admin
495,2025-02-01 16:03:44,YG016,2025-02-01 16:03:44,,True,admin
496,2025-02-01 16:04:41,YG017,2025-02-01 16:04:41,,True,admin
497,2025-02-01 16:04:52,YG012,2025-02-01 16:04:52,,True,admin
498,2025-02-01 16:05:19,YG011,2025-02-01 16:05:19,,True,admin
499,2025-02-01 16:05:41,YG016,2025-02-01 16:05:41,,True,admin
500,2025-02-01 16:15:29,YG017,2025-02-01 16:15:29,,True,admin
501,2025-02-01 16:20:00,YG016,2025-02-01 16:20:00,,True,admin
502,2025-02-01 16:22:19,YG016,2025-02-01 16:22:19,,True,admin
503,2025-02-01 16:22:56,YG014,2025-02-01 16:22:56,,True,admin
503,2025-06-26 20:20:12,YG017,2025-06-26 20:20:12,,True,admin
504,2025-02-01 16:23:32,YG016,2025-02-01 16:23:32,,True,admin
505,2025-02-01 16:23:59,YG017,2025-02-01 16:23:59,,True,admin
506,2025-02-01 16:24:02,YG012,2025-02-01 16:24:02,,True,admin
507,2025-02-01 16:43:48,YG012,2025-02-01 16:43:48,,True,admin
508,2025-02-01 16:45:55,YG024,2025-02-01 16:45:55,,True,admin
509,2025-02-01 16:59:38,YG016,2025-02-01 16:59:38,,True,admin
510,2025-02-01 17:01:04,YG009,2025-02-01 17:01:04,,True,admin
511,2025-02-01 17:04:00,YG012,2025-02-01 17:04:00,,True,admin
512,2025-02-01 17:06:02,YG017,2025-02-01 17:06:02,,True,admin
513,2025-02-01 17:33:17,YG012,2025-02-01 17:33:17,,True,admin
514,2025-02-01 17:33:50,YG009,2025-02-01 17:33:50,,True,admin
515,2025-02-01 17:35:02,YG012,2025-02-01 17:35:02,,True,admin
516,2025-02-01 18:09:32,YG009,2025-02-01 18:09:32,,True,admin
517,2025-02-01 19:08:41,YG012,2025-02-01 19:08:41,,True,admin
518,2025-02-01 19:11:43,YG016,2025-02-01 19:11:43,,True,admin
519,2025-02-01 19:14:56,YG012,2025-02-01 19:14:56,,True,admin
520,2025-02-01 19:17:13,YG012,2025-02-01 19:17:13,,True,admin
521,2025-02-01 19:20:59,YG012,2025-02-01 19:20:59,,True,admin
522,2025-02-01 20:41:09,YG022,2025-02-01 20:41:09,,True,admin
523,2025-02-01 20:42:02,YG022,2025-02-01 20:42:02,,True,admin
524,2025-02-01 20:42:42,YG011,2025-02-01 20:42:42,,True,admin
525,2025-02-01 20:43:02,YG022,2025-02-01 20:43:02,,True,admin
526,2025-02-01 20:43:09,YG022,2025-02-01 20:43:09,,True,admin
527,2025-02-01 20:43:35,YG022,2025-02-01 20:43:35,,True,admin
528,2025-02-01 20:43:36,YG022,2025-02-01 20:43:36,,True,admin
529,2025-02-01 20:43:43,YG022,2025-02-01 20:43:43,,True,admin
530,2025-02-01 20:43:00,YG022,2025-02-01 20:43:00,,True,admin
531,2025-02-01 20:45:02,YG022,2025-02-01 20:45:02,,True,admin
532,2025-02-01 20:45:17,YG022,2025-02-01 20:45:17,,True,admin
533,2025-02-01 20:45:18,YG022,2025-02-01 20:45:18,,True,admin
534,2025-02-01 20:46:42,YG022,2025-02-01 20:46:42,,True,admin
535,2025-02-01 20:47:03,YG022,2025-02-01 20:47:03,,True,admin
536,2025-02-01 20:47:48,YG022,2025-02-01 20:47:48,,True,admin
537,2025-02-01 20:48:54,YG016,2025-02-01 20:48:54,,True,admin
538,2025-02-01 20:49:57,YG022,2025-02-01 20:49:57,,True,admin
539,2025-02-01 20:50:28,YG022,2025-02-01 20:50:28,,True,admin
540,2025-02-01 20:50:47,YG022,2025-02-01 20:50:47,,True,admin
541,2025-02-01 20:51:51,YG022,2025-02-01 20:51:51,,True,admin
542,2025-02-01 20:56:13,YG022,2025-02-01 20:56:13,,True,admin
543,2025-02-01 20:57:44,YG016,2025-02-01 20:57:44,,True,admin
544,2025-02-01 20:57:58,YG016,2025-02-01 20:57:58,,True,admin
545,2025-02-01 20:58:50,YG022,2025-02-01 20:58:50,,True,admin
546,2025-02-01 21:00:47,YG009,2025-02-01 21:00:47,,True,admin
547,2025-02-01 21:02:27,YG009,2025-02-01 21:02:27,,True,admin
548,2025-02-01 21:05:33,YG022,2025-02-01 21:05:33,,True,admin
549,2025-02-01 21:06:06,YG016,2025-02-01 21:06:06,,True,admin
549,2025-03-31 14:01:09,YG003,2025-03-31 14:01:09,,True,admin
550,2025-02-01 21:06:11,YG012,2025-02-01 21:06:11,,True,admin
551,2025-02-01 21:06:53,YG016,2025-02-01 21:06:53,,True,admin
552,2025-02-01 21:08:56,YG012,2025-02-01 21:08:56,,True,admin
553,2025-02-01 21:10:05,YG016,2025-02-01 21:10:05,,True,admin
554,2025-02-01 21:10:48,YG012,2025-02-01 21:10:48,,True,admin
555,2025-02-01 21:12:05,YG012,2025-02-01 21:12:05,,True,admin
556,2025-02-01 21:13:32,YG012,2025-02-01 21:13:32,,True,admin
557,2025-02-01 21:13:52,YG015,2025-02-01 21:13:52,,True,admin
558,2025-02-01 21:14:44,YG016,2025-02-01 21:14:44,,True,admin
559,2025-02-01 21:14:45,YG016,2025-02-01 21:14:45,,True,admin
560,2025-02-01 21:14:54,YG012,2025-02-01 21:14:54,,True,admin
561,2025-02-01 21:15:14,YG012,2025-02-01 21:15:14,,True,admin
562,2025-02-01 21:16:36,YG012,2025-02-01 21:16:36,,True,admin
563,2025-02-01 21:16:49,YG016,2025-02-01 21:16:49,,True,admin
564,2025-02-01 21:21:06,YG012,2025-02-01 21:21:06,,True,admin
565,2025-02-01 21:24:12,YG022,2025-02-01 21:24:12,,True,admin
566,2025-02-01 21:33:54,YG017,2025-02-01 21:33:54,,True,admin
567,2025-02-01 21:42:00,YG016,2025-02-01 21:42:00,,True,admin
568,2025-02-01 21:43:21,YG016,2025-02-01 21:43:21,,True,admin
568,2025-03-30 17:30:56,YG003,2025-03-30 17:30:56,,True,admin
569,2025-02-01 21:44:07,YG015,2025-02-01 21:44:07,,True,admin
570,2025-02-01 21:44:51,YG016,2025-02-01 21:44:51,,True,admin
571,2025-02-01 21:45:20,YG016,2025-02-01 21:45:20,,True,admin
571,2025-03-31 14:02:39,YG003,2025-03-31 14:02:39,,True,admin
572,2025-02-01 21:46:43,YG016,2025-02-01 21:46:43,,True,admin
573,2025-02-01 21:49:07,YG016,2025-02-01 21:49:07,,True,admin
574,2025-02-01 21:49:58,YG015,2025-02-01 21:49:58,,True,admin
575,2025-02-01 21:55:58,YG022,2025-02-01 21:55:58,,True,admin
576,2025-02-01 21:59:15,YG016,2025-02-01 21:59:15,,True,admin
577,2025-02-01 22:03:08,YG012,2025-02-01 22:03:08,,True,admin
578,2025-02-01 22:07:55,YG009,2025-02-01 22:07:55,,True,admin
579,2025-02-01 22:09:36,YG009,2025-02-01 22:09:36,,True,admin
580,2025-02-01 22:10:49,YG022,2025-02-01 22:10:49,,True,admin
581,2025-02-01 22:16:10,YG022,2025-02-01 22:16:10,,True,admin
582,2025-02-01 22:28:44,YG015,2025-02-01 22:28:44,,True,admin
583,2025-02-01 22:38:12,YG015,2025-02-01 22:38:12,,True,admin
584,2025-02-01 22:39:57,YG003,2025-02-01 22:39:57,,True,admin
585,2025-02-01 22:40:07,YG003,2025-02-01 22:40:07,,True,admin
586,2025-02-01 22:40:12,YG003,2025-02-01 22:40:12,,True,admin
587,2025-02-01 22:40:21,YG003,2025-02-01 22:40:21,,True,admin
588,2025-02-01 22:40:31,YG003,2025-02-01 22:40:31,,True,admin
589,2025-02-01 22:42:56,YG009,2025-02-01 22:42:56,,True,admin
590,2025-02-01 22:43:40,YG003,2025-02-01 22:43:40,,True,admin
591,2025-02-01 22:48:27,YG003,2025-02-01 22:48:27,,True,admin
592,2025-02-01 22:58:19,YG022,2025-02-01 22:58:19,,True,admin
593,2025-02-01 22:58:55,YG016,2025-02-01 22:58:55,,True,admin
594,2025-02-01 22:59:31,YG003,2025-02-01 22:59:31,,True,admin
595,2025-02-01 23:03:48,YG016,2025-02-01 23:03:48,,True,admin
596,2025-02-01 23:12:18,YG016,2025-02-01 23:12:18,,True,admin
596,2025-06-29 14:54:27,YG003,2025-06-29 14:54:27,,True,admin
597,2025-02-01 23:13:34,YG016,2025-02-01 23:13:34,,True,admin
597,2025-03-31 14:55:49,YG003,2025-03-31 14:55:49,,True,admin
598,2025-02-01 23:15:04,YG016,2025-02-01 23:15:04,,True,admin
598,2025-03-30 15:21:59,YG003,2025-03-30 15:21:59,,True,admin
599,2025-02-01 23:18:24,YG016,2025-02-01 23:18:24,,True,admin
599,2025-03-30 15:25:38,YG003,2025-03-30 15:25:38,,True,admin
600,2025-02-01 23:23:27,YG003,2025-02-01 23:23:27,,True,admin
601,2025-02-01 23:26:20,YG003,2025-02-01 23:26:20,,True,admin
602,2025-02-01 23:40:39,YG022,2025-02-01 23:40:39,,True,admin
603,2025-02-01 23:45:03,YG011,2025-02-01 23:45:03,,True,admin
604,2025-02-02 00:11:15,YG022,2025-02-02 00:11:15,,True,admin
605,2025-02-02 00:16:32,YG022,2025-02-02 00:16:32,,True,admin
606,2025-02-02 01:27:58,YG016,2025-02-02 01:27:58,,True,admin
607,2025-02-02 06:33:07,YG022,2025-02-02 06:33:07,,True,admin
608,2025-02-02 08:11:00,YG022,2025-02-02 08:11:00,,True,admin
609,2025-02-02 08:35:34,YG003,2025-02-02 08:35:34,,True,admin
610,2025-02-02 10:15:37,YG006,2025-02-02 10:15:37,,True,admin
611,2025-02-02 10:18:23,YG006,2025-02-02 10:18:23,,True,admin
612,2025-02-02 10:19:52,YG022,2025-02-02 10:19:52,,True,admin
613,2025-02-02 10:24:42,YG006,2025-02-02 10:24:42,,True,admin
614,2025-02-02 10:27:30,YG006,2025-02-02 10:27:30,,True,admin
615,2025-02-02 10:29:17,YG006,2025-02-02 10:29:17,,True,admin
616,2025-02-02 10:29:38,YG006,2025-02-02 10:29:38,,True,admin
617,2025-02-02 10:30:54,YG006,2025-02-02 10:30:54,,True,admin
618,2025-02-02 10:32:34,YG006,2025-02-02 10:32:34,,True,admin
619,2025-02-02 10:35:12,YG006,2025-02-02 10:35:12,,True,admin
620,2025-02-02 10:36:39,YG006,2025-02-02 10:36:39,,True,admin
621,2025-02-02 10:37:53,YG006,2025-02-02 10:37:53,,True,admin
622,2025-02-02 10:38:12,YG006,2025-02-02 10:38:12,,True,admin
623,2025-02-02 10:39:15,YG006,2025-02-02 10:39:15,,True,admin
624,2025-02-02 10:56:05,YG006,2025-02-02 10:56:05,,True,admin
625,2025-02-02 10:59:22,YG006,2025-02-02 10:59:22,,True,admin
626,2025-02-02 11:00:53,YG006,2025-02-02 11:00:53,,True,admin
626,2025-11-01 18:26:01,YG005,2025-11-01 18:26:01,,True,admin
627,2025-02-02 11:01:33,YG006,2025-02-02 11:01:33,,True,admin
628,2025-02-02 11:05:34,YG006,2025-02-02 11:05:34,,True,admin
629,2025-02-02 11:06:08,YG006,2025-02-02 11:06:08,,True,admin
630,2025-02-02 11:06:47,YG006,2025-02-02 11:06:47,,True,admin
631,2025-02-02 11:07:01,YG006,2025-02-02 11:07:01,,True,admin
632,2025-02-02 11:09:31,YG006,2025-02-02 11:09:31,,True,admin
633,2025-02-02 11:10:58,YG006,2025-02-02 11:10:58,,True,admin
634,2025-02-02 11:11:06,YG006,2025-02-02 11:11:06,,True,admin
635,2025-02-02 11:15:34,YG006,2025-02-02 11:15:34,,True,admin
636,2025-02-02 11:19:03,YG006,2025-02-02 11:19:03,,True,admin
637,2025-02-02 11:27:35,YG011,2025-02-02 11:27:35,,True,admin
638,2025-02-02 11:30:23,YG006,2025-02-02 11:30:23,,True,admin
639,2025-02-02 11:31:22,YG006,2025-02-02 11:31:22,,True,admin
640,2025-02-02 11:34:54,YG006,2025-02-02 11:34:54,,True,admin
641,2025-02-02 11:41:45,YG006,2025-02-02 11:41:45,,True,admin
642,2025-02-02 11:43:19,YG006,2025-02-02 11:43:19,,True,admin
643,2025-02-02 11:47:23,YG006,2025-02-02 11:47:23,,True,admin
644,2025-02-02 11:51:20,YG006,2025-02-02 11:51:20,,True,admin
645,2025-02-02 11:54:49,YG006,2025-02-02 11:54:49,,True,admin
646,2025-02-02 11:56:28,YG006,2025-02-02 11:56:28,,True,admin
647,2025-02-02 12:05:00,YG002,2025-02-02 12:05:00,,True,admin
648,2025-02-02 12:31:02,YG006,2025-02-02 12:31:02,,True,admin
649,2025-02-02 12:56:04,YG006,2025-02-02 12:56:04,,True,admin
650,2025-02-02 12:59:35,YG006,2025-02-02 12:59:35,,True,admin
651,2025-02-02 13:03:43,YG006,2025-02-02 13:03:43,,True,admin
652,2025-02-02 13:05:40,YG006,2025-02-02 13:05:40,,True,admin
653,2025-02-02 13:15:16,YG006,2025-02-02 13:15:16,,True,admin
654,2025-02-02 13:16:54,YG006,2025-02-02 13:16:54,,True,admin
655,2025-02-02 13:19:23,YG006,2025-02-02 13:19:23,,True,admin
656,2025-02-02 13:39:29,YG006,2025-02-02 13:39:29,,True,admin
657,2025-02-02 13:59:05,YG006,2025-02-02 13:59:05,,True,admin
658,2025-02-02 14:14:12,YG022,2025-02-02 14:14:12,,True,admin
659,2025-02-02 15:14:10,YG011,2025-02-02 15:14:10,,True,admin
660,2025-02-02 15:18:09,YG011,2025-02-02 15:18:09,,True,admin
661,2025-02-02 15:23:11,YG022,2025-02-02 15:23:11,,True,admin
662,2025-02-02 15:35:59,YG006,2025-02-02 15:35:59,,True,admin
663,2025-02-02 15:45:21,YG006,2025-02-02 15:45:21,,True,admin
663,2025-11-04 10:44:45,YG023,2025-11-04 10:44:45,,True,admin
664,2025-02-02 15:45:22,YG006,2025-02-02 15:45:22,,True,admin
665,2025-02-02 16:00:16,YG022,2025-02-02 16:00:16,,True,admin
666,2025-02-02 16:20:21,YG006,2025-02-02 16:20:21,,True,admin
667,2025-02-02 16:33:48,YG006,2025-02-02 16:33:48,,True,admin
668,2025-02-02 16:57:19,YG006,2025-02-02 16:57:19,,True,admin
669,2025-02-02 17:02:30,YG006,2025-02-02 17:02:30,,True,admin
670,2025-02-02 17:30:55,YG024,2025-02-02 17:30:55,,True,admin
671,2025-02-02 18:10:25,YG024,2025-02-02 18:10:25,,True,admin
672,2025-02-02 19:53:09,YG009,2025-02-02 19:53:09,,True,admin
673,2025-02-02 20:25:47,YG011,2025-02-02 20:25:47,,True,admin
674,2025-02-02 21:06:35,YG022,2025-02-02 21:06:35,,True,admin
675,2025-02-02 21:31:45,YG006,2025-02-02 21:31:45,,True,admin
676,2025-02-02 21:47:44,YG006,2025-02-02 21:47:44,,True,admin
677,2025-02-02 21:50:25,YG006,2025-02-02 21:50:25,,True,admin
678,2025-02-02 22:19:38,YG006,2025-02-02 22:19:38,,True,admin
679,2025-02-03 01:37:51,YG015,2025-02-03 01:37:51,,True,admin
680,2025-02-03 02:09:11,YG006,2025-02-03 02:09:11,,True,admin
681,2025-02-03 12:05:27,YG022,2025-02-03 12:05:27,,True,admin
682,2025-02-03 12:12:02,YG022,2025-02-03 12:12:02,,True,admin
683,2025-02-03 12:13:16,YG022,2025-02-03 12:13:16,,True,admin
684,2025-02-03 12:13:38,YG022,2025-02-03 12:13:38,,True,admin
685,2025-02-03 12:17:32,YG022,2025-02-03 12:17:32,,True,admin
686,2025-02-03 12:21:05,YG022,2025-02-03 12:21:05,,True,admin
687,2025-02-03 12:23:56,YG022,2025-02-03 12:23:56,,True,admin
688,2025-02-03 12:25:06,YG022,2025-02-03 12:25:06,,True,admin
689,2025-02-03 12:34:52,YG022,2025-02-03 12:34:52,,True,admin
690,2025-02-03 12:38:06,YG022,2025-02-03 12:38:06,,True,admin
691,2025-02-03 12:43:50,YG022,2025-02-03 12:43:50,,True,admin
692,2025-02-03 12:46:04,YG022,2025-02-03 12:46:04,,True,admin
693,2025-02-03 12:49:04,YG022,2025-02-03 12:49:04,,True,admin
694,2025-02-03 12:51:01,YG022,2025-02-03 12:51:01,,True,admin
695,2025-02-03 12:51:13,YG022,2025-02-03 12:51:13,,True,admin
696,2025-02-03 12:54:42,YG022,2025-02-03 12:54:42,,True,admin
697,2025-02-03 12:59:56,YG022,2025-02-03 12:59:56,,True,admin
698,2025-02-03 13:12:10,YG022,2025-02-03 13:12:10,,True,admin
699,2025-02-03 13:15:11,YG022,2025-02-03 13:15:11,,True,admin
700,2025-02-03 13:17:48,YG022,2025-02-03 13:17:48,,True,admin
701,2025-02-03 14:01:23,YG003,2025-02-03 14:01:23,,True,admin
702,2025-02-03 14:14:22,YG022,2025-02-03 14:14:22,,True,admin
703,2025-02-03 14:14:32,YG022,2025-02-03 14:14:32,,True,admin
704,2025-02-03 14:17:22,YG022,2025-02-03 14:17:22,,True,admin
705,2025-02-03 14:23:56,YG006,2025-02-03 14:23:56,,True,admin
706,2025-02-03 14:35:24,YG006,2025-02-03 14:35:24,,True,admin
707,2025-02-03 14:40:28,YG022,2025-02-03 14:40:28,,True,admin
708,2025-02-03 14:48:20,YG022,2025-02-03 14:48:20,,True,admin
709,2025-02-03 14:50:08,YG022,2025-02-03 14:50:08,,True,admin
710,2025-02-03 15:03:29,YG022,2025-02-03 15:03:29,,True,admin
711,2025-02-03 15:16:42,YG006,2025-02-03 15:16:42,,True,admin
712,2025-02-03 15:23:59,YG022,2025-02-03 15:23:59,,True,admin
713,2025-02-03 15:28:18,YG022,2025-02-03 15:28:18,,True,admin
714,2025-02-03 15:29:44,YG022,2025-02-03 15:29:44,,True,admin
715,2025-02-03 15:34:04,YG022,2025-02-03 15:34:04,,True,admin
716,2025-02-03 15:34:05,YG022,2025-02-03 15:34:05,,True,admin
717,2025-02-03 15:36:43,YG022,2025-02-03 15:36:43,,True,admin
718,2025-02-03 15:40:24,YG022,2025-02-03 15:40:24,,True,admin
719,2025-02-03 15:49:30,YG022,2025-02-03 15:49:30,,True,admin
720,2025-02-03 15:57:31,YG022,2025-02-03 15:57:31,,True,admin
721,2025-02-03 15:57:39,YG022,2025-02-03 15:57:39,,True,admin
722,2025-02-03 16:03:26,YG022,2025-02-03 16:03:26,,True,admin
723,2025-02-03 16:11:27,YG022,2025-02-03 16:11:27,,True,admin
724,2025-02-03 16:42:55,YG022,2025-02-03 16:42:55,,True,admin
725,2025-02-03 16:48:48,YG022,2025-02-03 16:48:48,,True,admin
726,2025-02-03 16:53:07,YG022,2025-02-03 16:53:07,,True,admin
727,2025-02-03 16:58:29,YG022,2025-02-03 16:58:29,,True,admin
728,2025-02-03 17:06:59,YG022,2025-02-03 17:06:59,,True,admin
729,2025-02-03 17:08:31,YG011,2025-02-03 17:08:31,,True,admin
730,2025-02-03 17:50:47,YG022,2025-02-03 17:50:47,,True,admin
731,2025-02-03 18:02:45,YG022,2025-02-03 18:02:45,,True,admin
732,2025-02-03 18:07:36,YG022,2025-02-03 18:07:36,,True,admin
733,2025-02-03 18:12:54,YG011,2025-02-03 18:12:54,,True,admin
734,2025-02-03 18:14:43,YG022,2025-02-03 18:14:43,,True,admin
735,2025-02-03 18:19:06,YG022,2025-02-03 18:19:06,,True,admin
736,2025-02-03 18:37:02,YG011,2025-02-03 18:37:02,,True,admin
737,2025-02-03 18:44:48,YG027,2025-02-03 18:44:48,,True,admin
738,2025-02-03 18:46:17,YG027,2025-02-03 18:46:17,,True,admin
739,2025-02-03 18:48:56,YG027,2025-02-03 18:48:56,,True,admin
740,2025-02-03 18:52:29,YG027,2025-02-03 18:52:29,,True,admin
741,2025-02-03 19:32:41,YG027,2025-02-03 19:32:41,,True,admin
742,2025-02-03 20:15:43,YG027,2025-02-03 20:15:43,,True,admin
743,2025-02-03 20:49:37,YG022,2025-02-03 20:49:37,,True,admin
744,2025-02-03 21:57:15,YG027,2025-02-03 21:57:15,,True,admin
745,2025-02-03 21:57:27,YG027,2025-02-03 21:57:27,,True,admin
746,2025-02-03 22:17:59,YG022,2025-02-03 22:17:59,,True,admin
747,2025-02-03 23:01:11,YG003,2025-02-03 23:01:11,,True,admin
748,2025-02-04 00:17:11,YG022,2025-02-04 00:17:11,,True,admin
749,2025-02-04 02:39:21,YG028,2025-02-04 02:39:21,,True,admin
750,2025-02-04 06:00:27,YG006,2025-02-04 06:00:27,,True,admin
751,2025-02-04 09:52:07,YG024,2025-02-04 09:52:07,,True,admin
752,2025-02-04 10:05:56,YG024,2025-02-04 10:05:56,,True,admin
753,2025-02-04 11:15:14,YG022,2025-02-04 11:15:14,,True,admin
754,2025-02-04 11:20:51,YG022,2025-02-04 11:20:51,,True,admin
755,2025-02-04 11:22:27,YG022,2025-02-04 11:22:27,,True,admin
756,2025-02-04 11:23:29,YG022,2025-02-04 11:23:29,,True,admin
757,2025-02-04 11:24:44,YG022,2025-02-04 11:24:44,,True,admin
758,2025-02-04 11:25:43,YG022,2025-02-04 11:25:43,,True,admin
759,2025-02-04 11:25:56,YG022,2025-02-04 11:25:56,,True,admin
760,2025-02-04 11:26:40,YG022,2025-02-04 11:26:40,,True,admin
761,2025-02-04 13:46:24,YG002,2025-02-04 13:46:24,,True,admin
762,2025-02-04 13:52:51,YG002,2025-02-04 13:52:51,,True,admin
763,2025-02-04 14:04:10,YG002,2025-02-04 14:04:10,,True,admin
764,2025-02-04 14:18:42,YG002,2025-02-04 14:18:42,,True,admin
765,2025-02-04 14:22:31,YG022,2025-02-04 14:22:31,,True,admin
766,2025-02-04 14:24:49,YG022,2025-02-04 14:24:49,,True,admin
767,2025-02-04 14:31:06,YG022,2025-02-04 14:31:06,,True,admin
768,2025-02-04 14:45:34,YG022,2025-02-04 14:45:34,,True,admin
769,2025-02-04 15:30:45,YG012,2025-02-04 15:30:45,,True,admin
770,2025-02-04 16:39:41,YG022,2025-02-04 16:39:41,,True,admin
771,2025-02-04 16:45:47,YG024,2025-02-04 16:45:47,,True,admin
772,2025-02-04 17:39:38,YG027,2025-02-04 17:39:38,,True,admin
773,2025-02-04 17:41:36,YG027,2025-02-04 17:41:36,,True,admin
774,2025-02-04 18:07:40,YG022,2025-02-04 18:07:40,,True,admin
775,2025-02-04 18:08:17,YG022,2025-02-04 18:08:17,,True,admin
776,2025-02-04 18:21:59,YG022,2025-02-04 18:21:59,,True,admin
777,2025-02-04 18:25:25,YG022,2025-02-04 18:25:25,,True,admin
778,2025-02-04 18:26:59,YG022,2025-02-04 18:26:59,,True,admin
779,2025-02-04 18:53:28,YG022,2025-02-04 18:53:28,,True,admin
780,2025-02-04 20:08:04,YG022,2025-02-04 20:08:04,,True,admin
781,2025-02-04 21:03:59,YG012,2025-02-04 21:03:59,,True,admin
782,2025-02-04 21:21:59,YG012,2025-02-04 21:21:59,,True,admin
783,2025-02-04 21:25:25,YG012,2025-02-04 21:25:25,,True,admin
784,2025-02-04 21:28:39,YG012,2025-02-04 21:28:39,,True,admin
785,2025-02-04 21:37:51,YG012,2025-02-04 21:37:51,,True,admin
786,2025-02-04 23:07:49,YG027,2025-02-04 23:07:49,,True,admin
787,2025-02-05 04:51:45,YG002,2025-02-05 04:51:45,,True,admin
788,2025-02-05 15:01:33,YG006,2025-02-05 15:01:33,,True,admin
789,2025-02-05 16:51:02,YG009,2025-02-05 16:51:02,,True,admin
790,2025-02-05 16:55:37,YG009,2025-02-05 16:55:37,,True,admin
791,2025-02-05 17:12:40,YG006,2025-02-05 17:12:40,,True,admin
792,2025-02-05 18:37:38,YG012,2025-02-05 18:37:38,,True,admin
793,2025-02-05 18:58:56,YG011,2025-02-05 18:58:56,,True,admin
794,2025-02-05 22:00:22,YG002,2025-02-05 22:00:22,,True,admin
795,2025-02-05 22:10:00,YG002,2025-02-05 22:10:00,,True,admin
796,2025-02-05 22:11:19,YG002,2025-02-05 22:11:19,,True,admin
797,2025-02-05 22:34:48,YG012,2025-02-05 22:34:48,,True,admin
798,2025-02-05 22:48:37,YG002,2025-02-05 22:48:37,,True,admin
799,2025-02-05 23:04:01,YG012,2025-02-05 23:04:01,,True,admin
800,2025-02-05 23:22:43,YG012,2025-02-05 23:22:43,,True,admin
801,2025-02-06 01:42:19,YG002,2025-02-06 01:42:19,,True,admin
802,2025-02-06 10:29:22,YG005,2025-02-06 10:29:22,,True,admin
803,2025-02-06 10:42:07,YG005,2025-02-06 10:42:07,,True,admin
804,2025-02-06 10:45:40,YG005,2025-02-06 10:45:40,,True,admin
805,2025-02-06 13:23:06,YG002,2025-02-06 13:23:06,,True,admin
806,2025-02-06 14:56:04,YG002,2025-02-06 14:56:04,,True,admin
807,2025-02-06 15:04:46,YG006,2025-02-06 15:04:46,,True,admin
808,2025-02-06 18:11:08,YG022,2025-02-06 18:11:08,,True,admin
809,2025-02-06 18:41:19,YG002,2025-02-06 18:41:19,,True,admin
810,2025-02-06 22:36:14,YG012,2025-02-06 22:36:14,,True,admin
811,2025-02-07 12:08:32,YG012,2025-02-07 12:08:32,,True,admin
812,2025-02-07 13:24:51,YG002,2025-02-07 13:24:51,,True,admin
813,2025-02-07 13:33:34,YG024,2025-02-07 13:33:34,,True,admin
814,2025-02-07 13:35:18,YG024,2025-02-07 13:35:18,,True,admin
815,2025-02-07 14:23:28,YG006,2025-02-07 14:23:28,,True,admin
816,2025-02-07 15:10:05,YG012,2025-02-07 15:10:05,,True,admin
817,2025-02-07 17:56:30,YG012,2025-02-07 17:56:30,,True,admin
818,2025-02-07 17:58:05,YG012,2025-02-07 17:58:05,,True,admin
819,2025-02-07 19:36:04,YG023,2025-02-07 19:36:04,,True,admin
820,2025-02-08 19:25:28,YG006,2025-02-08 19:25:28,,True,admin
821,2025-02-08 20:39:02,YG011,2025-02-08 20:39:02,,True,admin
822,2025-02-08 21:30:49,YG015,2025-02-08 21:30:49,,True,admin
823,2025-02-08 21:34:59,YG015,2025-02-08 21:34:59,,True,admin
824,2025-02-08 21:35:45,YG015,2025-02-08 21:35:45,,True,admin
825,2025-02-08 21:43:51,YG015,2025-02-08 21:43:51,,True,admin
826,2025-02-08 22:06:15,YG015,2025-02-08 22:06:15,,True,admin
827,2025-02-09 01:47:45,YG015,2025-02-09 01:47:45,,True,admin
828,2025-02-09 02:25:44,YG015,2025-02-09 02:25:44,,True,admin
829,2025-02-09 10:07:08,YG015,2025-02-09 10:07:08,,True,admin
830,2025-02-09 12:23:52,YG015,2025-02-09 12:23:52,,True,admin
831,2025-02-09 17:35:20,YG006,2025-02-09 17:35:20,,True,admin
832,2025-02-09 20:15:01,YG002,2025-02-09 20:15:01,,True,admin
833,2025-02-10 00:32:12,YG024,2025-02-10 00:32:12,,True,admin
834,2025-02-10 08:57:48,YG011,2025-02-10 08:57:48,,True,admin
835,2025-02-10 11:27:30,YG011,2025-02-10 11:27:30,,True,admin
836,2025-02-10 13:44:22,YG010,2025-02-10 13:44:22,,True,admin
837,2025-02-10 14:00:14,YG010,2025-02-10 14:00:14,,True,admin
838,2025-02-10 14:03:48,YG010,2025-02-10 14:03:48,,True,admin
839,2025-02-10 14:04:33,YG010,2025-02-10 14:04:33,,True,admin
840,2025-02-10 14:08:07,YG010,2025-02-10 14:08:07,,True,admin
841,2025-02-10 14:15:44,YG010,2025-02-10 14:15:44,,True,admin
842,2025-02-10 14:16:01,YG010,2025-02-10 14:16:01,,True,admin
843,2025-02-10 14:23:55,YG010,2025-02-10 14:23:55,,True,admin
844,2025-02-10 14:28:20,YG010,2025-02-10 14:28:20,,True,admin
845,2025-02-10 14:31:49,YG010,2025-02-10 14:31:49,,True,admin
846,2025-02-10 14:34:32,YG010,2025-02-10 14:34:32,,True,admin
847,2025-02-10 14:45:01,YG011,2025-02-10 14:45:01,,True,admin
848,2025-02-10 15:48:51,YG010,2025-02-10 15:48:51,,True,admin
849,2025-02-10 16:00:00,YG010,2025-02-10 16:00:00,,True,admin
850,2025-02-10 16:24:43,YG002,2025-02-10 16:24:43,,True,admin
851,2025-02-10 16:48:13,YG010,2025-02-10 16:48:13,,True,admin
852,2025-02-10 18:09:33,YG007,2025-02-10 18:09:33,,True,admin
853,2025-02-10 18:57:32,YG002,2025-02-10 18:57:32,,True,admin
854,2025-02-10 19:17:41,YG010,2025-02-10 19:17:41,,True,admin
855,2025-02-10 19:38:31,YG010,2025-02-10 19:38:31,,True,admin
856,2025-02-10 21:29:11,YG010,2025-02-10 21:29:11,,True,admin
857,2025-02-10 23:06:04,YG022,2025-02-10 23:06:04,,True,admin
858,2025-02-10 23:08:26,YG022,2025-02-10 23:08:26,,True,admin
859,2025-02-11 11:31:05,YG016,2025-02-11 11:31:05,,True,admin
859,2025-11-08 10:25:54,YG011,2025-11-08 10:25:54,,True,admin
860,2025-02-11 11:32:59,YG011,2025-02-11 11:32:59,,True,admin
861,2025-02-11 16:46:23,YG010,2025-02-11 16:46:23,,True,admin
862,2025-02-11 18:00:20,YG010,2025-02-11 18:00:20,,True,admin
863,2025-02-12 09:20:17,YG006,2025-02-12 09:20:17,,True,admin
864,2025-02-12 22:46:25,YG002,2025-02-12 22:46:25,,True,admin
865,2025-02-12 22:52:32,YG002,2025-02-12 22:52:32,,True,admin
866,2025-02-12 22:55:43,YG002,2025-02-12 22:55:43,,True,admin
867,2025-02-12 22:57:23,YG011,2025-02-12 22:57:23,,True,admin
868,2025-02-12 22:57:51,YG002,2025-02-12 22:57:51,,True,admin
869,2025-02-12 23:09:34,YG002,2025-02-12 23:09:34,,True,admin
870,2025-02-12 23:15:02,YG002,2025-02-12 23:15:02,,True,admin
871,2025-02-12 23:16:47,YG002,2025-02-12 23:16:47,,True,admin
872,2025-02-12 23:18:26,YG002,2025-02-12 23:18:26,,True,admin
873,2025-02-13 13:27:32,YG009,2025-02-13 13:27:32,,True,admin
874,2025-02-13 15:59:30,YG009,2025-02-13 15:59:30,,True,admin
875,2025-02-13 16:02:45,YG009,2025-02-13 16:02:45,,True,admin
876,2025-02-13 16:03:29,YG009,2025-02-13 16:03:29,,True,admin
877,2025-02-13 16:03:40,YG009,2025-02-13 16:03:40,,True,admin
878,2025-02-13 18:20:11,YG009,2025-02-13 18:20:11,,True,admin
879,2025-02-13 18:31:07,YG009,2025-02-13 18:31:07,,True,admin
880,2025-02-15 12:22:06,YG010,2025-02-15 12:22:06,,True,admin
881,2025-02-15 12:23:31,YG010,2025-02-15 12:23:31,,True,admin
882,2025-02-15 12:26:18,YG010,2025-02-15 12:26:18,,True,admin
883,2025-02-15 12:27:11,YG010,2025-02-15 12:27:11,,True,admin
884,2025-02-15 12:29:18,YG010,2025-02-15 12:29:18,,True,admin
885,2025-02-15 12:31:02,YG010,2025-02-15 12:31:02,,True,admin
886,2025-02-15 12:32:21,YG010,2025-02-15 12:32:21,,True,admin
887,2025-02-15 12:33:14,YG010,2025-02-15 12:33:14,,True,admin
888,2025-02-15 12:33:40,YG010,2025-02-15 12:33:40,,True,admin
889,2025-02-15 12:51:49,YG010,2025-02-15 12:51:49,,True,admin
890,2025-02-15 12:55:26,YG010,2025-02-15 12:55:26,,True,admin
891,2025-02-15 13:05:08,YG010,2025-02-15 13:05:08,,True,admin
892,2025-02-15 13:11:55,YG010,2025-02-15 13:11:55,,True,admin
893,2025-02-15 13:15:50,YG010,2025-02-15 13:15:50,,True,admin
894,2025-02-15 13:19:45,YG010,2025-02-15 13:19:45,,True,admin
895,2025-02-15 13:38:35,YG010,2025-02-15 13:38:35,,True,admin
896,2025-02-15 14:50:54,YG010,2025-02-15 14:50:54,,True,admin
897,2025-02-15 15:26:22,YG010,2025-02-15 15:26:22,,True,admin
898,2025-02-15 15:28:07,YG010,2025-02-15 15:28:07,,True,admin
899,2025-02-15 17:11:32,YG010,2025-02-15 17:11:32,,True,admin
900,2025-02-15 17:19:35,YG010,2025-02-15 17:19:35,,True,admin
901,2025-02-15 17:21:23,YG010,2025-02-15 17:21:23,,True,admin
902,2025-02-15 17:30:51,YG010,2025-02-15 17:30:51,,True,admin
903,2025-02-15 18:38:58,YG010,2025-02-15 18:38:58,,True,admin
904,2025-02-15 18:59:41,YG010,2025-02-15 18:59:41,,True,admin
905,2025-02-15 19:01:05,YG010,2025-02-15 19:01:05,,True,admin
906,2025-02-15 19:05:12,YG010,2025-02-15 19:05:12,,True,admin
907,2025-02-15 19:34:17,YG010,2025-02-15 19:34:17,,True,admin
908,2025-02-15 20:20:24,YG010,2025-02-15 20:20:24,,True,admin
909,2025-02-15 20:28:54,YG010,2025-02-15 20:28:54,,True,admin
910,2025-02-15 20:49:32,YG002,2025-02-15 20:49:32,,True,admin
911,2025-02-15 20:51:14,YG002,2025-02-15 20:51:14,,True,admin
912,2025-02-15 20:56:17,YG002,2025-02-15 20:56:17,,True,admin
913,2025-02-15 21:01:43,YG002,2025-02-15 21:01:43,,True,admin
914,2025-02-16 08:39:42,YG010,2025-02-16 08:39:42,,True,admin
915,2025-02-16 10:39:38,YG010,2025-02-16 10:39:38,,True,admin
916,2025-02-16 10:42:01,YG010,2025-02-16 10:42:01,,True,admin
917,2025-02-16 15:04:50,YG010,2025-02-16 15:04:50,,True,admin
918,2025-02-16 15:32:27,YG008,2025-02-16 15:32:27,,True,admin
919,2025-02-16 16:17:48,YG010,2025-02-16 16:17:48,,True,admin
920,2025-02-16 22:19:52,YG002,2025-02-16 22:19:52,,True,admin
921,2025-02-16 22:22:17,YG002,2025-02-16 22:22:17,,True,admin
922,2025-02-16 22:28:04,YG002,2025-02-16 22:28:04,,True,admin
923,2025-02-16 22:31:46,YG002,2025-02-16 22:31:46,,True,admin
924,2025-02-16 22:34:36,YG002,2025-02-16 22:34:36,,True,admin
925,2025-02-16 22:38:01,YG002,2025-02-16 22:38:01,,True,admin
926,2025-02-16 22:41:41,YG002,2025-02-16 22:41:41,,True,admin
927,2025-02-16 23:00:12,YG002,2025-02-16 23:00:12,,True,admin
928,2025-02-16 23:01:54,YG002,2025-02-16 23:01:54,,True,admin
929,2025-02-16 23:03:25,YG002,2025-02-16 23:03:25,,True,admin
930,2025-02-16 23:05:38,YG002,2025-02-16 23:05:38,,True,admin
931,2025-02-16 23:07:31,YG002,2025-02-16 23:07:31,,True,admin
932,2025-02-16 23:07:35,YG002,2025-02-16 23:07:35,,True,admin
933,2025-02-16 23:09:17,YG002,2025-02-16 23:09:17,,True,admin
934,2025-02-16 23:11:33,YG002,2025-02-16 23:11:33,,True,admin
935,2025-02-16 23:11:37,YG002,2025-02-16 23:11:37,,True,admin
936,2025-02-16 23:13:36,YG002,2025-02-16 23:13:36,,True,admin
937,2025-02-16 23:14:19,YG002,2025-02-16 23:14:19,,True,admin
938,2025-02-16 23:16:18,YG002,2025-02-16 23:16:18,,True,admin
939,2025-02-16 23:17:02,YG002,2025-02-16 23:17:02,,True,admin
940,2025-02-16 23:17:59,YG002,2025-02-16 23:17:59,,True,admin
941,2025-02-16 23:19:41,YG002,2025-02-16 23:19:41,,True,admin
942,2025-02-16 23:24:53,YG002,2025-02-16 23:24:53,,True,admin
943,2025-02-16 23:28:21,YG002,2025-02-16 23:28:21,,True,admin
944,2025-02-16 23:30:48,YG002,2025-02-16 23:30:48,,True,admin
945,2025-02-16 23:32:38,YG002,2025-02-16 23:32:38,,True,admin
946,2025-02-16 23:34:41,YG002,2025-02-16 23:34:41,,True,admin
947,2025-02-16 23:36:28,YG002,2025-02-16 23:36:28,,True,admin
948,2025-02-17 13:17:50,YG022,2025-02-17 13:17:50,,True,admin
949,2025-02-17 15:16:36,YG002,2025-02-17 15:16:36,,True,admin
950,2025-02-17 15:26:05,YG002,2025-02-17 15:26:05,,True,admin
951,2025-02-17 15:28:31,YG002,2025-02-17 15:28:31,,True,admin
952,2025-02-17 15:30:42,YG002,2025-02-17 15:30:42,,True,admin
953,2025-02-17 15:32:25,YG002,2025-02-17 15:32:25,,True,admin
954,2025-02-17 15:34:07,YG002,2025-02-17 15:34:07,,True,admin
955,2025-02-17 15:36:16,YG002,2025-02-17 15:36:16,,True,admin
956,2025-02-17 15:39:54,YG002,2025-02-17 15:39:54,,True,admin
957,2025-02-17 15:41:47,YG002,2025-02-17 15:41:47,,True,admin
958,2025-02-17 15:45:46,YG002,2025-02-17 15:45:46,,True,admin
959,2025-02-18 12:54:47,YG010,2025-02-18 12:54:47,,True,admin
960,2025-02-18 12:56:46,YG010,2025-02-18 12:56:46,,True,admin
961,2025-02-18 13:05:30,YG010,2025-02-18 13:05:30,,True,admin
962,2025-02-18 13:15:55,YG010,2025-02-18 13:15:55,,True,admin
963,2025-02-18 13:18:05,YG010,2025-02-18 13:18:05,,True,admin
964,2025-02-18 13:20:23,YG010,2025-02-18 13:20:23,,True,admin
965,2025-02-18 13:29:59,YG011,2025-02-18 13:29:59,,True,admin
966,2025-02-18 13:31:59,YG010,2025-02-18 13:31:59,,True,admin
967,2025-02-18 13:32:13,YG010,2025-02-18 13:32:13,,True,admin
968,2025-02-18 13:33:25,YG010,2025-02-18 13:33:25,,True,admin
969,2025-02-18 13:33:48,YG010,2025-02-18 13:33:48,,True,admin
970,2025-02-18 13:33:58,YG010,2025-02-18 13:33:58,,True,admin
971,2025-02-18 13:35:20,YG010,2025-02-18 13:35:20,,True,admin
972,2025-02-18 13:36:11,YG010,2025-02-18 13:36:11,,True,admin
973,2025-02-18 13:36:21,YG010,2025-02-18 13:36:21,,True,admin
974,2025-02-18 13:37:37,YG010,2025-02-18 13:37:37,,True,admin
975,2025-02-18 13:46:02,YG010,2025-02-18 13:46:02,,True,admin
976,2025-02-18 13:50:10,YG010,2025-02-18 13:50:10,,True,admin
977,2025-02-18 13:57:23,YG010,2025-02-18 13:57:23,,True,admin
978,2025-02-18 14:04:17,YG010,2025-02-18 14:04:17,,True,admin
979,2025-02-18 14:06:50,YG010,2025-02-18 14:06:50,,True,admin
980,2025-02-18 14:26:08,YG010,2025-02-18 14:26:08,,True,admin
981,2025-02-18 14:56:45,YG010,2025-02-18 14:56:45,,True,admin
982,2025-02-18 15:02:57,YG010,2025-02-18 15:02:57,,True,admin
983,2025-02-18 15:07:07,YG010,2025-02-18 15:07:07,,True,admin
984,2025-02-18 15:07:25,YG010,2025-02-18 15:07:25,,True,admin
985,2025-02-18 15:08:05,YG010,2025-02-18 15:08:05,,True,admin
986,2025-02-18 15:09:34,YG010,2025-02-18 15:09:34,,True,admin
987,2025-02-18 15:51:38,YG010,2025-02-18 15:51:38,,True,admin
988,2025-02-18 18:08:19,YG010,2025-02-18 18:08:19,,True,admin
989,2025-02-18 19:13:12,YG010,2025-02-18 19:13:12,,True,admin
990,2025-02-18 19:16:15,YG010,2025-02-18 19:16:15,,True,admin
991,2025-02-18 19:49:42,YG010,2025-02-18 19:49:42,,True,admin
992,2025-02-18 20:25:53,YG010,2025-02-18 20:25:53,,True,admin
993,2025-02-18 20:34:49,YG002,2025-02-18 20:34:49,,True,admin
994,2025-02-18 20:48:07,YG010,2025-02-18 20:48:07,,True,admin
995,2025-02-18 20:50:31,YG010,2025-02-18 20:50:31,,True,admin
996,2025-02-18 20:53:52,YG010,2025-02-18 20:53:52,,True,admin
997,2025-02-18 21:04:53,YG002,2025-02-18 21:04:53,,True,admin
998,2025-02-18 22:37:54,YG010,2025-02-18 22:37:54,,True,admin
999,2025-02-19 14:20:19,YG003,2025-02-19 14:20:19,,True,admin
1000,2025-02-19 21:36:11,YG002,2025-02-19 21:36:11,,True,admin
1001,2025-02-19 21:50:57,YG002,2025-02-19 21:50:57,,True,admin
1002,2025-02-19 21:56:53,YG002,2025-02-19 21:56:53,,True,admin
1003,2025-02-19 21:57:54,YG002,2025-02-19 21:57:54,,True,admin
1004,2025-02-19 21:59:16,YG002,2025-02-19 21:59:16,,True,admin
1005,2025-02-19 21:59:56,YG002,2025-02-19 21:59:56,,True,admin
1006,2025-02-19 22:00:04,YG002,2025-02-19 22:00:04,,True,admin
1007,2025-02-19 22:02:28,YG002,2025-02-19 22:02:28,,True,admin
1008,2025-02-19 22:04:12,YG002,2025-02-19 22:04:12,,True,admin
1009,2025-02-19 22:07:07,YG002,2025-02-19 22:07:07,,True,admin
1010,2025-02-19 22:08:11,YG002,2025-02-19 22:08:11,,True,admin
1011,2025-02-19 22:10:16,YG002,2025-02-19 22:10:16,,True,admin
1012,2025-02-19 22:11:08,YG002,2025-02-19 22:11:08,,True,admin
1013,2025-02-19 22:11:23,YG002,2025-02-19 22:11:23,,True,admin
1014,2025-02-19 22:12:53,YG002,2025-02-19 22:12:53,,True,admin
1015,2025-02-19 22:14:04,YG002,2025-02-19 22:14:04,,True,admin
1016,2025-02-19 22:14:15,YG002,2025-02-19 22:14:15,,True,admin
1017,2025-02-19 22:15:52,YG002,2025-02-19 22:15:52,,True,admin
1018,2025-02-19 22:16:32,YG002,2025-02-19 22:16:32,,True,admin
1019,2025-02-19 22:16:52,YG002,2025-02-19 22:16:52,,True,admin
1020,2025-02-19 22:18:40,YG002,2025-02-19 22:18:40,,True,admin
1021,2025-02-19 22:19:09,YG002,2025-02-19 22:19:09,,True,admin
1022,2025-02-19 22:19:33,YG002,2025-02-19 22:19:33,,True,admin
1023,2025-02-19 22:21:12,YG002,2025-02-19 22:21:12,,True,admin
1024,2025-02-19 22:23:46,YG002,2025-02-19 22:23:46,,True,admin
1025,2025-02-19 22:25:05,YG002,2025-02-19 22:25:05,,True,admin
1026,2025-02-19 22:31:35,YG002,2025-02-19 22:31:35,,True,admin
1027,2025-02-19 22:33:39,YG002,2025-02-19 22:33:39,,True,admin
1028,2025-02-19 22:33:43,YG002,2025-02-19 22:33:43,,True,admin
1029,2025-02-19 22:35:34,YG002,2025-02-19 22:35:34,,True,admin
1030,2025-02-19 22:37:26,YG002,2025-02-19 22:37:26,,True,admin
1031,2025-02-19 22:41:03,YG002,2025-02-19 22:41:03,,True,admin
1032,2025-02-19 22:45:33,YG002,2025-02-19 22:45:33,,True,admin
1033,2025-02-19 23:01:19,YG002,2025-02-19 23:01:19,,True,admin
1034,2025-02-19 23:03:08,YG002,2025-02-19 23:03:08,,True,admin
1035,2025-02-19 23:05:39,YG002,2025-02-19 23:05:39,,True,admin
1036,2025-02-19 23:07:03,YG002,2025-02-19 23:07:03,,True,admin
1037,2025-02-19 23:08:18,YG002,2025-02-19 23:08:18,,True,admin
1038,2025-02-19 23:09:59,YG002,2025-02-19 23:09:59,,True,admin
1039,2025-02-20 00:02:24,YG002,2025-02-20 00:02:24,,True,admin
1040,2025-02-20 00:04:51,YG002,2025-02-20 00:04:51,,True,admin
1041,2025-02-20 00:07:28,YG002,2025-02-20 00:07:28,,True,admin
1042,2025-02-20 00:09:17,YG002,2025-02-20 00:09:17,,True,admin
1043,2025-02-20 00:11:13,YG002,2025-02-20 00:11:13,,True,admin
1044,2025-02-20 00:12:35,YG002,2025-02-20 00:12:35,,True,admin
1045,2025-02-20 00:13:57,YG002,2025-02-20 00:13:57,,True,admin
1046,2025-02-20 14:52:59,YG010,2025-02-20 14:52:59,,True,admin
1047,2025-02-20 14:55:11,YG010,2025-02-20 14:55:11,,True,admin
1048,2025-02-20 15:06:12,YG010,2025-02-20 15:06:12,,True,admin
1049,2025-02-20 15:09:37,YG010,2025-02-20 15:09:37,,True,admin
1050,2025-02-20 16:54:29,YG023,2025-02-20 16:54:29,,True,admin
1051,2025-02-20 17:55:52,YG010,2025-02-20 17:55:52,,True,admin
1052,2025-02-20 20:47:40,YG028,2025-02-20 20:47:40,,True,admin
1053,2025-02-21 16:40:14,YG011,2025-02-21 16:40:14,,True,admin
1054,2025-02-21 16:43:02,YG005,2025-02-21 16:43:02,,True,admin
1055,2025-02-21 17:44:07,YG011,2025-02-21 17:44:07,,True,admin
1056,2025-02-21 17:47:04,YG005,2025-02-21 17:47:04,,True,admin
1057,2025-02-21 18:26:27,YG011,2025-02-21 18:26:27,,True,admin
1058,2025-02-21 20:59:58,YG005,2025-02-21 20:59:58,,True,admin
1059,2025-02-21 21:17:31,YG005,2025-02-21 21:17:31,,True,admin
1060,2025-02-21 21:18:34,YG005,2025-02-21 21:18:34,,True,admin
1061,2025-02-21 21:32:01,YG005,2025-02-21 21:32:01,,True,admin
1062,2025-02-21 21:58:35,YG011,2025-02-21 21:58:35,,True,admin
1063,2025-02-21 22:03:18,YG011,2025-02-21 22:03:18,,True,admin
1064,2025-02-21 22:04:16,YG005,2025-02-21 22:04:16,,True,admin
1065,2025-02-21 22:07:23,YG005,2025-02-21 22:07:23,,True,admin
1066,2025-02-21 22:38:31,YG011,2025-02-21 22:38:31,,True,admin
1067,2025-02-21 22:59:56,YG005,2025-02-21 22:59:56,,True,admin
1068,2025-02-21 23:16:04,YG011,2025-02-21 23:16:04,,True,admin
1069,2025-02-22 04:10:28,YG011,2025-02-22 04:10:28,,True,admin
1070,2025-02-22 10:48:20,YG005,2025-02-22 10:48:20,,True,admin
1071,2025-02-22 13:51:34,YG011,2025-02-22 13:51:34,,True,admin
1072,2025-02-22 15:20:19,YG011,2025-02-22 15:20:19,,True,admin
1073,2025-02-22 15:35:27,YG027,2025-02-22 15:35:27,,True,admin
1074,2025-02-22 15:41:13,YG005,2025-02-22 15:41:13,,True,admin
1075,2025-02-22 15:42:22,YG027,2025-02-22 15:42:22,,True,admin
1076,2025-02-22 15:43:08,YG027,2025-02-22 15:43:08,,True,admin
1077,2025-02-22 15:46:24,YG027,2025-02-22 15:46:24,,True,admin
1078,2025-02-22 15:48:24,YG027,2025-02-22 15:48:24,,True,admin
1079,2025-02-22 15:48:24,YG027,2025-02-22 15:48:24,,True,admin
1080,2025-02-22 15:50:05,YG027,2025-02-22 15:50:05,,True,admin
1081,2025-02-22 15:52:51,YG027,2025-02-22 15:52:51,,True,admin
1082,2025-02-22 15:57:48,YG027,2025-02-22 15:57:48,,True,admin
1083,2025-02-22 15:59:19,YG027,2025-02-22 15:59:19,,True,admin
1084,2025-02-22 16:03:07,YG027,2025-02-22 16:03:07,,True,admin
1084,2025-03-30 12:49:24,YG020,2025-03-30 12:49:24,,True,admin
1085,2025-02-22 16:04:46,YG027,2025-02-22 16:04:46,,True,admin
1085,2025-03-30 12:51:31,YG020,2025-03-30 12:51:31,,True,admin
1086,2025-02-22 16:05:54,YG027,2025-02-22 16:05:54,,True,admin
1087,2025-02-22 16:06:03,YG027,2025-02-22 16:06:03,,True,admin
1088,2025-02-22 16:07:38,YG027,2025-02-22 16:07:38,,True,admin
1089,2025-02-22 16:13:12,YG027,2025-02-22 16:13:12,,True,admin
1090,2025-02-22 16:31:54,YG027,2025-02-22 16:31:54,,True,admin
1091,2025-02-22 16:33:18,YG027,2025-02-22 16:33:18,,True,admin
1092,2025-02-22 16:34:28,YG027,2025-02-22 16:34:28,,True,admin
1093,2025-02-22 16:42:54,YG027,2025-02-22 16:42:54,,True,admin
1094,2025-02-22 17:01:30,YG027,2025-02-22 17:01:30,,True,admin
1095,2025-02-22 17:03:50,YG027,2025-02-22 17:03:50,,True,admin
1096,2025-02-22 17:09:38,YG027,2025-02-22 17:09:38,,True,admin
1097,2025-02-22 17:11:01,YG027,2025-02-22 17:11:01,,True,admin
1098,2025-02-22 17:16:12,YG027,2025-02-22 17:16:12,,True,admin
1099,2025-02-22 17:18:50,YG027,2025-02-22 17:18:50,,True,admin
1100,2025-02-22 17:20:18,YG027,2025-02-22 17:20:18,,True,admin
1101,2025-02-22 17:28:46,YG027,2025-02-22 17:28:46,,True,admin
1102,2025-02-22 17:31:07,YG027,2025-02-22 17:31:07,,True,admin
1103,2025-02-22 17:33:53,YG027,2025-02-22 17:33:53,,True,admin
1104,2025-02-22 17:57:51,YG027,2025-02-22 17:57:51,,True,admin
1105,2025-02-22 18:02:15,YG005,2025-02-22 18:02:15,,True,admin
1106,2025-02-22 18:04:24,YG027,2025-02-22 18:04:24,,True,admin
1107,2025-02-22 18:12:15,YG027,2025-02-22 18:12:15,,True,admin
1108,2025-02-22 18:35:37,YG027,2025-02-22 18:35:37,,True,admin
1109,2025-02-22 18:37:17,YG027,2025-02-22 18:37:17,,True,admin
1110,2025-02-22 18:39:51,YG027,2025-02-22 18:39:51,,True,admin
1111,2025-02-22 18:57:26,YG011,2025-02-22 18:57:26,,True,admin
1112,2025-02-22 20:17:24,YG027,2025-02-22 20:17:24,,True,admin
1113,2025-02-22 20:44:35,YG005,2025-02-22 20:44:35,,True,admin
1114,2025-02-22 21:21:29,YG005,2025-02-22 21:21:29,,True,admin
1115,2025-02-22 22:02:30,YG002,2025-02-22 22:02:30,,True,admin
1116,2025-02-22 22:09:13,YG002,2025-02-22 22:09:13,,True,admin
1117,2025-02-22 22:10:51,YG002,2025-02-22 22:10:51,,True,admin
1118,2025-02-22 22:15:09,YG002,2025-02-22 22:15:09,,True,admin
1119,2025-02-22 22:57:47,YG002,2025-02-22 22:57:47,,True,admin
1120,2025-02-22 23:45:55,YG002,2025-02-22 23:45:55,,True,admin
1121,2025-02-22 23:57:41,YG005,2025-02-22 23:57:41,,True,admin
1122,2025-02-23 09:41:48,YG027,2025-02-23 09:41:48,,True,admin
1123,2025-02-23 10:49:17,YG005,2025-02-23 10:49:17,,True,admin
1124,2025-02-23 11:22:23,YG002,2025-02-23 11:22:23,,True,admin
1125,2025-02-23 13:00:39,YG010,2025-02-23 13:00:39,,True,admin
1126,2025-02-23 14:17:18,YG006,2025-02-23 14:17:18,,True,admin
1127,2025-02-23 14:43:51,YG005,2025-02-23 14:43:51,,True,admin
1128,2025-02-23 14:49:10,YG012,2025-02-23 14:49:10,,True,admin
1129,2025-02-23 14:49:46,YG012,2025-02-23 14:49:46,,True,admin
1130,2025-02-23 14:51:06,YG005,2025-02-23 14:51:06,,True,admin
1131,2025-02-23 14:51:16,YG005,2025-02-23 14:51:16,,True,admin
1132,2025-02-23 14:55:49,YG012,2025-02-23 14:55:49,,True,admin
1133,2025-02-23 14:58:17,YG012,2025-02-23 14:58:17,,True,admin
1134,2025-02-23 15:06:49,YG012,2025-02-23 15:06:49,,True,admin
1135,2025-02-23 15:12:18,YG012,2025-02-23 15:12:18,,True,admin
1136,2025-02-23 15:17:00,YG005,2025-02-23 15:17:00,,True,admin
1137,2025-02-23 15:19:50,YG006,2025-02-23 15:19:50,,True,admin
1138,2025-02-23 15:23:37,YG006,2025-02-23 15:23:37,,True,admin
1139,2025-02-23 15:25:04,YG012,2025-02-23 15:25:04,,True,admin
1140,2025-02-23 16:08:48,YG005,2025-02-23 16:08:48,,True,admin
1141,2025-02-23 16:47:25,YG016,2025-02-23 16:47:25,,True,admin
1142,2025-02-23 16:48:07,YG016,2025-02-23 16:48:07,,True,admin
1143,2025-02-23 16:48:58,YG016,2025-02-23 16:48:58,,True,admin
1144,2025-02-23 16:48:59,YG016,2025-02-23 16:48:59,,True,admin
1145,2025-02-23 16:50:44,YG005,2025-02-23 16:50:44,,True,admin
1146,2025-02-23 16:51:55,YG016,2025-02-23 16:51:55,,True,admin
1147,2025-02-23 16:52:11,YG005,2025-02-23 16:52:11,,True,admin
1148,2025-02-23 16:54:06,YG016,2025-02-23 16:54:06,,True,admin
1149,2025-02-23 16:54:10,YG016,2025-02-23 16:54:10,,True,admin
1150,2025-02-23 17:01:28,YG016,2025-02-23 17:01:28,,True,admin
1151,2025-02-23 17:07:15,YG012,2025-02-23 17:07:15,,True,admin
1152,2025-02-23 17:08:27,YG016,2025-02-23 17:08:27,,True,admin
1153,2025-02-23 17:12:12,YG022,2025-02-23 17:12:12,,True,admin
1154,2025-02-23 17:34:58,YG016,2025-02-23 17:34:58,,True,admin
1155,2025-02-23 19:23:16,YG020,2025-02-23 19:23:16,,True,admin
1156,2025-02-23 19:25:01,YG020,2025-02-23 19:25:01,,True,admin
1157,2025-02-23 19:27:20,YG012,2025-02-23 19:27:20,,True,admin
1158,2025-02-23 19:27:22,YG020,2025-02-23 19:27:22,,True,admin
1159,2025-02-23 19:27:46,YG020,2025-02-23 19:27:46,,True,admin
1160,2025-02-23 19:27:54,YG020,2025-02-23 19:27:54,,True,admin
1161,2025-02-23 19:29:26,YG020,2025-02-23 19:29:26,,True,admin
1162,2025-02-23 19:29:31,YG020,2025-02-23 19:29:31,,True,admin
1163,2025-02-23 19:30:23,YG020,2025-02-23 19:30:23,,True,admin
1164,2025-02-23 19:30:44,YG020,2025-02-23 19:30:44,,True,admin
1165,2025-02-23 19:35:32,YG020,2025-02-23 19:35:32,,True,admin
1166,2025-02-23 19:37:14,YG020,2025-02-23 19:37:14,,True,admin
1167,2025-02-23 19:42:54,YG020,2025-02-23 19:42:54,,True,admin
1168,2025-02-23 19:44:22,YG020,2025-02-23 19:44:22,,True,admin
1169,2025-02-23 19:48:35,YG020,2025-02-23 19:48:35,,True,admin
1170,2025-02-23 20:07:22,YG020,2025-02-23 20:07:22,,True,admin
1171,2025-02-23 20:08:59,YG020,2025-02-23 20:08:59,,True,admin
1172,2025-02-23 20:10:50,YG020,2025-02-23 20:10:50,,True,admin
1173,2025-02-23 20:21:29,YG020,2025-02-23 20:21:29,,True,admin
1174,2025-02-23 20:23:57,YG020,2025-02-23 20:23:57,,True,admin
1175,2025-02-23 20:31:32,YG020,2025-02-23 20:31:32,,True,admin
1176,2025-02-23 20:37:15,YG016,2025-02-23 20:37:15,,True,admin
1177,2025-02-23 20:38:52,YG020,2025-02-23 20:38:52,,True,admin
1178,2025-02-23 21:25:41,YG005,2025-02-23 21:25:41,,True,admin
1179,2025-02-23 21:33:02,YG005,2025-02-23 21:33:02,,True,admin
1180,2025-02-23 21:39:02,YG020,2025-02-23 21:39:02,,True,admin
1181,2025-02-23 22:46:56,YG020,2025-02-23 22:46:56,,True,admin
1182,2025-02-23 22:47:43,YG005,2025-02-23 22:47:43,,True,admin
1183,2025-02-23 23:17:52,YG020,2025-02-23 23:17:52,,True,admin
1184,2025-02-23 23:21:10,YG020,2025-02-23 23:21:10,,True,admin
1185,2025-02-23 23:23:27,YG016,2025-02-23 23:23:27,,True,admin
1186,2025-02-24 06:35:03,YG020,2025-02-24 06:35:03,,True,admin
1187,2025-02-24 07:13:32,YG020,2025-02-24 07:13:32,,True,admin
1188,2025-02-24 10:19:23,YG006,2025-02-24 10:19:23,,True,admin
1189,2025-02-24 11:15:23,YG020,2025-02-24 11:15:23,,True,admin
1190,2025-02-24 14:22:58,YG016,2025-02-24 14:22:58,,True,admin
1191,2025-02-24 14:53:59,YG020,2025-02-24 14:53:59,,True,admin
1192,2025-02-24 15:10:53,YG020,2025-02-24 15:10:53,,True,admin
1193,2025-02-24 15:22:28,YG020,2025-02-24 15:22:28,,True,admin
1194,2025-02-24 15:35:46,YG011,2025-02-24 15:35:46,,True,admin
1195,2025-02-24 15:51:36,YG020,2025-02-24 15:51:36,,True,admin
1196,2025-02-24 17:58:10,YG020,2025-02-24 17:58:10,,True,admin
1197,2025-02-24 18:57:34,YG009,2025-02-24 18:57:34,,True,admin
1198,2025-02-24 19:28:12,YG002,2025-02-24 19:28:12,,True,admin
1199,2025-02-24 20:50:30,YG021,2025-02-24 20:50:30,,True,admin
1200,2025-02-24 21:06:24,YG021,2025-02-24 21:06:24,,True,admin
1201,2025-02-24 21:13:12,YG021,2025-02-24 21:13:12,,True,admin
1202,2025-02-24 21:13:28,YG021,2025-02-24 21:13:28,,True,admin
1203,2025-02-24 21:14:37,YG021,2025-02-24 21:14:37,,True,admin
1204,2025-02-24 21:15:22,YG021,2025-02-24 21:15:22,,True,admin
1205,2025-02-24 21:36:34,YG021,2025-02-24 21:36:34,,True,admin
1206,2025-02-24 23:51:46,YG021,2025-02-24 23:51:46,,True,admin
1207,2025-02-25 00:56:23,YG006,2025-02-25 00:56:23,,True,admin
1208,2025-02-25 10:20:48,YG006,2025-02-25 10:20:48,,True,admin
1209,2025-02-25 16:37:19,YG021,2025-02-25 16:37:19,,True,admin
1210,2025-02-25 16:38:45,YG021,2025-02-25 16:38:45,,True,admin
1211,2025-02-25 16:40:35,YG005,2025-02-25 16:40:35,,True,admin
1212,2025-02-25 17:25:36,YG002,2025-02-25 17:25:36,,True,admin
1213,2025-02-25 17:28:01,YG002,2025-02-25 17:28:01,,True,admin
1214,2025-02-25 20:28:35,YG021,2025-02-25 20:28:35,,True,admin
1215,2025-02-25 21:24:17,YG016,2025-02-25 21:24:17,,True,admin
1216,2025-02-25 21:27:02,YG005,2025-02-25 21:27:02,,True,admin
1217,2025-02-25 21:29:01,YG005,2025-02-25 21:29:01,,True,admin
1218,2025-02-25 22:51:43,YG005,2025-02-25 22:51:43,,True,admin
1219,2025-02-26 14:00:52,YG019,2025-02-26 14:00:52,,True,admin
1220,2025-02-26 14:45:08,YG015,2025-02-26 14:45:08,,True,admin
1221,2025-02-26 22:27:22,YG016,2025-02-26 22:27:22,,True,admin
1222,2025-02-27 00:16:10,YG002,2025-02-27 00:16:10,,True,admin
1223,2025-02-27 01:09:45,YG010,2025-02-27 01:09:45,,True,admin
1224,2025-02-27 12:33:59,YG027,2025-02-27 12:33:59,,True,admin
1225,2025-02-27 14:19:35,YG010,2025-02-27 14:19:35,,True,admin
1226,2025-02-27 15:13:03,YG016,2025-02-27 15:13:03,,True,admin
1227,2025-02-27 15:43:20,YG016,2025-02-27 15:43:20,,True,admin
1227,2025-03-14 12:56:03,YG003,2025-03-14 12:56:03,,True,admin
1228,2025-02-27 15:54:48,YG027,2025-02-27 15:54:48,,True,admin
1229,2025-02-27 15:56:33,YG027,2025-02-27 15:56:33,,True,admin
1230,2025-02-27 17:08:53,YG011,2025-02-27 17:08:53,,True,admin
1231,2025-02-27 17:13:25,YG011,2025-02-27 17:13:25,,True,admin
1232,2025-02-27 18:03:13,YG023,2025-02-27 18:03:13,,True,admin
1233,2025-02-27 18:03:49,YG023,2025-02-27 18:03:49,,True,admin
1234,2025-02-27 18:03:49,YG023,2025-02-27 18:03:49,,True,admin
1235,2025-02-27 18:04:03,YG023,2025-02-27 18:04:03,,True,admin
1236,2025-02-27 18:04:19,YG023,2025-02-27 18:04:19,,True,admin
1237,2025-02-27 18:05:19,YG023,2025-02-27 18:05:19,,True,admin
1238,2025-02-27 18:05:53,YG023,2025-02-27 18:05:53,,True,admin
1239,2025-02-27 18:06:53,YG023,2025-02-27 18:06:53,,True,admin
1240,2025-02-27 18:07:05,YG023,2025-02-27 18:07:05,,True,admin
1241,2025-02-27 18:08:07,YG023,2025-02-27 18:08:07,,True,admin
1241,2025-03-13 14:47:32,YG019,2025-03-13 14:47:32,,True,admin
1242,2025-02-27 18:09:04,YG023,2025-02-27 18:09:04,,True,admin
1243,2025-02-27 19:58:09,YG023,2025-02-27 19:58:09,,True,admin
1244,2025-02-27 21:19:22,YG007,2025-02-27 21:19:22,,True,admin
1245,2025-02-28 03:21:59,YG007,2025-02-28 03:21:59,,True,admin
1246,2025-02-28 10:24:26,YG012,2025-02-28 10:24:26,,True,admin
1247,2025-02-28 11:58:58,YG023,2025-02-28 11:58:58,,True,admin
1248,2025-02-28 12:02:07,YG023,2025-02-28 12:02:07,,True,admin
1249,2025-02-28 12:05:35,YG023,2025-02-28 12:05:35,,True,admin
1250,2025-02-28 19:29:06,YG016,2025-02-28 19:29:06,,True,admin
1251,2025-02-28 20:13:47,YG016,2025-02-28 20:13:47,,True,admin
1252,2025-03-01 11:14:08,YG002,2025-03-01 11:14:08,,True,admin
1253,2025-03-01 12:50:05,YG012,2025-03-01 12:50:05,,True,admin
1254,2025-03-01 13:37:50,YG012,2025-03-01 13:37:50,,True,admin
1255,2025-03-01 14:25:20,YG022,2025-03-01 14:25:20,,True,admin
1256,2025-03-01 14:46:42,YG022,2025-03-01 14:46:42,,True,admin
1257,2025-03-01 15:01:24,YG012,2025-03-01 15:01:24,,True,admin
1258,2025-03-01 16:20:56,YG012,2025-03-01 16:20:56,,True,admin
1259,2025-03-01 16:33:30,YG022,2025-03-01 16:33:30,,True,admin
1260,2025-03-01 18:30:19,YG012,2025-03-01 18:30:19,,True,admin
1261,2025-03-01 18:53:40,YG011,2025-03-01 18:53:40,,True,admin
1262,2025-03-01 19:22:23,YG012,2025-03-01 19:22:23,,True,admin
1263,2025-03-01 19:23:29,YG012,2025-03-01 19:23:29,,True,admin
1264,2025-03-01 19:37:37,YG011,2025-03-01 19:37:37,,True,admin
1265,2025-03-01 19:41:21,YG011,2025-03-01 19:41:21,,True,admin
1266,2025-03-01 20:50:31,YG012,2025-03-01 20:50:31,,True,admin
1267,2025-03-01 20:52:06,YG012,2025-03-01 20:52:06,,True,admin
1268,2025-03-01 21:04:08,YG021,2025-03-01 21:04:08,,True,admin
1269,2025-03-03 08:22:43,YG012,2025-03-03 08:22:43,,True,admin
1270,2025-03-04 11:53:22,YG023,2025-03-04 11:53:22,,True,admin
1271,2025-03-04 12:17:03,YG003,2025-03-04 12:17:03,,True,admin
1272,2025-03-04 12:51:54,YG024,2025-03-04 12:51:54,,True,admin
1273,2025-03-04 12:56:36,YG003,2025-03-04 12:56:36,,True,admin
1274,2025-03-04 13:01:58,YG014,2025-03-04 13:01:58,,True,admin
1275,2025-03-04 13:38:27,YG014,2025-03-04 13:38:27,,True,admin
1276,2025-03-04 14:06:58,YG010,2025-03-04 14:06:58,,True,admin
1277,2025-03-04 15:54:56,YG016,2025-03-04 15:54:56,,True,admin
1278,2025-03-04 16:07:26,YG006,2025-03-04 16:07:26,,True,admin
1279,2025-03-04 16:24:29,YG016,2025-03-04 16:24:29,,True,admin
1280,2025-03-04 16:42:03,YG010,2025-03-04 16:42:03,,True,admin
1281,2025-03-05 08:22:07,YG002,2025-03-05 08:22:07,,True,admin
1282,2025-03-06 20:29:42,YG026,2025-03-06 20:29:42,,True,admin
1283,2025-03-07 11:38:14,YG026,2025-03-07 11:38:14,,True,admin
1284,2025-03-07 12:22:09,YG010,2025-03-07 12:22:09,,True,admin
1285,2025-03-07 15:32:29,YG009,2025-03-07 15:32:29,,True,admin
1286,2025-03-07 16:17:19,YG010,2025-03-07 16:17:19,,True,admin
1287,2025-03-08 21:44:17,YG005,2025-03-08 21:44:17,,True,admin
1288,2025-03-08 23:50:47,YG011,2025-03-08 23:50:47,,True,admin
1289,2025-03-09 12:43:27,YG003,2025-03-09 12:43:27,,True,admin
1290,2025-03-09 12:51:26,YG012,2025-03-09 12:51:26,,True,admin
1291,2025-03-09 13:07:10,YG019,2025-03-09 13:07:10,,True,admin
1292,2025-03-09 13:10:36,YG012,2025-03-09 13:10:36,,True,admin
1293,2025-03-09 13:14:30,YG019,2025-03-09 13:14:30,,True,admin
1294,2025-03-09 14:13:07,YG005,2025-03-09 14:13:07,,True,admin
1295,2025-03-09 14:58:31,YG003,2025-03-09 14:58:31,,True,admin
1296,2025-03-09 15:30:53,YG010,2025-03-09 15:30:53,,True,admin
1297,2025-03-09 15:32:58,YG010,2025-03-09 15:32:58,,True,admin
1298,2025-03-09 15:34:26,YG010,2025-03-09 15:34:26,,True,admin
1299,2025-03-09 15:45:22,YG010,2025-03-09 15:45:22,,True,admin
1300,2025-03-09 15:46:31,YG010,2025-03-09 15:46:31,,True,admin
1301,2025-03-09 15:51:15,YG010,2025-03-09 15:51:15,,True,admin
1302,2025-03-09 15:54:19,YG010,2025-03-09 15:54:19,,True,admin
1303,2025-03-09 15:56:52,YG010,2025-03-09 15:56:52,,True,admin
1304,2025-03-09 16:27:11,YG006,2025-03-09 16:27:11,,True,admin
1305,2025-03-09 16:30:38,YG010,2025-03-09 16:30:38,,True,admin
1306,2025-03-09 16:38:22,YG029,2025-03-09 16:38:22,,True,admin
1307,2025-03-09 19:40:48,YG002,2025-03-09 19:40:48,,True,admin
1308,2025-03-09 20:05:01,YG007,2025-03-09 20:05:01,,True,admin
1309,2025-03-09 22:06:37,YG009,2025-03-09 22:06:37,,True,admin
1310,2025-03-09 22:09:10,YG003,2025-03-09 22:09:10,,True,admin
1311,2025-03-09 22:55:43,YG028,2025-03-09 22:55:43,,True,admin
1312,2025-03-10 11:49:16,YG010,2025-03-10 11:49:16,,True,admin
1313,2025-03-10 14:21:12,YG013,2025-03-10 14:21:12,,True,admin
1314,2025-03-10 14:23:29,YG016,2025-03-10 14:23:29,,True,admin
1315,2025-03-10 14:29:55,YG014,2025-03-10 14:29:55,,True,admin
1316,2025-03-10 14:30:34,YG016,2025-03-10 14:30:34,,True,admin
1317,2025-03-10 14:41:33,YG010,2025-03-10 14:41:33,,True,admin
1318,2025-03-10 15:20:29,YG016,2025-03-10 15:20:29,,True,admin
1319,2025-03-10 15:26:37,YG016,2025-03-10 15:26:37,,True,admin
1320,2025-03-10 15:26:44,YG016,2025-03-10 15:26:44,,True,admin
1321,2025-03-10 15:26:53,YG016,2025-03-10 15:26:53,,True,admin
1322,2025-03-10 15:27:15,YG016,2025-03-10 15:27:15,,True,admin
1323,2025-03-10 15:27:42,YG016,2025-03-10 15:27:42,,True,admin
1324,2025-03-10 15:27:46,YG016,2025-03-10 15:27:46,,True,admin
1325,2025-03-10 15:27:46,YG016,2025-03-10 15:27:46,,True,admin
1326,2025-03-10 15:27:47,YG022,2025-03-10 15:27:47,,True,admin
1327,2025-03-10 15:28:18,YG016,2025-03-10 15:28:18,,True,admin
1328,2025-03-10 15:28:19,YG016,2025-03-10 15:28:19,,True,admin
1329,2025-03-10 15:29:32,YG016,2025-03-10 15:29:32,,True,admin
1330,2025-03-10 15:29:32,YG016,2025-03-10 15:29:32,,True,admin
1331,2025-03-10 15:29:38,YG016,2025-03-10 15:29:38,,True,admin
1332,2025-03-10 15:29:39,YG016,2025-03-10 15:29:39,,True,admin
1333,2025-03-10 15:30:29,YG016,2025-03-10 15:30:29,,True,admin
1334,2025-03-10 15:30:42,YG016,2025-03-10 15:30:42,,True,admin
1335,2025-03-10 15:32:55,YG016,2025-03-10 15:32:55,,True,admin
1336,2025-03-10 15:33:39,YG016,2025-03-10 15:33:39,,True,admin
1337,2025-03-10 15:33:43,YG016,2025-03-10 15:33:43,,True,admin
1338,2025-03-10 15:33:54,YG016,2025-03-10 15:33:54,,True,admin
1339,2025-03-10 15:36:44,YG016,2025-03-10 15:36:44,,True,admin
1340,2025-03-10 15:38:14,YG016,2025-03-10 15:38:14,,True,admin
1341,2025-03-10 15:39:39,YG016,2025-03-10 15:39:39,,True,admin
1342,2025-03-10 15:43:46,YG016,2025-03-10 15:43:46,,True,admin
1343,2025-03-10 15:47:36,YG016,2025-03-10 15:47:36,,True,admin
1344,2025-03-10 15:51:14,YG016,2025-03-10 15:51:14,,True,admin
1345,2025-03-10 15:53:23,YG016,2025-03-10 15:53:23,,True,admin
1346,2025-03-10 15:57:34,YG016,2025-03-10 15:57:34,,True,admin
1347,2025-03-10 15:59:32,YG011,2025-03-10 15:59:32,,True,admin
1348,2025-03-10 16:00:12,YG016,2025-03-10 16:00:12,,True,admin
1349,2025-03-10 16:01:01,YG016,2025-03-10 16:01:01,,True,admin
1350,2025-03-10 16:10:19,YG016,2025-03-10 16:10:19,,True,admin
1351,2025-03-10 16:12:17,YG016,2025-03-10 16:12:17,,True,admin
1352,2025-03-10 16:14:56,YG016,2025-03-10 16:14:56,,True,admin
1353,2025-03-10 16:23:50,YG016,2025-03-10 16:23:50,,True,admin
1354,2025-03-10 16:23:00,YG016,2025-03-10 16:23:00,,True,admin
1355,2025-03-10 16:40:33,YG016,2025-03-10 16:40:33,,True,admin
1356,2025-03-10 16:42:53,YG016,2025-03-10 16:42:53,,True,admin
1356,2025-04-22 17:52:05,YG003,2025-04-22 17:52:05,,True,admin
1357,2025-03-10 16:45:08,YG003,2025-03-10 16:45:08,,True,admin
1358,2025-03-10 17:13:25,YG016,2025-03-10 17:13:25,,True,admin
1359,2025-03-10 17:14:56,YG028,2025-03-10 17:14:56,,True,admin
1360,2025-03-10 17:27:26,YG016,2025-03-10 17:27:26,,True,admin
1361,2025-03-10 17:29:58,YG016,2025-03-10 17:29:58,,True,admin
1362,2025-03-10 17:31:54,YG016,2025-03-10 17:31:54,,True,admin
1363,2025-03-10 17:40:05,YG016,2025-03-10 17:40:05,,True,admin
1364,2025-03-10 17:49:24,YG005,2025-03-10 17:49:24,,True,admin
1365,2025-03-10 18:25:52,YG005,2025-03-10 18:25:52,,True,admin
1366,2025-03-10 19:16:29,YG016,2025-03-10 19:16:29,,True,admin
1367,2025-03-10 19:19:09,YG016,2025-03-10 19:19:09,,True,admin
1367,2025-04-21 14:56:25,YG003,2025-04-21 14:56:25,,True,admin
1368,2025-03-10 19:29:21,YG016,2025-03-10 19:29:21,,True,admin
1369,2025-03-10 19:44:44,YG016,2025-03-10 19:44:44,,True,admin
1370,2025-03-10 19:51:51,YG013,2025-03-10 19:51:51,,True,admin
1371,2025-03-10 20:01:17,YG013,2025-03-10 20:01:17,,True,admin
1372,2025-03-10 20:07:45,YG010,2025-03-10 20:07:45,,True,admin
1373,2025-03-10 20:38:24,YG026,2025-03-10 20:38:24,,True,admin
1374,2025-03-10 20:49:50,YG026,2025-03-10 20:49:50,,True,admin
1375,2025-03-10 20:49:53,YG026,2025-03-10 20:49:53,,True,admin
1376,2025-03-10 20:59:12,YG026,2025-03-10 20:59:12,,True,admin
1377,2025-03-10 21:16:15,YG016,2025-03-10 21:16:15,,True,admin
1378,2025-03-10 21:44:50,YG016,2025-03-10 21:44:50,,True,admin
1379,2025-03-10 21:46:55,YG016,2025-03-10 21:46:55,,True,admin
1380,2025-03-10 21:50:04,YG026,2025-03-10 21:50:04,,True,admin
1381,2025-03-10 22:45:51,YG022,2025-03-10 22:45:51,,True,admin
1382,2025-03-11 00:12:44,YG013,2025-03-11 00:12:44,,True,admin
1383,2025-03-11 00:22:11,YG016,2025-03-11 00:22:11,,True,admin
1384,2025-03-11 01:56:17,YG026,2025-03-11 01:56:17,,True,admin
1385,2025-03-11 07:47:15,YG013,2025-03-11 07:47:15,,True,admin
1386,2025-03-11 07:47:29,YG026,2025-03-11 07:47:29,,True,admin
1387,2025-03-11 10:15:20,YG023,2025-03-11 10:15:20,,True,admin
1388,2025-03-11 10:36:43,YG016,2025-03-11 10:36:43,,True,admin
1389,2025-03-11 10:38:06,YG016,2025-03-11 10:38:06,,True,admin
1390,2025-03-11 10:48:01,YG022,2025-03-11 10:48:01,,True,admin
1391,2025-03-11 10:52:37,YG022,2025-03-11 10:52:37,,True,admin
1392,2025-03-11 10:54:29,YG022,2025-03-11 10:54:29,,True,admin
1393,2025-03-11 10:55:00,YG022,2025-03-11 10:55:00,,True,admin
1394,2025-03-11 10:56:57,YG022,2025-03-11 10:56:57,,True,admin
1395,2025-03-11 10:57:56,YG022,2025-03-11 10:57:56,,True,admin
1396,2025-03-11 10:58:50,YG022,2025-03-11 10:58:50,,True,admin
1397,2025-03-11 11:04:16,YG022,2025-03-11 11:04:16,,True,admin
1398,2025-03-11 11:12:59,YG022,2025-03-11 11:12:59,,True,admin
1400,2025-03-11 11:25:56,YG022,2025-03-11 11:25:56,,True,admin
1401,2025-03-11 11:39:05,YG029,2025-03-11 11:39:05,,True,admin
1402,2025-03-11 11:40:34,YG029,2025-03-11 11:40:34,,True,admin
1403,2025-03-11 11:42:29,YG022,2025-03-11 11:42:29,,True,admin
1404,2025-03-11 11:43:35,YG029,2025-03-11 11:43:35,,True,admin
1405,2025-03-11 11:43:48,YG022,2025-03-11 11:43:48,,True,admin
1406,2025-03-11 11:47:36,YG029,2025-03-11 11:47:36,,True,admin
1407,2025-03-11 11:48:53,YG029,2025-03-11 11:48:53,,True,admin
1408,2025-03-11 11:51:10,YG013,2025-03-11 11:51:10,,True,admin
1409,2025-03-11 11:56:43,YG022,2025-03-11 11:56:43,,True,admin
1410,2025-03-11 11:59:42,YG022,2025-03-11 11:59:42,,True,admin
1411,2025-03-11 12:32:34,YG016,2025-03-11 12:32:34,,True,admin
1412,2025-03-11 12:48:48,YG016,2025-03-11 12:48:48,,True,admin
1413,2025-03-11 12:58:49,YG016,2025-03-11 12:58:49,,True,admin
1414,2025-03-11 13:10:16,YG029,2025-03-11 13:10:16,,True,admin
1415,2025-03-11 13:11:49,YG029,2025-03-11 13:11:49,,True,admin
1416,2025-03-11 13:44:35,YG023,2025-03-11 13:44:35,,True,admin
1417,2025-03-11 13:45:03,YG023,2025-03-11 13:45:03,,True,admin
1418,2025-03-11 13:52:31,YG022,2025-03-11 13:52:31,,True,admin
1419,2025-03-11 14:07:21,YG022,2025-03-11 14:07:21,,True,admin
1420,2025-03-11 14:08:48,YG016,2025-03-11 14:08:48,,True,admin
1421,2025-03-11 14:11:14,YG016,2025-03-11 14:11:14,,True,admin
1422,2025-03-11 14:15:27,YG016,2025-03-11 14:15:27,,True,admin
1423,2025-03-11 14:19:12,YG016,2025-03-11 14:19:12,,True,admin
1424,2025-03-11 14:45:00,YG016,2025-03-11 14:45:00,,True,admin
1425,2025-03-11 14:52:56,YG016,2025-03-11 14:52:56,,True,admin
1426,2025-03-11 15:01:15,YG022,2025-03-11 15:01:15,,True,admin
1427,2025-03-11 15:01:54,YG022,2025-03-11 15:01:54,,True,admin
1428,2025-03-11 15:03:15,YG022,2025-03-11 15:03:15,,True,admin
1429,2025-03-11 15:07:35,YG022,2025-03-11 15:07:35,,True,admin
1430,2025-03-11 15:08:40,YG016,2025-03-11 15:08:40,,True,admin
1431,2025-03-11 15:11:01,YG022,2025-03-11 15:11:01,,True,admin
1432,2025-03-11 15:12:51,YG022,2025-03-11 15:12:51,,True,admin
1433,2025-03-11 15:20:01,YG022,2025-03-11 15:20:01,,True,admin
1434,2025-03-11 15:30:28,YG022,2025-03-11 15:30:28,,True,admin
1435,2025-03-11 15:42:18,YG022,2025-03-11 15:42:18,,True,admin
1436,2025-03-11 16:08:42,YG016,2025-03-11 16:08:42,,True,admin
1437,2025-03-11 16:14:12,YG022,2025-03-11 16:14:12,,True,admin
1438,2025-03-11 16:22:36,YG022,2025-03-11 16:22:36,,True,admin
1439,2025-03-11 16:27:24,YG022,2025-03-11 16:27:24,,True,admin
1440,2025-03-11 16:45:09,YG009,2025-03-11 16:45:09,,True,admin
1441,2025-03-11 17:15:49,YG022,2025-03-11 17:15:49,,True,admin
1442,2025-03-11 17:50:00,YG022,2025-03-11 17:50:00,,True,admin
1443,2025-03-11 18:18:59,YG022,2025-03-11 18:18:59,,True,admin
1444,2025-03-11 19:50:40,YG022,2025-03-11 19:50:40,,True,admin
1445,2025-03-11 20:18:08,YG023,2025-03-11 20:18:08,,True,admin
1446,2025-03-11 21:18:59,YG016,2025-03-11 21:18:59,,True,admin
1447,2025-03-11 21:26:20,YG016,2025-03-11 21:26:20,,True,admin
1448,2025-03-11 21:27:22,YG016,2025-03-11 21:27:22,,True,admin
1448,2025-04-21 15:14:16,YG003,2025-04-21 15:14:16,,True,admin
1449,2025-03-11 21:28:43,YG016,2025-03-11 21:28:43,,True,admin
1449,2025-04-21 22:59:04,YG003,2025-04-21 22:59:04,,True,admin
1450,2025-03-12 14:05:00,YG003,2025-03-12 14:05:00,,True,admin
1451,2025-03-12 14:57:48,YG016,2025-03-12 14:57:48,,True,admin
1452,2025-03-12 15:07:45,YG019,2025-03-12 15:07:45,,True,admin
1453,2025-03-12 15:09:42,YG019,2025-03-12 15:09:42,,True,admin
1454,2025-03-12 15:12:52,YG019,2025-03-12 15:12:52,,True,admin
1455,2025-03-12 15:20:30,YG019,2025-03-12 15:20:30,,True,admin
1456,2025-03-12 15:20:53,YG019,2025-03-12 15:20:53,,True,admin
1457,2025-03-12 15:23:21,YG019,2025-03-12 15:23:21,,True,admin
1458,2025-03-12 15:25:46,YG019,2025-03-12 15:25:46,,True,admin
1459,2025-03-12 16:17:47,YG019,2025-03-12 16:17:47,,True,admin
1460,2025-03-12 16:23:28,YG019,2025-03-12 16:23:28,,True,admin
1461,2025-03-12 16:24:26,YG019,2025-03-12 16:24:26,,True,admin
1462,2025-03-12 16:26:25,YG003,2025-03-12 16:26:25,,True,admin
1463,2025-03-12 16:48:29,YG026,2025-03-12 16:48:29,,True,admin
1464,2025-03-12 17:28:51,YG003,2025-03-12 17:28:51,,True,admin
1465,2025-03-12 17:33:05,YG003,2025-03-12 17:33:05,,True,admin
1466,2025-03-12 17:46:20,YG019,2025-03-12 17:46:20,,True,admin
1467,2025-03-12 18:19:59,YG019,2025-03-12 18:19:59,,True,admin
1468,2025-03-12 19:05:22,YG003,2025-03-12 19:05:22,,True,admin
1469,2025-03-12 19:13:45,YG003,2025-03-12 19:13:45,,True,admin
1470,2025-03-12 19:14:55,YG003,2025-03-12 19:14:55,,True,admin
1471,2025-03-12 19:39:05,YG019,2025-03-12 19:39:05,,True,admin
1472,2025-03-12 19:42:23,YG019,2025-03-12 19:42:23,,True,admin
1473,2025-03-12 19:57:24,YG007,2025-03-12 19:57:24,,True,admin
1474,2025-03-12 20:04:44,YG007,2025-03-12 20:04:44,,True,admin
1475,2025-03-12 20:04:52,YG003,2025-03-12 20:04:52,,True,admin
1476,2025-03-12 20:06:10,YG007,2025-03-12 20:06:10,,True,admin
1477,2025-03-12 20:12:04,YG007,2025-03-12 20:12:04,,True,admin
1478,2025-03-12 20:25:23,YG007,2025-03-12 20:25:23,,True,admin
1479,2025-03-12 20:35:46,YG019,2025-03-12 20:35:46,,True,admin
1480,2025-03-12 20:36:26,YG007,2025-03-12 20:36:26,,True,admin
1481,2025-03-12 20:40:14,YG007,2025-03-12 20:40:14,,True,admin
1482,2025-03-12 20:42:33,YG019,2025-03-12 20:42:33,,True,admin
1483,2025-03-12 21:25:48,YG007,2025-03-12 21:25:48,,True,admin
1484,2025-03-12 22:16:04,YG022,2025-03-12 22:16:04,,True,admin
1485,2025-03-12 22:36:11,YG012,2025-03-12 22:36:11,,True,admin
1486,2025-03-12 22:42:32,YG012,2025-03-12 22:42:32,,True,admin
1487,2025-03-12 22:48:08,YG012,2025-03-12 22:48:08,,True,admin
1488,2025-03-12 23:27:18,YG019,2025-03-12 23:27:18,,True,admin
1489,2025-03-12 23:47:07,YG028,2025-03-12 23:47:07,,True,admin
1490,2025-03-12 23:48:28,YG028,2025-03-12 23:48:28,,True,admin
1491,2025-03-12 23:49:46,YG028,2025-03-12 23:49:46,,True,admin
1492,2025-03-12 23:50:48,YG028,2025-03-12 23:50:48,,True,admin
1493,2025-03-13 00:02:06,YG028,2025-03-13 00:02:06,,True,admin
1494,2025-03-13 00:29:53,YG028,2025-03-13 00:29:53,,True,admin
1495,2025-03-13 01:31:19,YG019,2025-03-13 01:31:19,,True,admin
1496,2025-03-13 01:38:32,YG012,2025-03-13 01:38:32,,True,admin
1497,2025-03-13 01:39:46,YG007,2025-03-13 01:39:46,,True,admin
1498,2025-03-13 12:19:35,YG019,2025-03-13 12:19:35,,True,admin
1499,2025-03-13 12:21:13,YG028,2025-03-13 12:21:13,,True,admin
1500,2025-03-13 12:31:45,YG019,2025-03-13 12:31:45,,True,admin
1501,2025-03-13 12:46:43,YG030,2025-03-13 12:46:43,,True,admin
1502,2025-03-13 12:56:42,YG019,2025-03-13 12:56:42,,True,admin
1503,2025-03-13 13:13:03,YG019,2025-03-13 13:13:03,,True,admin
1504,2025-03-13 14:37:50,YG007,2025-03-13 14:37:50,,True,admin
1505,2025-03-13 16:37:19,YG010,2025-03-13 16:37:19,,True,admin
1506,2025-03-13 16:38:10,YG010,2025-03-13 16:38:10,,True,admin
1507,2025-03-13 16:39:21,YG010,2025-03-13 16:39:21,,True,admin
1508,2025-03-13 16:41:40,YG010,2025-03-13 16:41:40,,True,admin
1509,2025-03-13 16:41:57,YG010,2025-03-13 16:41:57,,True,admin
1510,2025-03-13 18:15:55,YG016,2025-03-13 18:15:55,,True,admin
1511,2025-03-13 18:20:26,YG010,2025-03-13 18:20:26,,True,admin
1512,2025-03-13 18:21:41,YG010,2025-03-13 18:21:41,,True,admin
1513,2025-03-13 18:22:01,YG010,2025-03-13 18:22:01,,True,admin
1514,2025-03-13 18:22:14,YG010,2025-03-13 18:22:14,,True,admin
1515,2025-03-13 18:22:27,YG010,2025-03-13 18:22:27,,True,admin
1516,2025-03-13 18:22:34,YG010,2025-03-13 18:22:34,,True,admin
1517,2025-03-13 18:23:50,YG010,2025-03-13 18:23:50,,True,admin
1518,2025-03-13 18:23:57,YG010,2025-03-13 18:23:57,,True,admin
1519,2025-03-13 18:23:58,YG010,2025-03-13 18:23:58,,True,admin
1520,2025-03-13 18:24:01,YG010,2025-03-13 18:24:01,,True,admin
1521,2025-03-13 18:24:13,YG010,2025-03-13 18:24:13,,True,admin
1522,2025-03-13 18:24:18,YG010,2025-03-13 18:24:18,,True,admin
1523,2025-03-13 18:24:31,YG010,2025-03-13 18:24:31,,True,admin
1524,2025-03-13 18:25:11,YG010,2025-03-13 18:25:11,,True,admin
1525,2025-03-13 18:26:03,YG010,2025-03-13 18:26:03,,True,admin
1526,2025-03-13 18:26:55,YG010,2025-03-13 18:26:55,,True,admin
1527,2025-03-13 18:27:04,YG010,2025-03-13 18:27:04,,True,admin
1528,2025-03-13 18:28:24,YG010,2025-03-13 18:28:24,,True,admin
1529,2025-03-13 18:28:45,YG010,2025-03-13 18:28:45,,True,admin
1530,2025-03-13 18:28:52,YG010,2025-03-13 18:28:52,,True,admin
1531,2025-03-13 18:29:05,YG010,2025-03-13 18:29:05,,True,admin
1532,2025-03-13 18:29:17,YG010,2025-03-13 18:29:17,,True,admin
1533,2025-03-13 18:29:35,YG010,2025-03-13 18:29:35,,True,admin
1534,2025-03-13 18:30:08,YG010,2025-03-13 18:30:08,,True,admin
1535,2025-03-13 18:30:35,YG010,2025-03-13 18:30:35,,True,admin
1536,2025-03-13 18:31:03,YG010,2025-03-13 18:31:03,,True,admin
1537,2025-03-13 18:31:25,YG010,2025-03-13 18:31:25,,True,admin
1538,2025-03-13 18:31:43,YG010,2025-03-13 18:31:43,,True,admin
1539,2025-03-13 19:19:47,YG003,2025-03-13 19:19:47,,True,admin
1540,2025-03-13 19:33:59,YG003,2025-03-13 19:33:59,,True,admin
1541,2025-03-13 20:09:08,YG016,2025-03-13 20:09:08,,True,admin
1542,2025-03-13 21:26:10,YG010,2025-03-13 21:26:10,,True,admin
1543,2025-03-13 23:33:09,YG016,2025-03-13 23:33:09,,True,admin
1544,2025-03-14 02:33:22,YG019,2025-03-14 02:33:22,,True,admin
1545,2025-03-14 09:00:52,YG026,2025-03-14 09:00:52,,True,admin
1546,2025-03-14 09:03:46,YG026,2025-03-14 09:03:46,,True,admin
1547,2025-03-14 09:05:49,YG026,2025-03-14 09:05:49,,True,admin
1548,2025-03-14 09:06:06,YG026,2025-03-14 09:06:06,,True,admin
1549,2025-03-14 09:07:25,YG026,2025-03-14 09:07:25,,True,admin
1550,2025-03-14 09:08:09,YG026,2025-03-14 09:08:09,,True,admin
1551,2025-03-14 09:09:07,YG026,2025-03-14 09:09:07,,True,admin
1552,2025-03-14 09:09:49,YG026,2025-03-14 09:09:49,,True,admin
1553,2025-03-14 09:11:47,YG026,2025-03-14 09:11:47,,True,admin
1554,2025-03-14 09:13:07,YG026,2025-03-14 09:13:07,,True,admin
1555,2025-03-14 09:13:50,YG026,2025-03-14 09:13:50,,True,admin
1556,2025-03-14 09:16:17,YG026,2025-03-14 09:16:17,,True,admin
1557,2025-03-14 09:17:20,YG009,2025-03-14 09:17:20,,True,admin
1558,2025-03-14 09:17:51,YG026,2025-03-14 09:17:51,,True,admin
1559,2025-03-14 09:18:33,YG026,2025-03-14 09:18:33,,True,admin
1560,2025-03-14 09:20:25,YG026,2025-03-14 09:20:25,,True,admin
1561,2025-03-14 09:21:21,YG026,2025-03-14 09:21:21,,True,admin
1562,2025-03-14 09:22:39,YG026,2025-03-14 09:22:39,,True,admin
1563,2025-03-14 09:24:34,YG026,2025-03-14 09:24:34,,True,admin
1564,2025-03-14 10:04:26,YG016,2025-03-14 10:04:26,,True,admin
1565,2025-03-14 10:40:55,YG030,2025-03-14 10:40:55,,True,admin
1566,2025-03-14 11:52:44,YG010,2025-03-14 11:52:44,,True,admin
1567,2025-03-14 12:21:21,YG010,2025-03-14 12:21:21,,True,admin
1568,2025-03-14 12:41:09,YG010,2025-03-14 12:41:09,,True,admin
1569,2025-03-14 12:41:23,YG030,2025-03-14 12:41:23,,True,admin
1570,2025-03-14 12:43:05,YG010,2025-03-14 12:43:05,,True,admin
1571,2025-03-14 16:35:14,YG015,2025-03-14 16:35:14,,True,admin
1572,2025-03-14 16:40:01,YG014,2025-03-14 16:40:01,,True,admin
1573,2025-03-14 16:40:39,YG014,2025-03-14 16:40:39,,True,admin
1574,2025-03-14 16:43:03,YG014,2025-03-14 16:43:03,,True,admin
1575,2025-03-14 16:45:31,YG014,2025-03-14 16:45:31,,True,admin
1576,2025-03-14 16:48:31,YG014,2025-03-14 16:48:31,,True,admin
1577,2025-03-14 16:51:29,YG014,2025-03-14 16:51:29,,True,admin
1578,2025-03-14 16:51:46,YG014,2025-03-14 16:51:46,,True,admin
1579,2025-03-14 17:01:45,YG026,2025-03-14 17:01:45,,True,admin
1580,2025-03-14 17:19:56,YG014,2025-03-14 17:19:56,,True,admin
1581,2025-03-14 17:23:58,YG010,2025-03-14 17:23:58,,True,admin
1582,2025-03-14 17:26:25,YG014,2025-03-14 17:26:25,,True,admin
1583,2025-03-14 18:09:08,YG014,2025-03-14 18:09:08,,True,admin
1584,2025-03-14 18:13:40,YG014,2025-03-14 18:13:40,,True,admin
1585,2025-03-14 18:22:04,YG014,2025-03-14 18:22:04,,True,admin
1586,2025-03-14 21:25:50,YG009,2025-03-14 21:25:50,,True,admin
1587,2025-03-14 21:46:29,YG014,2025-03-14 21:46:29,,True,admin
1588,2025-03-14 21:56:16,YG014,2025-03-14 21:56:16,,True,admin
1589,2025-03-14 22:33:42,YG014,2025-03-14 22:33:42,,True,admin
1590,2025-03-14 22:58:48,YG019,2025-03-14 22:58:48,,True,admin
1591,2025-03-14 23:26:22,YG012,2025-03-14 23:26:22,,True,admin
1592,2025-03-14 23:50:58,YG014,2025-03-14 23:50:58,,True,admin
1593,2025-03-15 04:52:02,YG004,2025-03-15 04:52:02,,True,admin
1594,2025-03-15 11:02:07,YG003,2025-03-15 11:02:07,,True,admin
1595,2025-03-15 11:05:27,YG003,2025-03-15 11:05:27,,True,admin
1596,2025-03-15 12:24:01,YG014,2025-03-15 12:24:01,,True,admin
1597,2025-03-15 14:03:19,YG014,2025-03-15 14:03:19,,True,admin
1598,2025-03-15 14:37:03,YG007,2025-03-15 14:37:03,,True,admin
1599,2025-03-15 15:28:27,YG020,2025-03-15 15:28:27,,True,admin
1600,2025-03-15 15:30:13,YG020,2025-03-15 15:30:13,,True,admin
1601,2025-03-15 16:16:13,YG020,2025-03-15 16:16:13,,True,admin
1602,2025-03-15 16:18:27,YG020,2025-03-15 16:18:27,,True,admin
1603,2025-03-15 16:30:24,YG020,2025-03-15 16:30:24,,True,admin
1604,2025-03-15 16:34:31,YG009,2025-03-15 16:34:31,,True,admin
1605,2025-03-15 16:35:33,YG020,2025-03-15 16:35:33,,True,admin
1606,2025-03-15 16:37:10,YG020,2025-03-15 16:37:10,,True,admin
1607,2025-03-15 16:39:45,YG009,2025-03-15 16:39:45,,True,admin
1608,2025-03-15 16:40:04,YG020,2025-03-15 16:40:04,,True,admin
1609,2025-03-15 16:56:20,YG009,2025-03-15 16:56:20,,True,admin
1610,2025-03-15 17:02:56,YG009,2025-03-15 17:02:56,,True,admin
1611,2025-03-15 17:15:52,YG009,2025-03-15 17:15:52,,True,admin
1612,2025-03-15 17:24:19,YG009,2025-03-15 17:24:19,,True,admin
1613,2025-03-15 17:26:05,YG009,2025-03-15 17:26:05,,True,admin
1614,2025-03-15 17:31:35,YG020,2025-03-15 17:31:35,,True,admin
1615,2025-03-15 17:34:14,YG020,2025-03-15 17:34:14,,True,admin
1616,2025-03-15 17:36:05,YG020,2025-03-15 17:36:05,,True,admin
1617,2025-03-15 17:48:12,YG020,2025-03-15 17:48:12,,True,admin
1618,2025-03-15 17:50:02,YG020,2025-03-15 17:50:02,,True,admin
1619,2025-03-15 18:09:25,YG020,2025-03-15 18:09:25,,True,admin
1620,2025-03-15 18:19:40,YG020,2025-03-15 18:19:40,,True,admin
1621,2025-03-15 20:14:08,YG007,2025-03-15 20:14:08,,True,admin
1622,2025-03-15 20:32:02,YG007,2025-03-15 20:32:02,,True,admin
1623,2025-03-15 20:43:22,YG004,2025-03-15 20:43:22,,True,admin
1624,2025-03-15 21:22:47,YG014,2025-03-15 21:22:47,,True,admin
1625,2025-03-15 21:26:57,YG010,2025-03-15 21:26:57,,True,admin
1626,2025-03-15 21:29:37,YG010,2025-03-15 21:29:37,,True,admin
1627,2025-03-15 21:43:59,YG010,2025-03-15 21:43:59,,True,admin
1628,2025-03-15 21:48:16,YG020,2025-03-15 21:48:16,,True,admin
1629,2025-03-15 22:08:27,YG022,2025-03-15 22:08:27,,True,admin
1630,2025-03-15 22:12:45,YG007,2025-03-15 22:12:45,,True,admin
1631,2025-03-15 22:25:10,YG010,2025-03-15 22:25:10,,True,admin
1632,2025-03-15 22:42:42,YG009,2025-03-15 22:42:42,,True,admin
1633,2025-03-15 22:44:36,YG009,2025-03-15 22:44:36,,True,admin
1634,2025-03-15 23:00:31,YG010,2025-03-15 23:00:31,,True,admin
1635,2025-03-15 23:55:20,YG014,2025-03-15 23:55:20,,True,admin
1636,2025-03-16 00:19:00,YG020,2025-03-16 00:19:00,,True,admin
1637,2025-03-16 00:21:40,YG020,2025-03-16 00:21:40,,True,admin
1638,2025-03-16 00:25:57,YG020,2025-03-16 00:25:57,,True,admin
1639,2025-03-16 00:32:55,YG020,2025-03-16 00:32:55,,True,admin
1640,2025-03-16 00:53:36,YG020,2025-03-16 00:53:36,,True,admin
1640,2025-06-11 14:26:14,YG027,2025-06-11 14:26:14,,True,admin
1641,2025-03-16 07:57:18,YG010,2025-03-16 07:57:18,,True,admin
1642,2025-03-16 07:59:07,YG010,2025-03-16 07:59:07,,True,admin
1643,2025-03-16 09:34:01,YG001,2025-03-16 09:34:01,,True,admin
1644,2025-03-16 09:34:01,YG001,2025-03-16 09:34:01,,True,admin
1645,2025-03-16 09:34:01,YG001,2025-03-16 09:34:01,,True,admin
1646,2025-03-16 09:34:01,YG001,2025-03-16 09:34:01,,True,admin
1647,2025-03-16 09:34:01,YG001,2025-03-16 09:34:01,,True,admin
1648,2025-03-16 09:34:01,YG001,2025-03-16 09:34:01,,True,admin
1649,2025-03-16 09:34:01,YG001,2025-03-16 09:34:01,,True,admin
1650,2025-03-16 09:34:01,YG001,2025-03-16 09:34:01,,True,admin
1651,2025-03-16 12:02:12,YG016,2025-03-16 12:02:12,,True,admin
1652,2025-03-16 12:19:30,YG016,2025-03-16 12:19:30,,True,admin
1653,2025-03-16 13:00:31,YG014,2025-03-16 13:00:31,,True,admin
1654,2025-03-16 13:13:04,YG023,2025-03-16 13:13:04,,True,admin
1655,2025-03-16 13:21:01,YG016,2025-03-16 13:21:01,,True,admin
1656,2025-03-16 14:12:15,YG019,2025-03-16 14:12:15,,True,admin
1657,2025-03-16 14:21:46,YG019,2025-03-16 14:21:46,,True,admin
1658,2025-03-16 14:26:00,YG026,2025-03-16 14:26:00,,True,admin
1659,2025-03-16 14:32:46,YG019,2025-03-16 14:32:46,,True,admin
1660,2025-03-16 14:34:30,YG019,2025-03-16 14:34:30,,True,admin
1661,2025-03-16 14:35:09,YG004,2025-03-16 14:35:09,,True,admin
1662,2025-03-16 14:37:35,YG004,2025-03-16 14:37:35,,True,admin
1663,2025-03-16 14:40:41,YG019,2025-03-16 14:40:41,,True,admin
1664,2025-03-16 14:41:48,YG019,2025-03-16 14:41:48,,True,admin
1665,2025-03-16 14:42:44,YG019,2025-03-16 14:42:44,,True,admin
1666,2025-03-16 14:43:56,YG004,2025-03-16 14:43:56,,True,admin
1667,2025-03-16 14:45:33,YG004,2025-03-16 14:45:33,,True,admin
1668,2025-03-16 14:46:08,YG004,2025-03-16 14:46:08,,True,admin
1669,2025-03-16 14:48:05,YG014,2025-03-16 14:48:05,,True,admin
1670,2025-03-16 14:48:32,YG019,2025-03-16 14:48:32,,True,admin
1671,2025-03-16 14:50:03,YG004,2025-03-16 14:50:03,,True,admin
1672,2025-03-16 14:50:18,YG027,2025-03-16 14:50:18,,True,admin
1673,2025-03-16 14:53:51,YG020,2025-03-16 14:53:51,,True,admin
1674,2025-03-16 14:54:53,YG028,2025-03-16 14:54:53,,True,admin
1675,2025-03-16 14:55:29,YG019,2025-03-16 14:55:29,,True,admin
1676,2025-03-16 14:55:30,YG019,2025-03-16 14:55:30,,True,admin
1677,2025-03-16 14:56:28,YG019,2025-03-16 14:56:28,,True,admin
1678,2025-03-16 14:56:39,YG027,2025-03-16 14:56:39,,True,admin
1679,2025-03-16 14:58:01,YG019,2025-03-16 14:58:01,,True,admin
1680,2025-03-16 14:59:14,YG019,2025-03-16 14:59:14,,True,admin
1681,2025-03-16 15:06:07,YG020,2025-03-16 15:06:07,,True,admin
1682,2025-03-16 15:14:46,YG019,2025-03-16 15:14:46,,True,admin
1683,2025-03-16 15:23:31,YG019,2025-03-16 15:23:31,,True,admin
1684,2025-03-16 15:27:02,YG004,2025-03-16 15:27:02,,True,admin
1685,2025-03-16 15:28:58,YG004,2025-03-16 15:28:58,,True,admin
1686,2025-03-16 15:34:28,YG019,2025-03-16 15:34:28,,True,admin
1687,2025-03-16 15:36:46,YG019,2025-03-16 15:36:46,,True,admin
1688,2025-03-16 15:50:00,YG004,2025-03-16 15:50:00,,True,admin
1689,2025-03-16 15:52:15,YG004,2025-03-16 15:52:15,,True,admin
1690,2025-03-16 15:55:22,YG019,2025-03-16 15:55:22,,True,admin
1691,2025-03-16 16:02:41,YG020,2025-03-16 16:02:41,,True,admin
1692,2025-03-16 16:05:58,YG020,2025-03-16 16:05:58,,True,admin
1693,2025-03-16 16:15:10,YG027,2025-03-16 16:15:10,,True,admin
1693,2025-03-30 12:53:21,YG020,2025-03-30 12:53:21,,True,admin
1694,2025-03-16 16:32:27,YG027,2025-03-16 16:32:27,,True,admin
1695,2025-03-16 16:34:21,YG027,2025-03-16 16:34:21,,True,admin
1696,2025-03-16 16:35:54,YG027,2025-03-16 16:35:54,,True,admin
1697,2025-03-16 16:54:36,YG020,2025-03-16 16:54:36,,True,admin
1698,2025-03-16 16:57:21,YG020,2025-03-16 16:57:21,,True,admin
1699,2025-03-16 16:58:15,YG019,2025-03-16 16:58:15,,True,admin
1700,2025-03-16 17:01:15,YG019,2025-03-16 17:01:15,,True,admin
1701,2025-03-16 17:39:55,YG019,2025-03-16 17:39:55,,True,admin
1702,2025-03-16 17:44:22,YG020,2025-03-16 17:44:22,,True,admin
1703,2025-03-16 17:54:21,YG004,2025-03-16 17:54:21,,True,admin
1704,2025-03-16 17:54:41,YG020,2025-03-16 17:54:41,,True,admin
1705,2025-03-16 18:00:50,YG016,2025-03-16 18:00:50,,True,admin
1706,2025-03-16 18:11:36,YG027,2025-03-16 18:11:36,,True,admin
1707,2025-03-16 18:16:21,YG027,2025-03-16 18:16:21,,True,admin
1708,2025-03-16 18:19:50,YG027,2025-03-16 18:19:50,,True,admin
1709,2025-03-16 18:20:26,YG026,2025-03-16 18:20:26,,True,admin
1710,2025-03-16 18:28:08,YG009,2025-03-16 18:28:08,,True,admin
1711,2025-03-16 18:57:01,YG009,2025-03-16 18:57:01,,True,admin
1712,2025-03-16 19:00:22,YG019,2025-03-16 19:00:22,,True,admin
1713,2025-03-16 19:00:55,YG019,2025-03-16 19:00:55,,True,admin
1714,2025-03-16 19:24:57,YG027,2025-03-16 19:24:57,,True,admin
1715,2025-03-16 19:26:14,YG026,2025-03-16 19:26:14,,True,admin
1716,2025-03-16 19:34:14,YG019,2025-03-16 19:34:14,,True,admin
1717,2025-03-16 19:42:40,YG027,2025-03-16 19:42:40,,True,admin
1718,2025-03-16 19:53:13,YG019,2025-03-16 19:53:13,,True,admin
1719,2025-03-16 20:12:09,YG028,2025-03-16 20:12:09,,True,admin
1720,2025-03-16 20:14:13,YG028,2025-03-16 20:14:13,,True,admin
1721,2025-03-16 20:18:24,YG009,2025-03-16 20:18:24,,True,admin
1722,2025-03-16 20:30:45,YG019,2025-03-16 20:30:45,,True,admin
1723,2025-03-16 20:41:43,YG007,2025-03-16 20:41:43,,True,admin
1724,2025-03-16 20:43:00,YG019,2025-03-16 20:43:00,,True,admin
1725,2025-03-16 20:53:18,YG019,2025-03-16 20:53:18,,True,admin
1726,2025-03-16 21:00:00,YG019,2025-03-16 21:00:00,,True,admin
1727,2025-03-16 21:00:54,YG019,2025-03-16 21:00:54,,True,admin
1728,2025-03-16 21:02:22,YG019,2025-03-16 21:02:22,,True,admin
1729,2025-03-16 21:02:45,YG004,2025-03-16 21:02:45,,True,admin
1730,2025-03-16 21:06:03,YG020,2025-03-16 21:06:03,,True,admin
1731,2025-03-16 21:12:59,YG009,2025-03-16 21:12:59,,True,admin
1732,2025-03-16 21:19:31,YG007,2025-03-16 21:19:31,,True,admin
1733,2025-03-16 21:24:50,YG020,2025-03-16 21:24:50,,True,admin
1734,2025-03-16 22:10:08,YG007,2025-03-16 22:10:08,,True,admin
1735,2025-03-16 22:17:37,YG004,2025-03-16 22:17:37,,True,admin
1736,2025-03-16 22:19:42,YG004,2025-03-16 22:19:42,,True,admin
1737,2025-03-16 22:26:54,YG027,2025-03-16 22:26:54,,True,admin
1738,2025-03-16 22:35:20,YG019,2025-03-16 22:35:20,,True,admin
1739,2025-03-16 22:53:30,YG027,2025-03-16 22:53:30,,True,admin
1740,2025-03-16 22:55:14,YG027,2025-03-16 22:55:14,,True,admin
1741,2025-03-16 23:51:03,YG020,2025-03-16 23:51:03,,True,admin
1742,2025-03-17 03:47:53,YG019,2025-03-17 03:47:53,,True,admin
1743,2025-03-17 07:46:58,YG011,2025-03-17 07:46:58,,True,admin
1744,2025-03-17 07:49:51,YG027,2025-03-17 07:49:51,,True,admin
1745,2025-03-17 08:29:44,YG020,2025-03-17 08:29:44,,True,admin
1746,2025-03-17 08:36:55,YG026,2025-03-17 08:36:55,,True,admin
1747,2025-03-17 08:38:12,YG026,2025-03-17 08:38:12,,True,admin
1748,2025-03-17 08:42:37,YG026,2025-03-17 08:42:37,,True,admin
1749,2025-03-17 08:45:41,YG016,2025-03-17 08:45:41,,True,admin
1750,2025-03-17 08:51:50,YG019,2025-03-17 08:51:50,,True,admin
1751,2025-03-17 08:54:17,YG019,2025-03-17 08:54:17,,True,admin
1752,2025-03-17 08:56:47,YG019,2025-03-17 08:56:47,,True,admin
1753,2025-03-17 09:26:23,YG004,2025-03-17 09:26:23,,True,admin
1754,2025-03-17 09:28:38,YG004,2025-03-17 09:28:38,,True,admin
1755,2025-03-17 11:25:36,YG004,2025-03-17 11:25:36,,True,admin
1756,2025-03-17 11:28:25,YG004,2025-03-17 11:28:25,,True,admin
1757,2025-03-17 14:30:40,YG019,2025-03-17 14:30:40,,True,admin
1758,2025-03-17 16:40:29,YG020,2025-03-17 16:40:29,,True,admin
1759,2025-03-17 16:56:02,YG019,2025-03-17 16:56:02,,True,admin
1760,2025-03-17 16:57:31,YG019,2025-03-17 16:57:31,,True,admin
1761,2025-03-17 17:01:26,YG019,2025-03-17 17:01:26,,True,admin
1762,2025-03-17 17:03:38,YG019,2025-03-17 17:03:38,,True,admin
1763,2025-03-17 17:07:59,YG019,2025-03-17 17:07:59,,True,admin
1764,2025-03-17 17:09:34,YG019,2025-03-17 17:09:34,,True,admin
1765,2025-03-17 17:39:35,YG026,2025-03-17 17:39:35,,True,admin
1766,2025-03-17 18:44:42,YG029,2025-03-17 18:44:42,,True,admin
1767,2025-03-17 21:28:30,YG022,2025-03-17 21:28:30,,True,admin
1768,2025-03-17 21:45:03,YG014,2025-03-17 21:45:03,,True,admin
1769,2025-03-17 23:04:42,YG026,2025-03-17 23:04:42,,True,admin
1770,2025-03-17 23:06:35,YG026,2025-03-17 23:06:35,,True,admin
1771,2025-03-17 23:08:32,YG026,2025-03-17 23:08:32,,True,admin
1772,2025-03-18 00:13:43,YG007,2025-03-18 00:13:43,,True,admin
1773,2025-03-18 00:15:17,YG007,2025-03-18 00:15:17,,True,admin
1774,2025-03-18 00:19:54,YG007,2025-03-18 00:19:54,,True,admin
1775,2025-03-18 00:21:44,YG007,2025-03-18 00:21:44,,True,admin
1776,2025-03-18 00:24:06,YG007,2025-03-18 00:24:06,,True,admin
1777,2025-03-18 00:25:54,YG007,2025-03-18 00:25:54,,True,admin
1778,2025-03-18 00:27:38,YG007,2025-03-18 00:27:38,,True,admin
1779,2025-03-18 00:28:43,YG007,2025-03-18 00:28:43,,True,admin
1780,2025-03-18 00:34:28,YG007,2025-03-18 00:34:28,,True,admin
1781,2025-03-18 00:40:58,YG007,2025-03-18 00:40:58,,True,admin
1782,2025-03-18 00:55:22,YG007,2025-03-18 00:55:22,,True,admin
1783,2025-03-18 01:18:18,YG007,2025-03-18 01:18:18,,True,admin
1784,2025-03-18 01:26:36,YG007,2025-03-18 01:26:36,,True,admin
1785,2025-03-18 01:30:14,YG007,2025-03-18 01:30:14,,True,admin
1786,2025-03-18 01:31:27,YG007,2025-03-18 01:31:27,,True,admin
1787,2025-03-18 01:32:39,YG007,2025-03-18 01:32:39,,True,admin
1788,2025-03-18 01:34:10,YG007,2025-03-18 01:34:10,,True,admin
1789,2025-03-18 01:39:10,YG007,2025-03-18 01:39:10,,True,admin
1790,2025-03-18 07:04:46,YG007,2025-03-18 07:04:46,,True,admin
1791,2025-03-18 07:47:50,YG007,2025-03-18 07:47:50,,True,admin
1792,2025-03-18 07:49:58,YG007,2025-03-18 07:49:58,,True,admin
1793,2025-03-18 07:53:57,YG007,2025-03-18 07:53:57,,True,admin
1794,2025-03-18 07:55:34,YG007,2025-03-18 07:55:34,,True,admin
1795,2025-03-18 08:20:56,YG007,2025-03-18 08:20:56,,True,admin
1796,2025-03-18 08:32:36,YG007,2025-03-18 08:32:36,,True,admin
1797,2025-03-18 08:59:38,YG007,2025-03-18 08:59:38,,True,admin
1798,2025-03-18 09:02:04,YG007,2025-03-18 09:02:04,,True,admin
1799,2025-03-18 09:52:52,YG006,2025-03-18 09:52:52,,True,admin
1800,2025-03-18 09:54:10,YG006,2025-03-18 09:54:10,,True,admin
1801,2025-03-18 10:19:24,YG026,2025-03-18 10:19:24,,True,admin
1802,2025-03-18 10:20:39,YG026,2025-03-18 10:20:39,,True,admin
1803,2025-03-18 10:21:57,YG026,2025-03-18 10:21:57,,True,admin
1804,2025-03-18 10:23:04,YG026,2025-03-18 10:23:04,,True,admin
1805,2025-03-18 10:23:11,YG007,2025-03-18 10:23:11,,True,admin
1806,2025-03-18 10:24:34,YG026,2025-03-18 10:24:34,,True,admin
1807,2025-03-18 10:25:00,YG007,2025-03-18 10:25:00,,True,admin
1808,2025-03-18 10:25:40,YG019,2025-03-18 10:25:40,,True,admin
1809,2025-03-18 10:26:54,YG026,2025-03-18 10:26:54,,True,admin
1810,2025-03-18 10:29:11,YG026,2025-03-18 10:29:11,,True,admin
1811,2025-03-18 10:33:19,YG026,2025-03-18 10:33:19,,True,admin
1812,2025-03-18 11:25:12,YG022,2025-03-18 11:25:12,,True,admin
1813,2025-03-18 12:17:01,YG007,2025-03-18 12:17:01,,True,admin
1814,2025-03-18 12:25:51,YG007,2025-03-18 12:25:51,,True,admin
1815,2025-03-18 12:27:11,YG007,2025-03-18 12:27:11,,True,admin
1816,2025-03-18 12:37:11,YG007,2025-03-18 12:37:11,,True,admin
1817,2025-03-18 12:42:56,YG007,2025-03-18 12:42:56,,True,admin
1818,2025-03-18 13:00:32,YG012,2025-03-18 13:00:32,,True,admin
1819,2025-03-18 13:02:49,YG012,2025-03-18 13:02:49,,True,admin
1820,2025-03-18 13:04:53,YG007,2025-03-18 13:04:53,,True,admin
1821,2025-03-18 16:12:24,YG007,2025-03-18 16:12:24,,True,admin
1822,2025-03-18 17:55:02,YG007,2025-03-18 17:55:02,,True,admin
1823,2025-03-19 08:18:14,YG016,2025-03-19 08:18:14,,True,admin
1824,2025-03-19 08:21:04,YG016,2025-03-19 08:21:04,,True,admin
1825,2025-03-19 09:42:00,YG026,2025-03-19 09:42:00,,True,admin
1826,2025-03-19 12:42:41,YG014,2025-03-19 12:42:41,,True,admin
1826,2025-04-27 12:05:50,YG017,2025-04-27 12:05:50,,True,admin
1827,2025-03-19 13:29:34,YG007,2025-03-19 13:29:34,,True,admin
1828,2025-03-19 13:37:52,YG016,2025-03-19 13:37:52,,True,admin
1829,2025-03-19 14:17:39,YG016,2025-03-19 14:17:39,,True,admin
1830,2025-03-19 14:56:30,YG016,2025-03-19 14:56:30,,True,admin
1831,2025-03-19 14:57:57,YG016,2025-03-19 14:57:57,,True,admin
1832,2025-03-19 15:13:01,YG016,2025-03-19 15:13:01,,True,admin
1833,2025-03-19 15:15:48,YG016,2025-03-19 15:15:48,,True,admin
1834,2025-03-19 15:56:41,YG016,2025-03-19 15:56:41,,True,admin
1835,2025-03-19 16:23:31,YG019,2025-03-19 16:23:31,,True,admin
1836,2025-03-19 16:28:29,YG019,2025-03-19 16:28:29,,True,admin
1837,2025-03-19 16:30:55,YG026,2025-03-19 16:30:55,,True,admin
1838,2025-03-19 17:28:34,YG016,2025-03-19 17:28:34,,True,admin
1839,2025-03-19 17:30:27,YG016,2025-03-19 17:30:27,,True,admin
1840,2025-03-19 18:15:50,YG016,2025-03-19 18:15:50,,True,admin
1841,2025-03-19 20:14:02,YG007,2025-03-19 20:14:02,,True,admin
1842,2025-03-19 20:16:43,YG007,2025-03-19 20:16:43,,True,admin
1843,2025-03-19 23:48:38,YG016,2025-03-19 23:48:38,,True,admin
1844,2025-03-20 11:40:28,YG016,2025-03-20 11:40:28,,True,admin
1845,2025-03-20 11:41:34,YG016,2025-03-20 11:41:34,,True,admin
1846,2025-03-20 12:20:37,YG023,2025-03-20 12:20:37,,True,admin
1847,2025-03-20 12:22:27,YG023,2025-03-20 12:22:27,,True,admin
1848,2025-03-20 12:23:49,YG023,2025-03-20 12:23:49,,True,admin
1849,2025-03-20 12:25:24,YG023,2025-03-20 12:25:24,,True,admin
1850,2025-03-20 12:36:05,YG023,2025-03-20 12:36:05,,True,admin
1851,2025-03-20 12:51:00,YG023,2025-03-20 12:51:00,,True,admin
1852,2025-03-20 14:25:10,YG028,2025-03-20 14:25:10,,True,admin
1853,2025-03-20 14:31:11,YG004,2025-03-20 14:31:11,,True,admin
1854,2025-03-20 14:33:43,YG004,2025-03-20 14:33:43,,True,admin
1855,2025-03-20 14:44:03,YG023,2025-03-20 14:44:03,,True,admin
1856,2025-03-20 15:10:38,YG016,2025-03-20 15:10:38,,True,admin
1857,2025-03-20 15:14:14,YG004,2025-03-20 15:14:14,,True,admin
1858,2025-03-20 15:37:16,YG007,2025-03-20 15:37:16,,True,admin
1859,2025-03-20 15:37:58,YG014,2025-03-20 15:37:58,,True,admin
1860,2025-03-20 15:57:32,YG007,2025-03-20 15:57:32,,True,admin
1861,2025-03-20 16:28:15,YG007,2025-03-20 16:28:15,,True,admin
1862,2025-03-20 16:44:48,YG026,2025-03-20 16:44:48,,True,admin
1863,2025-03-20 16:47:20,YG026,2025-03-20 16:47:20,,True,admin
1864,2025-03-20 16:48:19,YG026,2025-03-20 16:48:19,,True,admin
1865,2025-03-20 16:49:54,YG026,2025-03-20 16:49:54,,True,admin
1866,2025-03-20 16:51:45,YG026,2025-03-20 16:51:45,,True,admin
1867,2025-03-20 16:55:31,YG026,2025-03-20 16:55:31,,True,admin
1868,2025-03-20 16:57:10,YG026,2025-03-20 16:57:10,,True,admin
1869,2025-03-20 16:59:42,YG026,2025-03-20 16:59:42,,True,admin
1870,2025-03-20 17:06:59,YG026,2025-03-20 17:06:59,,True,admin
1871,2025-03-20 17:12:24,YG026,2025-03-20 17:12:24,,True,admin
1872,2025-03-20 17:12:36,YG007,2025-03-20 17:12:36,,True,admin
1873,2025-03-20 17:16:51,YG026,2025-03-20 17:16:51,,True,admin
1874,2025-03-20 17:17:29,YG016,2025-03-20 17:17:29,,True,admin
1875,2025-03-20 17:19:12,YG026,2025-03-20 17:19:12,,True,admin
1876,2025-03-20 17:47:33,YG013,2025-03-20 17:47:33,,True,admin
1877,2025-03-20 17:48:45,YG026,2025-03-20 17:48:45,,True,admin
1878,2025-03-20 17:51:51,YG013,2025-03-20 17:51:51,,True,admin
1879,2025-03-20 17:52:55,YG026,2025-03-20 17:52:55,,True,admin
1880,2025-03-20 17:58:13,YG026,2025-03-20 17:58:13,,True,admin
1881,2025-03-20 17:59:51,YG026,2025-03-20 17:59:51,,True,admin
1882,2025-03-20 18:01:54,YG013,2025-03-20 18:01:54,,True,admin
1883,2025-03-20 18:01:54,YG026,2025-03-20 18:01:54,,True,admin
1884,2025-03-20 18:04:55,YG026,2025-03-20 18:04:55,,True,admin
1885,2025-03-20 18:07:03,YG026,2025-03-20 18:07:03,,True,admin
1886,2025-03-20 18:11:59,YG026,2025-03-20 18:11:59,,True,admin
1887,2025-03-20 18:14:38,YG026,2025-03-20 18:14:38,,True,admin
1888,2025-03-20 18:17:01,YG026,2025-03-20 18:17:01,,True,admin
1889,2025-03-20 18:20:39,YG026,2025-03-20 18:20:39,,True,admin
1890,2025-03-20 18:29:04,YG026,2025-03-20 18:29:04,,True,admin
1891,2025-03-20 18:30:55,YG026,2025-03-20 18:30:55,,True,admin
1892,2025-03-20 18:31:31,YG016,2025-03-20 18:31:31,,True,admin
1893,2025-03-20 18:31:46,YG013,2025-03-20 18:31:46,,True,admin
1894,2025-03-20 18:32:32,YG026,2025-03-20 18:32:32,,True,admin
1895,2025-03-20 18:33:27,YG013,2025-03-20 18:33:27,,True,admin
1896,2025-03-20 18:34:24,YG026,2025-03-20 18:34:24,,True,admin
1897,2025-03-20 18:36:08,YG026,2025-03-20 18:36:08,,True,admin
1898,2025-03-20 18:38:13,YG026,2025-03-20 18:38:13,,True,admin
1899,2025-03-20 18:40:07,YG026,2025-03-20 18:40:07,,True,admin
1900,2025-03-20 18:44:47,YG026,2025-03-20 18:44:47,,True,admin
1901,2025-03-20 18:45:03,YG016,2025-03-20 18:45:03,,True,admin
1902,2025-03-20 18:47:07,YG026,2025-03-20 18:47:07,,True,admin
1903,2025-03-20 18:52:05,YG026,2025-03-20 18:52:05,,True,admin
1904,2025-03-20 18:53:49,YG026,2025-03-20 18:53:49,,True,admin
1905,2025-03-20 18:55:37,YG026,2025-03-20 18:55:37,,True,admin
1906,2025-03-20 19:39:58,YG026,2025-03-20 19:39:58,,True,admin
1907,2025-03-20 19:43:18,YG013,2025-03-20 19:43:18,,True,admin
1908,2025-03-20 19:45:03,YG013,2025-03-20 19:45:03,,True,admin
1909,2025-03-20 19:53:16,YG016,2025-03-20 19:53:16,,True,admin
1909,2025-03-30 15:23:41,YG003,2025-03-30 15:23:41,,True,admin
1910,2025-03-20 19:57:16,YG026,2025-03-20 19:57:16,,True,admin
1911,2025-03-20 19:58:27,YG026,2025-03-20 19:58:27,,True,admin
1912,2025-03-20 19:58:41,YG026,2025-03-20 19:58:41,,True,admin
1913,2025-03-20 19:59:49,YG026,2025-03-20 19:59:49,,True,admin
1914,2025-03-20 20:07:58,YG026,2025-03-20 20:07:58,,True,admin
1915,2025-03-20 20:14:15,YG026,2025-03-20 20:14:15,,True,admin
1916,2025-03-20 20:43:09,YG019,2025-03-20 20:43:09,,True,admin
1917,2025-03-20 21:11:50,YG026,2025-03-20 21:11:50,,True,admin
1918,2025-03-20 21:19:35,YG026,2025-03-20 21:19:35,,True,admin
1919,2025-03-20 21:36:46,YG026,2025-03-20 21:36:46,,True,admin
1920,2025-03-20 21:40:38,YG026,2025-03-20 21:40:38,,True,admin
1921,2025-03-20 21:44:45,YG026,2025-03-20 21:44:45,,True,admin
1922,2025-03-20 23:01:39,YG019,2025-03-20 23:01:39,,True,admin
1923,2025-03-20 23:03:22,YG026,2025-03-20 23:03:22,,True,admin
1924,2025-03-20 23:30:35,YG023,2025-03-20 23:30:35,,True,admin
1925,2025-03-20 23:49:35,YG026,2025-03-20 23:49:35,,True,admin
1926,2025-03-20 23:55:40,YG026,2025-03-20 23:55:40,,True,admin
1927,2025-03-21 01:52:03,YG016,2025-03-21 01:52:03,,True,admin
1928,2025-03-21 10:15:00,YG026,2025-03-21 10:15:00,,True,admin
1929,2025-03-21 11:06:17,YG016,2025-03-21 11:06:17,,True,admin
1930,2025-03-21 11:07:00,YG016,2025-03-21 11:07:00,,True,admin
1931,2025-03-21 12:09:47,YG003,2025-03-21 12:09:47,,True,admin
1931,2025-03-21 12:37:38,YG016,2025-03-21 12:37:38,,True,admin
1932,2025-03-21 12:13:26,YG003,2025-03-21 12:13:26,,True,admin
1932,2025-03-21 14:15:59,YG016,2025-03-21 14:15:59,,True,admin
1933,2025-03-21 12:15:41,YG003,2025-03-21 12:15:41,,True,admin
1933,2025-03-21 12:49:31,YG016,2025-03-21 12:49:31,,True,admin
1934,2025-03-21 13:04:24,YG019,2025-03-21 13:04:24,,True,admin
1935,2025-03-21 17:59:29,YG026,2025-03-21 17:59:29,,True,admin
1936,2025-03-21 18:00:33,YG026,2025-03-21 18:00:33,,True,admin
1937,2025-03-21 18:47:34,YG022,2025-03-21 18:47:34,,True,admin
1938,2025-03-21 22:41:30,YG019,2025-03-21 22:41:30,,True,admin
1939,2025-03-21 23:10:27,YG016,2025-03-21 23:10:27,,True,admin
1940,2025-03-22 08:15:47,YG003,2025-03-22 08:15:47,,True,admin
1941,2025-03-22 08:18:09,YG003,2025-03-22 08:18:09,,True,admin
1942,2025-03-22 10:50:59,YG016,2025-03-22 10:50:59,,True,admin
1942,2025-03-30 15:40:46,YG003,2025-03-30 15:40:46,,True,admin
1943,2025-03-22 13:39:49,YG026,2025-03-22 13:39:49,,True,admin
1944,2025-03-22 14:18:27,YG013,2025-03-22 14:18:27,,True,admin
1945,2025-03-22 14:20:08,YG013,2025-03-22 14:20:08,,True,admin
1946,2025-03-22 14:28:09,YG026,2025-03-22 14:28:09,,True,admin
1947,2025-03-22 14:37:52,YG026,2025-03-22 14:37:52,,True,admin
1948,2025-03-22 15:07:45,YG013,2025-03-22 15:07:45,,True,admin
1949,2025-03-22 15:31:18,YG026,2025-03-22 15:31:18,,True,admin
1950,2025-03-22 15:33:53,YG026,2025-03-22 15:33:53,,True,admin
1951,2025-03-22 15:36:52,YG026,2025-03-22 15:36:52,,True,admin
1952,2025-03-22 15:38:56,YG026,2025-03-22 15:38:56,,True,admin
1953,2025-03-22 15:46:37,YG026,2025-03-22 15:46:37,,True,admin
1954,2025-03-22 15:52:12,YG026,2025-03-22 15:52:12,,True,admin
1955,2025-03-22 15:57:52,YG026,2025-03-22 15:57:52,,True,admin
1956,2025-03-22 15:59:19,YG026,2025-03-22 15:59:19,,True,admin
1957,2025-03-22 16:03:47,YG026,2025-03-22 16:03:47,,True,admin
1958,2025-03-22 16:08:46,YG026,2025-03-22 16:08:46,,True,admin
1959,2025-03-22 16:11:51,YG023,2025-03-22 16:11:51,,True,admin
1960,2025-03-22 16:12:24,YG023,2025-03-22 16:12:24,,True,admin
1961,2025-03-22 16:12:46,YG026,2025-03-22 16:12:46,,True,admin
1962,2025-03-22 16:12:53,YG023,2025-03-22 16:12:53,,True,admin
1963,2025-03-22 16:13:58,YG026,2025-03-22 16:13:58,,True,admin
1964,2025-03-22 16:14:12,YG026,2025-03-22 16:14:12,,True,admin
1965,2025-03-22 16:15:21,YG026,2025-03-22 16:15:21,,True,admin
1966,2025-03-22 16:15:35,YG023,2025-03-22 16:15:35,,True,admin
1967,2025-03-22 16:15:55,YG023,2025-03-22 16:15:55,,True,admin
1968,2025-03-22 16:19:07,YG023,2025-03-22 16:19:07,,True,admin
1969,2025-03-22 16:19:23,YG026,2025-03-22 16:19:23,,True,admin
1970,2025-03-22 16:23:01,YG026,2025-03-22 16:23:01,,True,admin
1971,2025-03-22 16:23:03,YG026,2025-03-22 16:23:03,,True,admin
1972,2025-03-22 16:25:14,YG026,2025-03-22 16:25:14,,True,admin
1973,2025-03-22 16:26:50,YG026,2025-03-22 16:26:50,,True,admin
1974,2025-03-22 16:28:31,YG026,2025-03-22 16:28:31,,True,admin
1975,2025-03-22 16:29:59,YG026,2025-03-22 16:29:59,,True,admin
1976,2025-03-22 16:45:12,YG026,2025-03-22 16:45:12,,True,admin
1977,2025-03-22 17:03:04,YG026,2025-03-22 17:03:04,,True,admin
1978,2025-03-22 17:07:21,YG026,2025-03-22 17:07:21,,True,admin
1979,2025-03-22 17:42:15,YG026,2025-03-22 17:42:15,,True,admin
1980,2025-03-22 17:47:17,YG016,2025-03-22 17:47:17,,True,admin
1981,2025-03-22 18:04:33,YG023,2025-03-22 18:04:33,,True,admin
1982,2025-03-22 19:04:27,YG014,2025-03-22 19:04:27,,True,admin
1983,2025-03-22 19:10:01,YG014,2025-03-22 19:10:01,,True,admin
1984,2025-03-22 19:10:27,YG014,2025-03-22 19:10:27,,True,admin
1985,2025-03-22 19:12:33,YG014,2025-03-22 19:12:33,,True,admin
1986,2025-03-22 19:13:10,YG004,2025-03-22 19:13:10,,True,admin
1987,2025-03-22 19:14:51,YG027,2025-03-22 19:14:51,,True,admin
1988,2025-03-22 19:24:12,YG014,2025-03-22 19:24:12,,True,admin
1989,2025-03-22 19:25:40,YG014,2025-03-22 19:25:40,,True,admin
1990,2025-03-22 19:26:40,YG010,2025-03-22 19:26:40,,True,admin
1991,2025-03-22 19:28:40,YG026,2025-03-22 19:28:40,,True,admin
1992,2025-03-22 19:29:40,YG026,2025-03-22 19:29:40,,True,admin
1993,2025-03-22 19:30:32,YG026,2025-03-22 19:30:32,,True,admin
1994,2025-03-22 19:33:48,YG026,2025-03-22 19:33:48,,True,admin
1995,2025-03-22 19:37:26,YG026,2025-03-22 19:37:26,,True,admin
1996,2025-03-22 19:40:15,YG014,2025-03-22 19:40:15,,True,admin
1997,2025-03-22 20:00:12,YG026,2025-03-22 20:00:12,,True,admin
1998,2025-03-22 20:03:10,YG026,2025-03-22 20:03:10,,True,admin
1999,2025-03-22 20:12:25,YG026,2025-03-22 20:12:25,,True,admin
2000,2025-03-22 20:13:35,YG026,2025-03-22 20:13:35,,True,admin
2001,2025-03-22 20:18:43,YG026,2025-03-22 20:18:43,,True,admin
2002,2025-03-22 20:20:08,YG026,2025-03-22 20:20:08,,True,admin
2003,2025-03-22 20:25:43,YG026,2025-03-22 20:25:43,,True,admin
2004,2025-03-22 20:30:25,YG014,2025-03-22 20:30:25,,True,admin
2005,2025-03-22 20:30:52,YG026,2025-03-22 20:30:52,,True,admin
2006,2025-03-22 20:40:25,YG026,2025-03-22 20:40:25,,True,admin
2007,2025-03-22 20:51:25,YG014,2025-03-22 20:51:25,,True,admin
2008,2025-03-22 20:53:15,YG014,2025-03-22 20:53:15,,True,admin
2009,2025-03-22 21:08:00,YG026,2025-03-22 21:08:00,,True,admin
2010,2025-03-22 21:10:40,YG026,2025-03-22 21:10:40,,True,admin
2011,2025-03-22 21:40:50,YG026,2025-03-22 21:40:50,,True,admin
2012,2025-03-22 22:09:35,YG015,2025-03-22 22:09:35,,True,admin
2013,2025-03-22 22:09:47,YG015,2025-03-22 22:09:47,,True,admin
2014,2025-03-22 23:24:09,YG014,2025-03-22 23:24:09,,True,admin
2015,2025-03-22 23:34:54,YG026,2025-03-22 23:34:54,,True,admin
2016,2025-03-22 23:36:37,YG026,2025-03-22 23:36:37,,True,admin
2017,2025-03-22 23:50:18,YG010,2025-03-22 23:50:18,,True,admin
2018,2025-03-23 03:19:33,YG026,2025-03-23 03:19:33,,True,admin
2019,2025-03-23 09:52:50,YG026,2025-03-23 09:52:50,,True,admin
2020,2025-03-23 11:01:06,YG023,2025-03-23 11:01:06,,True,admin
2021,2025-03-23 18:32:42,YG026,2025-03-23 18:32:42,,True,admin
2022,2025-03-23 18:35:21,YG010,2025-03-23 18:35:21,,True,admin
2023,2025-03-23 18:37:18,YG026,2025-03-23 18:37:18,,True,admin
2024,2025-03-23 22:21:34,YG026,2025-03-23 22:21:34,,True,admin
2025,2025-03-24 10:38:39,YG005,2025-03-24 10:38:39,,True,admin
2026,2025-03-24 17:13:50,YG029,2025-03-24 17:13:50,,True,admin
2027,2025-03-24 17:30:35,YG029,2025-03-24 17:30:35,,True,admin
2028,2025-03-24 17:34:43,YG029,2025-03-24 17:34:43,,True,admin
2029,2025-03-24 17:36:43,YG029,2025-03-24 17:36:43,,True,admin
2030,2025-03-24 17:39:35,YG029,2025-03-24 17:39:35,,True,admin
2031,2025-03-24 17:47:40,YG029,2025-03-24 17:47:40,,True,admin
2032,2025-03-24 17:50:11,YG029,2025-03-24 17:50:11,,True,admin
2033,2025-03-24 17:57:57,YG006,2025-03-24 17:57:57,,True,admin
2034,2025-03-24 18:01:06,YG029,2025-03-24 18:01:06,,True,admin
2035,2025-03-24 18:03:27,YG029,2025-03-24 18:03:27,,True,admin
2036,2025-03-24 18:03:29,YG029,2025-03-24 18:03:29,,True,admin
2037,2025-03-24 18:06:11,YG029,2025-03-24 18:06:11,,True,admin
2038,2025-03-24 18:10:01,YG029,2025-03-24 18:10:01,,True,admin
2039,2025-03-24 18:36:34,YG029,2025-03-24 18:36:34,,True,admin
2040,2025-03-24 18:39:58,YG029,2025-03-24 18:39:58,,True,admin
2041,2025-03-24 18:41:29,YG029,2025-03-24 18:41:29,,True,admin
2042,2025-03-24 19:40:38,YG029,2025-03-24 19:40:38,,True,admin
2043,2025-03-24 21:05:03,YG014,2025-03-24 21:05:03,,True,admin
2044,2025-03-24 21:30:23,YG029,2025-03-24 21:30:23,,True,admin
2045,2025-03-24 21:33:04,YG029,2025-03-24 21:33:04,,True,admin
2046,2025-03-24 21:36:38,YG010,2025-03-24 21:36:38,,True,admin
2047,2025-03-24 21:49:41,YG010,2025-03-24 21:49:41,,True,admin
2048,2025-03-24 22:06:32,YG010,2025-03-24 22:06:32,,True,admin
2049,2025-03-24 22:27:16,YG029,2025-03-24 22:27:16,,True,admin
2050,2025-03-24 22:28:59,YG029,2025-03-24 22:28:59,,True,admin
2051,2025-03-24 22:42:32,YG010,2025-03-24 22:42:32,,True,admin
2052,2025-03-25 00:49:48,YG029,2025-03-25 00:49:48,,True,admin
2053,2025-03-25 01:45:51,YG006,2025-03-25 01:45:51,,True,admin
2054,2025-03-25 08:04:00,YG010,2025-03-25 08:04:00,,True,admin
2055,2025-03-25 08:44:20,YG029,2025-03-25 08:44:20,,True,admin
2056,2025-03-25 21:22:56,YG023,2025-03-25 21:22:56,,True,admin
2057,2025-03-25 21:56:01,YG023,2025-03-25 21:56:01,,True,admin
2058,2025-03-26 21:33:19,YG010,2025-03-26 21:33:19,,True,admin
2059,2025-03-26 21:34:45,YG010,2025-03-26 21:34:45,,True,admin
2060,2025-03-26 23:47:23,YG014,2025-03-26 23:47:23,,True,admin
2061,2025-03-27 09:30:38,YG021,2025-03-27 09:30:38,,True,admin
2062,2025-03-27 09:31:11,YG021,2025-03-27 09:31:11,,True,admin
2063,2025-03-27 09:40:50,YG021,2025-03-27 09:40:50,,True,admin
2064,2025-03-27 17:32:56,YG025,2025-03-27 17:32:56,,True,admin
2065,2025-03-27 17:33:02,YG025,2025-03-27 17:33:02,,True,admin
2066,2025-03-27 17:34:46,YG025,2025-03-27 17:34:46,,True,admin
2067,2025-03-27 17:34:53,YG025,2025-03-27 17:34:53,,True,admin
2068,2025-03-27 17:35:11,YG025,2025-03-27 17:35:11,,True,admin
2069,2025-03-27 17:35:20,YG025,2025-03-27 17:35:20,,True,admin
2070,2025-03-27 17:35:23,YG025,2025-03-27 17:35:23,,True,admin
2071,2025-03-27 17:36:10,YG025,2025-03-27 17:36:10,,True,admin
2072,2025-03-27 17:37:00,YG025,2025-03-27 17:37:00,,True,admin
2073,2025-03-27 17:37:15,YG025,2025-03-27 17:37:15,,True,admin
2074,2025-03-27 17:37:20,YG025,2025-03-27 17:37:20,,True,admin
2075,2025-03-27 17:38:18,YG025,2025-03-27 17:38:18,,True,admin
2076,2025-03-27 17:38:52,YG025,2025-03-27 17:38:52,,True,admin
2077,2025-03-27 17:39:58,YG025,2025-03-27 17:39:58,,True,admin
2078,2025-03-27 17:41:04,YG025,2025-03-27 17:41:04,,True,admin
2079,2025-03-27 17:41:35,YG025,2025-03-27 17:41:35,,True,admin
2080,2025-03-27 20:53:21,YG014,2025-03-27 20:53:21,,True,admin
2081,2025-03-27 21:17:00,YG021,2025-03-27 21:17:00,,True,admin
2082,2025-03-27 23:22:19,YG021,2025-03-27 23:22:19,,True,admin
2083,2025-03-27 23:26:01,YG021,2025-03-27 23:26:01,,True,admin
2084,2025-03-27 23:39:42,YG021,2025-03-27 23:39:42,,True,admin
2085,2025-03-28 09:49:04,YG021,2025-03-28 09:49:04,,True,admin
2086,2025-03-28 11:17:39,YG003,2025-03-28 11:17:39,,True,admin
2087,2025-03-28 16:28:02,YG021,2025-03-28 16:28:02,,True,admin
2088,2025-03-28 16:30:02,YG021,2025-03-28 16:30:02,,True,admin
2089,2025-03-28 17:30:30,YG003,2025-03-28 17:30:30,,True,admin
2090,2025-03-28 21:24:04,YG023,2025-03-28 21:24:04,,True,admin
2091,2025-03-28 21:27:45,YG023,2025-03-28 21:27:45,,True,admin
2092,2025-03-28 21:28:30,YG023,2025-03-28 21:28:30,,True,admin
2093,2025-03-28 21:28:56,YG023,2025-03-28 21:28:56,,True,admin
2094,2025-03-28 21:30:16,YG023,2025-03-28 21:30:16,,True,admin
2095,2025-03-28 21:41:46,YG023,2025-03-28 21:41:46,,True,admin
2096,2025-03-28 21:44:43,YG023,2025-03-28 21:44:43,,True,admin
2097,2025-03-28 23:12:14,YG007,2025-03-28 23:12:14,,True,admin
2098,2025-03-28 23:14:03,YG007,2025-03-28 23:14:03,,True,admin
2099,2025-03-28 23:14:16,YG007,2025-03-28 23:14:16,,True,admin
2100,2025-03-28 23:15:18,YG007,2025-03-28 23:15:18,,True,admin
2101,2025-03-28 23:16:58,YG007,2025-03-28 23:16:58,,True,admin
2102,2025-03-28 23:18:01,YG007,2025-03-28 23:18:01,,True,admin
2103,2025-03-28 23:19:12,YG007,2025-03-28 23:19:12,,True,admin
2104,2025-03-28 23:22:24,YG007,2025-03-28 23:22:24,,True,admin
2105,2025-03-28 23:28:32,YG007,2025-03-28 23:28:32,,True,admin
2106,2025-03-28 23:28:53,YG007,2025-03-28 23:28:53,,True,admin
2107,2025-03-28 23:35:36,YG007,2025-03-28 23:35:36,,True,admin
2108,2025-03-28 23:38:17,YG007,2025-03-28 23:38:17,,True,admin
2109,2025-03-28 23:42:09,YG007,2025-03-28 23:42:09,,True,admin
2110,2025-03-29 00:39:34,YG023,2025-03-29 00:39:34,,True,admin
2111,2025-03-29 00:41:57,YG023,2025-03-29 00:41:57,,True,admin
2112,2025-03-29 01:02:53,YG007,2025-03-29 01:02:53,,True,admin
2113,2025-03-29 09:33:31,YG023,2025-03-29 09:33:31,,True,admin
2114,2025-03-29 11:41:15,YG023,2025-03-29 11:41:15,,True,admin
2115,2025-03-29 12:47:51,YG019,2025-03-29 12:47:51,,True,admin
2116,2025-03-29 14:52:45,YG023,2025-03-29 14:52:45,,True,admin
2117,2025-03-29 15:50:14,YG007,2025-03-29 15:50:14,,True,admin
2118,2025-03-29 18:06:48,YG022,2025-03-29 18:06:48,,True,admin
2119,2025-03-29 18:07:06,YG022,2025-03-29 18:07:06,,True,admin
2120,2025-03-29 18:07:08,YG022,2025-03-29 18:07:08,,True,admin
2121,2025-03-29 19:03:14,YG022,2025-03-29 19:03:14,,True,admin
2122,2025-03-29 21:47:52,YG022,2025-03-29 21:47:52,,True,admin
2123,2025-03-29 22:29:52,YG007,2025-03-29 22:29:52,,True,admin
2124,2025-03-29 23:21:08,YG022,2025-03-29 23:21:08,,True,admin
2125,2025-03-29 23:46:28,YG022,2025-03-29 23:46:28,,True,admin
2126,2025-03-30 10:01:36,YG023,2025-03-30 10:01:36,,True,admin
2127,2025-03-30 10:06:37,YG022,2025-03-30 10:06:37,,True,admin
2128,2025-03-30 10:57:48,YG005,2025-03-30 10:57:48,,True,admin
2129,2025-03-30 10:58:55,YG005,2025-03-30 10:58:55,,True,admin
2130,2025-03-30 11:22:01,YG007,2025-03-30 11:22:01,,True,admin
2131,2025-03-30 12:00:41,YG007,2025-03-30 12:00:41,,True,admin
2132,2025-03-30 12:20:28,YG020,2025-03-30 12:20:28,,True,admin
2133,2025-03-30 12:22:56,YG020,2025-03-30 12:22:56,,True,admin
2134,2025-03-30 12:40:49,YG021,2025-03-30 12:40:49,,True,admin
2134,2025-09-10 22:03:11,YG005,2025-09-10 22:03:11,,True,admin
2135,2025-03-30 12:44:04,YG021,2025-03-30 12:44:04,,True,admin
2136,2025-03-30 12:45:30,YG021,2025-03-30 12:45:30,,True,admin
2136,2025-09-10 22:09:37,YG005,2025-09-10 22:09:37,,True,admin
2137,2025-03-30 12:45:55,YG021,2025-03-30 12:45:55,,True,admin
2138,2025-03-30 14:33:32,YG027,2025-03-30 14:33:32,,True,admin
2139,2025-03-30 14:34:59,YG027,2025-03-30 14:34:59,,True,admin
2140,2025-03-30 14:54:53,YG021,2025-03-30 14:54:53,,True,admin
2141,2025-03-30 15:05:26,YG021,2025-03-30 15:05:26,,True,admin
2142,2025-03-30 15:06:30,YG003,2025-03-30 15:06:30,,True,admin
2143,2025-03-30 15:06:49,YG021,2025-03-30 15:06:49,,True,admin
2144,2025-03-30 15:13:10,YG003,2025-03-30 15:13:10,,True,admin
2145,2025-03-30 15:15:18,YG003,2025-03-30 15:15:18,,True,admin
2146,2025-03-30 15:18:20,YG003,2025-03-30 15:18:20,,True,admin
2147,2025-03-30 15:20:55,YG003,2025-03-30 15:20:55,,True,admin
2148,2025-03-30 15:21:26,YG003,2025-03-30 15:21:26,,True,admin
2149,2025-03-30 15:21:58,YG003,2025-03-30 15:21:58,,True,admin
2150,2025-03-30 15:25:48,YG003,2025-03-30 15:25:48,,True,admin
2151,2025-03-30 15:28:25,YG003,2025-03-30 15:28:25,,True,admin
2152,2025-03-30 15:29:56,YG003,2025-03-30 15:29:56,,True,admin
2153,2025-03-30 15:36:15,YG003,2025-03-30 15:36:15,,True,admin
2154,2025-03-30 15:49:41,YG003,2025-03-30 15:49:41,,True,admin
2155,2025-03-30 15:53:17,YG003,2025-03-30 15:53:17,,True,admin
2156,2025-03-30 16:50:29,YG023,2025-03-30 16:50:29,,True,admin
2157,2025-03-30 16:53:47,YG023,2025-03-30 16:53:47,,True,admin
2158,2025-03-30 16:55:32,YG023,2025-03-30 16:55:32,,True,admin
2159,2025-03-30 16:57:15,YG023,2025-03-30 16:57:15,,True,admin
2160,2025-03-30 16:57:22,YG023,2025-03-30 16:57:22,,True,admin
2161,2025-03-30 17:03:08,YG003,2025-03-30 17:03:08,,True,admin
2162,2025-03-30 17:05:26,YG003,2025-03-30 17:05:26,,True,admin
2163,2025-03-30 17:05:53,YG003,2025-03-30 17:05:53,,True,admin
2164,2025-03-30 17:07:27,YG003,2025-03-30 17:07:27,,True,admin
2165,2025-03-30 17:23:27,YG012,2025-03-30 17:23:27,,True,admin
2166,2025-03-30 17:24:35,YG012,2025-03-30 17:24:35,,True,admin
2167,2025-03-30 17:26:43,YG012,2025-03-30 17:26:43,,True,admin
2168,2025-03-30 17:28:20,YG003,2025-03-30 17:28:20,,True,admin
2169,2025-03-30 17:32:44,YG003,2025-03-30 17:32:44,,True,admin
2170,2025-03-30 17:33:48,YG006,2025-03-30 17:33:48,,True,admin
2171,2025-03-30 17:35:32,YG006,2025-03-30 17:35:32,,True,admin
2172,2025-03-30 18:56:35,YG003,2025-03-30 18:56:35,,True,admin
2173,2025-03-30 19:26:55,YG003,2025-03-30 19:26:55,,True,admin
2174,2025-03-30 19:26:55,YG003,2025-03-30 19:26:55,,True,admin
2175,2025-03-30 19:28:39,YG012,2025-03-30 19:28:39,,True,admin
2176,2025-03-30 20:42:33,YG003,2025-03-30 20:42:33,,True,admin
2177,2025-03-30 20:45:45,YG003,2025-03-30 20:45:45,,True,admin
2178,2025-03-30 20:48:20,YG003,2025-03-30 20:48:20,,True,admin
2179,2025-03-30 21:22:43,YG022,2025-03-30 21:22:43,,True,admin
2180,2025-03-30 21:56:44,YG007,2025-03-30 21:56:44,,True,admin
2181,2025-03-30 22:07:17,YG003,2025-03-30 22:07:17,,True,admin
2182,2025-03-30 22:12:47,YG003,2025-03-30 22:12:47,,True,admin
2183,2025-03-30 22:27:51,YG022,2025-03-30 22:27:51,,True,admin
2184,2025-03-30 22:37:26,YG003,2025-03-30 22:37:26,,True,admin
2185,2025-03-30 22:40:39,YG003,2025-03-30 22:40:39,,True,admin
2186,2025-03-31 00:03:18,YG027,2025-03-31 00:03:18,,True,admin
2187,2025-03-31 02:22:34,YG003,2025-03-31 02:22:34,,True,admin
2188,2025-03-31 02:24:10,YG003,2025-03-31 02:24:10,,True,admin
2189,2025-03-31 13:36:29,YG027,2025-03-31 13:36:29,,True,admin
2190,2025-03-31 14:05:08,YG003,2025-03-31 14:05:08,,True,admin
2191,2025-03-31 14:16:09,YG003,2025-03-31 14:16:09,,True,admin
2192,2025-03-31 14:18:11,YG003,2025-03-31 14:18:11,,True,admin
2193,2025-03-31 14:20:08,YG003,2025-03-31 14:20:08,,True,admin
2194,2025-03-31 14:41:36,YG003,2025-03-31 14:41:36,,True,admin
2195,2025-03-31 14:43:56,YG027,2025-03-31 14:43:56,,True,admin
2196,2025-03-31 14:44:53,YG003,2025-03-31 14:44:53,,True,admin
2197,2025-03-31 15:25:28,YG003,2025-03-31 15:25:28,,True,admin
2198,2025-03-31 16:00:00,YG003,2025-03-31 16:00:00,,True,admin
2199,2025-03-31 17:51:13,YG027,2025-03-31 17:51:13,,True,admin
2200,2025-03-31 20:35:34,YG023,2025-03-31 20:35:34,,True,admin
2201,2025-03-31 20:37:10,YG023,2025-03-31 20:37:10,,True,admin
2202,2025-03-31 20:46:33,YG023,2025-03-31 20:46:33,,True,admin
2203,2025-03-31 20:48:28,YG003,2025-03-31 20:48:28,,True,admin
2204,2025-03-31 22:29:52,YG023,2025-03-31 22:29:52,,True,admin
2205,2025-03-31 22:31:30,YG023,2025-03-31 22:31:30,,True,admin
2206,2025-04-01 10:42:57,YG023,2025-04-01 10:42:57,,True,admin
2207,2025-04-01 10:45:04,YG023,2025-04-01 10:45:04,,True,admin
2208,2025-04-01 13:21:32,YG025,2025-04-01 13:21:32,,True,admin
2209,2025-04-01 15:34:50,YG025,2025-04-01 15:34:50,,True,admin
2210,2025-04-01 18:35:47,YG023,2025-04-01 18:35:47,,True,admin
2211,2025-04-01 21:32:26,YG023,2025-04-01 21:32:26,,True,admin
2212,2025-04-01 21:36:24,YG023,2025-04-01 21:36:24,,True,admin
2213,2025-04-01 21:38:54,YG023,2025-04-01 21:38:54,,True,admin
2214,2025-04-02 11:01:22,YG023,2025-04-02 11:01:22,,True,admin
2215,2025-04-02 14:50:27,YG009,2025-04-02 14:50:27,,True,admin
2216,2025-04-02 14:52:13,YG009,2025-04-02 14:52:13,,True,admin
2217,2025-04-02 20:56:43,YG023,2025-04-02 20:56:43,,True,admin
2218,2025-04-02 21:05:39,YG023,2025-04-02 21:05:39,,True,admin
2219,2025-04-02 21:38:11,YG023,2025-04-02 21:38:11,,True,admin
2220,2025-04-03 11:11:53,YG023,2025-04-03 11:11:53,,True,admin
2221,2025-04-03 11:20:40,YG023,2025-04-03 11:20:40,,True,admin
2222,2025-04-03 11:22:31,YG023,2025-04-03 11:22:31,,True,admin
2222,2025-06-16 18:07:13,YG020,2025-06-16 18:07:13,,True,admin
2223,2025-04-03 11:23:41,YG023,2025-04-03 11:23:41,,True,admin
2224,2025-04-04 15:18:51,YG020,2025-04-04 15:18:51,,True,admin
2225,2025-04-04 15:25:17,YG009,2025-04-04 15:25:17,,True,admin
2226,2025-04-04 15:45:17,YG025,2025-04-04 15:45:17,,True,admin
2227,2025-04-04 17:18:40,YG009,2025-04-04 17:18:40,,True,admin
2228,2025-04-04 20:37:07,YG023,2025-04-04 20:37:07,,True,admin
2229,2025-04-04 20:38:24,YG009,2025-04-04 20:38:24,,True,admin
2230,2025-04-04 22:09:12,YG009,2025-04-04 22:09:12,,True,admin
2231,2025-04-04 22:09:38,YG009,2025-04-04 22:09:38,,True,admin
2232,2025-04-05 09:51:11,YG023,2025-04-05 09:51:11,,True,admin
2233,2025-04-05 19:39:13,YG022,2025-04-05 19:39:13,,True,admin
2234,2025-04-05 19:39:30,YG022,2025-04-05 19:39:30,,True,admin
2235,2025-04-05 19:41:37,YG022,2025-04-05 19:41:37,,True,admin
2236,2025-04-05 19:44:28,YG022,2025-04-05 19:44:28,,True,admin
2237,2025-04-05 20:02:13,YG022,2025-04-05 20:02:13,,True,admin
2238,2025-04-05 20:07:12,YG022,2025-04-05 20:07:12,,True,admin
2239,2025-04-05 20:18:37,YG022,2025-04-05 20:18:37,,True,admin
2240,2025-04-05 22:13:43,YG019,2025-04-05 22:13:43,,True,admin
2241,2025-04-05 22:43:03,YG022,2025-04-05 22:43:03,,True,admin
2242,2025-04-06 19:09:34,YG007,2025-04-06 19:09:34,,True,admin
2243,2025-04-06 19:11:15,YG007,2025-04-06 19:11:15,,True,admin
2244,2025-04-07 18:44:05,YG003,2025-04-07 18:44:05,,True,admin
2245,2025-04-07 19:12:51,YG007,2025-04-07 19:12:51,,True,admin
2246,2025-04-07 19:14:26,YG007,2025-04-07 19:14:26,,True,admin
2247,2025-04-07 19:17:19,YG007,2025-04-07 19:17:19,,True,admin
2248,2025-04-07 19:18:32,YG007,2025-04-07 19:18:32,,True,admin
2249,2025-04-07 19:19:48,YG007,2025-04-07 19:19:48,,True,admin
2250,2025-04-07 19:20:10,YG007,2025-04-07 19:20:10,,True,admin
2251,2025-04-07 19:21:31,YG007,2025-04-07 19:21:31,,True,admin
2252,2025-04-07 19:21:51,YG007,2025-04-07 19:21:51,,True,admin
2253,2025-04-07 19:22:31,YG007,2025-04-07 19:22:31,,True,admin
2254,2025-04-07 19:23:11,YG007,2025-04-07 19:23:11,,True,admin
2255,2025-04-07 19:23:50,YG007,2025-04-07 19:23:50,,True,admin
2256,2025-04-07 19:43:52,YG003,2025-04-07 19:43:52,,True,admin
2257,2025-04-07 22:49:24,YG003,2025-04-07 22:49:24,,True,admin
2258,2025-04-08 13:34:59,YG006,2025-04-08 13:34:59,,True,admin
2259,2025-04-08 16:52:15,YG006,2025-04-08 16:52:15,,True,admin
2260,2025-04-09 23:24:34,YG019,2025-04-09 23:24:34,,True,admin
2261,2025-04-10 07:56:46,YG009,2025-04-10 07:56:46,,True,admin
2262,2025-04-10 07:58:09,YG009,2025-04-10 07:58:09,,True,admin
2263,2025-04-10 07:59:27,YG009,2025-04-10 07:59:27,,True,admin
2264,2025-04-12 22:03:58,YG016,2025-04-12 22:03:58,,True,admin
2265,2025-04-12 22:04:22,YG016,2025-04-12 22:04:22,,True,admin
2266,2025-04-17 16:01:47,YG019,2025-04-17 16:01:47,,True,admin
2267,2025-04-17 22:44:27,YG003,2025-04-17 22:44:27,,True,admin
2268,2025-04-17 23:12:13,YG002,2025-04-17 23:12:13,,True,admin
2269,2025-04-18 19:52:40,YG021,2025-04-18 19:52:40,,True,admin
2270,2025-04-18 23:45:23,YG022,2025-04-18 23:45:23,,True,admin
2271,2025-04-21 14:55:58,YG003,2025-04-21 14:55:58,,True,admin
2272,2025-04-21 14:58:51,YG003,2025-04-21 14:58:51,,True,admin
2273,2025-04-21 14:59:55,YG003,2025-04-21 14:59:55,,True,admin
2274,2025-04-21 15:00:37,YG003,2025-04-21 15:00:37,,True,admin
2275,2025-04-21 15:01:45,YG003,2025-04-21 15:01:45,,True,admin
2276,2025-04-21 15:11:51,YG003,2025-04-21 15:11:51,,True,admin
2277,2025-04-21 15:15:50,YG003,2025-04-21 15:15:50,,True,admin
2278,2025-04-21 15:33:42,YG003,2025-04-21 15:33:42,,True,admin
2279,2025-04-21 16:08:58,YG003,2025-04-21 16:08:58,,True,admin
2280,2025-04-21 16:08:59,YG003,2025-04-21 16:08:59,,True,admin
2281,2025-04-21 16:26:05,YG003,2025-04-21 16:26:05,,True,admin
2282,2025-04-21 16:35:25,YG003,2025-04-21 16:35:25,,True,admin
2283,2025-04-21 18:05:20,YG003,2025-04-21 18:05:20,,True,admin
2284,2025-04-21 19:46:01,YG003,2025-04-21 19:46:01,,True,admin
2285,2025-04-21 23:59:29,YG003,2025-04-21 23:59:29,,True,admin
2286,2025-04-22 00:15:10,YG003,2025-04-22 00:15:10,,True,admin
2287,2025-04-22 14:40:12,YG003,2025-04-22 14:40:12,,True,admin
2288,2025-04-22 17:29:07,YG003,2025-04-22 17:29:07,,True,admin
2289,2025-04-22 18:50:30,YG003,2025-04-22 18:50:30,,True,admin
2290,2025-04-22 22:49:19,YG003,2025-04-22 22:49:19,,True,admin
2291,2025-04-23 18:28:56,YG003,2025-04-23 18:28:56,,True,admin
2292,2025-04-23 22:17:32,YG003,2025-04-23 22:17:32,,True,admin
2293,2025-04-23 22:24:30,YG003,2025-04-23 22:24:30,,True,admin
2294,2025-04-23 23:10:34,YG003,2025-04-23 23:10:34,,True,admin
2295,2025-04-23 23:28:02,YG003,2025-04-23 23:28:02,,True,admin
2296,2025-04-24 01:09:45,YG003,2025-04-24 01:09:45,,True,admin
2297,2025-04-24 09:59:21,YG003,2025-04-24 09:59:21,,True,admin
2298,2025-04-24 10:03:27,YG003,2025-04-24 10:03:27,,True,admin
2299,2025-04-24 12:12:31,YG003,2025-04-24 12:12:31,,True,admin
2300,2025-04-26 14:11:38,YG023,2025-04-26 14:11:38,,True,admin
2301,2025-04-27 12:39:08,YG003,2025-04-27 12:39:08,,True,admin
2302,2025-04-27 16:35:38,YG014,2025-04-27 16:35:38,,True,admin
2303,2025-04-28 00:04:55,YG023,2025-04-28 00:04:55,,True,admin
2304,2025-04-28 18:12:07,YG011,2025-04-28 18:12:07,,True,admin
2305,2025-04-28 19:10:37,YG023,2025-04-28 19:10:37,,True,admin
2306,2025-04-30 14:40:21,YG014,2025-04-30 14:40:21,,True,admin
2307,2025-05-01 12:43:13,YG021,2025-05-01 12:43:13,,True,admin
2308,2025-05-01 13:42:47,YG019,2025-05-01 13:42:47,,True,admin
2309,2025-05-01 13:45:00,YG019,2025-05-01 13:45:00,,True,admin
2310,2025-05-01 13:48:29,YG019,2025-05-01 13:48:29,,True,admin
2311,2025-05-01 13:49:42,YG019,2025-05-01 13:49:42,,True,admin
2312,2025-05-01 13:51:53,YG019,2025-05-01 13:51:53,,True,admin
2313,2025-05-01 13:53:38,YG019,2025-05-01 13:53:38,,True,admin
2314,2025-05-01 13:55:26,YG019,2025-05-01 13:55:26,,True,admin
2315,2025-05-01 13:56:40,YG019,2025-05-01 13:56:40,,True,admin
2316,2025-05-01 13:57:55,YG019,2025-05-01 13:57:55,,True,admin
2317,2025-05-01 13:59:08,YG019,2025-05-01 13:59:08,,True,admin
2318,2025-05-01 14:00:42,YG019,2025-05-01 14:00:42,,True,admin
2319,2025-05-01 14:01:57,YG019,2025-05-01 14:01:57,,True,admin
2320,2025-05-01 16:10:11,YG019,2025-05-01 16:10:11,,True,admin
2321,2025-05-01 17:05:22,YG019,2025-05-01 17:05:22,,True,admin
2322,2025-05-01 17:08:25,YG019,2025-05-01 17:08:25,,True,admin
2323,2025-05-01 17:10:21,YG019,2025-05-01 17:10:21,,True,admin
2324,2025-05-01 17:14:12,YG019,2025-05-01 17:14:12,,True,admin
2325,2025-05-01 17:17:18,YG019,2025-05-01 17:17:18,,True,admin
2326,2025-05-01 17:19:40,YG019,2025-05-01 17:19:40,,True,admin
2327,2025-05-01 17:21:31,YG019,2025-05-01 17:21:31,,True,admin
2328,2025-05-01 17:23:06,YG019,2025-05-01 17:23:06,,True,admin
2329,2025-05-01 17:24:34,YG019,2025-05-01 17:24:34,,True,admin
2330,2025-05-01 17:26:05,YG019,2025-05-01 17:26:05,,True,admin
2331,2025-05-01 17:27:35,YG019,2025-05-01 17:27:35,,True,admin
2332,2025-05-01 17:29:22,YG019,2025-05-01 17:29:22,,True,admin
2333,2025-05-01 17:31:33,YG019,2025-05-01 17:31:33,,True,admin
2334,2025-05-01 17:32:59,YG019,2025-05-01 17:32:59,,True,admin
2335,2025-05-01 17:34:35,YG019,2025-05-01 17:34:35,,True,admin
2336,2025-05-01 17:35:52,YG019,2025-05-01 17:35:52,,True,admin
2337,2025-05-01 17:37:08,YG019,2025-05-01 17:37:08,,True,admin
2338,2025-05-01 17:38:32,YG019,2025-05-01 17:38:32,,True,admin
2339,2025-05-01 17:40:08,YG019,2025-05-01 17:40:08,,True,admin
2340,2025-05-01 17:41:18,YG019,2025-05-01 17:41:18,,True,admin
2341,2025-05-01 17:42:41,YG019,2025-05-01 17:42:41,,True,admin
2342,2025-05-01 17:44:04,YG019,2025-05-01 17:44:04,,True,admin
2343,2025-05-01 17:45:44,YG019,2025-05-01 17:45:44,,True,admin
2344,2025-05-01 17:47:04,YG019,2025-05-01 17:47:04,,True,admin
2345,2025-05-01 17:48:28,YG019,2025-05-01 17:48:28,,True,admin
2346,2025-05-02 10:59:14,YG019,2025-05-02 10:59:14,,True,admin
2347,2025-05-02 20:56:41,YG019,2025-05-02 20:56:41,,True,admin
2348,2025-05-02 20:58:57,YG019,2025-05-02 20:58:57,,True,admin
2349,2025-05-02 21:17:38,YG019,2025-05-02 21:17:38,,True,admin
2350,2025-05-02 21:19:27,YG019,2025-05-02 21:19:27,,True,admin
2351,2025-05-02 21:23:29,YG019,2025-05-02 21:23:29,,True,admin
2352,2025-05-02 21:26:50,YG019,2025-05-02 21:26:50,,True,admin
2353,2025-05-02 21:27:55,YG019,2025-05-02 21:27:55,,True,admin
2354,2025-05-02 21:31:06,YG019,2025-05-02 21:31:06,,True,admin
2355,2025-05-02 21:32:22,YG019,2025-05-02 21:32:22,,True,admin
2356,2025-05-02 21:33:07,YG019,2025-05-02 21:33:07,,True,admin
2357,2025-05-02 21:34:31,YG019,2025-05-02 21:34:31,,True,admin
2358,2025-05-02 21:36:49,YG019,2025-05-02 21:36:49,,True,admin
2359,2025-05-02 21:47:09,YG019,2025-05-02 21:47:09,,True,admin
2360,2025-05-02 21:48:22,YG019,2025-05-02 21:48:22,,True,admin
2361,2025-05-02 21:50:01,YG019,2025-05-02 21:50:01,,True,admin
2362,2025-05-02 21:52:14,YG019,2025-05-02 21:52:14,,True,admin
2363,2025-05-02 21:54:16,YG019,2025-05-02 21:54:16,,True,admin
2364,2025-05-02 21:55:51,YG019,2025-05-02 21:55:51,,True,admin
2365,2025-05-02 21:56:56,YG019,2025-05-02 21:56:56,,True,admin
2366,2025-05-05 19:16:35,YG019,2025-05-05 19:16:35,,True,admin
2367,2025-05-06 00:02:23,YG019,2025-05-06 00:02:23,,True,admin
2368,2025-05-06 00:03:37,YG019,2025-05-06 00:03:37,,True,admin
2369,2025-05-07 15:39:13,YG019,2025-05-07 15:39:13,,True,admin
2370,2025-05-07 15:45:35,YG006,2025-05-07 15:45:35,,True,admin
2371,2025-05-07 15:45:48,YG006,2025-05-07 15:45:48,,True,admin
2372,2025-05-07 22:17:27,YG006,2025-05-07 22:17:27,,True,admin
2373,2025-05-10 18:07:01,YG022,2025-05-10 18:07:01,,True,admin
2374,2025-05-10 20:14:35,YG022,2025-05-10 20:14:35,,True,admin
2375,2025-05-11 13:51:42,YG006,2025-05-11 13:51:42,,True,admin
2376,2025-05-11 20:58:41,YG019,2025-05-11 20:58:41,,True,admin
2377,2025-05-11 21:06:38,YG019,2025-05-11 21:06:38,,True,admin
2378,2025-05-11 21:08:54,YG019,2025-05-11 21:08:54,,True,admin
2379,2025-05-11 21:12:27,YG019,2025-05-11 21:12:27,,True,admin
2380,2025-05-11 21:14:01,YG019,2025-05-11 21:14:01,,True,admin
2381,2025-05-11 21:14:57,YG019,2025-05-11 21:14:57,,True,admin
2382,2025-05-11 21:16:50,YG019,2025-05-11 21:16:50,,True,admin
2383,2025-05-11 21:18:27,YG019,2025-05-11 21:18:27,,True,admin
2384,2025-05-11 21:23:09,YG019,2025-05-11 21:23:09,,True,admin
2385,2025-05-11 21:24:27,YG019,2025-05-11 21:24:27,,True,admin
2386,2025-05-11 21:28:49,YG019,2025-05-11 21:28:49,,True,admin
2387,2025-05-11 21:30:54,YG019,2025-05-11 21:30:54,,True,admin
2388,2025-05-11 21:31:58,YG019,2025-05-11 21:31:58,,True,admin
2389,2025-05-11 21:32:51,YG019,2025-05-11 21:32:51,,True,admin
2390,2025-05-11 21:34:50,YG019,2025-05-11 21:34:50,,True,admin
2391,2025-05-11 21:35:44,YG019,2025-05-11 21:35:44,,True,admin
2392,2025-05-11 21:37:23,YG019,2025-05-11 21:37:23,,True,admin
2393,2025-05-11 21:38:44,YG019,2025-05-11 21:38:44,,True,admin
2394,2025-05-12 08:04:33,YG019,2025-05-12 08:04:33,,True,admin
2395,2025-05-12 08:07:12,YG019,2025-05-12 08:07:12,,True,admin
2396,2025-05-12 08:09:15,YG019,2025-05-12 08:09:15,,True,admin
2397,2025-05-12 08:10:44,YG019,2025-05-12 08:10:44,,True,admin
2398,2025-05-12 08:12:20,YG019,2025-05-12 08:12:20,,True,admin
2399,2025-05-12 08:14:02,YG019,2025-05-12 08:14:02,,True,admin
2400,2025-05-12 08:19:26,YG019,2025-05-12 08:19:26,,True,admin
2401,2025-05-12 08:21:01,YG019,2025-05-12 08:21:01,,True,admin
2402,2025-05-12 08:29:39,YG019,2025-05-12 08:29:39,,True,admin
2403,2025-05-12 08:30:49,YG019,2025-05-12 08:30:49,,True,admin
2404,2025-05-12 08:31:44,YG019,2025-05-12 08:31:44,,True,admin
2405,2025-05-12 08:32:42,YG019,2025-05-12 08:32:42,,True,admin
2406,2025-05-12 08:33:46,YG019,2025-05-12 08:33:46,,True,admin
2407,2025-05-12 08:34:55,YG019,2025-05-12 08:34:55,,True,admin
2408,2025-05-12 08:36:04,YG019,2025-05-12 08:36:04,,True,admin
2409,2025-05-12 08:37:02,YG019,2025-05-12 08:37:02,,True,admin
2410,2025-05-12 08:38:05,YG019,2025-05-12 08:38:05,,True,admin
2411,2025-05-12 08:39:10,YG019,2025-05-12 08:39:10,,True,admin
2412,2025-05-12 08:40:16,YG019,2025-05-12 08:40:16,,True,admin
2413,2025-05-12 08:41:12,YG019,2025-05-12 08:41:12,,True,admin
2414,2025-05-12 08:42:22,YG019,2025-05-12 08:42:22,,True,admin
2415,2025-05-12 08:43:13,YG019,2025-05-12 08:43:13,,True,admin
2416,2025-05-12 08:44:23,YG019,2025-05-12 08:44:23,,True,admin
2417,2025-05-12 08:45:29,YG019,2025-05-12 08:45:29,,True,admin
2418,2025-05-12 08:47:08,YG019,2025-05-12 08:47:08,,True,admin
2419,2025-05-12 08:48:03,YG019,2025-05-12 08:48:03,,True,admin
2420,2025-05-12 08:50:40,YG019,2025-05-12 08:50:40,,True,admin
2421,2025-05-12 08:52:32,YG019,2025-05-12 08:52:32,,True,admin
2422,2025-05-12 09:22:51,YG019,2025-05-12 09:22:51,,True,admin
2423,2025-05-12 09:24:53,YG019,2025-05-12 09:24:53,,True,admin
2424,2025-05-12 09:25:43,YG019,2025-05-12 09:25:43,,True,admin
2425,2025-05-12 09:26:41,YG019,2025-05-12 09:26:41,,True,admin
2426,2025-05-12 09:31:46,YG019,2025-05-12 09:31:46,,True,admin
2427,2025-05-12 09:32:52,YG019,2025-05-12 09:32:52,,True,admin
2428,2025-05-12 09:34:14,YG019,2025-05-12 09:34:14,,True,admin
2429,2025-05-12 09:35:07,YG019,2025-05-12 09:35:07,,True,admin
2430,2025-05-12 09:36:15,YG019,2025-05-12 09:36:15,,True,admin
2431,2025-05-12 09:37:10,YG019,2025-05-12 09:37:10,,True,admin
2432,2025-05-12 09:38:09,YG019,2025-05-12 09:38:09,,True,admin
2433,2025-05-12 09:39:06,YG019,2025-05-12 09:39:06,,True,admin
2434,2025-05-12 09:40:19,YG019,2025-05-12 09:40:19,,True,admin
2435,2025-05-12 09:41:25,YG019,2025-05-12 09:41:25,,True,admin
2436,2025-05-12 09:42:15,YG019,2025-05-12 09:42:15,,True,admin
2437,2025-05-12 09:43:06,YG019,2025-05-12 09:43:06,,True,admin
2438,2025-05-28 08:47:23,YG025,2025-05-28 08:47:23,,True,admin
2439,2025-05-28 08:48:25,YG025,2025-05-28 08:48:25,,True,admin
2440,2025-05-28 08:51:55,YG025,2025-05-28 08:51:55,,True,admin
2441,2025-05-28 08:52:09,YG025,2025-05-28 08:52:09,,True,admin
2442,2025-05-28 08:54:49,YG025,2025-05-28 08:54:49,,True,admin
2443,2025-05-28 08:55:01,YG025,2025-05-28 08:55:01,,True,admin
2444,2025-05-28 08:56:32,YG025,2025-05-28 08:56:32,,True,admin
2445,2025-05-28 08:57:10,YG025,2025-05-28 08:57:10,,True,admin
2446,2025-05-28 08:57:38,YG025,2025-05-28 08:57:38,,True,admin
2447,2025-05-28 09:08:20,YG025,2025-05-28 09:08:20,,True,admin
2448,2025-05-28 09:55:14,YG025,2025-05-28 09:55:14,,True,admin
2449,2025-05-28 10:03:30,YG025,2025-05-28 10:03:30,,True,admin
2450,2025-05-28 10:05:22,YG025,2025-05-28 10:05:22,,True,admin
2451,2025-05-28 10:22:00,YG025,2025-05-28 10:22:00,,True,admin
2452,2025-05-28 10:25:16,YG025,2025-05-28 10:25:16,,True,admin
2453,2025-05-28 14:01:06,YG025,2025-05-28 14:01:06,,True,admin
2454,2025-05-28 14:04:53,YG025,2025-05-28 14:04:53,,True,admin
2455,2025-05-28 14:11:39,YG025,2025-05-28 14:11:39,,True,admin
2456,2025-05-28 14:14:17,YG025,2025-05-28 14:14:17,,True,admin
2457,2025-05-28 16:42:01,YG025,2025-05-28 16:42:01,,True,admin
2458,2025-05-28 17:33:09,YG025,2025-05-28 17:33:09,,True,admin
2459,2025-05-28 17:41:02,YG025,2025-05-28 17:41:02,,True,admin
2460,2025-05-28 17:47:09,YG025,2025-05-28 17:47:09,,True,admin
2461,2025-05-28 20:29:09,YG025,2025-05-28 20:29:09,,True,admin
2462,2025-05-28 20:39:15,YG025,2025-05-28 20:39:15,,True,admin
2463,2025-05-28 21:17:59,YG025,2025-05-28 21:17:59,,True,admin
2464,2025-05-29 11:32:41,YG025,2025-05-29 11:32:41,,True,admin
2465,2025-05-29 17:01:44,YG025,2025-05-29 17:01:44,,True,admin
2466,2025-05-30 22:15:34,YG025,2025-05-30 22:15:34,,True,admin
2467,2025-05-30 22:17:48,YG025,2025-05-30 22:17:48,,True,admin
2468,2025-06-04 11:22:31,YG025,2025-06-04 11:22:31,,True,admin
2469,2025-06-04 12:47:16,YG016,2025-06-04 12:47:16,,True,admin
2470,2025-06-07 22:29:46,YG007,2025-06-07 22:29:46,,True,admin
2471,2025-06-07 22:31:07,YG007,2025-06-07 22:31:07,,True,admin
2472,2025-06-07 22:37:24,YG007,2025-06-07 22:37:24,,True,admin
2473,2025-06-09 13:20:44,YG006,2025-06-09 13:20:44,,True,admin
2474,2025-06-09 13:20:47,YG006,2025-06-09 13:20:47,,True,admin
2475,2025-06-09 13:21:57,YG006,2025-06-09 13:21:57,,True,admin
2476,2025-06-09 13:22:55,YG006,2025-06-09 13:22:55,,True,admin
2477,2025-06-09 13:27:19,YG006,2025-06-09 13:27:19,,True,admin
2478,2025-06-09 13:36:54,YG006,2025-06-09 13:36:54,,True,admin
2479,2025-06-09 14:13:53,YG006,2025-06-09 14:13:53,,True,admin
2480,2025-06-09 17:38:08,YG006,2025-06-09 17:38:08,,True,admin
2481,2025-06-10 14:24:30,YG022,2025-06-10 14:24:30,,True,admin
2482,2025-06-10 14:31:43,YG022,2025-06-10 14:31:43,,True,admin
2483,2025-06-10 14:33:47,YG022,2025-06-10 14:33:47,,True,admin
2484,2025-06-10 14:34:05,YG022,2025-06-10 14:34:05,,True,admin
2485,2025-06-10 14:36:18,YG022,2025-06-10 14:36:18,,True,admin
2486,2025-06-10 14:40:27,YG022,2025-06-10 14:40:27,,True,admin
2487,2025-06-10 14:40:40,YG022,2025-06-10 14:40:40,,True,admin
2488,2025-06-10 14:49:40,YG022,2025-06-10 14:49:40,,True,admin
2489,2025-06-10 14:57:28,YG022,2025-06-10 14:57:28,,True,admin
2490,2025-06-10 15:58:23,YG006,2025-06-10 15:58:23,,True,admin
2491,2025-06-10 16:59:59,YG022,2025-06-10 16:59:59,,True,admin
2492,2025-06-10 17:37:39,YG022,2025-06-10 17:37:39,,True,admin
2493,2025-06-10 19:21:25,YG006,2025-06-10 19:21:25,,True,admin
2494,2025-06-10 20:15:19,YG022,2025-06-10 20:15:19,,True,admin
2495,2025-06-10 20:17:31,YG022,2025-06-10 20:17:31,,True,admin
2496,2025-06-11 11:36:23,YG019,2025-06-11 11:36:23,,True,admin
2497,2025-06-11 11:46:58,YG019,2025-06-11 11:46:58,,True,admin
2498,2025-06-11 11:49:20,YG019,2025-06-11 11:49:20,,True,admin
2499,2025-06-11 15:20:56,YG019,2025-06-11 15:20:56,,True,admin
2500,2025-06-14 17:33:04,YG014,2025-06-14 17:33:04,,True,admin
2501,2025-06-14 17:35:32,YG014,2025-06-14 17:35:32,,True,admin
2502,2025-06-14 17:36:35,YG014,2025-06-14 17:36:35,,True,admin
2503,2025-06-14 17:37:20,YG014,2025-06-14 17:37:20,,True,admin
2504,2025-06-14 17:37:36,YG014,2025-06-14 17:37:36,,True,admin
2505,2025-06-14 17:39:50,YG014,2025-06-14 17:39:50,,True,admin
2506,2025-06-14 17:40:29,YG014,2025-06-14 17:40:29,,True,admin
2507,2025-06-14 17:44:36,YG014,2025-06-14 17:44:36,,True,admin
2508,2025-06-14 17:50:37,YG014,2025-06-14 17:50:37,,True,admin
2509,2025-06-14 18:33:22,YG014,2025-06-14 18:33:22,,True,admin
2510,2025-06-14 20:12:33,YG014,2025-06-14 20:12:33,,True,admin
2511,2025-06-14 20:42:45,YG014,2025-06-14 20:42:45,,True,admin
2512,2025-06-14 20:48:52,YG014,2025-06-14 20:48:52,,True,admin
2513,2025-06-14 22:12:46,YG014,2025-06-14 22:12:46,,True,admin
2514,2025-06-15 20:38:34,YG019,2025-06-15 20:38:34,,True,admin
2515,2025-06-16 13:39:21,YG006,2025-06-16 13:39:21,,True,admin
2516,2025-06-16 13:41:06,YG006,2025-06-16 13:41:06,,True,admin
2517,2025-06-16 15:09:35,YG019,2025-06-16 15:09:35,,True,admin
2518,2025-06-16 15:11:12,YG019,2025-06-16 15:11:12,,True,admin
2519,2025-06-16 17:21:22,YG020,2025-06-16 17:21:22,,True,admin
2520,2025-06-16 17:21:49,YG020,2025-06-16 17:21:49,,True,admin
2521,2025-06-16 17:23:20,YG020,2025-06-16 17:23:20,,True,admin
2522,2025-06-16 17:38:52,YG020,2025-06-16 17:38:52,,True,admin
2523,2025-06-16 17:40:40,YG020,2025-06-16 17:40:40,,True,admin
2524,2025-06-16 18:11:59,YG020,2025-06-16 18:11:59,,True,admin
2525,2025-06-16 18:15:35,YG020,2025-06-16 18:15:35,,True,admin
2526,2025-06-16 18:29:04,YG020,2025-06-16 18:29:04,,True,admin
2527,2025-06-16 18:52:45,YG020,2025-06-16 18:52:45,,True,admin
2528,2025-06-16 19:05:35,YG020,2025-06-16 19:05:35,,True,admin
2529,2025-06-17 03:44:30,YG020,2025-06-17 03:44:30,,True,admin
2530,2025-06-18 17:03:38,YG020,2025-06-18 17:03:38,,True,admin
2531,2025-06-18 21:13:55,YG023,2025-06-18 21:13:55,,True,admin
2532,2025-06-18 21:29:15,YG023,2025-06-18 21:29:15,,True,admin
2533,2025-06-18 21:54:51,YG023,2025-06-18 21:54:51,,True,admin
2534,2025-06-19 00:50:52,YG023,2025-06-19 00:50:52,,True,admin
2535,2025-06-19 07:46:18,YG023,2025-06-19 07:46:18,,True,admin
2536,2025-06-19 14:15:51,YG020,2025-06-19 14:15:51,,True,admin
2537,2025-06-19 15:42:54,YG023,2025-06-19 15:42:54,,True,admin
2538,2025-06-19 16:33:51,YG023,2025-06-19 16:33:51,,True,admin
2538,2025-11-04 00:07:41,YG027,2025-11-04 00:07:41,,True,admin
2539,2025-06-19 17:30:55,YG023,2025-06-19 17:30:55,,True,admin
2540,2025-06-20 12:11:59,YG025,2025-06-20 12:11:59,,True,admin
2541,2025-06-20 14:04:05,YG022,2025-06-20 14:04:05,,True,admin
2542,2025-06-21 13:09:15,YG022,2025-06-21 13:09:15,,True,admin
2543,2025-06-22 14:46:22,YG019,2025-06-22 14:46:22,,True,admin
2544,2025-06-24 15:39:04,YG023,2025-06-24 15:39:04,,True,admin
2545,2025-06-24 21:37:10,YG013,2025-06-24 21:37:10,,True,admin
2546,2025-06-24 21:38:50,YG013,2025-06-24 21:38:50,,True,admin
2547,2025-06-24 21:46:54,YG013,2025-06-24 21:46:54,,True,admin
2548,2025-06-24 22:04:39,YG003,2025-06-24 22:04:39,,True,admin
2549,2025-06-24 22:54:34,YG022,2025-06-24 22:54:34,,True,admin
2550,2025-06-24 23:04:31,YG010,2025-06-24 23:04:31,,True,admin
2551,2025-06-25 11:53:01,YG023,2025-06-25 11:53:01,,True,admin
2552,2025-06-25 12:59:08,YG020,2025-06-25 12:59:08,,True,admin
2553,2025-06-26 09:52:09,YG017,2025-06-26 09:52:09,,True,admin
2554,2025-06-26 10:01:07,YG017,2025-06-26 10:01:07,,True,admin
2555,2025-06-26 10:52:14,YG017,2025-06-26 10:52:14,,True,admin
2556,2025-06-26 10:55:11,YG017,2025-06-26 10:55:11,,True,admin
2557,2025-06-26 11:52:06,YG017,2025-06-26 11:52:06,,True,admin
2558,2025-06-26 12:10:00,YG017,2025-06-26 12:10:00,,True,admin
2559,2025-06-26 15:07:34,YG023,2025-06-26 15:07:34,,True,admin
2560,2025-06-26 21:12:05,YG005,2025-06-26 21:12:05,,True,admin
2561,2025-06-26 23:08:30,YG017,2025-06-26 23:08:30,,True,admin
2562,2025-06-27 00:38:15,YG017,2025-06-27 00:38:15,,True,admin
2563,2025-06-27 03:51:21,YG017,2025-06-27 03:51:21,,True,admin
2564,2025-06-29 14:27:09,YG003,2025-06-29 14:27:09,,True,admin
2565,2025-06-30 14:20:43,YG019,2025-06-30 14:20:43,,True,admin
2566,2025-07-04 16:20:31,YG003,2025-07-04 16:20:31,,True,admin
2567,2025-07-04 16:23:40,YG003,2025-07-04 16:23:40,,True,admin
2568,2025-07-08 18:51:25,YG006,2025-07-08 18:51:25,,True,admin
2569,2025-07-08 22:42:46,YG022,2025-07-08 22:42:46,,True,admin
2570,2025-07-08 22:46:29,YG022,2025-07-08 22:46:29,,True,admin
2571,2025-07-08 22:49:07,YG022,2025-07-08 22:49:07,,True,admin
2572,2025-07-09 19:42:17,YG019,2025-07-09 19:42:17,,True,admin
2573,2025-07-10 05:07:41,YG022,2025-07-10 05:07:41,,True,admin
2574,2025-07-13 22:47:18,YG025,2025-07-13 22:47:18,,True,admin
2575,2025-07-15 11:24:30,YG018,2025-07-15 11:24:30,,True,admin
2576,2025-07-15 11:53:26,YG018,2025-07-15 11:53:26,,True,admin
2577,2025-07-15 12:04:53,YG024,2025-07-15 12:04:53,,True,admin
2578,2025-07-15 16:06:27,YG018,2025-07-15 16:06:27,,True,admin
2579,2025-07-16 10:40:31,YG019,2025-07-16 10:40:31,,True,admin
2580,2025-08-09 09:44:53,YG022,2025-08-09 09:44:53,,True,admin
2581,2025-08-09 09:45:05,YG022,2025-08-09 09:45:05,,True,admin
2582,2025-08-09 09:46:00,YG022,2025-08-09 09:46:00,,True,admin
2583,2025-08-09 09:46:25,YG022,2025-08-09 09:46:25,,True,admin
2584,2025-08-09 09:47:19,YG022,2025-08-09 09:47:19,,True,admin
2585,2025-08-09 09:47:23,YG022,2025-08-09 09:47:23,,True,admin
2586,2025-08-09 09:48:06,YG022,2025-08-09 09:48:06,,True,admin
2587,2025-08-09 09:48:12,YG022,2025-08-09 09:48:12,,True,admin
2588,2025-08-09 09:49:00,YG022,2025-08-09 09:49:00,,True,admin
2589,2025-08-09 09:49:26,YG022,2025-08-09 09:49:26,,True,admin
2590,2025-08-09 09:49:28,YG022,2025-08-09 09:49:28,,True,admin
2591,2025-08-09 09:53:03,YG022,2025-08-09 09:53:03,,True,admin
2592,2025-08-09 09:53:16,YG022,2025-08-09 09:53:16,,True,admin
2593,2025-08-09 09:55:00,YG022,2025-08-09 09:55:00,,True,admin
2594,2025-08-09 09:55:42,YG022,2025-08-09 09:55:42,,True,admin
2595,2025-08-09 10:05:38,YG022,2025-08-09 10:05:38,,True,admin
2596,2025-08-09 10:11:35,YG022,2025-08-09 10:11:35,,True,admin
2597,2025-08-09 10:14:02,YG022,2025-08-09 10:14:02,,True,admin
2598,2025-08-09 10:24:10,YG022,2025-08-09 10:24:10,,True,admin
2599,2025-08-09 10:25:25,YG022,2025-08-09 10:25:25,,True,admin
2600,2025-08-09 19:50:00,YG022,2025-08-09 19:50:00,,True,admin
2601,2025-08-09 19:52:20,YG022,2025-08-09 19:52:20,,True,admin
2602,2025-08-09 20:50:26,YG022,2025-08-09 20:50:26,,True,admin
2603,2025-08-09 20:50:47,YG022,2025-08-09 20:50:47,,True,admin
2604,2025-08-09 20:53:52,YG022,2025-08-09 20:53:52,,True,admin
2605,2025-08-09 20:55:17,YG022,2025-08-09 20:55:17,,True,admin
2606,2025-08-09 20:57:29,YG022,2025-08-09 20:57:29,,True,admin
2607,2025-08-09 20:57:37,YG022,2025-08-09 20:57:37,,True,admin
2608,2025-08-09 21:02:37,YG022,2025-08-09 21:02:37,,True,admin
2609,2025-08-09 21:03:23,YG022,2025-08-09 21:03:23,,True,admin
2610,2025-08-09 21:03:54,YG022,2025-08-09 21:03:54,,True,admin
2611,2025-08-09 21:05:51,YG022,2025-08-09 21:05:51,,True,admin
2612,2025-08-09 21:07:30,YG022,2025-08-09 21:07:30,,True,admin
2613,2025-08-09 21:08:12,YG022,2025-08-09 21:08:12,,True,admin
2614,2025-08-09 21:28:55,YG022,2025-08-09 21:28:55,,True,admin
2615,2025-08-09 22:27:02,YG022,2025-08-09 22:27:02,,True,admin
2616,2025-08-09 22:29:54,YG022,2025-08-09 22:29:54,,True,admin
2617,2025-08-09 23:00:32,YG022,2025-08-09 23:00:32,,True,admin
2618,2025-08-12 13:19:31,YG006,2025-08-12 13:19:31,,True,admin
2619,2025-08-12 14:19:53,YG006,2025-08-12 14:19:53,,True,admin
2620,2025-09-09 16:58:08,YG022,2025-09-09 16:58:08,,True,admin
2621,2025-09-10 20:47:49,YG005,2025-09-10 20:47:49,,True,admin
2622,2025-09-10 20:51:45,YG005,2025-09-10 20:51:45,,True,admin
2623,2025-09-10 20:53:09,YG005,2025-09-10 20:53:09,,True,admin
2624,2025-09-10 20:53:20,YG005,2025-09-10 20:53:20,,True,admin
2625,2025-09-10 20:55:06,YG005,2025-09-10 20:55:06,,True,admin
2626,2025-09-10 20:56:18,YG005,2025-09-10 20:56:18,,True,admin
2627,2025-09-10 20:56:36,YG005,2025-09-10 20:56:36,,True,admin
2628,2025-09-10 20:58:31,YG005,2025-09-10 20:58:31,,True,admin
2629,2025-09-10 21:01:56,YG005,2025-09-10 21:01:56,,True,admin
2630,2025-09-10 21:19:54,YG005,2025-09-10 21:19:54,,True,admin
2631,2025-09-10 21:23:02,YG005,2025-09-10 21:23:02,,True,admin
2632,2025-09-10 21:48:08,YG005,2025-09-10 21:48:08,,True,admin
2633,2025-09-10 22:45:43,YG005,2025-09-10 22:45:43,,True,admin
2634,2025-09-10 22:51:51,YG005,2025-09-10 22:51:51,,True,admin
2635,2025-09-10 22:54:52,YG005,2025-09-10 22:54:52,,True,admin
2636,2025-09-10 23:10:27,YG005,2025-09-10 23:10:27,,True,admin
2637,2025-09-12 07:53:42,YG005,2025-09-12 07:53:42,,True,admin
2638,2025-09-12 07:54:59,YG005,2025-09-12 07:54:59,,True,admin
2639,2025-09-12 09:46:57,YG005,2025-09-12 09:46:57,,True,admin
2640,2025-09-12 13:31:51,YG005,2025-09-12 13:31:51,,True,admin
2641,2025-09-12 17:06:30,YG005,2025-09-12 17:06:30,,True,admin
2642,2025-09-12 17:07:46,YG005,2025-09-12 17:07:46,,True,admin
2643,2025-09-12 18:32:40,YG005,2025-09-12 18:32:40,,True,admin
2644,2025-09-13 14:30:38,YG022,2025-09-13 14:30:38,,True,admin
2645,2025-09-13 14:42:50,YG005,2025-09-13 14:42:50,,True,admin
2646,2025-09-13 15:33:35,YG022,2025-09-13 15:33:35,,True,admin
2647,2025-09-13 21:54:05,YG022,2025-09-13 21:54:05,,True,admin
2648,2025-09-14 17:30:30,YG005,2025-09-14 17:30:30,,True,admin
2649,2025-09-15 21:57:49,YG005,2025-09-15 21:57:49,,True,admin
2650,2025-09-15 22:15:16,YG005,2025-09-15 22:15:16,,True,admin
2651,2025-09-19 13:24:01,YG005,2025-09-19 13:24:01,,True,admin
2652,2025-09-21 18:40:13,YG022,2025-09-21 18:40:13,,True,admin
2653,2025-09-21 18:44:38,YG022,2025-09-21 18:44:38,,True,admin
2654,2025-09-24 07:31:20,YG022,2025-09-24 07:31:20,,True,admin
2655,2025-09-24 07:33:41,YG022,2025-09-24 07:33:41,,True,admin
2656,2025-09-24 07:35:26,YG022,2025-09-24 07:35:26,,True,admin
2657,2025-09-24 07:39:52,YG022,2025-09-24 07:39:52,,True,admin
2658,2025-09-24 07:40:30,YG022,2025-09-24 07:40:30,,True,admin
2659,2025-09-24 07:41:43,YG022,2025-09-24 07:41:43,,True,admin
2660,2025-09-24 07:44:17,YG022,2025-09-24 07:44:17,,True,admin
2661,2025-09-24 08:22:40,YG022,2025-09-24 08:22:40,,True,admin
2662,2025-09-24 08:25:12,YG022,2025-09-24 08:25:12,,True,admin
2663,2025-09-24 09:09:59,YG022,2025-09-24 09:09:59,,True,admin
2664,2025-09-24 09:37:27,YG022,2025-09-24 09:37:27,,True,admin
2665,2025-09-24 10:12:20,YG022,2025-09-24 10:12:20,,True,admin
2666,2025-09-24 11:00:50,YG022,2025-09-24 11:00:50,,True,admin
2667,2025-09-24 22:13:22,YG022,2025-09-24 22:13:22,,True,admin
2668,2025-09-25 07:40:19,YG022,2025-09-25 07:40:19,,True,admin
2669,2025-09-26 14:48:07,YG022,2025-09-26 14:48:07,,True,admin
2670,2025-09-27 17:35:35,YG022,2025-09-27 17:35:35,,True,admin
2671,2025-09-27 17:35:49,YG022,2025-09-27 17:35:49,,True,admin
2672,2025-09-27 17:38:42,YG022,2025-09-27 17:38:42,,True,admin
2673,2025-09-27 17:50:01,YG005,2025-09-27 17:50:01,,True,admin
2674,2025-09-27 17:50:30,YG005,2025-09-27 17:50:30,,True,admin
2675,2025-09-27 18:08:23,YG022,2025-09-27 18:08:23,,True,admin
2676,2025-09-27 18:32:17,YG022,2025-09-27 18:32:17,,True,admin
2677,2025-09-27 18:37:42,YG022,2025-09-27 18:37:42,,True,admin
2678,2025-09-27 18:40:17,YG022,2025-09-27 18:40:17,,True,admin
2679,2025-09-27 20:52:33,YG022,2025-09-27 20:52:33,,True,admin
2680,2025-09-27 20:53:04,YG022,2025-09-27 20:53:04,,True,admin
2681,2025-09-27 20:55:51,YG022,2025-09-27 20:55:51,,True,admin
2682,2025-09-27 20:56:29,YG022,2025-09-27 20:56:29,,True,admin
2683,2025-09-27 20:58:28,YG022,2025-09-27 20:58:28,,True,admin
2684,2025-09-27 21:08:01,YG022,2025-09-27 21:08:01,,True,admin
2685,2025-09-27 21:17:46,YG022,2025-09-27 21:17:46,,True,admin
2686,2025-09-27 21:24:55,YG022,2025-09-27 21:24:55,,True,admin
2687,2025-09-27 22:17:48,YG022,2025-09-27 22:17:48,,True,admin
2688,2025-09-28 10:22:30,YG022,2025-09-28 10:22:30,,True,admin
2689,2025-09-28 10:58:36,YG022,2025-09-28 10:58:36,,True,admin
2690,2025-09-28 10:58:37,YG022,2025-09-28 10:58:37,,True,admin
2691,2025-09-28 11:59:52,YG022,2025-09-28 11:59:52,,True,admin
2692,2025-09-28 14:37:40,YG022,2025-09-28 14:37:40,,True,admin
2693,2025-09-28 14:38:46,YG022,2025-09-28 14:38:46,,True,admin
2694,2025-09-28 14:40:58,YG022,2025-09-28 14:40:58,,True,admin
2695,2025-10-09 10:12:01,YG022,2025-10-09 10:12:01,,True,admin
2696,2025-10-09 10:14:14,YG022,2025-10-09 10:14:14,,True,admin
2697,2025-10-10 10:17:40,YG022,2025-10-10 10:17:40,,True,admin
2698,2025-10-10 10:20:23,YG022,2025-10-10 10:20:23,,True,admin
2699,2025-10-10 10:51:59,YG022,2025-10-10 10:51:59,,True,admin
2700,2025-10-10 10:53:48,YG022,2025-10-10 10:53:48,,True,admin
2701,2025-10-15 09:14:10,YG022,2025-10-15 09:14:10,,True,admin
2702,2025-10-15 09:17:13,YG022,2025-10-15 09:17:13,,True,admin
2703,2025-10-15 09:17:26,YG022,2025-10-15 09:17:26,,True,admin
2704,2025-10-15 11:02:54,YG022,2025-10-15 11:02:54,,True,admin
2705,2025-10-15 15:20:34,YG022,2025-10-15 15:20:34,,True,admin
2706,2025-10-18 18:07:54,YG022,2025-10-18 18:07:54,,True,admin
2707,2025-10-18 18:09:42,YG022,2025-10-18 18:09:42,,True,admin
2708,2025-10-19 19:15:44,YG022,2025-10-19 19:15:44,,True,admin
2709,2025-10-19 19:21:05,YG022,2025-10-19 19:21:05,,True,admin
2710,2025-10-24 14:28:50,YG022,2025-10-24 14:28:50,,True,admin
2711,2025-10-25 20:09:51,YG022,2025-10-25 20:09:51,,True,admin
2712,2025-10-25 20:39:50,YG022,2025-10-25 20:39:50,,True,admin
2713,2025-10-28 18:13:52,YG005,2025-10-28 18:13:52,,True,admin
2714,2025-10-28 18:15:39,YG005,2025-10-28 18:15:39,,True,admin
2715,2025-10-28 18:33:54,YG005,2025-10-28 18:33:54,,True,admin
2716,2025-10-28 21:22:24,YG005,2025-10-28 21:22:24,,True,admin
2717,2025-10-29 09:08:18,YG022,2025-10-29 09:08:18,,True,admin
2718,2025-10-29 09:10:43,YG022,2025-10-29 09:10:43,,True,admin
2719,2025-10-29 09:30:49,YG022,2025-10-29 09:30:49,,True,admin
2720,2025-10-29 10:39:31,YG022,2025-10-29 10:39:31,,True,admin
2721,2025-10-29 10:53:48,YG022,2025-10-29 10:53:48,,True,admin
2722,2025-10-29 11:04:54,YG022,2025-10-29 11:04:54,,True,admin
2723,2025-10-29 12:13:13,YG022,2025-10-29 12:13:13,,True,admin
2724,2025-10-29 12:15:45,YG022,2025-10-29 12:15:45,,True,admin
2725,2025-10-29 13:27:07,YG022,2025-10-29 13:27:07,,True,admin
2726,2025-10-29 15:22:42,YG022,2025-10-29 15:22:42,,True,admin
2727,2025-10-29 21:39:43,YG021,2025-10-29 21:39:43,,True,admin
2728,2025-10-30 10:57:12,YG022,2025-10-30 10:57:12,,True,admin
2729,2025-10-30 14:05:04,YG013,2025-10-30 14:05:04,,True,admin
2730,2025-10-30 14:37:52,YG013,2025-10-30 14:37:52,,True,admin
2731,2025-10-30 14:48:03,YG013,2025-10-30 14:48:03,,True,admin
2732,2025-10-30 21:16:39,YG022,2025-10-30 21:16:39,,True,admin
2733,2025-10-31 15:02:56,YG019,2025-10-31 15:02:56,,True,admin
2734,2025-10-31 15:19:51,YG022,2025-10-31 15:19:51,,True,admin
2735,2025-10-31 15:32:44,YG022,2025-10-31 15:32:44,,True,admin
2736,2025-10-31 15:41:22,YG022,2025-10-31 15:41:22,,True,admin
2737,2025-10-31 15:46:20,YG022,2025-10-31 15:46:20,,True,admin
2738,2025-10-31 16:01:21,YG022,2025-10-31 16:01:21,,True,admin
2739,2025-10-31 16:23:51,YG022,2025-10-31 16:23:51,,True,admin
2740,2025-10-31 16:51:34,YG022,2025-10-31 16:51:34,,True,admin
2741,2025-10-31 16:54:07,YG022,2025-10-31 16:54:07,,True,admin
2742,2025-10-31 19:49:34,YG021,2025-10-31 19:49:34,,True,admin
2743,2025-10-31 19:51:23,YG021,2025-10-31 19:51:23,,True,admin
2744,2025-10-31 20:58:23,YG022,2025-10-31 20:58:23,,True,admin
2745,2025-10-31 21:14:49,YG005,2025-10-31 21:14:49,,True,admin
2746,2025-10-31 21:21:07,YG005,2025-10-31 21:21:07,,True,admin
2747,2025-10-31 21:22:40,YG005,2025-10-31 21:22:40,,True,admin
2748,2025-10-31 21:25:44,YG005,2025-10-31 21:25:44,,True,admin
2749,2025-10-31 21:26:26,YG016,2025-10-31 21:26:26,,True,admin
2750,2025-10-31 23:56:06,YG016,2025-10-31 23:56:06,,True,admin
2751,2025-10-31 23:58:22,YG016,2025-10-31 23:58:22,,True,admin
2752,2025-11-01 00:06:32,YG019,2025-11-01 00:06:32,,True,admin
2753,2025-11-01 00:09:46,YG016,2025-11-01 00:09:46,,True,admin
2754,2025-11-01 00:09:59,YG019,2025-11-01 00:09:59,,True,admin
2755,2025-11-01 12:53:09,YG003,2025-11-01 12:53:09,,True,admin
2756,2025-11-01 12:53:22,YG027,2025-11-01 12:53:22,,True,admin
2757,2025-11-01 12:54:57,YG027,2025-11-01 12:54:57,,True,admin
2758,2025-11-01 12:56:39,YG028,2025-11-01 12:56:39,,True,admin
2759,2025-11-01 12:57:35,YG021,2025-11-01 12:57:35,,True,admin
2760,2025-11-01 13:04:27,YG023,2025-11-01 13:04:27,,True,admin
2761,2025-11-01 13:04:58,YG007,2025-11-01 13:04:58,,True,admin
2762,2025-11-01 13:07:30,YG023,2025-11-01 13:07:30,,True,admin
2763,2025-11-01 13:09:55,YG007,2025-11-01 13:09:55,,True,admin
2764,2025-11-01 13:10:42,YG003,2025-11-01 13:10:42,,True,admin
2765,2025-11-01 13:10:43,YG028,2025-11-01 13:10:43,,True,admin
2766,2025-11-01 13:15:47,YG007,2025-11-01 13:15:47,,True,admin
2767,2025-11-01 13:38:15,YG009,2025-11-01 13:38:15,,True,admin
2768,2025-11-01 13:42:24,YG002,2025-11-01 13:42:24,,True,admin
2769,2025-11-01 13:45:21,YG016,2025-11-01 13:45:21,,True,admin
2770,2025-11-01 13:47:48,YG016,2025-11-01 13:47:48,,True,admin
2771,2025-11-01 13:54:24,YG016,2025-11-01 13:54:24,,True,admin
2772,2025-11-01 13:54:51,YG016,2025-11-01 13:54:51,,True,admin
2773,2025-11-01 14:14:31,YG016,2025-11-01 14:14:31,,True,admin
2774,2025-11-01 14:14:33,YG016,2025-11-01 14:14:33,,True,admin
2775,2025-11-01 14:16:46,YG016,2025-11-01 14:16:46,,True,admin
2776,2025-11-01 14:20:17,YG022,2025-11-01 14:20:17,,True,admin
2777,2025-11-01 14:22:07,YG021,2025-11-01 14:22:07,,True,admin
2778,2025-11-01 14:23:22,YG022,2025-11-01 14:23:22,,True,admin
2779,2025-11-01 14:23:33,YG003,2025-11-01 14:23:33,,True,admin
2780,2025-11-01 14:26:49,YG016,2025-11-01 14:26:49,,True,admin
2781,2025-11-01 14:30:32,YG016,2025-11-01 14:30:32,,True,admin
2782,2025-11-01 14:32:39,YG022,2025-11-01 14:32:39,,True,admin
2783,2025-11-01 14:37:02,YG003,2025-11-01 14:37:02,,True,admin
2784,2025-11-01 14:37:23,YG022,2025-11-01 14:37:23,,True,admin
2785,2025-11-01 14:38:41,YG016,2025-11-01 14:38:41,,True,admin
2786,2025-11-01 14:39:55,YG022,2025-11-01 14:39:55,,True,admin
2787,2025-11-01 14:44:21,YG022,2025-11-01 14:44:21,,True,admin
2788,2025-11-01 14:55:13,YG016,2025-11-01 14:55:13,,True,admin
2789,2025-11-01 14:56:14,YG016,2025-11-01 14:56:14,,True,admin
2790,2025-11-01 15:16:15,YG002,2025-11-01 15:16:15,,True,admin
2791,2025-11-01 15:27:30,YG027,2025-11-01 15:27:30,,True,admin
2792,2025-11-01 15:30:17,YG027,2025-11-01 15:30:17,,True,admin
2793,2025-11-01 15:31:36,YG002,2025-11-01 15:31:36,,True,admin
2794,2025-11-01 15:36:24,YG029,2025-11-01 15:36:24,,True,admin
2795,2025-11-01 15:36:39,YG023,2025-11-01 15:36:39,,True,admin
2796,2025-11-01 15:39:14,YG029,2025-11-01 15:39:14,,True,admin
2797,2025-11-01 15:40:51,YG029,2025-11-01 15:40:51,,True,admin
2798,2025-11-01 15:42:04,YG029,2025-11-01 15:42:04,,True,admin
2799,2025-11-01 15:44:04,YG029,2025-11-01 15:44:04,,True,admin
2800,2025-11-01 15:44:27,YG002,2025-11-01 15:44:27,,True,admin
2801,2025-11-01 15:45:23,YG029,2025-11-01 15:45:23,,True,admin
2802,2025-11-01 15:46:54,YG002,2025-11-01 15:46:54,,True,admin
2803,2025-11-01 15:50:56,YG002,2025-11-01 15:50:56,,True,admin
2804,2025-11-01 15:57:39,YG028,2025-11-01 15:57:39,,True,admin
2805,2025-11-01 16:01:30,YG002,2025-11-01 16:01:30,,True,admin
2806,2025-11-01 16:21:38,YG007,2025-11-01 16:21:38,,True,admin
2807,2025-11-01 16:25:41,YG022,2025-11-01 16:25:41,,True,admin
2808,2025-11-01 17:19:07,YG019,2025-11-01 17:19:07,,True,admin
2809,2025-11-01 17:19:44,YG019,2025-11-01 17:19:44,,True,admin
2810,2025-11-01 17:22:02,YG023,2025-11-01 17:22:02,,True,admin
2811,2025-11-01 17:31:29,YG028,2025-11-01 17:31:29,,True,admin
2812,2025-11-01 17:44:14,YG028,2025-11-01 17:44:14,,True,admin
2812,2026-01-25 16:42:58,YG030,2026-01-25 16:42:58,,True,admin
2813,2025-11-01 18:36:01,YG028,2025-11-01 18:36:01,,True,admin
2814,2025-11-01 18:54:11,YG002,2025-11-01 18:54:11,,True,admin
2815,2025-11-01 18:59:46,YG002,2025-11-01 18:59:46,,True,admin
2816,2025-11-01 19:10:35,YG022,2025-11-01 19:10:35,,True,admin
2817,2025-11-01 19:21:29,YG020,2025-11-01 19:21:29,,True,admin
2818,2025-11-01 19:26:29,YG020,2025-11-01 19:26:29,,True,admin
2819,2025-11-01 20:03:05,YG028,2025-11-01 20:03:05,,True,admin
2820,2025-11-01 20:04:12,YG028,2025-11-01 20:04:12,,True,admin
2821,2025-11-01 20:20:26,YG028,2025-11-01 20:20:26,,True,admin
2822,2025-11-01 20:50:17,YG027,2025-11-01 20:50:17,,True,admin
2823,2025-11-01 21:21:30,YG016,2025-11-01 21:21:30,,True,admin
2824,2025-11-01 22:08:22,YG006,2025-11-01 22:08:22,,True,admin
2825,2025-11-01 22:12:46,YG022,2025-11-01 22:12:46,,True,admin
2826,2025-11-01 22:25:46,YG026,2025-11-01 22:25:46,,True,admin
2827,2025-11-01 22:36:54,YG021,2025-11-01 22:36:54,,True,admin
2828,2025-11-01 23:31:58,YG021,2025-11-01 23:31:58,,True,admin
2829,2025-11-01 23:34:04,YG021,2025-11-01 23:34:04,,True,admin
2830,2025-11-02 02:32:53,YG022,2025-11-02 02:32:53,,True,admin
2831,2025-11-02 07:36:54,YG002,2025-11-02 07:36:54,,True,admin
2832,2025-11-02 09:06:38,YG022,2025-11-02 09:06:38,,True,admin
2833,2025-11-02 09:59:02,YG010,2025-11-02 09:59:02,,True,admin
2834,2025-11-02 11:10:16,YG010,2025-11-02 11:10:16,,True,admin
2835,2025-11-02 13:45:07,YG022,2025-11-02 13:45:07,,True,admin
2836,2025-11-02 15:31:58,YG026,2025-11-02 15:31:58,,True,admin
2837,2025-11-02 15:32:31,YG026,2025-11-02 15:32:31,,True,admin
2838,2025-11-02 15:36:25,YG022,2025-11-02 15:36:25,,True,admin
2839,2025-11-02 15:45:41,YG026,2025-11-02 15:45:41,,True,admin
2840,2025-11-02 15:47:15,YG026,2025-11-02 15:47:15,,True,admin
2841,2025-11-02 15:47:19,YG026,2025-11-02 15:47:19,,True,admin
2842,2025-11-02 15:49:59,YG026,2025-11-02 15:49:59,,True,admin
2843,2025-11-02 15:57:35,YG026,2025-11-02 15:57:35,,True,admin
2844,2025-11-02 16:07:15,YG003,2025-11-02 16:07:15,,True,admin
2845,2025-11-02 18:02:40,YG002,2025-11-02 18:02:40,,True,admin
2846,2025-11-02 21:38:50,YG022,2025-11-02 21:38:50,,True,admin
2847,2025-11-02 22:51:00,YG022,2025-11-02 22:51:00,,True,admin
2848,2025-11-02 22:59:14,YG022,2025-11-02 22:59:14,,True,admin
2849,2025-11-02 23:06:10,YG002,2025-11-02 23:06:10,,True,admin
2850,2025-11-02 23:28:35,YG003,2025-11-02 23:28:35,,True,admin
2851,2025-11-03 00:02:06,YG026,2025-11-03 00:02:06,,True,admin
2852,2025-11-03 11:44:49,YG007,2025-11-03 11:44:49,,True,admin
2853,2025-11-03 11:47:05,YG007,2025-11-03 11:47:05,,True,admin
2854,2025-11-03 11:48:14,YG007,2025-11-03 11:48:14,,True,admin
2855,2025-11-03 15:20:43,YG022,2025-11-03 15:20:43,,True,admin
2856,2025-11-03 15:21:27,YG022,2025-11-03 15:21:27,,True,admin
2857,2025-11-03 15:21:39,YG022,2025-11-03 15:21:39,,True,admin
2858,2025-11-03 15:29:03,YG022,2025-11-03 15:29:03,,True,admin
2859,2025-11-03 15:29:59,YG022,2025-11-03 15:29:59,,True,admin
2860,2025-11-03 15:34:19,YG022,2025-11-03 15:34:19,,True,admin
2861,2025-11-03 16:41:36,YG022,2025-11-03 16:41:36,,True,admin
2862,2025-11-03 17:48:53,YG017,2025-11-03 17:48:53,,True,admin
2863,2025-11-03 18:11:29,YG011,2025-11-03 18:11:29,,True,admin
2864,2025-11-03 18:13:36,YG011,2025-11-03 18:13:36,,True,admin
2865,2025-11-03 18:15:43,YG011,2025-11-03 18:15:43,,True,admin
2866,2025-11-03 19:02:59,YG017,2025-11-03 19:02:59,,True,admin
2867,2025-11-03 19:20:56,YG005,2025-11-03 19:20:56,,True,admin
2868,2025-11-03 19:55:34,YG017,2025-11-03 19:55:34,,True,admin
2869,2025-11-03 21:06:45,YG022,2025-11-03 21:06:45,,True,admin
2870,2025-11-03 22:29:57,YG022,2025-11-03 22:29:57,,True,admin
2871,2025-11-03 23:43:39,YG024,2025-11-03 23:43:39,,True,admin
2872,2025-11-03 23:57:42,YG024,2025-11-03 23:57:42,,True,admin
2873,2025-11-03 23:59:22,YG024,2025-11-03 23:59:22,,True,admin
2874,2025-11-04 00:17:50,YG019,2025-11-04 00:17:50,,True,admin
2875,2025-11-04 01:12:23,YG017,2025-11-04 01:12:23,,True,admin
2876,2025-11-04 03:52:51,YG007,2025-11-04 03:52:51,,True,admin
2877,2025-11-04 08:13:58,YG019,2025-11-04 08:13:58,,True,admin
2878,2025-11-04 10:39:05,YG011,2025-11-04 10:39:05,,True,admin
2879,2025-11-04 10:45:12,YG019,2025-11-04 10:45:12,,True,admin
2880,2025-11-04 10:48:33,YG023,2025-11-04 10:48:33,,True,admin
2881,2025-11-04 10:49:25,YG019,2025-11-04 10:49:25,,True,admin
2882,2025-11-04 12:44:13,YG011,2025-11-04 12:44:13,,True,admin
2883,2025-11-04 12:48:22,YG023,2025-11-04 12:48:22,,True,admin
2884,2025-11-04 12:53:27,YG012,2025-11-04 12:53:27,,True,admin
2885,2025-11-04 13:26:56,YG023,2025-11-04 13:26:56,,True,admin
2886,2025-11-04 13:36:14,YG019,2025-11-04 13:36:14,,True,admin
2887,2025-11-04 14:12:03,YG012,2025-11-04 14:12:03,,True,admin
2888,2025-11-04 18:53:40,YG007,2025-11-04 18:53:40,,True,admin
2889,2025-11-04 19:16:47,YG026,2025-11-04 19:16:47,,True,admin
2890,2025-11-04 21:01:49,YG026,2025-11-04 21:01:49,,True,admin
2891,2025-11-04 21:32:50,YG003,2025-11-04 21:32:50,,True,admin
2892,2025-11-04 22:46:01,YG016,2025-11-04 22:46:01,,True,admin
2893,2025-11-05 07:25:13,YG029,2025-11-05 07:25:13,,True,admin
2894,2025-11-05 07:27:01,YG029,2025-11-05 07:27:01,,True,admin
2895,2025-11-05 07:31:11,YG029,2025-11-05 07:31:11,,True,admin
2896,2025-11-05 07:32:51,YG029,2025-11-05 07:32:51,,True,admin
2897,2025-11-05 07:36:03,YG029,2025-11-05 07:36:03,,True,admin
2898,2025-11-05 07:38:50,YG029,2025-11-05 07:38:50,,True,admin
2899,2025-11-05 07:40:38,YG029,2025-11-05 07:40:38,,True,admin
2900,2025-11-05 07:42:21,YG029,2025-11-05 07:42:21,,True,admin
2901,2025-11-05 07:44:46,YG029,2025-11-05 07:44:46,,True,admin
2902,2025-11-05 07:46:10,YG029,2025-11-05 07:46:10,,True,admin
2903,2025-11-05 07:49:01,YG029,2025-11-05 07:49:01,,True,admin
2904,2025-11-05 07:50:22,YG029,2025-11-05 07:50:22,,True,admin
2905,2025-11-05 07:51:40,YG029,2025-11-05 07:51:40,,True,admin
2906,2025-11-05 07:56:59,YG029,2025-11-05 07:56:59,,True,admin
2907,2025-11-05 07:57:55,YG029,2025-11-05 07:57:55,,True,admin
2908,2025-11-05 07:59:10,YG029,2025-11-05 07:59:10,,True,admin
2909,2025-11-05 08:00:35,YG029,2025-11-05 08:00:35,,True,admin
2910,2025-11-05 10:53:05,YG009,2025-11-05 10:53:05,,True,admin
2911,2025-11-05 10:58:40,YG029,2025-11-05 10:58:40,,True,admin
2912,2025-11-05 12:50:56,YG024,2025-11-05 12:50:56,,True,admin
2913,2025-11-05 13:11:33,YG024,2025-11-05 13:11:33,,True,admin
2914,2025-11-05 13:44:21,YG002,2025-11-05 13:44:21,,True,admin
2915,2025-11-05 13:59:04,YG006,2025-11-05 13:59:04,,True,admin
2916,2025-11-05 14:00:41,YG006,2025-11-05 14:00:41,,True,admin
2917,2025-11-05 14:02:40,YG006,2025-11-05 14:02:40,,True,admin
2918,2025-11-05 15:13:06,YG024,2025-11-05 15:13:06,,True,admin
2919,2025-11-05 19:24:23,YG024,2025-11-05 19:24:23,,True,admin
2920,2025-11-05 19:24:56,YG003,2025-11-05 19:24:56,,True,admin
2921,2025-11-05 20:28:11,YG024,2025-11-05 20:28:11,,True,admin
2922,2025-11-05 21:21:05,YG024,2025-11-05 21:21:05,,True,admin
2923,2025-11-06 08:16:31,YG016,2025-11-06 08:16:31,,True,admin
2924,2025-11-06 20:13:22,YG018,2025-11-06 20:13:22,,True,admin
2925,2025-11-06 20:15:02,YG018,2025-11-06 20:15:02,,True,admin
2926,2025-11-06 20:19:41,YG018,2025-11-06 20:19:41,,True,admin
2927,2025-11-06 20:29:08,YG018,2025-11-06 20:29:08,,True,admin
2928,2025-11-06 20:42:16,YG018,2025-11-06 20:42:16,,True,admin
2929,2025-11-06 21:08:17,YG018,2025-11-06 21:08:17,,True,admin
2930,2025-11-06 22:34:57,YG022,2025-11-06 22:34:57,,True,admin
2931,2025-11-07 14:15:50,YG019,2025-11-07 14:15:50,,True,admin
2932,2025-11-07 14:26:50,YG019,2025-11-07 14:26:50,,True,admin
2933,2025-11-07 14:28:07,YG019,2025-11-07 14:28:07,,True,admin
2934,2025-11-07 15:37:58,YG018,2025-11-07 15:37:58,,True,admin
2935,2025-11-07 16:29:29,YG023,2025-11-07 16:29:29,,True,admin
2936,2025-11-07 16:31:32,YG023,2025-11-07 16:31:32,,True,admin
2937,2025-11-07 19:30:19,YG026,2025-11-07 19:30:19,,True,admin
2938,2025-11-07 22:52:58,YG022,2025-11-07 22:52:58,,True,admin
2939,2025-11-07 23:26:35,YG017,2025-11-07 23:26:35,,True,admin
2940,2025-11-07 23:40:26,YG017,2025-11-07 23:40:26,,True,admin
2941,2025-11-08 10:52:17,YG012,2025-11-08 10:52:17,,True,admin
2942,2025-11-08 11:56:50,YG003,2025-11-08 11:56:50,,True,admin
2943,2025-11-08 13:49:07,YG010,2025-11-08 13:49:07,,True,admin
2944,2025-11-08 17:28:43,YG007,2025-11-08 17:28:43,,True,admin
2945,2025-11-08 17:41:23,YG018,2025-11-08 17:41:23,,True,admin
2946,2025-11-08 20:22:41,YG018,2025-11-08 20:22:41,,True,admin
2947,2025-11-08 20:25:06,YG018,2025-11-08 20:25:06,,True,admin
2948,2025-11-08 20:29:36,YG018,2025-11-08 20:29:36,,True,admin
2949,2025-11-08 20:32:35,YG018,2025-11-08 20:32:35,,True,admin
2950,2025-11-08 22:12:28,YG018,2025-11-08 22:12:28,,True,admin
2951,2025-11-08 22:17:09,YG018,2025-11-08 22:17:09,,True,admin
2952,2025-11-08 22:18:55,YG018,2025-11-08 22:18:55,,True,admin
2953,2025-11-08 22:21:19,YG018,2025-11-08 22:21:19,,True,admin
2954,2025-11-08 22:23:43,YG018,2025-11-08 22:23:43,,True,admin
2955,2025-11-08 22:25:56,YG018,2025-11-08 22:25:56,,True,admin
2956,2025-11-08 22:28:03,YG018,2025-11-08 22:28:03,,True,admin
2957,2025-11-08 22:32:43,YG018,2025-11-08 22:32:43,,True,admin
2958,2025-11-08 22:34:43,YG018,2025-11-08 22:34:43,,True,admin
2959,2025-11-08 22:37:14,YG018,2025-11-08 22:37:14,,True,admin
2960,2025-11-08 22:38:59,YG018,2025-11-08 22:38:59,,True,admin
2961,2025-11-09 15:19:41,YG002,2025-11-09 15:19:41,,True,admin
2962,2025-11-09 15:21:48,YG002,2025-11-09 15:21:48,,True,admin
2963,2025-11-09 15:23:17,YG002,2025-11-09 15:23:17,,True,admin
2964,2025-11-09 15:26:22,YG002,2025-11-09 15:26:22,,True,admin
2965,2025-11-09 15:27:57,YG002,2025-11-09 15:27:57,,True,admin
2966,2025-11-09 15:29:40,YG002,2025-11-09 15:29:40,,True,admin
2967,2025-11-09 15:31:05,YG002,2025-11-09 15:31:05,,True,admin
2968,2025-11-09 18:05:54,YG002,2025-11-09 18:05:54,,True,admin
2969,2025-11-09 18:08:18,YG002,2025-11-09 18:08:18,,True,admin
2970,2025-11-09 18:10:53,YG002,2025-11-09 18:10:53,,True,admin
2971,2025-11-09 18:12:33,YG002,2025-11-09 18:12:33,,True,admin
2972,2025-11-09 18:14:45,YG002,2025-11-09 18:14:45,,True,admin
2973,2025-11-10 12:40:38,YG022,2025-11-10 12:40:38,,True,admin
2974,2025-11-10 12:42:39,YG022,2025-11-10 12:42:39,,True,admin
2975,2025-11-10 12:44:35,YG022,2025-11-10 12:44:35,,True,admin
2976,2025-11-10 19:05:12,YG018,2025-11-10 19:05:12,,True,admin
2977,2025-11-10 19:07:26,YG018,2025-11-10 19:07:26,,True,admin
2978,2025-11-10 19:08:37,YG018,2025-11-10 19:08:37,,True,admin
2979,2025-11-11 12:43:57,YG019,2025-11-11 12:43:57,,True,admin
2980,2025-11-11 12:45:29,YG019,2025-11-11 12:45:29,,True,admin
2981,2025-11-11 13:37:24,YG019,2025-11-11 13:37:24,,True,admin
2982,2025-11-11 13:39:32,YG019,2025-11-11 13:39:32,,True,admin
2983,2025-11-11 13:42:41,YG006,2025-11-11 13:42:41,,True,admin
2984,2025-11-11 13:49:25,YG018,2025-11-11 13:49:25,,True,admin
2985,2025-11-11 14:18:59,YG006,2025-11-11 14:18:59,,True,admin
2986,2025-11-11 15:09:21,YG006,2025-11-11 15:09:21,,True,admin
2987,2025-11-11 16:54:22,YG019,2025-11-11 16:54:22,,True,admin
2988,2025-11-11 18:21:19,YG019,2025-11-11 18:21:19,,True,admin
2989,2025-11-13 07:06:23,YG022,2025-11-13 07:06:23,,True,admin
2990,2025-11-13 13:58:35,YG022,2025-11-13 13:58:35,,True,admin
2991,2025-11-13 19:12:49,YG022,2025-11-13 19:12:49,,True,admin
2992,2025-11-13 19:25:10,YG010,2025-11-13 19:25:10,,True,admin
2993,2025-11-13 21:49:38,YG022,2025-11-13 21:49:38,,True,admin
2994,2025-11-13 22:42:51,YG011,2025-11-13 22:42:51,,True,admin
2995,2025-12-09 16:52:39,YG022,2025-12-09 16:52:39,,True,admin
2996,2025-12-09 17:00:15,YG022,2025-12-09 17:00:15,,True,admin
2997,2025-12-09 17:06:58,YG022,2025-12-09 17:06:58,,True,admin
2998,2025-12-09 17:09:25,YG022,2025-12-09 17:09:25,,True,admin
2999,2025-12-09 17:33:39,YG022,2025-12-09 17:33:39,,True,admin
3000,2025-12-09 17:45:26,YG022,2025-12-09 17:45:26,,True,admin
3001,2025-12-09 17:50:51,YG022,2025-12-09 17:50:51,,True,admin
3002,2025-12-09 18:03:22,YG022,2025-12-09 18:03:22,,True,admin
3003,2025-12-09 18:08:01,YG022,2025-12-09 18:08:01,,True,admin
3004,2025-12-09 20:51:52,YG022,2025-12-09 20:51:52,,True,admin
3005,2025-12-09 20:56:37,YG022,2025-12-09 20:56:37,,True,admin
3006,2025-12-10 15:43:56,YG022,2025-12-10 15:43:56,,True,admin
3007,2026-01-23 12:08:47,YG016,2026-01-23 12:08:47,,True,admin
3008,2026-01-23 12:21:47,YG016,2026-01-23 12:21:47,,True,admin
3009,2026-01-23 12:38:16,YG004,2026-01-23 12:38:16,,True,admin
3010,2026-01-23 14:52:14,YG021,2026-01-23 14:52:14,,True,admin
3011,2026-01-23 14:59:38,YG004,2026-01-23 14:59:38,,True,admin
3012,2026-01-23 15:00:55,YG021,2026-01-23 15:00:55,,True,admin
3013,2026-01-23 15:12:44,YG004,2026-01-23 15:12:44,,True,admin
3014,2026-01-23 15:17:51,YG021,2026-01-23 15:17:51,,True,admin
3015,2026-01-23 16:47:13,YG024,2026-01-23 16:47:13,,True,admin
3016,2026-01-23 19:49:32,YG019,2026-01-23 19:49:32,,True,admin
3017,2026-01-23 19:50:03,YG019,2026-01-23 19:50:03,,True,admin
3018,2026-01-23 20:05:22,YG011,2026-01-23 20:05:22,,True,admin
3019,2026-01-23 20:07:40,YG011,2026-01-23 20:07:40,,True,admin
3020,2026-01-23 20:09:28,YG011,2026-01-23 20:09:28,,True,admin
3021,2026-01-23 20:11:40,YG011,2026-01-23 20:11:40,,True,admin
3022,2026-01-23 20:47:52,YG015,2026-01-23 20:47:52,,True,admin
3023,2026-01-23 20:57:49,YG015,2026-01-23 20:57:49,,True,admin
3024,2026-01-23 20:57:51,YG015,2026-01-23 20:57:51,,True,admin
3025,2026-01-24 05:39:15,YG015,2026-01-24 05:39:15,,True,admin
3026,2026-01-24 16:17:17,YG002,2026-01-24 16:17:17,,True,admin
3027,2026-01-24 16:26:57,YG002,2026-01-24 16:26:57,,True,admin
3028,2026-01-24 16:29:53,YG002,2026-01-24 16:29:53,,True,admin
3029,2026-01-24 16:29:56,YG002,2026-01-24 16:29:56,,True,admin
3030,2026-01-24 17:04:22,YG002,2026-01-24 17:04:22,,True,admin
3031,2026-01-24 17:09:23,YG002,2026-01-24 17:09:23,,True,admin
3032,2026-01-24 17:45:48,YG002,2026-01-24 17:45:48,,True,admin
3033,2026-01-24 18:00:12,YG010,2026-01-24 18:00:12,,True,admin
3034,2026-01-24 18:10:14,YG010,2026-01-24 18:10:14,,True,admin
3035,2026-01-24 18:54:43,YG010,2026-01-24 18:54:43,,True,admin
3036,2026-01-24 19:22:00,YG010,2026-01-24 19:22:00,,True,admin
3037,2026-01-24 19:54:01,YG012,2026-01-24 19:54:01,,True,admin
3038,2026-01-24 20:00:53,YG010,2026-01-24 20:00:53,,True,admin
3039,2026-01-24 20:30:17,YG009,2026-01-24 20:30:17,,True,admin
3040,2026-01-24 21:33:30,YG007,2026-01-24 21:33:30,,True,admin
3041,2026-01-24 21:46:57,YG007,2026-01-24 21:46:57,,True,admin
3042,2026-01-24 22:05:52,YG007,2026-01-24 22:05:52,,True,admin
3043,2026-01-24 22:36:22,YG007,2026-01-24 22:36:22,,True,admin
3044,2026-01-24 23:16:10,YG009,2026-01-24 23:16:10,,True,admin
3045,2026-01-25 10:34:04,YG030,2026-01-25 10:34:04,,True,admin
3046,2026-01-25 10:51:02,YG024,2026-01-25 10:51:02,,True,admin
3047,2026-01-25 11:40:53,YG030,2026-01-25 11:40:53,,True,admin
3048,2026-01-25 11:47:17,YG024,2026-01-25 11:47:17,,True,admin
3049,2026-01-25 11:49:16,YG030,2026-01-25 11:49:16,,True,admin
3050,2026-01-25 13:44:59,YG030,2026-01-25 13:44:59,,True,admin
3051,2026-01-25 13:54:04,YG030,2026-01-25 13:54:04,,True,admin
3052,2026-01-25 13:59:29,YG009,2026-01-25 13:59:29,,True,admin
3053,2026-01-25 14:16:28,YG014,2026-01-25 14:16:28,,True,admin
3054,2026-01-25 14:20:21,YG014,2026-01-25 14:20:21,,True,admin
3055,2026-01-25 14:26:11,YG014,2026-01-25 14:26:11,,True,admin
3056,2026-01-25 14:26:36,YG014,2026-01-25 14:26:36,,True,admin
3057,2026-01-25 15:16:45,YG022,2026-01-25 15:16:45,,True,admin
3058,2026-01-25 15:18:01,YG022,2026-01-25 15:18:01,,True,admin
3059,2026-01-25 15:19:18,YG022,2026-01-25 15:19:18,,True,admin
3060,2026-01-25 15:20:17,YG022,2026-01-25 15:20:17,,True,admin
3061,2026-01-25 15:47:05,YG022,2026-01-25 15:47:05,,True,admin
3062,2026-01-25 16:21:37,YG022,2026-01-25 16:21:37,,True,admin
3063,2026-01-25 17:12:32,YG027,2026-01-25 17:12:32,,True,admin
3064,2026-01-25 18:20:15,YG024,2026-01-25 18:20:15,,True,admin
3065,2026-01-25 18:40:43,YG023,2026-01-25 18:40:43,,True,admin
3066,2026-01-25 19:57:46,YG023,2026-01-25 19:57:46,,True,admin
3067,2026-01-25 22:47:05,YG023,2026-01-25 22:47:05,,True,admin
3068,2026-01-25 22:51:28,YG023,2026-01-25 22:51:28,,True,admin
3069,2026-01-25 22:59:13,YG023,2026-01-25 22:59:13,,True,admin
3070,2026-01-26 13:57:47,YG025,2026-01-26 13:57:47,,True,admin
3071,2026-01-26 14:16:17,YG025,2026-01-26 14:16:17,,True,admin
3072,2026-01-26 14:26:47,YG014,2026-01-26 14:26:47,,True,admin
3073,2026-01-26 14:47:06,YG025,2026-01-26 14:47:06,,True,admin
3074,2026-01-26 15:58:12,YG006,2026-01-26 15:58:12,,True,admin
3075,2026-01-26 16:18:16,YG003,2026-01-26 16:18:16,,True,admin
3076,2026-01-26 16:26:28,YG003,2026-01-26 16:26:28,,True,admin
3077,2026-01-26 16:51:49,YG003,2026-01-26 16:51:49,,True,admin
3078,2026-01-26 17:31:54,YG003,2026-01-26 17:31:54,,True,admin
3079,2026-01-26 18:05:39,YG003,2026-01-26 18:05:39,,True,admin
3080,2026-01-26 19:00:27,YG003,2026-01-26 19:00:27,,True,admin
3081,2026-01-26 19:04:09,YG025,2026-01-26 19:04:09,,True,admin
3082,2026-01-26 19:07:22,YG025,2026-01-26 19:07:22,,True,admin
3083,2026-01-26 19:09:21,YG003,2026-01-26 19:09:21,,True,admin
3084,2026-01-26 21:24:35,YG013,2026-01-26 21:24:35,,True,admin
3085,2026-01-26 22:58:56,YG013,2026-01-26 22:58:56,,True,admin
3086,2026-01-26 23:24:59,YG013,2026-01-26 23:24:59,,True,admin
3087,2026-01-27 07:47:13,YG006,2026-01-27 07:47:13,,True,admin
3088,2026-01-29 00:17:18,YG009,2026-01-29 00:17:18,,True,admin
3089,2026-01-29 12:23:50,YG026,2026-01-29 12:23:50,,True,admin
3090,2026-01-30 08:18:05,YG003,2026-01-30 08:18:05,,True,admin
3113,2025-11-17 15:13:05,YG022,2025-11-17 15:13:05,,True,admin
3114,2025-11-17 15:42:44,YG022,2025-11-17 15:42:44,,True,admin
3115,2025-11-17 15:44:46,YG022,2025-11-17 15:44:46,,True,admin
3116,2025-11-18 09:24:38,YG022,2025-11-18 09:24:38,,True,admin
3117,2025-11-18 09:28:54,YG022,2025-11-18 09:28:54,,True,admin
3118,2025-11-18 09:31:17,YG022,2025-11-18 09:31:17,,True,admin
3119,2025-11-18 09:44:27,YG022,2025-11-18 09:44:27,,True,admin
3120,2025-11-18 10:50:41,YG022,2025-11-18 10:50:41,,True,admin
3121,2025-11-19 08:52:39,YG022,2025-11-19 08:52:39,,True,admin
3122,2025-11-19 08:56:52,YG022,2025-11-19 08:56:52,,True,admin
3123,2025-11-19 10:22:46,YG022,2025-11-19 10:22:46,,True,admin
3124,2025-11-19 10:28:12,YG022,2025-11-19 10:28:12,,True,admin
3125,2025-11-19 14:31:23,YG022,2025-11-19 14:31:23,,True,admin
3126,2025-11-19 17:01:11,YG022,2025-11-19 17:01:11,,True,admin
3127,2025-11-19 22:48:46,YG022,2025-11-19 22:48:46,,True,admin
3128,2025-11-19 23:23:59,YG022,2025-11-19 23:23:59,,True,admin
3129,2025-11-19 23:41:23,YG022,2025-11-19 23:41:23,,True,admin
3130,2025-11-20 07:00:47,YG022,2025-11-20 07:00:47,,True,admin
3131,2025-11-20 08:54:25,YG022,2025-11-20 08:54:25,,True,admin
3132,2025-11-20 14:00:34,YG022,2025-11-20 14:00:34,,True,admin
3133,2025-11-20 15:44:45,YG022,2025-11-20 15:44:45,,True,admin
3134,2025-11-27 12:59:52,YG022,2025-11-27 12:59:52,,True,admin
3135,2025-11-27 15:58:01,YG022,2025-11-27 15:58:01,,True,admin
3136,2025-11-27 16:00:34,YG022,2025-11-27 16:00:34,,True,admin
3137,2025-11-27 16:11:52,YG022,2025-11-27 16:11:52,,True,admin
3138,2025-11-27 17:25:05,YG022,2025-11-27 17:25:05,,True,admin
3139,2025-11-27 17:42:57,YG022,2025-11-27 17:42:57,,True,admin
3140,2025-11-27 17:44:59,YG022,2025-11-27 17:44:59,,True,admin
3141,2025-11-27 21:24:48,YG022,2025-11-27 21:24:48,,True,admin
3142,2025-11-27 21:40:48,YG022,2025-11-27 21:40:48,,True,admin
3143,2025-11-27 21:44:38,YG022,2025-11-27 21:44:38,,True,admin
3144,2025-11-27 21:47:34,YG022,2025-11-27 21:47:34,,True,admin
3145,2025-11-27 21:50:37,YG022,2025-11-27 21:50:37,,True,admin
3146,2025-11-27 21:56:59,YG022,2025-11-27 21:56:59,,True,admin
3147,2025-11-27 22:15:22,YG022,2025-11-27 22:15:22,,True,admin
3148,2025-11-27 22:15:25,YG022,2025-11-27 22:15:25,,True,admin
3149,2025-11-28 08:40:52,YG022,2025-11-28 08:40:52,,True,admin
3150,2025-11-28 15:13:17,YG022,2025-11-28 15:13:17,,True,admin
3151,2025-11-28 15:18:48,YG022,2025-11-28 15:18:48,,True,admin
3152,2025-11-28 21:19:57,YG022,2025-11-28 21:19:57,,True,admin
3153,2026-02-22 17:33:46,YG022,2026-02-22 17:33:46,,True,admin
3154,2026-03-05 15:37:36,YG022,2026-03-05 15:37:36,,True,admin
3155,2026-03-14 19:21:16,YG022,2026-03-14 19:21:16,,True,admin
1399,2025-03-11 11:15:24,YG022,2025-03-11 11:15:24,,True,admin
1405,2026-05-25 19:02:52,YG008,2026-05-25 19:02:52,,True,admin
3156,2024-03-23 22:26:10,YG012,2024-03-23 22:26:10,,True,admin
2304,2026-05-25 19:02:52,YG022,2026-05-25 19:02:52,,True,admin
965,2026-02-28 01:06:02,YG004,2026-02-28 01:06:02,,True,admin
3157,2024-11-02 15:18:54,YG024,2024-11-02 15:18:54,,True,admin
3158,2024-03-01 12:12:39,YG006,2024-03-01 12:12:39,,True,admin
3159,2024-02-28 23:04:44,YG006,2024-02-28 23:04:44,,True,admin
3160,2024-03-02 01:00:18,YG006,2024-03-02 01:00:18,,True,admin
3161,2024-04-15 19:59:12,YG022,2024-04-15 19:59:12,,True,admin
3162,2024-04-15 20:09:38,YG022,2024-04-15 20:09:38,,True,admin
3163,2024-11-07 20:39:56,YG022,2024-11-07 20:39:56,,True,admin
3164,2024-04-15 20:11:25,YG022,2024-04-15 20:11:25,,True,admin
3184,2026-05-25 19:10:38,,2026-05-25 19:10:38,,True,admin
3184,2026-05-25 19:10:42,YG006,2026-05-25 19:10:42,,True,admin
3095,2026-02-27 18:37:53,YG003,2026-02-27 18:37:53,,True,admin
3096,2026-02-27 18:39:18,YG003,2026-02-27 18:39:18,,True,admin
3097,2026-02-27 18:41:21,YG003,2026-02-27 18:41:21,,True,admin
3098,2026-02-27 18:49:33,YG016,2026-02-27 18:49:33,,True,admin
3102,2026-05-08 16:51:02,YG005,2026-05-08 16:51:02,,True,admin
3101,2026-02-27 18:54:12,YG030,2026-02-27 18:54:12,,True,admin
3093,2026-02-27 18:33:03,YG022,2026-02-27 18:33:03,,True,admin
3092,2026-02-27 18:29:53,YG022,2026-02-27 18:29:53,,True,admin
3094,2026-02-27 18:36:57,YG003,2026-02-27 18:36:57,,True,admin
3107,2026-03-08 21:23:14,YG028,2026-03-08 21:23:14,,True,admin
3112,2026-03-22 09:21:34,YG022,2026-03-22 09:21:34,,True,admin
3104,2026-03-02 21:17:47,YG002,2026-03-02 21:17:47,,True,admin
3099,2026-02-27 18:50:02,YG016,2026-02-27 18:50:02,,True,admin
3100,2026-02-27 18:51:54,YG004,2026-02-27 18:51:54,,True,admin
3105,2026-03-06 21:06:56,YG015,2026-03-06 21:06:56,,True,admin
3109,2026-03-08 21:30:19,YG028,2026-03-08 21:30:19,,True,admin
3110,2026-03-09 19:28:05,YG021,2026-03-09 19:28:05,,True,admin
3108,2026-03-08 21:24:26,YG028,2026-03-08 21:24:26,,True,admin
3111,2026-03-17 14:10:49,YG007,2026-03-17 14:10:49,,True,admin
3106,2026-03-08 21:22:49,YG028,2026-03-08 21:22:49,,True,admin
3091,2026-02-27 18:26:25,YG022,2026-02-27 18:26:25,,True,admin
3165,2026-05-02 09:19:02,YG019,2026-05-02 09:19:02,,True,admin
3166,2026-05-02 09:23:30,YG019,2026-05-02 09:23:30,,True,admin
3167,2026-05-02 09:23:50,YG019,2026-05-02 09:23:50,,True,admin
3168,2026-05-02 09:41:31,YG010,2026-05-02 09:41:31,,True,admin
3169,2026-05-02 09:45:12,YG010,2026-05-02 09:45:12,,True,admin
3170,2026-05-02 09:45:50,YG010,2026-05-02 09:45:50,,True,admin
3171,2026-05-02 09:49:19,YG010,2026-05-02 09:49:19,,True,admin
3172,2026-05-02 09:50:58,YG010,2026-05-02 09:50:58,,True,admin
3173,2026-05-02 12:01:29,YG012,2026-05-02 12:01:29,,True,admin
3176,2026-05-02 12:25:23,YG006,2026-05-02 12:25:23,,True,admin
3174,2026-05-02 12:21:15,YG006,2026-05-02 12:21:15,,True,admin
3177,2026-05-02 13:06:17,YG023,2026-05-02 13:06:17,,True,admin
3175,2026-05-02 12:21:50,YG006,2026-05-02 12:21:50,,True,admin
3178,2026-05-02 13:06:36,YG023,2026-05-02 13:06:36,,True,admin
3180,2026-05-07 19:11:31,YG023,2026-05-07 19:11:31,,True,admin
3181,2026-05-07 19:15:13,YG023,2026-05-07 19:15:13,,True,admin
3182,2026-05-07 19:19:20,YG023,2026-05-07 19:19:20,,True,admin
3183,2026-05-07 19:22:47,YG023,2026-05-07 19:22:47,,True,admin
3179,2026-05-07 19:10:11,YG023,2026-05-07 19:10:11,,True,admin
