person_id,hobby_skill,scd_active_from,scd_active_to,scd_currently_active_flag,scd_changed_by_user
2,العزف,2025-01-31 11:12:25,,True,admin
2,الرياضة,2025-01-31 11:12:25,,True,admin
2,التصوير الفوتوغرافي,2025-01-31 11:12:25,,True,admin
2,مهارات التواصل,2025-01-31 11:12:25,,True,admin
2,مهارات إداريّة,2025-01-31 11:12:25,,True,admin
2,مهارات العمل الجماعي,2025-01-31 11:12:25,,True,admin
2,مهارات التخطيط,2025-01-31 11:12:25,,True,admin
3,الغناء,2025-01-31 11:12:36,,True,admin
3,الترتيل,2025-01-31 11:12:36,,True,admin
4,الرسم,2025-01-31 11:12:38,,True,admin
4,أشغال يدويّة,2025-01-31 11:12:38,,True,admin
5,العزف,2025-01-31 11:12:38,,True,admin
6,تصوير فيديو,2025-01-31 11:12:42,,True,admin
7,الرياضة,2025-01-31 11:12:46,,True,admin
7,التصوير الفوتوغرافي,2025-01-31 11:12:46,,True,admin
7,التصميم الجرافيكي,2025-01-31 11:12:46,,True,admin
7,تصوير فيديو,2025-01-31 11:12:46,,True,admin
7,مونتاج فيديو,2025-01-31 11:12:46,,True,admin
7,أجهزة الصوت (صوتيّات ومِكسرات),2025-01-31 11:12:46,,True,admin
7,مهارات إداريّة,2025-01-31 11:12:46,,True,admin
8,تصوير فيديو,2025-01-31 11:12:47,,True,admin
9,التصوير الفوتوغرافي,2025-01-31 11:12:50,,True,admin
10,العزف,2025-01-31 11:12:50,,True,admin
11,أشغال يدويّة,2025-01-31 11:12:54,,True,admin
12,الرسم,2025-01-31 11:12:54,,True,admin
12,القراءة,2025-01-31 11:12:54,,True,admin
13,الرياضة,2025-01-31 11:13:00,,True,admin
13,مهارات التواصل,2025-01-31 11:13:00,,True,admin
13,مهارات العمل الجماعي,2025-01-31 11:13:00,,True,admin
13,تحضير الألعاب,2025-01-31 11:13:00,,True,admin
13,التنظيم لأعمال تطوعيّة,2025-01-31 11:13:00,,True,admin
14,تصوير فيديو,2025-01-31 11:13:00,,True,admin
16,الترتيل,2025-01-31 11:13:02,2026-05-29 16:25:16,False,admin
16,الإخراج (السينمائي/ المسرحي),2025-01-31 11:13:02,2026-05-29 16:25:16,False,admin
16,الرسم,2025-01-31 11:13:02,2026-05-29 16:25:16,False,admin
16,مهارات إداريّة,2025-01-31 11:13:02,2026-05-29 16:25:16,False,admin
16,مهارات العمل الجماعي,2025-01-31 11:13:02,2026-05-29 16:25:16,False,admin
16,مهارات التخطيط,2025-01-31 11:13:02,2026-05-29 16:25:16,False,admin
16,تحضير الألعاب,2025-01-31 11:13:02,2026-05-29 16:25:16,False,admin
16,التنظيم لأعمال تطوعيّة,2025-01-31 11:13:02,2026-05-29 16:25:16,False,admin
16,أشغال يدويّة,2025-01-31 11:13:02,2026-05-29 16:25:16,False,admin
17,مهارات التواصل,2025-01-31 11:13:03,,True,admin
17,مهارات إداريّة,2025-01-31 11:13:03,,True,admin
18,الترتيل,2025-01-31 11:13:03,,True,admin
20,الرياضة,2025-01-31 11:13:06,,True,admin
21,الرياضة,2025-01-31 11:13:09,,True,admin
21,مهارات إداريّة,2025-01-31 11:13:09,,True,admin
21,مهارات العمل الجماعي,2025-01-31 11:13:09,,True,admin
21,مهارات التخطيط,2025-01-31 11:13:09,,True,admin
22,الرياضة,2025-01-31 11:13:09,,True,admin
23,الرياضة,2025-01-31 11:13:09,,True,admin
23,تحضير الألعاب,2025-01-31 11:13:09,,True,admin
23,التنظيم لأعمال تطوعيّة,2025-01-31 11:13:09,,True,admin
23,تأدية حركات التراتيل,2025-01-31 11:13:09,,True,admin
24,مونتاج فيديو,2025-01-31 11:13:12,,True,admin
24,مهارات التواصل,2025-01-31 11:13:12,,True,admin
24,مهارات العمل الجماعي,2025-01-31 11:13:12,,True,admin
24,مهارات التخطيط,2025-01-31 11:13:12,,True,admin
25,التصوير الفوتوغرافي,2025-01-31 11:13:12,2026-05-29 15:05:12,False,admin
25,التصميم الجرافيكي,2025-01-31 11:13:12,2026-05-29 15:05:12,False,admin
25,التصميم الداخلي/ ديكور,2025-01-31 11:13:12,2026-05-29 15:05:12,False,admin
26,مهارات التخطيط,2025-01-31 11:13:13,,True,admin
27,أشغال يدويّة,2025-01-31 11:13:13,,True,admin
28,الرياضة,2025-01-31 11:13:13,,True,admin
28,الرسم,2025-01-31 11:13:13,,True,admin
28,القراءة,2025-01-31 11:13:13,,True,admin
29,الإخراج (السينمائي/ المسرحي),2025-01-31 11:13:15,,True,admin
29,كتابة نصوص,2025-01-31 11:13:15,,True,admin
29,القراءة,2025-01-31 11:13:15,,True,admin
30,مهارات التواصل,2025-01-31 11:13:18,,True,admin
31,الرياضة,2025-01-31 11:13:18,,True,admin
32,الغناء,2025-01-31 11:13:19,,True,admin
32,التمثيل,2025-01-31 11:13:19,,True,admin
32,مهارات التواصل,2025-01-31 11:13:19,,True,admin
32,مهارات إداريّة,2025-01-31 11:13:19,,True,admin
32,مهارات العمل الجماعي,2025-01-31 11:13:19,,True,admin
32,أجهزة الصوت (صوتيّات ومِكسرات),2025-01-31 11:13:19,,True,admin
32,تأدية حركات التراتيل,2025-01-31 11:13:19,,True,admin
33,التصوير الفوتوغرافي,2025-01-31 11:13:20,,True,admin
33,التصميم الداخلي/ ديكور,2025-01-31 11:13:20,,True,admin
33,القراءة,2025-01-31 11:13:20,,True,admin
33,مهارات التواصل,2025-01-31 11:13:20,,True,admin
33,مهارات إداريّة,2025-01-31 11:13:20,,True,admin
33,مهارات العمل الجماعي,2025-01-31 11:13:20,,True,admin
33,مهارات التخطيط,2025-01-31 11:13:20,,True,admin
33,تحضير الألعاب,2025-01-31 11:13:20,,True,admin
33,التنظيم لأعمال تطوعيّة,2025-01-31 11:13:20,,True,admin
33,أجهزة الصوت (صوتيّات ومِكسرات),2025-01-31 11:13:20,,True,admin
33,تأدية حركات التراتيل,2025-01-31 11:13:20,,True,admin
34,العزف,2025-01-31 11:13:20,,True,admin
34,التصوير الفوتوغرافي,2025-01-31 11:13:20,,True,admin
34,القراءة,2025-01-31 11:13:20,,True,admin
35,الرياضة,2025-01-31 11:13:21,,True,admin
35,مهارات التواصل,2025-01-31 11:13:21,,True,admin
35,مهارات إداريّة,2025-01-31 11:13:21,,True,admin
35,مهارات العمل الجماعي,2025-01-31 11:13:21,,True,admin
35,مهارات التخطيط,2025-01-31 11:13:21,,True,admin
35,تحضير الألعاب,2025-01-31 11:13:21,,True,admin
36,الرياضة,2025-01-31 11:13:22,,True,admin
38,التصميم الجرافيكي,2025-01-31 11:13:24,,True,admin
38,كتابة نصوص,2025-01-31 11:13:24,,True,admin
38,القراءة,2025-01-31 11:13:24,,True,admin
38,مهارات التواصل,2025-01-31 11:13:24,,True,admin
38,مهارات إداريّة,2025-01-31 11:13:24,,True,admin
38,مهارات العمل الجماعي,2025-01-31 11:13:24,,True,admin
39,مهارات إداريّة,2025-01-31 11:13:25,,True,admin
39,مهارات العمل الجماعي,2025-01-31 11:13:25,,True,admin
39,مهارات التخطيط,2025-01-31 11:13:25,,True,admin
39,أجهزة الصوت (صوتيّات ومِكسرات),2025-01-31 11:13:25,,True,admin
40,التمثيل,2025-01-31 11:13:25,,True,admin
40,مهارات التواصل,2025-01-31 11:13:25,,True,admin
40,مهارات العمل الجماعي,2025-01-31 11:13:25,,True,admin
40,مهارات التخطيط,2025-01-31 11:13:25,,True,admin
40,تحضير الألعاب,2025-01-31 11:13:25,,True,admin
41,الرياضة,2025-01-31 11:13:26,,True,admin
41,التصوير الفوتوغرافي,2025-01-31 11:13:26,,True,admin
44,الغناء,2025-01-31 11:13:29,,True,admin
44,الترتيل,2025-01-31 11:13:29,,True,admin
44,التمثيل,2025-01-31 11:13:29,,True,admin
44,مهارات التواصل,2025-01-31 11:13:29,,True,admin
44,مهارات إداريّة,2025-01-31 11:13:29,,True,admin
44,مهارات العمل الجماعي,2025-01-31 11:13:29,,True,admin
44,مهارات التخطيط,2025-01-31 11:13:29,,True,admin
44,التنظيم لأعمال تطوعيّة,2025-01-31 11:13:29,,True,admin
44,تحضير الألعاب,2025-01-31 11:13:29,,True,admin
44,تأدية حركات التراتيل,2025-01-31 11:13:29,,True,admin
45,القراءة,2025-01-31 11:13:29,,True,admin
45,مهارات العمل الجماعي,2025-01-31 11:13:29,,True,admin
45,التكنولوجيا,2025-01-31 11:13:29,,True,admin
46,التصوير الفوتوغرافي,2025-01-31 11:13:32,,True,admin
46,أشغال يدويّة,2025-01-31 11:13:32,,True,admin
47,العزف,2025-01-31 11:13:32,,True,admin
47,الرياضة,2025-01-31 11:13:32,,True,admin
47,القراءة,2025-01-31 11:13:32,,True,admin
48,العزف,2025-01-31 11:13:33,2026-05-29 15:51:58,False,admin
48,القراءة,2025-01-31 11:13:33,2026-05-29 15:51:58,False,admin
49,العزف,2025-01-31 11:13:35,,True,admin
49,الإخراج (السينمائي/ المسرحي),2025-01-31 11:13:35,,True,admin
49,كتابة نصوص,2025-01-31 11:13:35,,True,admin
49,مهارات إداريّة,2025-01-31 11:13:35,,True,admin
49,تحضير الألعاب,2025-01-31 11:13:35,,True,admin
49,التنظيم لأعمال تطوعيّة,2025-01-31 11:13:35,,True,admin
49,الرياضة,2025-01-31 11:13:35,,True,admin
49,مهارات التواصل,2025-01-31 11:13:35,,True,admin
49,مهارات العمل الجماعي,2025-01-31 11:13:35,,True,admin
50,تأدية حركات التراتيل,2025-01-31 11:13:36,,True,admin
51,القراءة,2025-01-31 11:13:36,,True,admin
51,تحضير الألعاب,2025-01-31 11:13:36,,True,admin
52,تصوير فيديو,2025-01-31 11:13:40,,True,admin
52,مونتاج فيديو,2025-01-31 11:13:40,,True,admin
52,مهارات التواصل,2025-01-31 11:13:40,,True,admin
52,مهارات إداريّة,2025-01-31 11:13:40,,True,admin
52,مهارات العمل الجماعي,2025-01-31 11:13:40,,True,admin
52,مهارات التخطيط,2025-01-31 11:13:40,,True,admin
52,تحضير الألعاب,2025-01-31 11:13:40,,True,admin
52,التنظيم لأعمال تطوعيّة,2025-01-31 11:13:40,,True,admin
52,أشغال يدويّة,2025-01-31 11:13:40,,True,admin
53,تحضير الألعاب,2025-01-31 11:13:41,,True,admin
53,تأدية حركات التراتيل,2025-01-31 11:13:41,,True,admin
54,الرياضة,2025-01-31 11:13:42,,True,admin
54,التصوير الفوتوغرافي,2025-01-31 11:13:42,,True,admin
54,التصميم الجرافيكي,2025-01-31 11:13:42,,True,admin
54,التمثيل,2025-01-31 11:13:42,,True,admin
54,تصوير فيديو,2025-01-31 11:13:42,,True,admin
54,مونتاج فيديو,2025-01-31 11:13:42,,True,admin
54,مهارات التواصل,2025-01-31 11:13:42,,True,admin
54,مهارات إداريّة,2025-01-31 11:13:42,,True,admin
54,مهارات العمل الجماعي,2025-01-31 11:13:42,,True,admin
54,مهارات التخطيط,2025-01-31 11:13:42,,True,admin
54,الدبكة والرقصات الفولكلوريّة,2025-01-31 11:13:42,,True,admin
54,تأدية حركات التراتيل,2025-01-31 11:13:42,,True,admin
55,الرياضة,2025-01-31 11:13:42,2026-05-29 15:59:09,False,admin
55,الدبكة والرقصات الفولكلوريّة,2025-01-31 11:13:42,2026-05-29 15:59:09,False,admin
56,مهارات التواصل,2025-01-31 11:13:44,2026-05-29 15:23:00,False,admin
56,مهارات إداريّة,2025-01-31 11:13:44,2026-05-29 15:23:00,False,admin
56,مهارات العمل الجماعي,2025-01-31 11:13:44,2026-05-29 15:23:00,False,admin
56,مهارات التخطيط,2025-01-31 11:13:44,2026-05-29 15:23:00,False,admin
57,التنظيم لأعمال تطوعيّة,2025-01-31 11:13:45,,True,admin
57,الرياضة,2025-01-31 11:13:45,,True,admin
58,الرسم,2025-01-31 11:13:45,,True,admin
58,أشغال يدويّة,2025-01-31 11:13:45,,True,admin
60,الغناء,2025-01-31 11:13:46,,True,admin
60,الترتيل,2025-01-31 11:13:46,,True,admin
60,الرسم,2025-01-31 11:13:46,,True,admin
61,الترتيل,2025-01-31 11:13:46,,True,admin
61,التنظيم لأعمال تطوعيّة,2025-01-31 11:13:46,,True,admin
61,تأدية حركات التراتيل,2025-01-31 11:13:46,,True,admin
62,مهارات العمل الجماعي,2025-01-31 11:13:48,2026-05-29 16:28:21,False,admin
62,تحضير الألعاب,2025-01-31 11:13:48,2026-05-29 16:28:21,False,admin
62,التنظيم لأعمال تطوعيّة,2025-01-31 11:13:48,2026-05-29 16:28:21,False,admin
62,أشغال يدويّة,2025-01-31 11:13:48,2026-05-29 16:28:21,False,admin
63,تصوير فيديو,2025-01-31 11:13:49,,True,admin
63,الرسم,2025-01-31 11:13:49,,True,admin
64,تصوير فيديو,2025-01-31 11:13:49,,True,admin
64,مونتاج فيديو,2025-01-31 11:13:49,,True,admin
64,مهارات التواصل,2025-01-31 11:13:49,,True,admin
64,مهارات العمل الجماعي,2025-01-31 11:13:49,,True,admin
64,مهارات التخطيط,2025-01-31 11:13:49,,True,admin
64,تحضير الألعاب,2025-01-31 11:13:49,,True,admin
64,التنظيم لأعمال تطوعيّة,2025-01-31 11:13:49,,True,admin
64,تأدية حركات التراتيل,2025-01-31 11:13:49,,True,admin
65,العزف,2025-01-31 11:13:49,,True,admin
65,الرياضة,2025-01-31 11:13:49,,True,admin
65,التصوير الفوتوغرافي,2025-01-31 11:13:49,,True,admin
65,التمثيل,2025-01-31 11:13:49,,True,admin
65,مهارات العمل الجماعي,2025-01-31 11:13:49,,True,admin
65,تحضير الألعاب,2025-01-31 11:13:49,,True,admin
65,أشغال يدويّة,2025-01-31 11:13:49,,True,admin
65,الدبكة والرقصات الفولكلوريّة,2025-01-31 11:13:49,,True,admin
67,التنظيم لأعمال تطوعيّة,2025-01-31 11:13:51,2026-05-29 15:23:53,False,admin
67,أشغال يدويّة,2025-01-31 11:13:51,2026-05-29 15:23:53,False,admin
68,الغناء,2025-01-31 11:13:52,,True,admin
68,الترتيل,2025-01-31 11:13:52,,True,admin
68,كتابة نصوص,2025-01-31 11:13:52,,True,admin
68,القراءة,2025-01-31 11:13:52,,True,admin
68,مهارات التواصل,2025-01-31 11:13:52,,True,admin
68,مهارات العمل الجماعي,2025-01-31 11:13:52,,True,admin
68,تحضير الألعاب,2025-01-31 11:13:52,,True,admin
68,أشغال يدويّة,2025-01-31 11:13:52,,True,admin
69,التمثيل,2025-01-31 11:13:53,,True,admin
69,مهارات التواصل,2025-01-31 11:13:53,,True,admin
69,مهارات إداريّة,2025-01-31 11:13:53,,True,admin
69,مهارات العمل الجماعي,2025-01-31 11:13:53,,True,admin
69,مهارات التخطيط,2025-01-31 11:13:53,,True,admin
70,مهارات إداريّة,2025-01-31 11:13:55,,True,admin
70,مهارات العمل الجماعي,2025-01-31 11:13:55,,True,admin
70,مهارات التخطيط,2025-01-31 11:13:55,,True,admin
72,الدبكة والرقصات الفولكلوريّة,2025-01-31 11:14:00,,True,admin
73,العزف,2025-01-31 11:14:01,,True,admin
73,الغناء,2025-01-31 11:14:01,,True,admin
73,الترتيل,2025-01-31 11:14:01,,True,admin
73,التصوير الفوتوغرافي,2025-01-31 11:14:01,,True,admin
73,التصميم الجرافيكي,2025-01-31 11:14:01,,True,admin
73,التمثيل,2025-01-31 11:14:01,,True,admin
73,الإخراج (السينمائي/ المسرحي),2025-01-31 11:14:01,,True,admin
73,تصوير فيديو,2025-01-31 11:14:01,,True,admin
73,التصميم الداخلي/ ديكور,2025-01-31 11:14:01,,True,admin
73,مهارات التواصل,2025-01-31 11:14:01,,True,admin
73,مهارات إداريّة,2025-01-31 11:14:01,,True,admin
73,مهارات العمل الجماعي,2025-01-31 11:14:01,,True,admin
73,مهارات التخطيط,2025-01-31 11:14:01,,True,admin
73,تحضير الألعاب,2025-01-31 11:14:01,,True,admin
73,التنظيم لأعمال تطوعيّة,2025-01-31 11:14:01,,True,admin
73,أشغال يدويّة,2025-01-31 11:14:01,,True,admin
74,مهارات العمل الجماعي,2025-01-31 11:14:02,,True,admin
74,تصوير فيديو,2025-01-31 11:14:02,,True,admin
75,التصوير الفوتوغرافي,2025-01-31 11:14:03,,True,admin
75,القراءة,2025-01-31 11:14:03,,True,admin
78,تصوير فيديو,2025-01-31 11:14:11,,True,admin
78,تحضير الألعاب,2025-01-31 11:14:11,,True,admin
78,الدبكة والرقصات الفولكلوريّة,2025-01-31 11:14:11,,True,admin
79,التمثيل,2025-01-31 11:14:11,,True,admin
79,تحضير الألعاب,2025-01-31 11:14:11,,True,admin
79,التنظيم لأعمال تطوعيّة,2025-01-31 11:14:11,,True,admin
79,تأدية حركات التراتيل,2025-01-31 11:14:11,,True,admin
80,القراءة,2025-01-31 11:14:12,,True,admin
82,الرياضة,2025-01-31 11:14:14,,True,admin
83,الرياضة,2025-01-31 11:14:15,,True,admin
83,التمثيل,2025-01-31 11:14:15,,True,admin
84,الرياضة,2025-01-31 11:14:16,,True,admin
84,القراءة,2025-01-31 11:14:16,,True,admin
84,الدبكة والرقصات الفولكلوريّة,2025-01-31 11:14:16,,True,admin
85,العزف,2025-01-31 11:14:17,,True,admin
85,الرياضة,2025-01-31 11:14:17,,True,admin
85,التمثيل,2025-01-31 11:14:17,,True,admin
85,مهارات العمل الجماعي,2025-01-31 11:14:17,,True,admin
85,تحضير الألعاب,2025-01-31 11:14:17,,True,admin
85,التنظيم لأعمال تطوعيّة,2025-01-31 11:14:17,,True,admin
85,الدبكة والرقصات الفولكلوريّة,2025-01-31 11:14:17,,True,admin
86,تصوير فيديو,2025-01-31 11:14:17,,True,admin
86,مونتاج فيديو,2025-01-31 11:14:17,,True,admin
87,الغناء,2025-01-31 11:14:19,,True,admin
87,الترتيل,2025-01-31 11:14:19,,True,admin
87,التمثيل,2025-01-31 11:14:19,,True,admin
87,كتابة نصوص,2025-01-31 11:14:19,,True,admin
87,الرسم,2025-01-31 11:14:19,,True,admin
87,القراءة,2025-01-31 11:14:19,,True,admin
87,مهارات التواصل,2025-01-31 11:14:19,,True,admin
87,مهارات العمل الجماعي,2025-01-31 11:14:19,,True,admin
87,تحضير الألعاب,2025-01-31 11:14:19,,True,admin
87,تأدية حركات التراتيل,2025-01-31 11:14:19,,True,admin
88,الرياضة,2025-01-31 11:14:19,,True,admin
88,التصوير الفوتوغرافي,2025-01-31 11:14:19,,True,admin
88,مونتاج فيديو,2025-01-31 11:14:19,,True,admin
88,مهارات إداريّة,2025-01-31 11:14:19,,True,admin
88,مهارات العمل الجماعي,2025-01-31 11:14:19,,True,admin
88,التنظيم لأعمال تطوعيّة,2025-01-31 11:14:19,,True,admin
88,أجهزة الصوت (صوتيّات ومِكسرات),2025-01-31 11:14:19,,True,admin
88,الدبكة والرقصات الفولكلوريّة,2025-01-31 11:14:19,,True,admin
88,تأدية حركات التراتيل,2025-01-31 11:14:19,,True,admin
88,التمثيل,2025-01-31 11:14:19,,True,admin
88,كتابة نصوص,2025-01-31 11:14:19,,True,admin
89,العزف,2025-01-31 11:14:22,,True,admin
89,تحضير الألعاب,2025-01-31 11:14:22,,True,admin
89,الرياضة,2025-01-31 11:14:22,,True,admin
89,مهارات العمل الجماعي,2025-01-31 11:14:22,,True,admin
89,الدبكة والرقصات الفولكلوريّة,2025-01-31 11:14:22,,True,admin
92,القراءة,2025-01-31 11:14:26,,True,admin
93,الدراجات,2025-01-31 11:14:26,,True,admin
94,التمثيل,2025-01-31 11:14:27,,True,admin
94,التصميم الداخلي/ ديكور,2025-01-31 11:14:27,,True,admin
94,مهارات العمل الجماعي,2025-01-31 11:14:27,,True,admin
94,تحضير الألعاب,2025-01-31 11:14:27,,True,admin
94,التنظيم لأعمال تطوعيّة,2025-01-31 11:14:27,,True,admin
94,أشغال يدويّة,2025-01-31 11:14:27,,True,admin
94,تأدية حركات التراتيل,2025-01-31 11:14:27,,True,admin
95,الرياضة,2025-01-31 11:14:27,,True,admin
95,مهارات التواصل,2025-01-31 11:14:27,,True,admin
95,مهارات العمل الجماعي,2025-01-31 11:14:27,,True,admin
95,تحضير الألعاب,2025-01-31 11:14:27,,True,admin
95,التنظيم لأعمال تطوعيّة,2025-01-31 11:14:27,,True,admin
95,أشغال يدويّة,2025-01-31 11:14:27,,True,admin
95,الدبكة والرقصات الفولكلوريّة,2025-01-31 11:14:27,,True,admin
95,تأدية حركات التراتيل,2025-01-31 11:14:27,,True,admin
96,الرياضة,2025-01-31 11:14:27,,True,admin
96,التصوير الفوتوغرافي,2025-01-31 11:14:27,,True,admin
97,الغناء,2025-01-31 11:14:27,,True,admin
97,الرياضة,2025-01-31 11:14:27,,True,admin
99,الرياضة,2025-01-31 11:14:29,,True,admin
100,مهارات التواصل,2025-01-31 11:14:30,,True,admin
100,مهارات إداريّة,2025-01-31 11:14:30,,True,admin
100,مهارات العمل الجماعي,2025-01-31 11:14:30,,True,admin
100,أشغال يدويّة,2025-01-31 11:14:30,,True,admin
102,الغناء,2025-01-31 11:14:32,2026-05-27 20:28:08,False,admin
102,الترتيل,2025-01-31 11:14:32,2026-05-27 20:28:08,False,admin
102,القراءة,2025-01-31 11:14:32,2026-05-27 20:28:08,False,admin
102,مهارات التخطيط,2025-01-31 11:14:32,2026-05-27 20:28:08,False,admin
102,أشغال يدويّة,2025-01-31 11:14:32,2026-05-27 20:28:08,False,admin
103,التصميم الجرافيكي,2025-01-31 11:14:33,,True,admin
103,تصوير فيديو,2025-01-31 11:14:33,,True,admin
103,التصميم الداخلي/ ديكور,2025-01-31 11:14:33,,True,admin
103,مونتاج فيديو,2025-01-31 11:14:33,,True,admin
103,مهارات التواصل,2025-01-31 11:14:33,,True,admin
103,مهارات إداريّة,2025-01-31 11:14:33,,True,admin
103,مهارات العمل الجماعي,2025-01-31 11:14:33,,True,admin
103,مهارات التخطيط,2025-01-31 11:14:33,,True,admin
103,التنظيم لأعمال تطوعيّة,2025-01-31 11:14:33,,True,admin
103,الدبكة والرقصات الفولكلوريّة,2025-01-31 11:14:33,,True,admin
104,الترتيل,2025-01-31 11:14:34,2026-05-29 16:37:46,False,admin
104,مهارات إداريّة,2025-01-31 11:14:34,2026-05-29 16:37:46,False,admin
104,مهارات العمل الجماعي,2025-01-31 11:14:34,2026-05-29 16:37:46,False,admin
104,الدبكة والرقصات الفولكلوريّة,2025-01-31 11:14:34,2026-05-29 16:37:46,False,admin
104,تأدية حركات التراتيل,2025-01-31 11:14:34,2026-05-29 16:37:46,False,admin
106,كتابة نصوص,2025-01-31 11:14:36,,True,admin
106,القراءة,2025-01-31 11:14:36,,True,admin
107,الرياضة,2025-01-31 11:14:37,,True,admin
107,التصوير الفوتوغرافي,2025-01-31 11:14:37,,True,admin
108,العزف,2025-01-31 11:14:38,,True,admin
108,الرسم,2025-01-31 11:14:38,,True,admin
108,أشغال يدويّة,2025-01-31 11:14:38,,True,admin
109,الرياضة,2025-01-31 11:14:39,,True,admin
109,مهارات التواصل,2025-01-31 11:14:39,,True,admin
109,مهارات إداريّة,2025-01-31 11:14:39,,True,admin
109,مهارات العمل الجماعي,2025-01-31 11:14:39,,True,admin
109,مهارات التخطيط,2025-01-31 11:14:39,,True,admin
109,تحضير الألعاب,2025-01-31 11:14:39,,True,admin
109,الدبكة والرقصات الفولكلوريّة,2025-01-31 11:14:39,,True,admin
111,التمثيل,2025-01-31 11:14:40,,True,admin
111,تحضير الألعاب,2025-01-31 11:14:40,,True,admin
111,التنظيم لأعمال تطوعيّة,2025-01-31 11:14:40,,True,admin
111,أشغال يدويّة,2025-01-31 11:14:40,,True,admin
111,الدبكة والرقصات الفولكلوريّة,2025-01-31 11:14:40,,True,admin
111,تأدية حركات التراتيل,2025-01-31 11:14:40,,True,admin
113,التصوير الفوتوغرافي,2025-01-31 11:14:41,,True,admin
113,أشغال يدويّة,2025-01-31 11:14:41,,True,admin
114,الترتيل,2025-01-31 11:14:41,,True,admin
115,الرياضة,2025-01-31 11:14:42,,True,admin
115,تحضير الألعاب,2025-01-31 11:14:42,,True,admin
116,الغناء,2025-01-31 11:14:42,,True,admin
117,الطبخ,2025-01-31 11:14:44,,True,admin
118,القراءة,2025-01-31 11:14:45,,True,admin
118,الترتيل,2025-01-31 11:14:45,,True,admin
118,الرياضة,2025-01-31 11:14:45,,True,admin
120,مهارات التواصل,2025-01-31 11:14:45,,True,admin
120,مهارات العمل الجماعي,2025-01-31 11:14:45,,True,admin
120,مهارات التخطيط,2025-01-31 11:14:45,,True,admin
120,تحضير الألعاب,2025-01-31 11:14:45,,True,admin
121,التصوير الفوتوغرافي,2025-01-31 11:14:45,,True,admin
121,التمثيل,2025-01-31 11:14:45,,True,admin
121,تصوير فيديو,2025-01-31 11:14:45,,True,admin
121,مهارات التواصل,2025-01-31 11:14:45,,True,admin
121,مهارات إداريّة,2025-01-31 11:14:45,,True,admin
121,السيارات,2025-01-31 11:14:45,,True,admin
122,التصوير الفوتوغرافي,2025-01-31 11:14:45,,True,admin
122,تصوير فيديو,2025-01-31 11:14:45,,True,admin
122,مونتاج فيديو,2025-01-31 11:14:45,,True,admin
122,مهارات إداريّة,2025-01-31 11:14:45,,True,admin
122,مهارات العمل الجماعي,2025-01-31 11:14:45,,True,admin
122,تحضير الألعاب,2025-01-31 11:14:45,,True,admin
123,الرياضة,2025-01-31 11:14:47,,True,admin
123,التصوير الفوتوغرافي,2025-01-31 11:14:47,,True,admin
123,التمثيل,2025-01-31 11:14:47,,True,admin
123,القراءة,2025-01-31 11:14:47,,True,admin
123,الدبكة والرقصات الفولكلوريّة,2025-01-31 11:14:47,,True,admin
123,تأدية حركات التراتيل,2025-01-31 11:14:47,,True,admin
125,الرياضة,2025-01-31 11:14:47,,True,admin
126,الرياضة,2025-01-31 11:14:47,,True,admin
126,مهارات إداريّة,2025-01-31 11:14:47,,True,admin
126,مهارات العمل الجماعي,2025-01-31 11:14:47,,True,admin
126,مهارات التخطيط,2025-01-31 11:14:47,,True,admin
126,الدبكة والرقصات الفولكلوريّة,2025-01-31 11:14:47,,True,admin
127,مهارات إداريّة,2025-01-31 11:14:50,2026-05-29 15:52:53,False,admin
127,تحضير الألعاب,2025-01-31 11:14:50,2026-05-29 15:52:53,False,admin
129,التصوير الفوتوغرافي,2025-01-31 11:14:51,,True,admin
129,تصوير فيديو,2025-01-31 11:14:51,,True,admin
129,مونتاج فيديو,2025-01-31 11:14:51,,True,admin
130,التمثيل,2025-01-31 11:14:51,,True,admin
130,الدبكة والرقصات الفولكلوريّة,2025-01-31 11:14:51,,True,admin
130,تأدية حركات التراتيل,2025-01-31 11:14:51,,True,admin
131,أشغال يدويّة,2025-01-31 11:14:52,,True,admin
131,تأدية حركات التراتيل,2025-01-31 11:14:52,,True,admin
132,تصوير فيديو,2025-01-31 11:14:53,,True,admin
133,الرياضة,2025-01-31 11:14:53,,True,admin
133,التنظيم لأعمال تطوعيّة,2025-01-31 11:14:53,,True,admin
134,تحضير الألعاب,2025-01-31 11:14:54,,True,admin
134,تأدية حركات التراتيل,2025-01-31 11:14:54,,True,admin
135,الرياضة,2025-01-31 11:14:54,,True,admin
136,التصميم الجرافيكي,2025-01-31 11:14:57,,True,admin
136,التصميم الداخلي/ ديكور,2025-01-31 11:14:57,,True,admin
136,مونتاج فيديو,2025-01-31 11:14:57,,True,admin
136,الرسم,2025-01-31 11:14:57,,True,admin
136,مهارات التواصل,2025-01-31 11:14:57,,True,admin
136,مهارات إداريّة,2025-01-31 11:14:57,,True,admin
136,مهارات العمل الجماعي,2025-01-31 11:14:57,,True,admin
136,مهارات التخطيط,2025-01-31 11:14:57,,True,admin
136,تحضير الألعاب,2025-01-31 11:14:57,,True,admin
136,التنظيم لأعمال تطوعيّة,2025-01-31 11:14:57,,True,admin
136,أشغال يدويّة,2025-01-31 11:14:57,,True,admin
139,مهارات التواصل,2025-01-31 11:14:58,,True,admin
140,مهارات التواصل,2025-01-31 11:14:58,,True,admin
140,مهارات إداريّة,2025-01-31 11:14:58,,True,admin
140,مهارات العمل الجماعي,2025-01-31 11:14:58,,True,admin
140,مهارات التخطيط,2025-01-31 11:14:58,,True,admin
140,تحضير الألعاب,2025-01-31 11:14:58,,True,admin
140,التنظيم لأعمال تطوعيّة,2025-01-31 11:14:58,,True,admin
140,أجهزة الصوت (صوتيّات ومِكسرات),2025-01-31 11:14:58,,True,admin
140,أشغال يدويّة,2025-01-31 11:14:58,,True,admin
140,الدبكة والرقصات الفولكلوريّة,2025-01-31 11:14:58,,True,admin
140,تأدية حركات التراتيل,2025-01-31 11:14:58,,True,admin
142,تصوير فيديو,2025-01-31 11:14:59,,True,admin
142,مونتاج فيديو,2025-01-31 11:14:59,,True,admin
142,القراءة,2025-01-31 11:14:59,,True,admin
142,مهارات إداريّة,2025-01-31 11:14:59,,True,admin
143,تحضير الألعاب,2025-01-31 11:14:00,,True,admin
143,الدبكة والرقصات الفولكلوريّة,2025-01-31 11:14:00,,True,admin
143,تأدية حركات التراتيل,2025-01-31 11:14:00,,True,admin
144,العزف,2025-01-31 11:15:00,,True,admin
144,التصوير الفوتوغرافي,2025-01-31 11:15:00,,True,admin
144,تصوير فيديو,2025-01-31 11:15:00,,True,admin
144,مونتاج فيديو,2025-01-31 11:15:00,,True,admin
146,الرياضة,2025-01-31 11:15:02,,True,admin
146,التصوير الفوتوغرافي,2025-01-31 11:15:02,,True,admin
146,الرسم,2025-01-31 11:15:02,,True,admin
146,مهارات التواصل,2025-01-31 11:15:02,,True,admin
146,مهارات العمل الجماعي,2025-01-31 11:15:02,,True,admin
146,أشغال يدويّة,2025-01-31 11:15:02,,True,admin
147,التمثيل,2025-01-31 11:15:04,,True,admin
147,مونتاج فيديو,2025-01-31 11:15:04,,True,admin
148,الرياضة,2025-01-31 11:15:06,2026-05-29 15:21:56,False,admin
148,الرسم,2025-01-31 11:15:06,2026-05-29 15:21:56,False,admin
148,مهارات التواصل,2025-01-31 11:15:06,2026-05-29 15:21:56,False,admin
148,مهارات إداريّة,2025-01-31 11:15:06,2026-05-29 15:21:56,False,admin
148,مهارات العمل الجماعي,2025-01-31 11:15:06,2026-05-29 15:21:56,False,admin
148,مهارات التخطيط,2025-01-31 11:15:06,2026-05-29 15:21:56,False,admin
148,تحضير الألعاب,2025-01-31 11:15:06,2026-05-29 15:21:56,False,admin
148,التنظيم لأعمال تطوعيّة,2025-01-31 11:15:06,2026-05-29 15:21:56,False,admin
148,تأدية حركات التراتيل,2025-01-31 11:15:06,2026-05-29 15:21:56,False,admin
149,أشغال يدويّة,2025-01-31 11:15:06,,True,admin
149,تأدية حركات التراتيل,2025-01-31 11:15:06,,True,admin
152,الترتيل,2025-01-31 11:15:07,,True,admin
152,الدبكة والرقصات الفولكلوريّة,2025-01-31 11:15:07,,True,admin
153,الرياضة,2025-01-31 11:15:09,,True,admin
154,العزف,2025-01-31 11:15:11,,True,admin
154,الغناء,2025-01-31 11:15:11,,True,admin
154,الترتيل,2025-01-31 11:15:11,,True,admin
154,الرياضة,2025-01-31 11:15:11,,True,admin
154,التمثيل,2025-01-31 11:15:11,,True,admin
154,التنظيم لأعمال تطوعيّة,2025-01-31 11:15:11,,True,admin
154,الدبكة والرقصات الفولكلوريّة,2025-01-31 11:15:11,,True,admin
154,تأدية حركات التراتيل,2025-01-31 11:15:11,,True,admin
155,تصوير فيديو,2025-01-31 11:15:12,,True,admin
155,مونتاج فيديو,2025-01-31 11:15:12,,True,admin
155,مهارات التواصل,2025-01-31 11:15:12,,True,admin
155,تأدية حركات التراتيل,2025-01-31 11:15:12,,True,admin
156,الرسم,2025-01-31 11:15:14,,True,admin
156,أشغال يدويّة,2025-01-31 11:15:14,,True,admin
157,تأدية حركات التراتيل,2025-01-31 11:15:15,,True,admin
158,مهارات التواصل,2025-01-31 11:15:16,,True,admin
158,مهارات إداريّة,2025-01-31 11:15:16,,True,admin
158,مهارات العمل الجماعي,2025-01-31 11:15:16,,True,admin
158,مهارات التخطيط,2025-01-31 11:15:16,,True,admin
158,تحضير الألعاب,2025-01-31 11:15:16,,True,admin
159,مهارات التواصل,2025-01-31 11:15:16,,True,admin
159,مهارات إداريّة,2025-01-31 11:15:16,,True,admin
159,مهارات العمل الجماعي,2025-01-31 11:15:16,,True,admin
159,مهارات التخطيط,2025-01-31 11:15:16,,True,admin
159,التنظيم لأعمال تطوعيّة,2025-01-31 11:15:16,,True,admin
160,الرياضة,2025-01-31 11:15:17,,True,admin
160,التمثيل,2025-01-31 11:15:17,,True,admin
160,تصوير فيديو,2025-01-31 11:15:17,,True,admin
160,الرسم,2025-01-31 11:15:17,,True,admin
160,مهارات التواصل,2025-01-31 11:15:17,,True,admin
160,مهارات إداريّة,2025-01-31 11:15:17,,True,admin
160,مهارات العمل الجماعي,2025-01-31 11:15:17,,True,admin
160,مهارات التخطيط,2025-01-31 11:15:17,,True,admin
160,تحضير الألعاب,2025-01-31 11:15:17,,True,admin
160,التنظيم لأعمال تطوعيّة,2025-01-31 11:15:17,,True,admin
160,أشغال يدويّة,2025-01-31 11:15:17,,True,admin
160,الدبكة والرقصات الفولكلوريّة,2025-01-31 11:15:17,,True,admin
161,الرياضة,2025-01-31 11:15:18,,True,admin
162,الرياضة,2025-01-31 11:15:18,,True,admin
164,الرياضة,2025-01-31 11:15:20,2026-05-29 16:18:38,False,admin
164,التمثيل,2025-01-31 11:15:20,2026-05-29 16:18:38,False,admin
164,تصوير فيديو,2025-01-31 11:15:20,2026-05-29 16:18:38,False,admin
164,مهارات التواصل,2025-01-31 11:15:20,2026-05-29 16:18:38,False,admin
164,مهارات إداريّة,2025-01-31 11:15:20,2026-05-29 16:18:38,False,admin
164,مهارات العمل الجماعي,2025-01-31 11:15:20,2026-05-29 16:18:38,False,admin
164,تحضير الألعاب,2025-01-31 11:15:20,2026-05-29 16:18:38,False,admin
164,التنظيم لأعمال تطوعيّة,2025-01-31 11:15:20,2026-05-29 16:18:38,False,admin
164,أشغال يدويّة,2025-01-31 11:15:20,2026-05-29 16:18:38,False,admin
164,الدبكة والرقصات الفولكلوريّة,2025-01-31 11:15:20,2026-05-29 16:18:38,False,admin
165,العزف,2025-01-31 11:15:22,,True,admin
165,الرسم,2025-01-31 11:15:22,,True,admin
165,التنظيم لأعمال تطوعيّة,2025-01-31 11:15:22,,True,admin
165,أشغال يدويّة,2025-01-31 11:15:22,,True,admin
166,التخييم,2025-01-31 11:15:27,,True,admin
166,الصيد,2025-01-31 11:15:27,,True,admin
168,التمثيل,2025-01-31 11:15:28,,True,admin
168,تصوير فيديو,2025-01-31 11:15:28,,True,admin
168,التصميم الداخلي/ ديكور,2025-01-31 11:15:28,,True,admin
168,مونتاج فيديو,2025-01-31 11:15:28,,True,admin
168,مهارات التواصل,2025-01-31 11:15:28,,True,admin
168,مهارات إداريّة,2025-01-31 11:15:28,,True,admin
168,مهارات العمل الجماعي,2025-01-31 11:15:28,,True,admin
168,التنظيم لأعمال تطوعيّة,2025-01-31 11:15:28,,True,admin
168,أشغال يدويّة,2025-01-31 11:15:28,,True,admin
168,الدبكة والرقصات الفولكلوريّة,2025-01-31 11:15:28,,True,admin
170,الرياضة,2025-01-31 11:15:33,,True,admin
170,التصوير الفوتوغرافي,2025-01-31 11:15:33,,True,admin
170,التصميم الجرافيكي,2025-01-31 11:15:33,,True,admin
170,التمثيل,2025-01-31 11:15:33,,True,admin
170,القراءة,2025-01-31 11:15:33,,True,admin
170,مهارات إداريّة,2025-01-31 11:15:33,,True,admin
170,مهارات العمل الجماعي,2025-01-31 11:15:33,,True,admin
170,مهارات التخطيط,2025-01-31 11:15:33,,True,admin
170,الدبكة والرقصات الفولكلوريّة,2025-01-31 11:15:33,,True,admin
171,الرياضة,2025-01-31 11:15:33,,True,admin
171,الدبكة والرقصات الفولكلوريّة,2025-01-31 11:15:33,,True,admin
172,القراءة,2025-01-31 11:15:33,2026-05-29 16:20:46,False,admin
172,مهارات التواصل,2025-01-31 11:15:33,2026-05-29 16:20:46,False,admin
172,مهارات إداريّة,2025-01-31 11:15:33,2026-05-29 16:20:46,False,admin
172,مهارات العمل الجماعي,2025-01-31 11:15:33,2026-05-29 16:20:46,False,admin
172,مهارات التخطيط,2025-01-31 11:15:33,2026-05-29 16:20:46,False,admin
172,التنظيم لأعمال تطوعيّة,2025-01-31 11:15:33,2026-05-29 16:20:46,False,admin
172,تأدية حركات التراتيل,2025-01-31 11:15:33,2026-05-29 16:20:46,False,admin
173,الترتيل,2025-01-31 11:15:33,,True,admin
174,مهارات التواصل,2025-01-31 11:15:34,,True,admin
174,مهارات إداريّة,2025-01-31 11:15:34,,True,admin
174,مهارات العمل الجماعي,2025-01-31 11:15:34,,True,admin
175,مهارات التواصل,2025-01-31 11:15:34,,True,admin
175,مهارات العمل الجماعي,2025-01-31 11:15:34,,True,admin
175,مهارات التخطيط,2025-01-31 11:15:34,,True,admin
175,تحضير الألعاب,2025-01-31 11:15:34,,True,admin
176,التمثيل,2025-01-31 11:15:36,,True,admin
176,كتابة نصوص,2025-01-31 11:15:36,,True,admin
176,القراءة,2025-01-31 11:15:36,,True,admin
176,مهارات التواصل,2025-01-31 11:15:36,,True,admin
176,مهارات إداريّة,2025-01-31 11:15:36,,True,admin
176,مهارات العمل الجماعي,2025-01-31 11:15:36,,True,admin
176,مهارات التخطيط,2025-01-31 11:15:36,,True,admin
176,تحضير الألعاب,2025-01-31 11:15:36,,True,admin
176,التنظيم لأعمال تطوعيّة,2025-01-31 11:15:36,,True,admin
176,تأدية حركات التراتيل,2025-01-31 11:15:36,,True,admin
177,العزف,2025-01-31 11:15:37,,True,admin
177,الغناء,2025-01-31 11:15:37,,True,admin
177,الترتيل,2025-01-31 11:15:37,,True,admin
177,الرياضة,2025-01-31 11:15:37,,True,admin
177,التصوير الفوتوغرافي,2025-01-31 11:15:37,,True,admin
177,مهارات إداريّة,2025-01-31 11:15:37,,True,admin
177,مهارات العمل الجماعي,2025-01-31 11:15:37,,True,admin
177,مهارات التخطيط,2025-01-31 11:15:37,,True,admin
177,أجهزة الصوت (صوتيّات ومِكسرات),2025-01-31 11:15:37,,True,admin
178,مهارات العمل الجماعي,2025-01-31 11:15:38,,True,admin
179,العزف,2025-01-31 11:15:39,,True,admin
179,مهارات العمل الجماعي,2025-01-31 11:15:39,,True,admin
179,مهارات التخطيط,2025-01-31 11:15:39,,True,admin
179,أشغال يدويّة,2025-01-31 11:15:39,,True,admin
179,تأدية حركات التراتيل,2025-01-31 11:15:39,,True,admin
180,الرياضة,2025-01-31 11:15:39,,True,admin
180,تحضير الألعاب,2025-01-31 11:15:39,,True,admin
181,الرياضة,2025-01-31 11:15:40,,True,admin
181,القراءة,2025-01-31 11:15:40,,True,admin
182,الرياضة,2025-01-31 11:15:41,,True,admin
182,مهارات التواصل,2025-01-31 11:15:41,,True,admin
182,مهارات إداريّة,2025-01-31 11:15:41,,True,admin
182,مهارات العمل الجماعي,2025-01-31 11:15:41,,True,admin
183,الغناء,2025-01-31 11:15:41,,True,admin
183,الترتيل,2025-01-31 11:15:41,,True,admin
183,مهارات العمل الجماعي,2025-01-31 11:15:41,,True,admin
183,تحضير الألعاب,2025-01-31 11:15:41,,True,admin
184,تصوير فيديو,2025-01-31 11:15:41,2026-05-29 16:29:22,False,admin
185,الدبكة والرقصات الفولكلوريّة,2025-01-31 11:15:44,,True,admin
188,التصوير الفوتوغرافي,2025-01-31 11:15:44,,True,admin
188,مهارات العمل الجماعي,2025-01-31 11:15:44,,True,admin
188,مهارات التخطيط,2025-01-31 11:15:44,,True,admin
189,الدبكة والرقصات الفولكلوريّة,2025-01-31 11:15:45,,True,admin
189,تأدية حركات التراتيل,2025-01-31 11:15:45,,True,admin
190,الرياضة,2025-01-31 11:15:45,,True,admin
190,التمثيل,2025-01-31 11:15:45,,True,admin
190,القراءة,2025-01-31 11:15:45,,True,admin
190,الدبكة والرقصات الفولكلوريّة,2025-01-31 11:15:45,,True,admin
191,العزف,2025-01-31 11:15:45,,True,admin
191,الغناء,2025-01-31 11:15:45,,True,admin
191,الترتيل,2025-01-31 11:15:45,,True,admin
191,الرياضة,2025-01-31 11:15:45,,True,admin
191,كتابة نصوص,2025-01-31 11:15:45,,True,admin
191,القراءة,2025-01-31 11:15:45,,True,admin
191,مهارات التواصل,2025-01-31 11:15:45,,True,admin
191,مهارات إداريّة,2025-01-31 11:15:45,,True,admin
191,مهارات العمل الجماعي,2025-01-31 11:15:45,,True,admin
191,مهارات التخطيط,2025-01-31 11:15:45,,True,admin
192,التمثيل,2025-01-31 11:15:45,,True,admin
192,القراءة,2025-01-31 11:15:45,,True,admin
192,مهارات التواصل,2025-01-31 11:15:45,,True,admin
193,مهارات التخطيط,2025-01-31 11:15:46,,True,admin
193,التنظيم لأعمال تطوعيّة,2025-01-31 11:15:46,,True,admin
193,أشغال يدويّة,2025-01-31 11:15:46,,True,admin
196,الرسم,2025-01-31 11:15:48,,True,admin
196,مهارات العمل الجماعي,2025-01-31 11:15:48,,True,admin
198,التصوير الفوتوغرافي,2025-01-31 11:15:50,,True,admin
199,الغناء,2025-01-31 11:15:53,,True,admin
199,الترتيل,2025-01-31 11:15:53,,True,admin
200,الرسم,2025-01-31 11:15:53,,True,admin
201,العزف,2025-01-31 11:15:55,,True,admin
201,الرياضة,2025-01-31 11:15:55,,True,admin
201,التصوير الفوتوغرافي,2025-01-31 11:15:55,,True,admin
201,التمثيل,2025-01-31 11:15:55,,True,admin
201,الإخراج (السينمائي/ المسرحي),2025-01-31 11:15:55,,True,admin
201,تصوير فيديو,2025-01-31 11:15:55,,True,admin
201,كتابة نصوص,2025-01-31 11:15:55,,True,admin
201,مونتاج فيديو,2025-01-31 11:15:55,,True,admin
201,القراءة,2025-01-31 11:15:55,,True,admin
201,مهارات التواصل,2025-01-31 11:15:55,,True,admin
201,مهارات إداريّة,2025-01-31 11:15:55,,True,admin
201,مهارات العمل الجماعي,2025-01-31 11:15:55,,True,admin
201,مهارات التخطيط,2025-01-31 11:15:55,,True,admin
201,تحضير الألعاب,2025-01-31 11:15:55,,True,admin
201,التنظيم لأعمال تطوعيّة,2025-01-31 11:15:55,,True,admin
202,التصوير الفوتوغرافي,2025-01-31 11:15:55,,True,admin
207,التصميم الداخلي/ ديكور,2025-01-31 11:15:57,,True,admin
207,مهارات إداريّة,2025-01-31 11:15:57,,True,admin
207,مهارات العمل الجماعي,2025-01-31 11:15:57,,True,admin
207,تحضير الألعاب,2025-01-31 11:15:57,,True,admin
208,التصوير الفوتوغرافي,2025-01-31 11:15:57,,True,admin
208,التمثيل,2025-01-31 11:15:57,,True,admin
208,التصميم الداخلي/ ديكور,2025-01-31 11:15:57,,True,admin
208,الرسم,2025-01-31 11:15:57,,True,admin
209,الرسم,2025-01-31 11:16:02,,True,admin
209,القراءة,2025-01-31 11:16:02,,True,admin
209,أشغال يدويّة,2025-01-31 11:16:02,,True,admin
210,التصوير الفوتوغرافي,2025-01-31 11:16:02,,True,admin
210,التصميم الجرافيكي,2025-01-31 11:16:02,,True,admin
210,تصوير فيديو,2025-01-31 11:16:02,,True,admin
210,كتابة نصوص,2025-01-31 11:16:02,,True,admin
212,التمثيل,2025-01-31 11:16:03,,True,admin
212,كتابة نصوص,2025-01-31 11:16:03,,True,admin
212,القراءة,2025-01-31 11:16:03,,True,admin
212,مهارات التواصل,2025-01-31 11:16:03,,True,admin
212,تحضير الألعاب,2025-01-31 11:16:03,,True,admin
212,التنظيم لأعمال تطوعيّة,2025-01-31 11:16:03,,True,admin
212,أشغال يدويّة,2025-01-31 11:16:03,,True,admin
212,الدبكة والرقصات الفولكلوريّة,2025-01-31 11:16:03,,True,admin
212,تأدية حركات التراتيل,2025-01-31 11:16:03,,True,admin
213,العزف,2025-01-31 11:16:05,,True,admin
213,التصوير الفوتوغرافي,2025-01-31 11:16:05,,True,admin
213,تصوير فيديو,2025-01-31 11:16:05,,True,admin
213,مونتاج فيديو,2025-01-31 11:16:05,,True,admin
213,مهارات التواصل,2025-01-31 11:16:05,,True,admin
213,مهارات إداريّة,2025-01-31 11:16:05,,True,admin
213,مهارات العمل الجماعي,2025-01-31 11:16:05,,True,admin
213,مهارات التخطيط,2025-01-31 11:16:05,,True,admin
213,أجهزة الصوت (صوتيّات ومِكسرات),2025-01-31 11:16:05,,True,admin
214,العزف,2025-01-31 11:16:08,,True,admin
214,مونتاج فيديو,2025-01-31 11:16:08,,True,admin
214,القراءة,2025-01-31 11:16:08,,True,admin
214,مهارات العمل الجماعي,2025-01-31 11:16:08,,True,admin
215,الغناء,2025-01-31 11:16:10,,True,admin
215,الترتيل,2025-01-31 11:16:10,,True,admin
215,التمثيل,2025-01-31 11:16:10,,True,admin
215,تصوير فيديو,2025-01-31 11:16:10,,True,admin
216,الرياضة,2025-01-31 11:16:12,,True,admin
217,التصميم الداخلي/ ديكور,2025-01-31 11:16:12,,True,admin
217,الرسم,2025-01-31 11:16:12,,True,admin
217,أشغال يدويّة,2025-01-31 11:16:12,,True,admin
218,الترتيل,2025-01-31 11:16:13,,True,admin
218,التمثيل,2025-01-31 11:16:13,,True,admin
218,التصميم الداخلي/ ديكور,2025-01-31 11:16:13,,True,admin
218,القراءة,2025-01-31 11:16:13,,True,admin
218,مهارات التواصل,2025-01-31 11:16:13,,True,admin
218,مهارات إداريّة,2025-01-31 11:16:13,,True,admin
218,مهارات العمل الجماعي,2025-01-31 11:16:13,,True,admin
218,تحضير الألعاب,2025-01-31 11:16:13,,True,admin
218,التنظيم لأعمال تطوعيّة,2025-01-31 11:16:13,,True,admin
218,تأدية حركات التراتيل,2025-01-31 11:16:13,,True,admin
219,الرياضة,2025-01-31 11:16:13,,True,admin
219,القراءة,2025-01-31 11:16:13,,True,admin
220,الرياضة,2025-01-31 11:16:14,,True,admin
222,مهارات التخطيط,2025-01-31 11:16:15,,True,admin
224,التصوير الفوتوغرافي,2025-01-31 11:16:17,2026-05-29 16:13:54,False,admin
224,التمثيل,2025-01-31 11:16:17,2026-05-29 16:13:54,False,admin
224,مهارات العمل الجماعي,2025-01-31 11:16:17,2026-05-29 16:13:54,False,admin
224,مهارات التخطيط,2025-01-31 11:16:17,2026-05-29 16:13:54,False,admin
224,التنظيم لأعمال تطوعيّة,2025-01-31 11:16:17,2026-05-29 16:13:54,False,admin
225,الرياضة,2025-01-31 11:16:17,,True,admin
225,تأدية حركات التراتيل,2025-01-31 11:16:17,,True,admin
226,الغناء,2025-01-31 11:16:18,,True,admin
226,الترتيل,2025-01-31 11:16:18,,True,admin
227,القراءة,2025-01-31 11:16:19,,True,admin
227,تأدية حركات التراتيل,2025-01-31 11:16:19,,True,admin
228,التمثيل,2025-01-31 11:16:21,,True,admin
228,كتابة نصوص,2025-01-31 11:16:21,,True,admin
228,القراءة,2025-01-31 11:16:21,,True,admin
228,مهارات العمل الجماعي,2025-01-31 11:16:21,,True,admin
228,أشغال يدويّة,2025-01-31 11:16:21,,True,admin
228,تأدية حركات التراتيل,2025-01-31 11:16:21,,True,admin
229,القراءة,2025-01-31 11:16:24,,True,admin
229,الطقس والفلك,2025-01-31 11:16:24,,True,admin
230,مهارات العمل الجماعي,2025-01-31 11:16:24,,True,admin
231,مهارات إداريّة,2025-01-31 11:16:25,,True,admin
231,مهارات العمل الجماعي,2025-01-31 11:16:25,,True,admin
231,مهارات التخطيط,2025-01-31 11:16:25,,True,admin
234,القراءة,2025-01-31 11:16:29,,True,admin
234,تحضير الألعاب,2025-01-31 11:16:29,,True,admin
234,الدبكة والرقصات الفولكلوريّة,2025-01-31 11:16:29,,True,admin
235,مهارات إداريّة,2025-01-31 11:16:29,,True,admin
235,مهارات التخطيط,2025-01-31 11:16:29,,True,admin
235,التنظيم لأعمال تطوعيّة,2025-01-31 11:16:29,,True,admin
236,تصوير فيديو,2025-01-31 11:16:35,,True,admin
236,مونتاج فيديو,2025-01-31 11:16:35,,True,admin
236,التنظيم لأعمال تطوعيّة,2025-01-31 11:16:35,,True,admin
237,الرياضة,2025-01-31 11:16:37,,True,admin
237,التصوير الفوتوغرافي,2025-01-31 11:16:37,,True,admin
238,الغناء,2025-01-31 11:16:40,,True,admin
239,الرسم,2025-01-31 11:16:41,,True,admin
239,مهارات التواصل,2025-01-31 11:16:41,,True,admin
239,مهارات العمل الجماعي,2025-01-31 11:16:41,,True,admin
239,مهارات التخطيط,2025-01-31 11:16:41,,True,admin
239,تحضير الألعاب,2025-01-31 11:16:41,,True,admin
240,الرياضة,2025-01-31 11:16:42,,True,admin
240,التصوير الفوتوغرافي,2025-01-31 11:16:42,,True,admin
240,مهارات العمل الجماعي,2025-01-31 11:16:42,,True,admin
240,أشغال يدويّة,2025-01-31 11:16:42,,True,admin
240,الدبكة والرقصات الفولكلوريّة,2025-01-31 11:16:42,,True,admin
240,مهارات التخطيط,2025-01-31 11:16:42,,True,admin
240,التنظيم لأعمال تطوعيّة,2025-01-31 11:16:42,,True,admin
242,مهارات التواصل,2025-01-31 11:16:44,,True,admin
242,مهارات إداريّة,2025-01-31 11:16:44,,True,admin
242,مهارات العمل الجماعي,2025-01-31 11:16:44,,True,admin
242,مهارات التخطيط,2025-01-31 11:16:44,,True,admin
242,التنظيم لأعمال تطوعيّة,2025-01-31 11:16:44,,True,admin
242,تأدية حركات التراتيل,2025-01-31 11:16:44,,True,admin
243,التصميم الداخلي/ ديكور,2025-01-31 11:16:45,,True,admin
243,الرسم,2025-01-31 11:16:45,,True,admin
243,أشغال يدويّة,2025-01-31 11:16:45,,True,admin
244,الرياضة,2025-01-31 11:16:46,,True,admin
246,التمثيل,2025-01-31 11:16:50,,True,admin
246,الإخراج (السينمائي/ المسرحي),2025-01-31 11:16:50,,True,admin
246,تصوير فيديو,2025-01-31 11:16:50,,True,admin
247,الرياضة,2025-01-31 11:16:51,,True,admin
247,التصوير الفوتوغرافي,2025-01-31 11:16:51,,True,admin
247,التمثيل,2025-01-31 11:16:51,,True,admin
247,تصوير فيديو,2025-01-31 11:16:51,,True,admin
247,مهارات التواصل,2025-01-31 11:16:51,,True,admin
247,مهارات إداريّة,2025-01-31 11:16:51,,True,admin
247,مهارات العمل الجماعي,2025-01-31 11:16:51,,True,admin
247,مهارات التخطيط,2025-01-31 11:16:51,,True,admin
247,التنظيم لأعمال تطوعيّة,2025-01-31 11:16:51,,True,admin
247,الدبكة والرقصات الفولكلوريّة,2025-01-31 11:16:51,,True,admin
248,الترتيل,2025-01-31 11:16:52,,True,admin
249,الرياضة,2025-01-31 11:16:52,,True,admin
249,القراءة,2025-01-31 11:16:52,,True,admin
249,مهارات العمل الجماعي,2025-01-31 11:16:52,,True,admin
250,مهارات العمل الجماعي,2025-01-31 11:16:58,,True,admin
251,الترتيل,2025-01-31 11:16:59,,True,admin
252,مهارات التواصل,2025-01-31 11:16:59,,True,admin
252,مهارات إداريّة,2025-01-31 11:16:59,,True,admin
252,مهارات العمل الجماعي,2025-01-31 11:16:59,,True,admin
252,مهارات التخطيط,2025-01-31 11:16:59,,True,admin
252,تحضير الألعاب,2025-01-31 11:16:59,,True,admin
252,التنظيم لأعمال تطوعيّة,2025-01-31 11:16:59,,True,admin
252,أشغال يدويّة,2025-01-31 11:16:59,,True,admin
252,تأدية حركات التراتيل,2025-01-31 11:16:59,,True,admin
255,الرياضة,2025-01-31 11:17:06,,True,admin
256,التصوير الفوتوغرافي,2025-01-31 11:17:07,,True,admin
256,مونتاج فيديو,2025-01-31 11:17:07,,True,admin
257,الغناء,2025-01-31 11:17:09,,True,admin
259,العزف,2025-01-31 11:17:11,,True,admin
259,التصوير الفوتوغرافي,2025-01-31 11:17:11,,True,admin
259,التصميم الجرافيكي,2025-01-31 11:17:11,,True,admin
259,مونتاج فيديو,2025-01-31 11:17:11,,True,admin
259,الإخراج (السينمائي/ المسرحي),2025-01-31 11:17:11,,True,admin
259,تصوير فيديو,2025-01-31 11:17:11,,True,admin
260,الرياضة,2025-01-31 11:17:12,,True,admin
260,مهارات العمل الجماعي,2025-01-31 11:17:12,,True,admin
260,مهارات التخطيط,2025-01-31 11:17:12,,True,admin
260,الدبكة والرقصات الفولكلوريّة,2025-01-31 11:17:12,,True,admin
261,الرياضة,2025-01-31 11:17:13,,True,admin
262,القراءة,2025-01-31 11:17:15,,True,admin
262,مهارات التواصل,2025-01-31 11:17:15,,True,admin
262,مهارات العمل الجماعي,2025-01-31 11:17:15,,True,admin
262,تحضير الألعاب,2025-01-31 11:17:15,,True,admin
265,الترتيل,2025-01-31 11:17:18,2026-05-29 16:11:38,False,admin
265,الرسم,2025-01-31 11:17:18,2026-05-29 16:11:38,False,admin
265,أشغال يدويّة,2025-01-31 11:17:18,2026-05-29 16:11:38,False,admin
266,كتابة نصوص,2025-01-31 11:17:20,,True,admin
266,القراءة,2025-01-31 11:17:20,,True,admin
266,مهارات التواصل,2025-01-31 11:17:20,,True,admin
266,مهارات إداريّة,2025-01-31 11:17:20,,True,admin
266,مهارات العمل الجماعي,2025-01-31 11:17:20,,True,admin
266,مهارات التخطيط,2025-01-31 11:17:20,,True,admin
266,تحضير الألعاب,2025-01-31 11:17:20,,True,admin
266,تأدية حركات التراتيل,2025-01-31 11:17:20,,True,admin
268,العزف,2025-01-31 11:17:25,,True,admin
270,العزف,2025-01-31 11:17:38,,True,admin
273,التصوير الفوتوغرافي,2025-01-31 11:17:45,2026-05-29 16:32:29,False,admin
273,التصميم الجرافيكي,2025-01-31 11:17:45,2026-05-29 16:32:29,False,admin
273,تصوير فيديو,2025-01-31 11:17:45,2026-05-29 16:32:29,False,admin
273,مونتاج فيديو,2025-01-31 11:17:45,2026-05-29 16:32:29,False,admin
274,الرسم,2025-01-31 11:17:49,,True,admin
274,مهارات التواصل,2025-01-31 11:17:49,,True,admin
274,مهارات إداريّة,2025-01-31 11:17:49,,True,admin
274,مهارات العمل الجماعي,2025-01-31 11:17:49,,True,admin
275,العزف,2025-01-31 11:17:50,,True,admin
275,الرياضة,2025-01-31 11:17:50,,True,admin
275,التمثيل,2025-01-31 11:17:50,,True,admin
276,الرياضة,2025-01-31 11:18:01,,True,admin
277,الغناء,2025-01-31 11:18:02,,True,admin
277,الرياضة,2025-01-31 11:18:02,,True,admin
277,التصوير الفوتوغرافي,2025-01-31 11:18:02,,True,admin
277,التمثيل,2025-01-31 11:18:02,,True,admin
277,مهارات التواصل,2025-01-31 11:18:02,,True,admin
277,تحضير الألعاب,2025-01-31 11:18:02,,True,admin
277,أشغال يدويّة,2025-01-31 11:18:02,,True,admin
279,الرياضة,2025-01-31 11:18:03,,True,admin
279,التصوير الفوتوغرافي,2025-01-31 11:18:03,,True,admin
279,تصوير فيديو,2025-01-31 11:18:03,,True,admin
279,مهارات العمل الجماعي,2025-01-31 11:18:03,,True,admin
281,القراءة,2025-01-31 11:18:07,,True,admin
281,أشغال يدويّة,2025-01-31 11:18:07,,True,admin
282,العزف,2025-01-31 11:18:08,,True,admin
282,الترتيل,2025-01-31 11:18:08,,True,admin
282,الرياضة,2025-01-31 11:18:08,,True,admin
282,مهارات التواصل,2025-01-31 11:18:08,,True,admin
282,مهارات إداريّة,2025-01-31 11:18:08,,True,admin
282,مهارات العمل الجماعي,2025-01-31 11:18:08,,True,admin
282,مهارات التخطيط,2025-01-31 11:18:08,,True,admin
282,تحضير الألعاب,2025-01-31 11:18:08,,True,admin
282,أجهزة الصوت (صوتيّات ومِكسرات),2025-01-31 11:18:08,,True,admin
283,مهارات العمل الجماعي,2025-01-31 11:18:11,,True,admin
283,تحضير الألعاب,2025-01-31 11:18:11,,True,admin
283,أشغال يدويّة,2025-01-31 11:18:11,,True,admin
283,تأدية حركات التراتيل,2025-01-31 11:18:11,,True,admin
284,الرياضة,2025-01-31 11:18:12,,True,admin
284,مهارات التواصل,2025-01-31 11:18:12,,True,admin
284,مهارات العمل الجماعي,2025-01-31 11:18:12,,True,admin
284,مهارات التخطيط,2025-01-31 11:18:12,,True,admin
285,العزف,2025-01-31 11:18:16,,True,admin
285,الرياضة,2025-01-31 11:18:16,,True,admin
285,مهارات التواصل,2025-01-31 11:18:16,,True,admin
285,تحضير الألعاب,2025-01-31 11:18:16,,True,admin
286,تصوير فيديو,2025-01-31 11:18:19,,True,admin
286,التصميم الداخلي/ ديكور,2025-01-31 11:18:19,,True,admin
286,مهارات إداريّة,2025-01-31 11:18:19,,True,admin
286,مهارات العمل الجماعي,2025-01-31 11:18:19,,True,admin
286,مهارات التخطيط,2025-01-31 11:18:19,,True,admin
286,تحضير الألعاب,2025-01-31 11:18:19,,True,admin
287,الرياضة,2025-01-31 11:18:21,,True,admin
288,مونتاج فيديو,2025-01-31 11:18:21,,True,admin
288,الرسم,2025-01-31 11:18:21,,True,admin
290,القراءة,2025-01-31 11:18:21,,True,admin
290,مهارات العمل الجماعي,2025-01-31 11:18:21,,True,admin
290,مهارات التخطيط,2025-01-31 11:18:21,,True,admin
291,التصوير الفوتوغرافي,2025-01-31 11:18:24,,True,admin
291,التصميم الجرافيكي,2025-01-31 11:18:24,,True,admin
291,الرسم,2025-01-31 11:18:24,,True,admin
291,أشغال يدويّة,2025-01-31 11:18:24,,True,admin
292,التصوير الفوتوغرافي,2025-01-31 11:18:27,,True,admin
294,القراءة,2025-01-31 11:18:39,,True,admin
294,مهارات العمل الجماعي,2025-01-31 11:18:39,,True,admin
294,مهارات التخطيط,2025-01-31 11:18:39,,True,admin
294,تأدية حركات التراتيل,2025-01-31 11:18:39,,True,admin
295,الغناء,2025-01-31 11:18:39,,True,admin
295,الترتيل,2025-01-31 11:18:39,,True,admin
295,التصوير الفوتوغرافي,2025-01-31 11:18:39,,True,admin
295,التمثيل,2025-01-31 11:18:39,,True,admin
295,القراءة,2025-01-31 11:18:39,,True,admin
295,أشغال يدويّة,2025-01-31 11:18:39,,True,admin
295,تأدية حركات التراتيل,2025-01-31 11:18:39,,True,admin
296,العزف,2025-01-31 11:18:43,,True,admin
296,التمثيل,2025-01-31 11:18:43,,True,admin
296,كتابة نصوص,2025-01-31 11:18:43,,True,admin
296,الرسم,2025-01-31 11:18:43,,True,admin
296,القراءة,2025-01-31 11:18:43,,True,admin
296,تحضير الألعاب,2025-01-31 11:18:43,,True,admin
296,التنظيم لأعمال تطوعيّة,2025-01-31 11:18:43,,True,admin
297,الغناء,2025-01-31 11:18:44,,True,admin
297,الترتيل,2025-01-31 11:18:44,,True,admin
297,التمثيل,2025-01-31 11:18:44,,True,admin
297,الدبكة والرقصات الفولكلوريّة,2025-01-31 11:18:44,,True,admin
299,العزف,2025-01-31 11:18:00,,True,admin
299,الغناء,2025-01-31 11:18:00,,True,admin
299,الترتيل,2025-01-31 11:18:00,,True,admin
299,الرياضة,2025-01-31 11:18:00,,True,admin
299,التصوير الفوتوغرافي,2025-01-31 11:18:00,,True,admin
299,تصوير فيديو,2025-01-31 11:18:00,,True,admin
299,التصميم الداخلي/ ديكور,2025-01-31 11:18:00,,True,admin
299,مونتاج فيديو,2025-01-31 11:18:00,,True,admin
299,الرسم,2025-01-31 11:18:00,,True,admin
299,القراءة,2025-01-31 11:18:00,,True,admin
299,مهارات التواصل,2025-01-31 11:18:00,,True,admin
299,مهارات إداريّة,2025-01-31 11:18:00,,True,admin
299,مهارات العمل الجماعي,2025-01-31 11:18:00,,True,admin
299,مهارات التخطيط,2025-01-31 11:18:00,,True,admin
299,تحضير الألعاب,2025-01-31 11:18:00,,True,admin
299,التنظيم لأعمال تطوعيّة,2025-01-31 11:18:00,,True,admin
299,أشغال يدويّة,2025-01-31 11:18:00,,True,admin
299,الدبكة والرقصات الفولكلوريّة,2025-01-31 11:18:00,,True,admin
299,تأدية حركات التراتيل,2025-01-31 11:18:00,,True,admin
300,تصوير فيديو,2025-01-31 11:19:01,,True,admin
300,مهارات التواصل,2025-01-31 11:19:01,,True,admin
300,تحضير الألعاب,2025-01-31 11:19:01,,True,admin
300,التنظيم لأعمال تطوعيّة,2025-01-31 11:19:01,,True,admin
300,أشغال يدويّة,2025-01-31 11:19:01,,True,admin
301,الرياضة,2025-01-31 11:19:04,,True,admin
301,تحضير الألعاب,2025-01-31 11:19:04,,True,admin
301,التنظيم لأعمال تطوعيّة,2025-01-31 11:19:04,,True,admin
301,أشغال يدويّة,2025-01-31 11:19:04,,True,admin
302,تحضير الألعاب,2025-01-31 11:19:10,,True,admin
303,الرسم,2025-01-31 11:19:11,,True,admin
303,القراءة,2025-01-31 11:19:11,,True,admin
304,القراءة,2025-01-31 11:19:17,,True,admin
304,مهارات العمل الجماعي,2025-01-31 11:19:17,,True,admin
304,تحضير الألعاب,2025-01-31 11:19:17,,True,admin
304,التنظيم لأعمال تطوعيّة,2025-01-31 11:19:17,,True,admin
304,أشغال يدويّة,2025-01-31 11:19:17,,True,admin
305,كتابة نصوص,2025-01-31 11:19:18,,True,admin
305,القراءة,2025-01-31 11:19:18,,True,admin
305,مهارات إداريّة,2025-01-31 11:19:18,,True,admin
305,مهارات العمل الجماعي,2025-01-31 11:19:18,,True,admin
306,القراءة,2025-01-31 11:19:40,,True,admin
306,أشغال يدويّة,2025-01-31 11:19:40,,True,admin
307,الغناء,2025-01-31 11:19:43,,True,admin
307,الترتيل,2025-01-31 11:19:43,,True,admin
307,التصوير الفوتوغرافي,2025-01-31 11:19:43,,True,admin
307,التمثيل,2025-01-31 11:19:43,,True,admin
307,الإخراج (السينمائي/ المسرحي),2025-01-31 11:19:43,,True,admin
307,تصوير فيديو,2025-01-31 11:19:43,,True,admin
307,كتابة نصوص,2025-01-31 11:19:43,,True,admin
307,مونتاج فيديو,2025-01-31 11:19:43,,True,admin
307,القراءة,2025-01-31 11:19:43,,True,admin
307,مهارات التواصل,2025-01-31 11:19:43,,True,admin
307,مهارات إداريّة,2025-01-31 11:19:43,,True,admin
307,الدبكة والرقصات الفولكلوريّة,2025-01-31 11:19:43,,True,admin
307,مهارات التخطيط,2025-01-31 11:19:43,,True,admin
307,تحضير الألعاب,2025-01-31 11:19:43,,True,admin
307,أجهزة الصوت (صوتيّات ومِكسرات),2025-01-31 11:19:43,,True,admin
308,الترتيل,2025-01-31 11:20:06,,True,admin
308,التصميم الجرافيكي,2025-01-31 11:20:06,,True,admin
308,الرسم,2025-01-31 11:20:06,,True,admin
308,القراءة,2025-01-31 11:20:06,,True,admin
309,الغناء,2025-01-31 11:20:08,,True,admin
309,الترتيل,2025-01-31 11:20:08,,True,admin
309,تأدية حركات التراتيل,2025-01-31 11:20:08,,True,admin
311,الرياضة,2025-01-31 11:20:10,,True,admin
311,الرسم,2025-01-31 11:20:10,,True,admin
311,مهارات العمل الجماعي,2025-01-31 11:20:10,,True,admin
311,التنظيم لأعمال تطوعيّة,2025-01-31 11:20:10,,True,admin
311,أشغال يدويّة,2025-01-31 11:20:10,,True,admin
312,التمثيل,2025-01-31 11:20:18,,True,admin
312,الرسم,2025-01-31 11:20:18,,True,admin
312,القراءة,2025-01-31 11:20:18,,True,admin
312,أشغال يدويّة,2025-01-31 11:20:18,,True,admin
312,الدبكة والرقصات الفولكلوريّة,2025-01-31 11:20:18,,True,admin
312,تأدية حركات التراتيل,2025-01-31 11:20:18,,True,admin
314,القراءة,2025-01-31 11:21:51,,True,admin
314,مهارات التخطيط,2025-01-31 11:21:51,,True,admin
316,الترتيل,2025-01-31 11:22:46,,True,admin
316,الرياضة,2025-01-31 11:22:46,,True,admin
316,التصوير الفوتوغرافي,2025-01-31 11:22:46,,True,admin
316,التصميم الجرافيكي,2025-01-31 11:22:46,,True,admin
316,التمثيل,2025-01-31 11:22:46,,True,admin
316,تصوير فيديو,2025-01-31 11:22:46,,True,admin
316,التصميم الداخلي/ ديكور,2025-01-31 11:22:46,,True,admin
316,مونتاج فيديو,2025-01-31 11:22:46,,True,admin
316,الرسم,2025-01-31 11:22:46,,True,admin
316,القراءة,2025-01-31 11:22:46,,True,admin
316,مهارات التواصل,2025-01-31 11:22:46,,True,admin
316,مهارات إداريّة,2025-01-31 11:22:46,,True,admin
316,مهارات العمل الجماعي,2025-01-31 11:22:46,,True,admin
316,مهارات التخطيط,2025-01-31 11:22:46,,True,admin
316,تحضير الألعاب,2025-01-31 11:22:46,,True,admin
316,التنظيم لأعمال تطوعيّة,2025-01-31 11:22:46,,True,admin
316,أشغال يدويّة,2025-01-31 11:22:46,,True,admin
316,الدبكة والرقصات الفولكلوريّة,2025-01-31 11:22:46,,True,admin
316,تأدية حركات التراتيل,2025-01-31 11:22:46,,True,admin
317,الرياضة,2025-01-31 11:23:09,,True,admin
319,الرياضة,2025-01-31 11:24:08,,True,admin
319,القراءة,2025-01-31 11:24:08,,True,admin
320,الرسم,2025-01-31 11:24:54,,True,admin
320,أشغال يدويّة,2025-01-31 11:24:54,,True,admin
321,التمثيل,2025-01-31 11:25:23,,True,admin
321,الرسم,2025-01-31 11:25:23,,True,admin
321,القراءة,2025-01-31 11:25:23,,True,admin
321,أشغال يدويّة,2025-01-31 11:25:23,,True,admin
322,مهارات العمل الجماعي,2025-01-31 11:26:59,,True,admin
322,تأدية حركات التراتيل,2025-01-31 11:26:59,,True,admin
324,الترتيل,2025-01-31 11:33:32,,True,admin
324,مهارات التواصل,2025-01-31 11:33:32,,True,admin
324,مهارات العمل الجماعي,2025-01-31 11:33:32,,True,admin
324,تحضير الألعاب,2025-01-31 11:33:32,,True,admin
325,مهارات إداريّة,2025-01-31 11:37:13,,True,admin
325,مهارات التخطيط,2025-01-31 11:37:13,,True,admin
326,تحضير الألعاب,2025-01-31 11:38:46,,True,admin
326,التنظيم لأعمال تطوعيّة,2025-01-31 11:38:46,,True,admin
327,التمثيل,2025-01-31 11:42:11,,True,admin
328,الترتيل,2025-01-31 11:52:23,,True,admin
328,التصوير الفوتوغرافي,2025-01-31 11:52:23,,True,admin
328,الرسم,2025-01-31 11:52:23,,True,admin
328,تحضير الألعاب,2025-01-31 11:52:23,,True,admin
328,التنظيم لأعمال تطوعيّة,2025-01-31 11:52:23,,True,admin
328,أشغال يدويّة,2025-01-31 11:52:23,,True,admin
329,العزف,2025-01-31 11:58:47,,True,admin
329,الغناء,2025-01-31 11:58:47,,True,admin
329,الترتيل,2025-01-31 11:58:47,,True,admin
330,العزف,2025-01-31 12:24:41,,True,admin
330,التصوير الفوتوغرافي,2025-01-31 12:24:41,,True,admin
330,التصميم الجرافيكي,2025-01-31 12:24:41,,True,admin
330,التمثيل,2025-01-31 12:24:41,,True,admin
330,تصوير فيديو,2025-01-31 12:24:41,,True,admin
330,التصميم الداخلي/ ديكور,2025-01-31 12:24:41,,True,admin
330,الرسم,2025-01-31 12:24:41,,True,admin
330,القراءة,2025-01-31 12:24:41,,True,admin
330,مهارات التواصل,2025-01-31 12:24:41,,True,admin
330,مهارات العمل الجماعي,2025-01-31 12:24:41,,True,admin
330,مهارات التخطيط,2025-01-31 12:24:41,,True,admin
330,تحضير الألعاب,2025-01-31 12:24:41,,True,admin
330,التنظيم لأعمال تطوعيّة,2025-01-31 12:24:41,,True,admin
330,أشغال يدويّة,2025-01-31 12:24:41,,True,admin
330,الدبكة والرقصات الفولكلوريّة,2025-01-31 12:24:41,,True,admin
330,تأدية حركات التراتيل,2025-01-31 12:24:41,,True,admin
331,التمثيل,2025-01-31 12:32:23,,True,admin
331,الإخراج (السينمائي/ المسرحي),2025-01-31 12:32:23,,True,admin
331,تصوير فيديو,2025-01-31 12:32:23,,True,admin
331,كتابة نصوص,2025-01-31 12:32:23,,True,admin
331,مونتاج فيديو,2025-01-31 12:32:23,,True,admin
332,التمثيل,2025-01-31 13:30:38,,True,admin
333,التصوير الفوتوغرافي,2025-01-31 13:33:50,,True,admin
333,تصوير فيديو,2025-01-31 13:33:50,,True,admin
333,مونتاج فيديو,2025-01-31 13:33:50,,True,admin
333,مهارات العمل الجماعي,2025-01-31 13:33:50,,True,admin
333,أجهزة الصوت (صوتيّات ومِكسرات),2025-01-31 13:33:50,,True,admin
334,الرياضة,2025-01-31 13:43:41,,True,admin
334,التصوير الفوتوغرافي,2025-01-31 13:43:41,,True,admin
334,التصميم الجرافيكي,2025-01-31 13:43:41,,True,admin
334,تصوير فيديو,2025-01-31 13:43:41,,True,admin
334,التصميم الداخلي/ ديكور,2025-01-31 13:43:41,,True,admin
334,مونتاج فيديو,2025-01-31 13:43:41,,True,admin
334,الرسم,2025-01-31 13:43:41,,True,admin
334,القراءة,2025-01-31 13:43:41,,True,admin
334,مهارات التواصل,2025-01-31 13:43:41,,True,admin
334,مهارات إداريّة,2025-01-31 13:43:41,,True,admin
334,مهارات العمل الجماعي,2025-01-31 13:43:41,,True,admin
334,مهارات التخطيط,2025-01-31 13:43:41,,True,admin
334,تحضير الألعاب,2025-01-31 13:43:41,,True,admin
334,التنظيم لأعمال تطوعيّة,2025-01-31 13:43:41,,True,admin
334,أشغال يدويّة,2025-01-31 13:43:41,,True,admin
334,الدبكة والرقصات الفولكلوريّة,2025-01-31 13:43:41,,True,admin
334,تأدية حركات التراتيل,2025-01-31 13:43:41,,True,admin
335,مهارات إداريّة,2025-01-31 13:51:54,,True,admin
335,التنظيم لأعمال تطوعيّة,2025-01-31 13:51:54,,True,admin
336,مهارات إداريّة,2025-01-31 14:53:31,,True,admin
336,مهارات التخطيط,2025-01-31 14:53:31,,True,admin
336,تحضير الألعاب,2025-01-31 14:53:31,,True,admin
337,التصوير الفوتوغرافي,2025-01-31 15:08:17,,True,admin
338,القراءة,2025-01-31 16:01:13,,True,admin
338,الدبكة والرقصات الفولكلوريّة,2025-01-31 16:01:13,,True,admin
338,تأدية حركات التراتيل,2025-01-31 16:01:13,,True,admin
339,التصميم الداخلي/ ديكور,2025-01-31 16:17:26,,True,admin
339,التنظيم لأعمال تطوعيّة,2025-01-31 16:17:26,,True,admin
339,أشغال يدويّة,2025-01-31 16:17:26,,True,admin
340,الغناء,2025-01-31 16:37:22,,True,admin
340,الترتيل,2025-01-31 16:37:22,,True,admin
340,التمثيل,2025-01-31 16:37:22,,True,admin
340,الإخراج (السينمائي/ المسرحي),2025-01-31 16:37:22,,True,admin
340,تصوير فيديو,2025-01-31 16:37:22,,True,admin
340,كتابة نصوص,2025-01-31 16:37:22,,True,admin
340,الرسم,2025-01-31 16:37:22,,True,admin
341,التصوير الفوتوغرافي,2025-01-31 17:12:27,,True,admin
342,تأدية حركات التراتيل,2025-01-31 17:22:22,,True,admin
343,تأدية حركات التراتيل,2025-01-31 17:27:30,,True,admin
344,تأدية حركات التراتيل,2025-01-31 17:27:34,,True,admin
345,الترتيل,2025-01-31 17:30:15,,True,admin
345,كتابة الشعر,2025-01-31 17:30:15,,True,admin
346,الرياضة,2025-01-31 17:41:04,,True,admin
346,التمثيل,2025-01-31 17:41:04,,True,admin
346,الإخراج (السينمائي/ المسرحي),2025-01-31 17:41:04,,True,admin
346,مهارات التواصل,2025-01-31 17:41:04,,True,admin
346,مهارات إداريّة,2025-01-31 17:41:04,,True,admin
346,مهارات العمل الجماعي,2025-01-31 17:41:04,,True,admin
346,مهارات التخطيط,2025-01-31 17:41:04,,True,admin
347,الرياضة,2025-01-31 19:11:47,,True,admin
347,أشغال يدويّة,2025-01-31 19:11:47,,True,admin
348,أشغال يدويّة,2025-01-31 19:11:54,,True,admin
349,الترتيل,2025-01-31 19:11:58,,True,admin
349,القراءة,2025-01-31 19:11:58,,True,admin
350,الترتيل,2025-01-31 19:13:52,,True,admin
350,الرياضة,2025-01-31 19:13:52,,True,admin
350,أشغال يدويّة,2025-01-31 19:13:52,,True,admin
351,الترتيل,2025-01-31 19:15:56,,True,admin
351,الرياضة,2025-01-31 19:15:56,,True,admin
351,الرسم,2025-01-31 19:15:56,,True,admin
351,أشغال يدويّة,2025-01-31 19:15:56,,True,admin
352,التصميم الجرافيكي,2025-01-31 19:17:34,,True,admin
353,القراءة,2025-01-31 19:18:25,,True,admin
353,الدبكة والرقصات الفولكلوريّة,2025-01-31 19:18:25,,True,admin
354,القراءة,2025-01-31 19:19:10,,True,admin
355,التمثيل,2025-01-31 19:39:59,,True,admin
355,القراءة,2025-01-31 19:39:59,,True,admin
355,مهارات التواصل,2025-01-31 19:39:59,,True,admin
355,مهارات إداريّة,2025-01-31 19:39:59,,True,admin
355,مهارات العمل الجماعي,2025-01-31 19:39:59,,True,admin
355,مهارات التخطيط,2025-01-31 19:39:59,,True,admin
355,تحضير الألعاب,2025-01-31 19:39:59,,True,admin
355,التنظيم لأعمال تطوعيّة,2025-01-31 19:39:59,,True,admin
356,القراءة,2025-01-31 19:40:14,,True,admin
357,أجهزة الصوت (صوتيّات ومِكسرات),2025-01-31 19:40:50,,True,admin
358,الترتيل,2025-01-31 19:50:29,,True,admin
358,الرسم,2025-01-31 19:50:29,,True,admin
358,أشغال يدويّة,2025-01-31 19:50:29,,True,admin
358,الدبكة والرقصات الفولكلوريّة,2025-01-31 19:50:29,,True,admin
359,العزف,2025-01-31 19:50:31,,True,admin
359,الترتيل,2025-01-31 19:50:31,,True,admin
359,الرياضة,2025-01-31 19:50:31,,True,admin
359,التمثيل,2025-01-31 19:50:31,,True,admin
359,تأدية حركات التراتيل,2025-01-31 19:50:31,,True,admin
359,الرسم,2025-01-31 19:50:31,,True,admin
359,القراءة,2025-01-31 19:50:31,,True,admin
359,أشغال يدويّة,2025-01-31 19:50:31,,True,admin
359,الدبكة والرقصات الفولكلوريّة,2025-01-31 19:50:31,,True,admin
359,الغناء,2025-01-31 19:50:31,,True,admin
360,الترتيل,2025-01-31 19:51:11,,True,admin
360,الرياضة,2025-01-31 19:51:11,,True,admin
360,الرسم,2025-01-31 19:51:11,,True,admin
360,القراءة,2025-01-31 19:51:11,,True,admin
360,أشغال يدويّة,2025-01-31 19:51:11,,True,admin
360,الدبكة والرقصات الفولكلوريّة,2025-01-31 19:51:11,,True,admin
361,الرياضة,2025-01-31 19:51:53,,True,admin
362,الرياضة,2025-01-31 19:52:29,,True,admin
362,القراءة,2025-01-31 19:52:29,,True,admin
362,الدبكة والرقصات الفولكلوريّة,2025-01-31 19:52:29,,True,admin
363,القراءة,2025-01-31 19:53:05,2026-05-29 16:09:08,False,admin
363,مهارات التواصل,2025-01-31 19:53:05,2026-05-29 16:09:08,False,admin
363,التنظيم لأعمال تطوعيّة,2025-01-31 19:53:05,2026-05-29 16:09:08,False,admin
365,الترتيل,2025-01-31 19:58:29,,True,admin
365,الرياضة,2025-01-31 19:58:29,,True,admin
366,أشغال يدويّة,2025-01-31 19:59:07,,True,admin
367,الرياضة,2025-01-31 20:07:14,,True,admin
368,الرياضة,2025-01-31 20:10:48,,True,admin
368,القراءة,2025-01-31 20:10:48,,True,admin
368,أشغال يدويّة,2025-01-31 20:10:48,,True,admin
368,الدبكة والرقصات الفولكلوريّة,2025-01-31 20:10:48,,True,admin
369,مهارات التواصل,2025-01-31 20:22:58,,True,admin
369,مهارات إداريّة,2025-01-31 20:22:58,,True,admin
369,مهارات العمل الجماعي,2025-01-31 20:22:58,,True,admin
369,مهارات التخطيط,2025-01-31 20:22:58,,True,admin
369,تحضير الألعاب,2025-01-31 20:22:58,,True,admin
370,القراءة,2025-01-31 20:28:49,,True,admin
371,الرياضة,2025-01-31 20:34:13,,True,admin
372,الترتيل,2025-01-31 20:45:50,,True,admin
372,الرياضة,2025-01-31 20:45:50,,True,admin
372,التمثيل,2025-01-31 20:45:50,,True,admin
372,تأدية حركات التراتيل,2025-01-31 20:45:50,,True,admin
372,الغناء,2025-01-31 20:45:50,,True,admin
373,التمثيل,2025-01-31 20:53:11,,True,admin
373,كتابة نصوص,2025-01-31 20:53:11,,True,admin
373,القراءة,2025-01-31 20:53:11,,True,admin
373,مهارات التواصل,2025-01-31 20:53:11,,True,admin
373,مهارات إداريّة,2025-01-31 20:53:11,,True,admin
373,مهارات التخطيط,2025-01-31 20:53:11,,True,admin
373,تأدية حركات التراتيل,2025-01-31 20:53:11,,True,admin
374,العزف,2025-01-31 20:55:47,,True,admin
374,التصوير الفوتوغرافي,2025-01-31 20:55:47,,True,admin
374,التصميم الجرافيكي,2025-01-31 20:55:47,,True,admin
374,التمثيل,2025-01-31 20:55:47,,True,admin
374,تصوير فيديو,2025-01-31 20:55:47,,True,admin
374,مونتاج فيديو,2025-01-31 20:55:47,,True,admin
374,الرسم,2025-01-31 20:55:47,,True,admin
374,مهارات إداريّة,2025-01-31 20:55:47,,True,admin
374,مهارات العمل الجماعي,2025-01-31 20:55:47,,True,admin
374,تحضير الألعاب,2025-01-31 20:55:47,,True,admin
374,الدبكة والرقصات الفولكلوريّة,2025-01-31 20:55:47,,True,admin
376,القراءة,2025-01-31 22:08:49,,True,admin
377,التصوير الفوتوغرافي,2025-01-31 22:08:55,,True,admin
377,التصميم الجرافيكي,2025-01-31 22:08:55,,True,admin
377,تصوير فيديو,2025-01-31 22:08:55,,True,admin
378,الترتيل,2025-01-31 22:12:10,,True,admin
378,مهارات إداريّة,2025-01-31 22:12:10,,True,admin
378,مهارات العمل الجماعي,2025-01-31 22:12:10,,True,admin
378,مهارات التخطيط,2025-01-31 22:12:10,,True,admin
378,تأدية حركات التراتيل,2025-01-31 22:12:10,,True,admin
379,مهارات إداريّة,2025-01-31 22:13:50,,True,admin
380,مهارات التواصل,2025-01-31 22:15:40,,True,admin
380,مهارات إداريّة,2025-01-31 22:15:40,,True,admin
380,مهارات العمل الجماعي,2025-01-31 22:15:40,,True,admin
380,مهارات التخطيط,2025-01-31 22:15:40,,True,admin
380,التنظيم لأعمال تطوعيّة,2025-01-31 22:15:40,,True,admin
380,تأدية حركات التراتيل,2025-01-31 22:15:40,,True,admin
381,الغناء,2025-01-31 22:19:07,,True,admin
381,الترتيل,2025-01-31 22:19:07,,True,admin
381,القراءة,2025-01-31 22:19:07,,True,admin
382,القراءة,2025-01-31 22:31:32,,True,admin
383,مهارات إداريّة,2025-01-31 22:37:46,,True,admin
383,مهارات العمل الجماعي,2025-01-31 22:37:46,,True,admin
383,مهارات التخطيط,2025-01-31 22:37:46,,True,admin
383,التنظيم لأعمال تطوعيّة,2025-01-31 22:37:46,,True,admin
384,التصوير الفوتوغرافي,2025-01-31 22:41:24,,True,admin
384,تصوير فيديو,2025-01-31 22:41:24,,True,admin
384,مونتاج فيديو,2025-01-31 22:41:24,,True,admin
384,الرسم,2025-01-31 22:41:24,,True,admin
384,القراءة,2025-01-31 22:41:24,,True,admin
384,التنظيم لأعمال تطوعيّة,2025-01-31 22:41:24,,True,admin
384,أشغال يدويّة,2025-01-31 22:41:24,,True,admin
384,تأدية حركات التراتيل,2025-01-31 22:41:24,,True,admin
385,الرياضة,2025-01-31 22:45:19,,True,admin
386,الترتيل,2025-01-31 22:46:40,,True,admin
386,تحضير الألعاب,2025-01-31 22:46:40,,True,admin
386,أشغال يدويّة,2025-01-31 22:46:40,,True,admin
387,التمثيل,2025-01-31 22:49:13,,True,admin
387,الطبخ,2025-01-31 22:49:13,,True,admin
388,تأدية حركات التراتيل,2025-01-31 22:56:59,,True,admin
389,كتابة نصوص,2025-01-31 23:15:38,,True,admin
389,أشغال يدويّة,2025-01-31 23:15:38,,True,admin
389,الدبكة والرقصات الفولكلوريّة,2025-01-31 23:15:38,,True,admin
390,كتابة نصوص,2025-02-01 01:42:53,,True,admin
392,الرياضة,2025-02-01 09:51:14,,True,admin
392,الرسم,2025-02-01 09:51:14,,True,admin
393,الرياضة,2025-02-01 09:52:53,,True,admin
393,الرسم,2025-02-01 09:52:53,,True,admin
394,تصوير فيديو,2025-02-01 10:06:30,,True,admin
394,مونتاج فيديو,2025-02-01 10:06:30,,True,admin
394,مهارات العمل الجماعي,2025-02-01 10:06:30,,True,admin
394,تحضير الألعاب,2025-02-01 10:06:30,,True,admin
394,التنظيم لأعمال تطوعيّة,2025-02-01 10:06:30,,True,admin
394,أشغال يدويّة,2025-02-01 10:06:30,,True,admin
394,الدبكة والرقصات الفولكلوريّة,2025-02-01 10:06:30,,True,admin
395,الرياضة,2025-02-01 10:26:32,,True,admin
396,الرياضة,2025-02-01 10:27:32,,True,admin
397,الترتيل,2025-02-01 11:35:37,,True,admin
398,العزف,2025-02-01 11:50:03,,True,admin
398,الدبكة والرقصات الفولكلوريّة,2025-02-01 11:50:03,,True,admin
399,الرياضة,2025-02-01 11:51:25,,True,admin
402,الرياضة,2025-02-01 12:20:45,,True,admin
403,العزف,2025-02-01 12:21:18,,True,admin
403,الترتيل,2025-02-01 12:21:18,,True,admin
403,الرياضة,2025-02-01 12:21:18,,True,admin
403,الغناء,2025-02-01 12:21:18,,True,admin
405,الترتيل,2025-02-01 12:29:45,,True,admin
407,العزف,2025-02-01 12:42:41,,True,admin
407,الترتيل,2025-02-01 12:42:41,,True,admin
407,الرياضة,2025-02-01 12:42:41,,True,admin
407,التمثيل,2025-02-01 12:42:41,,True,admin
407,تأدية حركات التراتيل,2025-02-01 12:42:41,,True,admin
407,الرسم,2025-02-01 12:42:41,,True,admin
407,القراءة,2025-02-01 12:42:41,,True,admin
407,أشغال يدويّة,2025-02-01 12:42:41,,True,admin
407,الدبكة والرقصات الفولكلوريّة,2025-02-01 12:42:41,,True,admin
407,الغناء,2025-02-01 12:42:41,,True,admin
410,القراءة,2025-02-01 13:07:19,,True,admin
410,مهارات التواصل,2025-02-01 13:07:19,,True,admin
410,مهارات العمل الجماعي,2025-02-01 13:07:19,,True,admin
410,التنظيم لأعمال تطوعيّة,2025-02-01 13:07:19,,True,admin
410,أشغال يدويّة,2025-02-01 13:07:19,,True,admin
410,تأدية حركات التراتيل,2025-02-01 13:07:19,,True,admin
410,مهارات إداريّة,2025-02-01 13:07:19,,True,admin
410,مهارات التخطيط,2025-02-01 13:07:19,,True,admin
410,تحضير الألعاب,2025-02-01 13:07:19,,True,admin
411,الرياضة,2025-02-01 13:14:36,,True,admin
411,القراءة,2025-02-01 13:14:36,,True,admin
413,التمثيل,2025-02-01 13:23:12,,True,admin
413,مونتاج فيديو,2025-02-01 13:23:12,,True,admin
413,مهارات العمل الجماعي,2025-02-01 13:23:12,,True,admin
413,مهارات التخطيط,2025-02-01 13:23:12,,True,admin
413,تحضير الألعاب,2025-02-01 13:23:12,,True,admin
413,التنظيم لأعمال تطوعيّة,2025-02-01 13:23:12,,True,admin
414,الرياضة,2025-02-01 13:27:37,,True,admin
415,الرياضة,2025-02-01 13:32:37,,True,admin
416,تحضير الألعاب,2025-02-01 13:38:13,,True,admin
417,الرياضة,2025-02-01 13:47:43,,True,admin
417,الرسم,2025-02-01 13:47:43,,True,admin
418,الرياضة,2025-02-01 13:49:04,,True,admin
418,الرسم,2025-02-01 13:49:04,,True,admin
418,القراءة,2025-02-01 13:49:04,,True,admin
418,أشغال يدويّة,2025-02-01 13:49:04,,True,admin
419,العزف,2025-02-01 13:51:21,,True,admin
420,القراءة,2025-02-01 13:54:41,,True,admin
420,مهارات التواصل,2025-02-01 13:54:41,,True,admin
420,مهارات إداريّة,2025-02-01 13:54:41,,True,admin
420,مهارات العمل الجماعي,2025-02-01 13:54:41,,True,admin
420,مهارات التخطيط,2025-02-01 13:54:41,,True,admin
420,تحضير الألعاب,2025-02-01 13:54:41,,True,admin
420,التنظيم لأعمال تطوعيّة,2025-02-01 13:54:41,,True,admin
420,التدريب,2025-02-01 13:54:41,,True,admin
421,العزف,2025-02-01 13:55:00,,True,admin
421,الترتيل,2025-02-01 13:55:00,,True,admin
421,تأدية حركات التراتيل,2025-02-01 13:55:00,,True,admin
421,الرسم,2025-02-01 13:55:00,,True,admin
421,الدبكة والرقصات الفولكلوريّة,2025-02-01 13:55:00,,True,admin
422,التمثيل,2025-02-01 13:57:44,,True,admin
422,القراءة,2025-02-01 13:57:44,,True,admin
422,أشغال يدويّة,2025-02-01 13:57:44,,True,admin
423,مونتاج فيديو,2025-02-01 13:59:10,,True,admin
423,التنظيم لأعمال تطوعيّة,2025-02-01 13:59:10,,True,admin
424,الرياضة,2025-02-01 14:11:35,,True,admin
424,الدبكة والرقصات الفولكلوريّة,2025-02-01 14:11:35,,True,admin
424,الغناء,2025-02-01 14:11:35,,True,admin
425,الرياضة,2025-02-01 14:11:48,,True,admin
425,الرسم,2025-02-01 14:11:48,,True,admin
426,الرياضة,2025-02-01 14:11:59,,True,admin
426,الدبكة والرقصات الفولكلوريّة,2025-02-01 14:11:59,,True,admin
426,الغناء,2025-02-01 14:11:59,,True,admin
427,الرسم,2025-02-01 14:12:54,,True,admin
428,الرياضة,2025-02-01 14:12:57,,True,admin
429,الرياضة,2025-02-01 14:13:18,,True,admin
429,الرسم,2025-02-01 14:13:18,,True,admin
429,الدبكة والرقصات الفولكلوريّة,2025-02-01 14:13:18,,True,admin
429,الغناء,2025-02-01 14:13:18,,True,admin
430,الرياضة,2025-02-01 14:13:58,,True,admin
431,الترتيل,2025-02-01 14:15:09,,True,admin
431,الرياضة,2025-02-01 14:15:09,,True,admin
431,الرسم,2025-02-01 14:15:09,,True,admin
432,الرياضة,2025-02-01 14:15:29,,True,admin
433,الرياضة,2025-02-01 14:17:47,,True,admin
433,التمثيل,2025-02-01 14:17:47,,True,admin
434,العزف,2025-02-01 14:18:23,,True,admin
434,التمثيل,2025-02-01 14:18:23,,True,admin
434,الرسم,2025-02-01 14:18:23,,True,admin
434,الدبكة والرقصات الفولكلوريّة,2025-02-01 14:18:23,,True,admin
435,الترتيل,2025-02-01 14:18:44,,True,admin
435,مهارات التواصل,2025-02-01 14:18:44,,True,admin
435,مهارات إداريّة,2025-02-01 14:18:44,,True,admin
435,مهارات العمل الجماعي,2025-02-01 14:18:44,,True,admin
435,مهارات التخطيط,2025-02-01 14:18:44,,True,admin
435,تأدية حركات التراتيل,2025-02-01 14:18:44,,True,admin
436,الترتيل,2025-02-01 14:20:11,,True,admin
436,الرياضة,2025-02-01 14:20:11,,True,admin
436,الرسم,2025-02-01 14:20:11,,True,admin
437,الترتيل,2025-02-01 14:21:00,,True,admin
437,الرياضة,2025-02-01 14:21:00,,True,admin
437,الرسم,2025-02-01 14:21:00,,True,admin
437,الغناء,2025-02-01 14:21:00,,True,admin
437,السباحة,2025-02-01 14:21:00,,True,admin
438,الترتيل,2025-02-01 14:23:52,,True,admin
438,الرياضة,2025-02-01 14:23:52,,True,admin
438,الرسم,2025-02-01 14:23:52,,True,admin
438,الدبكة والرقصات الفولكلوريّة,2025-02-01 14:23:52,,True,admin
438,السباحة,2025-02-01 14:23:52,,True,admin
439,الرياضة,2025-02-01 14:25:33,,True,admin
439,الرسم,2025-02-01 14:25:33,,True,admin
439,السباحة,2025-02-01 14:25:33,,True,admin
440,القراءة,2025-02-01 14:30:36,,True,admin
440,أشغال يدويّة,2025-02-01 14:30:36,,True,admin
441,تأدية حركات التراتيل,2025-02-01 14:30:43,,True,admin
441,أشغال يدويّة,2025-02-01 14:30:43,,True,admin
442,الرياضة,2025-02-01 14:30:48,,True,admin
442,الرسم,2025-02-01 14:30:48,,True,admin
442,الدبكة والرقصات الفولكلوريّة,2025-02-01 14:30:48,,True,admin
443,الرياضة,2025-02-01 14:30:52,,True,admin
444,الدبكة والرقصات الفولكلوريّة,2025-02-01 14:30:58,,True,admin
445,تأدية حركات التراتيل,2025-02-01 14:32:43,,True,admin
445,الدبكة والرقصات الفولكلوريّة,2025-02-01 14:32:43,,True,admin
446,العزف,2025-02-01 14:32:46,,True,admin
446,الترتيل,2025-02-01 14:32:46,,True,admin
447,التمثيل,2025-02-01 14:33:36,,True,admin
448,العزف,2025-02-01 14:35:15,,True,admin
448,الغناء,2025-02-01 14:35:15,,True,admin
449,مهارات العمل الجماعي,2025-02-01 14:41:58,2026-05-29 15:22:29,False,admin
449,التنظيم لأعمال تطوعيّة,2025-02-01 14:41:58,2026-05-29 15:22:29,False,admin
450,القراءة,2025-02-01 14:42:41,,True,admin
451,الرياضة,2025-02-01 14:43:19,,True,admin
452,الرسم,2025-02-01 14:44:58,,True,admin
452,أشغال يدويّة,2025-02-01 14:44:58,,True,admin
453,العزف,2025-02-01 14:46:16,,True,admin
453,الترتيل,2025-02-01 14:46:16,,True,admin
453,التمثيل,2025-02-01 14:46:16,,True,admin
453,تأدية حركات التراتيل,2025-02-01 14:46:16,,True,admin
453,الرياضة,2025-02-01 14:46:16,,True,admin
453,الرسم,2025-02-01 14:46:16,,True,admin
453,أشغال يدويّة,2025-02-01 14:46:16,,True,admin
453,الدبكة والرقصات الفولكلوريّة,2025-02-01 14:46:16,,True,admin
453,القراءة,2025-02-01 14:46:16,,True,admin
454,العزف,2025-02-01 14:47:30,,True,admin
454,الترتيل,2025-02-01 14:47:30,,True,admin
454,الرسم,2025-02-01 14:47:30,,True,admin
455,العزف,2025-02-01 14:48:05,,True,admin
456,العزف,2025-02-01 14:48:16,,True,admin
456,الرياضة,2025-02-01 14:48:16,,True,admin
456,الرسم,2025-02-01 14:48:16,,True,admin
457,الرياضة,2025-02-01 14:48:00,,True,admin
457,التمثيل,2025-02-01 14:48:00,,True,admin
457,الرسم,2025-02-01 14:48:00,,True,admin
457,القراءة,2025-02-01 14:48:00,,True,admin
457,أشغال يدويّة,2025-02-01 14:48:00,,True,admin
457,الدبكة والرقصات الفولكلوريّة,2025-02-01 14:48:00,,True,admin
457,الغناء,2025-02-01 14:48:00,,True,admin
457,الترتيل,2025-02-01 14:48:00,,True,admin
458,العزف,2025-02-01 14:49:21,,True,admin
459,الرياضة,2025-02-01 14:50:27,,True,admin
459,الرسم,2025-02-01 14:50:27,,True,admin
459,أشغال يدويّة,2025-02-01 14:50:27,,True,admin
460,العزف,2025-02-01 14:50:41,,True,admin
461,الرياضة,2025-02-01 14:51:39,,True,admin
461,الرسم,2025-02-01 14:51:39,,True,admin
461,أشغال يدويّة,2025-02-01 14:51:39,,True,admin
461,الغناء,2025-02-01 14:51:39,,True,admin
462,الرياضة,2025-02-01 14:53:03,,True,admin
462,الرسم,2025-02-01 14:53:03,,True,admin
462,أشغال يدويّة,2025-02-01 14:53:03,,True,admin
462,الغناء,2025-02-01 14:53:03,,True,admin
463,تأدية حركات التراتيل,2025-02-01 14:53:11,,True,admin
463,الرسم,2025-02-01 14:53:11,,True,admin
463,القراءة,2025-02-01 14:53:11,,True,admin
463,أشغال يدويّة,2025-02-01 14:53:11,,True,admin
463,الغناء,2025-02-01 14:53:11,,True,admin
464,القراءة,2025-02-01 14:58:42,,True,admin
464,الرسم,2025-02-01 14:58:42,,True,admin
466,Barista,2025-02-01 15:04:02,,True,admin
467,الرياضة,2025-02-01 15:05:23,,True,admin
468,العزف,2025-02-01 15:05:53,,True,admin
468,الترتيل,2025-02-01 15:05:53,,True,admin
468,الرياضة,2025-02-01 15:05:53,,True,admin
468,التمثيل,2025-02-01 15:05:53,,True,admin
468,تأدية حركات التراتيل,2025-02-01 15:05:53,,True,admin
468,الرسم,2025-02-01 15:05:53,,True,admin
468,القراءة,2025-02-01 15:05:53,,True,admin
468,أشغال يدويّة,2025-02-01 15:05:53,,True,admin
468,الدبكة والرقصات الفولكلوريّة,2025-02-01 15:05:53,,True,admin
468,الغناء,2025-02-01 15:05:53,,True,admin
469,العزف,2025-02-01 15:07:01,,True,admin
469,الترتيل,2025-02-01 15:07:01,,True,admin
469,الرياضة,2025-02-01 15:07:01,,True,admin
469,التمثيل,2025-02-01 15:07:01,,True,admin
469,تأدية حركات التراتيل,2025-02-01 15:07:01,,True,admin
469,الرسم,2025-02-01 15:07:01,,True,admin
469,القراءة,2025-02-01 15:07:01,,True,admin
469,أشغال يدويّة,2025-02-01 15:07:01,,True,admin
469,الدبكة والرقصات الفولكلوريّة,2025-02-01 15:07:01,,True,admin
469,الغناء,2025-02-01 15:07:01,,True,admin
470,تأدية حركات التراتيل,2025-02-01 15:07:17,,True,admin
471,العزف,2025-02-01 15:08:56,,True,admin
471,الترتيل,2025-02-01 15:08:56,,True,admin
471,الرياضة,2025-02-01 15:08:56,,True,admin
471,التمثيل,2025-02-01 15:08:56,,True,admin
471,تأدية حركات التراتيل,2025-02-01 15:08:56,,True,admin
471,الرسم,2025-02-01 15:08:56,,True,admin
471,القراءة,2025-02-01 15:08:56,,True,admin
471,أشغال يدويّة,2025-02-01 15:08:56,,True,admin
471,الدبكة والرقصات الفولكلوريّة,2025-02-01 15:08:56,,True,admin
471,الغناء,2025-02-01 15:08:56,,True,admin
472,الترتيل,2025-02-01 15:09:24,,True,admin
472,التمثيل,2025-02-01 15:09:24,,True,admin
472,القراءة,2025-02-01 15:09:24,,True,admin
473,الرياضة,2025-02-01 15:09:52,,True,admin
474,الترتيل,2025-02-01 15:09:55,,True,admin
475,الرياضة,2025-02-01 15:14:04,,True,admin
476,الرياضة,2025-02-01 15:16:26,,True,admin
477,الرياضة,2025-02-01 15:17:11,,True,admin
477,تأدية حركات التراتيل,2025-02-01 15:17:11,,True,admin
477,أشغال يدويّة,2025-02-01 15:17:11,,True,admin
478,الرسم,2025-02-01 15:18:22,,True,admin
479,الرياضة,2025-02-01 15:19:28,,True,admin
479,أشغال يدويّة,2025-02-01 15:19:28,,True,admin
481,التصوير الفوتوغرافي,2025-02-01 15:26:13,,True,admin
481,مهارات إداريّة,2025-02-01 15:26:13,,True,admin
481,مهارات العمل الجماعي,2025-02-01 15:26:13,,True,admin
482,الرسم,2025-02-01 15:26:29,,True,admin
482,القراءة,2025-02-01 15:26:29,,True,admin
482,أشغال يدويّة,2025-02-01 15:26:29,,True,admin
482,الكتابة,2025-02-01 15:26:29,,True,admin
484,الترتيل,2025-02-01 15:41:12,,True,admin
484,تأدية حركات التراتيل,2025-02-01 15:41:12,,True,admin
484,القراءة,2025-02-01 15:41:12,,True,admin
484,أشغال يدويّة,2025-02-01 15:41:12,,True,admin
484,الغناء,2025-02-01 15:41:12,,True,admin
485,الرياضة,2025-02-01 15:42:55,,True,admin
485,تأدية حركات التراتيل,2025-02-01 15:42:55,,True,admin
485,أشغال يدويّة,2025-02-01 15:42:55,,True,admin
486,الرسم,2025-02-01 15:46:03,,True,admin
486,أشغال يدويّة,2025-02-01 15:46:03,,True,admin
487,الرياضة,2025-02-01 15:46:18,,True,admin
488,الرسم,2025-02-01 15:47:30,,True,admin
489,العزف,2025-02-01 15:49:55,,True,admin
489,الرسم,2025-02-01 15:49:55,,True,admin
489,الغناء,2025-02-01 15:49:55,,True,admin
490,الرسم,2025-02-01 15:52:51,,True,admin
491,الترتيل,2025-02-01 15:54:37,,True,admin
491,تأدية حركات التراتيل,2025-02-01 15:54:37,,True,admin
491,الغناء,2025-02-01 15:54:37,,True,admin
492,الترتيل,2025-02-01 15:56:31,,True,admin
492,الرسم,2025-02-01 15:56:31,,True,admin
492,القراءة,2025-02-01 15:56:31,,True,admin
492,أشغال يدويّة,2025-02-01 15:56:31,,True,admin
492,الدبكة والرقصات الفولكلوريّة,2025-02-01 15:56:31,,True,admin
493,الترتيل,2025-02-01 16:01:06,,True,admin
493,الرياضة,2025-02-01 16:01:06,,True,admin
493,القراءة,2025-02-01 16:01:06,,True,admin
493,الغناء,2025-02-01 16:01:06,,True,admin
494,الترتيل,2025-02-01 16:01:42,,True,admin
494,مونتاج فيديو,2025-02-01 16:01:42,,True,admin
494,أشغال يدويّة,2025-02-01 16:01:42,,True,admin
494,الدبكة والرقصات الفولكلوريّة,2025-02-01 16:01:42,,True,admin
495,الرسم,2025-02-01 16:03:44,,True,admin
496,التصوير الفوتوغرافي,2025-02-01 16:04:41,,True,admin
496,تصوير فيديو,2025-02-01 16:04:41,,True,admin
496,مونتاج فيديو,2025-02-01 16:04:41,,True,admin
497,العزف,2025-02-01 16:04:52,,True,admin
497,القراءة,2025-02-01 16:04:52,,True,admin
497,التصوير الفوتوغرافي,2025-02-01 16:04:52,,True,admin
497,التصميم,2025-02-01 16:04:52,,True,admin
499,الترتيل,2025-02-01 16:05:41,,True,admin
499,الغناء,2025-02-01 16:05:41,,True,admin
500,الرياضة,2025-02-01 16:15:29,,True,admin
500,القراءة,2025-02-01 16:15:29,,True,admin
501,الترتيل,2025-02-01 16:20:00,,True,admin
501,تأدية حركات التراتيل,2025-02-01 16:20:00,,True,admin
501,الرسم,2025-02-01 16:20:00,,True,admin
501,القراءة,2025-02-01 16:20:00,,True,admin
502,الترتيل,2025-02-01 16:22:19,,True,admin
502,الرياضة,2025-02-01 16:22:19,,True,admin
502,تأدية حركات التراتيل,2025-02-01 16:22:19,,True,admin
502,الرسم,2025-02-01 16:22:19,,True,admin
503,الرياضة,2025-02-01 16:22:56,,True,admin
503,التصوير الفوتوغرافي,2025-02-01 16:22:56,,True,admin
503,الرسم,2025-02-01 16:22:56,,True,admin
503,القراءة,2025-02-01 16:22:56,,True,admin
503,مهارات التواصل,2025-02-01 16:22:56,,True,admin
503,مهارات إداريّة,2025-02-01 16:22:56,,True,admin
503,مهارات العمل الجماعي,2025-02-01 16:22:56,,True,admin
503,التنظيم لأعمال تطوعيّة,2025-02-01 16:22:56,,True,admin
503,أشغال يدويّة,2025-02-01 16:22:56,,True,admin
504,الترتيل,2025-02-01 16:23:32,,True,admin
504,التمثيل,2025-02-01 16:23:32,,True,admin
504,تأدية حركات التراتيل,2025-02-01 16:23:32,,True,admin
504,الرسم,2025-02-01 16:23:32,,True,admin
504,الغناء,2025-02-01 16:23:32,,True,admin
505,الرياضة,2025-02-01 16:23:59,,True,admin
505,مهارات التواصل,2025-02-01 16:23:59,,True,admin
505,مهارات إداريّة,2025-02-01 16:23:59,,True,admin
505,مهارات العمل الجماعي,2025-02-01 16:23:59,,True,admin
505,مهارات التخطيط,2025-02-01 16:23:59,,True,admin
505,التنظيم لأعمال تطوعيّة,2025-02-01 16:23:59,,True,admin
506,الرسم,2025-02-01 16:24:02,,True,admin
506,أشغال يدويّة,2025-02-01 16:24:02,,True,admin
507,العزف,2025-02-01 16:43:48,,True,admin
507,الرياضة,2025-02-01 16:43:48,,True,admin
507,القراءة,2025-02-01 16:43:48,,True,admin
507,كرة القدم,2025-02-01 16:43:48,,True,admin
509,العزف,2025-02-01 16:59:38,,True,admin
509,الرسم,2025-02-01 16:59:38,,True,admin
509,القراءة,2025-02-01 16:59:38,,True,admin
509,الدبكة والرقصات الفولكلوريّة,2025-02-01 16:59:38,,True,admin
509,الغناء,2025-02-01 16:59:38,,True,admin
510,الرياضة,2025-02-01 17:01:04,,True,admin
510,الرسم,2025-02-01 17:01:04,,True,admin
511,العزف,2025-02-01 17:04:00,,True,admin
511,الرياضة,2025-02-01 17:04:00,,True,admin
512,العزف,2025-02-01 17:06:02,,True,admin
512,الغناء,2025-02-01 17:06:02,,True,admin
512,الترتيل,2025-02-01 17:06:02,,True,admin
512,التصوير الفوتوغرافي,2025-02-01 17:06:02,,True,admin
512,أجهزة الصوت (صوتيّات ومِكسرات),2025-02-01 17:06:02,,True,admin
513,العزف,2025-02-01 17:33:17,,True,admin
513,الترتيل,2025-02-01 17:33:17,,True,admin
513,الرياضة,2025-02-01 17:33:17,,True,admin
513,الدبكة والرقصات الفولكلوريّة,2025-02-01 17:33:17,,True,admin
514,الرياضة,2025-02-01 17:33:50,,True,admin
514,التصوير الفوتوغرافي,2025-02-01 17:33:50,,True,admin
514,تصوير فيديو,2025-02-01 17:33:50,,True,admin
514,مونتاج فيديو,2025-02-01 17:33:50,,True,admin
515,العزف,2025-02-01 17:35:02,,True,admin
515,الترتيل,2025-02-01 17:35:02,,True,admin
515,الرياضة,2025-02-01 17:35:02,,True,admin
515,الدبكة والرقصات الفولكلوريّة,2025-02-01 17:35:02,,True,admin
516,الرياضة,2025-02-01 18:09:32,,True,admin
517,التمثيل,2025-02-01 19:08:41,,True,admin
517,الرسم,2025-02-01 19:08:41,,True,admin
517,الدبكة والرقصات الفولكلوريّة,2025-02-01 19:08:41,,True,admin
517,الغناء,2025-02-01 19:08:41,,True,admin
518,العزف,2025-02-01 19:11:43,,True,admin
518,الترتيل,2025-02-01 19:11:43,,True,admin
518,الرياضة,2025-02-01 19:11:43,,True,admin
518,تأدية حركات التراتيل,2025-02-01 19:11:43,,True,admin
518,الرسم,2025-02-01 19:11:43,,True,admin
518,أشغال يدويّة,2025-02-01 19:11:43,,True,admin
519,الرياضة,2025-02-01 19:14:56,,True,admin
519,الرسم,2025-02-01 19:14:56,,True,admin
520,الرياضة,2025-02-01 19:17:13,,True,admin
520,الرسم,2025-02-01 19:17:13,,True,admin
520,الدبكة والرقصات الفولكلوريّة,2025-02-01 19:17:13,,True,admin
521,العزف,2025-02-01 19:20:59,,True,admin
521,الرياضة,2025-02-01 19:20:59,,True,admin
521,الدبكة والرقصات الفولكلوريّة,2025-02-01 19:20:59,,True,admin
522,العزف,2025-02-01 20:41:09,,True,admin
523,التمثيل,2025-02-01 20:42:02,,True,admin
523,تأدية حركات التراتيل,2025-02-01 20:42:02,,True,admin
523,الدبكة والرقصات الفولكلوريّة,2025-02-01 20:42:02,,True,admin
524,الرياضة,2025-02-01 20:42:42,,True,admin
527,التمثيل,2025-02-01 20:43:35,,True,admin
527,الدبكة والرقصات الفولكلوريّة,2025-02-01 20:43:35,,True,admin
527,تأدية حركات التراتيل,2025-02-01 20:43:35,,True,admin
528,التمثيل,2025-02-01 20:43:36,,True,admin
528,الرسم,2025-02-01 20:43:36,,True,admin
530,الرياضة,2025-02-01 20:43:00,,True,admin
530,الرسم,2025-02-01 20:43:00,,True,admin
530,القراءة,2025-02-01 20:43:00,,True,admin
530,أشغال يدويّة,2025-02-01 20:43:00,,True,admin
531,الرياضة,2025-02-01 20:45:02,,True,admin
532,الرياضة,2025-02-01 20:45:17,,True,admin
532,أشغال يدويّة,2025-02-01 20:45:17,,True,admin
534,العزف,2025-02-01 20:46:42,,True,admin
536,الرياضة,2025-02-01 20:47:48,,True,admin
536,الشطرنج,2025-02-01 20:47:48,,True,admin
537,الرياضة,2025-02-01 20:48:54,,True,admin
537,تأدية حركات التراتيل,2025-02-01 20:48:54,,True,admin
537,أشغال يدويّة,2025-02-01 20:48:54,,True,admin
537,الدبكة والرقصات الفولكلوريّة,2025-02-01 20:48:54,,True,admin
537,الغناء,2025-02-01 20:48:54,,True,admin
539,الدبكة والرقصات الفولكلوريّة,2025-02-01 20:50:28,,True,admin
543,كرة القدم,2025-02-01 20:57:44,,True,admin
544,الرسم,2025-02-01 20:57:58,,True,admin
544,أشغال يدويّة,2025-02-01 20:57:58,,True,admin
545,الترتيل,2025-02-01 20:58:50,,True,admin
546,العزف,2025-02-01 21:00:47,,True,admin
546,الرياضة,2025-02-01 21:00:47,,True,admin
547,الرياضة,2025-02-01 21:02:27,,True,admin
547,الرسم,2025-02-01 21:02:27,,True,admin
547,القراءة,2025-02-01 21:02:27,,True,admin
547,الغناء,2025-02-01 21:02:27,,True,admin
548,العزف,2025-02-01 21:05:33,,True,admin
548,الترتيل,2025-02-01 21:05:33,,True,admin
548,الرياضة,2025-02-01 21:05:33,,True,admin
548,التمثيل,2025-02-01 21:05:33,,True,admin
548,تأدية حركات التراتيل,2025-02-01 21:05:33,,True,admin
548,الرسم,2025-02-01 21:05:33,,True,admin
548,القراءة,2025-02-01 21:05:33,,True,admin
548,أشغال يدويّة,2025-02-01 21:05:33,,True,admin
548,الدبكة والرقصات الفولكلوريّة,2025-02-01 21:05:33,,True,admin
548,الغناء,2025-02-01 21:05:33,,True,admin
549,العزف,2025-02-01 21:06:06,,True,admin
549,الترتيل,2025-02-01 21:06:06,,True,admin
549,الرياضة,2025-02-01 21:06:06,,True,admin
549,التمثيل,2025-02-01 21:06:06,,True,admin
549,تأدية حركات التراتيل,2025-02-01 21:06:06,,True,admin
549,الرسم,2025-02-01 21:06:06,,True,admin
549,أشغال يدويّة,2025-02-01 21:06:06,,True,admin
549,الدبكة والرقصات الفولكلوريّة,2025-02-01 21:06:06,,True,admin
549,الغناء,2025-02-01 21:06:06,,True,admin
550,الرياضة,2025-02-01 21:06:11,,True,admin
550,الرسم,2025-02-01 21:06:11,,True,admin
550,أشغال يدويّة,2025-02-01 21:06:11,,True,admin
551,العزف,2025-02-01 21:06:53,,True,admin
551,الرياضة,2025-02-01 21:06:53,,True,admin
552,الترتيل,2025-02-01 21:08:56,,True,admin
552,الرياضة,2025-02-01 21:08:56,,True,admin
552,التمثيل,2025-02-01 21:08:56,,True,admin
552,تأدية حركات التراتيل,2025-02-01 21:08:56,,True,admin
552,الرسم,2025-02-01 21:08:56,,True,admin
552,القراءة,2025-02-01 21:08:56,,True,admin
552,أشغال يدويّة,2025-02-01 21:08:56,,True,admin
552,الدبكة والرقصات الفولكلوريّة,2025-02-01 21:08:56,,True,admin
553,تأدية حركات التراتيل,2025-02-01 21:10:05,,True,admin
553,الرسم,2025-02-01 21:10:05,,True,admin
553,أشغال يدويّة,2025-02-01 21:10:05,,True,admin
554,الترتيل,2025-02-01 21:10:48,,True,admin
554,الرياضة,2025-02-01 21:10:48,,True,admin
554,تأدية حركات التراتيل,2025-02-01 21:10:48,,True,admin
554,الرسم,2025-02-01 21:10:48,,True,admin
554,أشغال يدويّة,2025-02-01 21:10:48,,True,admin
554,الدبكة والرقصات الفولكلوريّة,2025-02-01 21:10:48,,True,admin
555,تأدية حركات التراتيل,2025-02-01 21:12:05,,True,admin
555,الدبكة والرقصات الفولكلوريّة,2025-02-01 21:12:05,,True,admin
555,الغناء,2025-02-01 21:12:05,,True,admin
556,الرياضة,2025-02-01 21:13:32,,True,admin
556,الرسم,2025-02-01 21:13:32,,True,admin
556,القراءة,2025-02-01 21:13:32,,True,admin
557,العزف,2025-02-01 21:13:52,,True,admin
557,الغناء,2025-02-01 21:13:52,,True,admin
557,الترتيل,2025-02-01 21:13:52,,True,admin
557,الرياضة,2025-02-01 21:13:52,,True,admin
557,التمثيل,2025-02-01 21:13:52,,True,admin
557,القراءة,2025-02-01 21:13:52,,True,admin
557,مهارات التواصل,2025-02-01 21:13:52,,True,admin
557,مهارات إداريّة,2025-02-01 21:13:52,,True,admin
557,مهارات العمل الجماعي,2025-02-01 21:13:52,,True,admin
557,التنظيم لأعمال تطوعيّة,2025-02-01 21:13:52,,True,admin
558,الرياضة,2025-02-01 21:14:44,,True,admin
558,الدبكة والرقصات الفولكلوريّة,2025-02-01 21:14:44,,True,admin
559,الرسم,2025-02-01 21:14:45,,True,admin
560,الرسم,2025-02-01 21:14:54,,True,admin
561,الترتيل,2025-02-01 21:15:14,,True,admin
561,الرياضة,2025-02-01 21:15:14,,True,admin
561,أشغال يدويّة,2025-02-01 21:15:14,,True,admin
561,الدبكة والرقصات الفولكلوريّة,2025-02-01 21:15:14,,True,admin
561,الغناء,2025-02-01 21:15:14,,True,admin
562,الرياضة,2025-02-01 21:16:36,,True,admin
563,الرياضة,2025-02-01 21:16:49,,True,admin
564,العزف,2025-02-01 21:21:06,,True,admin
564,الرياضة,2025-02-01 21:21:06,,True,admin
564,الغناء,2025-02-01 21:21:06,,True,admin
564,السباحة,2025-02-01 21:21:06,,True,admin
566,الترتيل,2025-02-01 21:33:54,,True,admin
567,العزف,2025-02-01 21:42:00,,True,admin
568,الرياضة,2025-02-01 21:43:21,,True,admin
569,تصوير فيديو,2025-02-01 21:44:07,,True,admin
569,تأدية حركات التراتيل,2025-02-01 21:44:07,,True,admin
570,العزف,2025-02-01 21:44:51,,True,admin
570,الرسم,2025-02-01 21:44:51,,True,admin
570,الدبكة والرقصات الفولكلوريّة,2025-02-01 21:44:51,,True,admin
571,العزف,2025-02-01 21:45:20,,True,admin
571,الترتيل,2025-02-01 21:45:20,,True,admin
571,التمثيل,2025-02-01 21:45:20,,True,admin
571,تأدية حركات التراتيل,2025-02-01 21:45:20,,True,admin
571,الرسم,2025-02-01 21:45:20,,True,admin
571,أشغال يدويّة,2025-02-01 21:45:20,,True,admin
571,الدبكة والرقصات الفولكلوريّة,2025-02-01 21:45:20,,True,admin
571,الغناء,2025-02-01 21:45:20,,True,admin
572,العزف,2025-02-01 21:46:43,,True,admin
572,الرياضة,2025-02-01 21:46:43,,True,admin
573,الرياضة,2025-02-01 21:49:07,,True,admin
573,تأدية حركات التراتيل,2025-02-01 21:49:07,,True,admin
573,الرسم,2025-02-01 21:49:07,,True,admin
574,القراءة,2025-02-01 21:49:58,2026-05-29 15:33:13,False,admin
574,مهارات التواصل,2025-02-01 21:49:58,2026-05-29 15:33:13,False,admin
574,مهارات إداريّة,2025-02-01 21:49:58,2026-05-29 15:33:13,False,admin
574,مهارات العمل الجماعي,2025-02-01 21:49:58,2026-05-29 15:33:13,False,admin
574,مهارات التخطيط,2025-02-01 21:49:58,2026-05-29 15:33:13,False,admin
574,التنظيم لأعمال تطوعيّة,2025-02-01 21:49:58,2026-05-29 15:33:13,False,admin
575,الرياضة,2025-02-01 21:55:58,,True,admin
575,أشغال يدويّة,2025-02-01 21:55:58,,True,admin
576,العزف,2025-02-01 21:59:15,,True,admin
576,الترتيل,2025-02-01 21:59:15,,True,admin
576,الرياضة,2025-02-01 21:59:15,,True,admin
576,الرسم,2025-02-01 21:59:15,,True,admin
576,أشغال يدويّة,2025-02-01 21:59:15,,True,admin
576,الغناء,2025-02-01 21:59:15,,True,admin
577,الرسم,2025-02-01 22:03:08,,True,admin
577,أشغال يدويّة,2025-02-01 22:03:08,,True,admin
578,العزف,2025-02-01 22:07:55,,True,admin
578,الترتيل,2025-02-01 22:07:55,,True,admin
578,الرياضة,2025-02-01 22:07:55,,True,admin
578,التمثيل,2025-02-01 22:07:55,,True,admin
578,تأدية حركات التراتيل,2025-02-01 22:07:55,,True,admin
578,القراءة,2025-02-01 22:07:55,,True,admin
578,الغناء,2025-02-01 22:07:55,,True,admin
579,العزف,2025-02-01 22:09:36,,True,admin
579,الترتيل,2025-02-01 22:09:36,,True,admin
579,الرياضة,2025-02-01 22:09:36,,True,admin
579,التمثيل,2025-02-01 22:09:36,,True,admin
579,تأدية حركات التراتيل,2025-02-01 22:09:36,,True,admin
579,الرسم,2025-02-01 22:09:36,,True,admin
579,القراءة,2025-02-01 22:09:36,,True,admin
579,الغناء,2025-02-01 22:09:36,,True,admin
582,تصوير فيديو,2025-02-01 22:28:44,,True,admin
582,كتابة نصوص,2025-02-01 22:28:44,,True,admin
582,مونتاج فيديو,2025-02-01 22:28:44,,True,admin
582,مهارات التواصل,2025-02-01 22:28:44,,True,admin
582,مهارات العمل الجماعي,2025-02-01 22:28:44,,True,admin
582,مهارات التخطيط,2025-02-01 22:28:44,,True,admin
582,تحضير الألعاب,2025-02-01 22:28:44,,True,admin
582,التنظيم لأعمال تطوعيّة,2025-02-01 22:28:44,,True,admin
582,أشغال يدويّة,2025-02-01 22:28:44,,True,admin
583,الغناء,2025-02-01 22:38:12,,True,admin
583,الترتيل,2025-02-01 22:38:12,,True,admin
583,مهارات إداريّة,2025-02-01 22:38:12,,True,admin
583,مهارات العمل الجماعي,2025-02-01 22:38:12,,True,admin
583,مهارات التخطيط,2025-02-01 22:38:12,,True,admin
583,التنظيم لأعمال تطوعيّة,2025-02-01 22:38:12,,True,admin
583,تأدية حركات التراتيل,2025-02-01 22:38:12,,True,admin
584,القراءة,2025-02-01 22:39:57,,True,admin
584,مهارات التواصل,2025-02-01 22:39:57,,True,admin
584,مهارات إداريّة,2025-02-01 22:39:57,,True,admin
584,مهارات العمل الجماعي,2025-02-01 22:39:57,,True,admin
584,مهارات التخطيط,2025-02-01 22:39:57,,True,admin
584,تحضير الألعاب,2025-02-01 22:39:57,,True,admin
584,أشغال يدويّة,2025-02-01 22:39:57,,True,admin
584,تأدية حركات التراتيل,2025-02-01 22:39:57,,True,admin
585,مهارات العمل الجماعي,2025-02-01 22:40:07,,True,admin
585,أشغال يدويّة,2025-02-01 22:40:07,,True,admin
586,التصوير الفوتوغرافي,2025-02-01 22:40:12,,True,admin
586,مهارات التواصل,2025-02-01 22:40:12,,True,admin
586,مهارات إداريّة,2025-02-01 22:40:12,,True,admin
586,مهارات العمل الجماعي,2025-02-01 22:40:12,,True,admin
588,الترتيل,2025-02-01 22:40:31,,True,admin
588,مهارات التواصل,2025-02-01 22:40:31,,True,admin
588,مهارات إداريّة,2025-02-01 22:40:31,,True,admin
588,مهارات العمل الجماعي,2025-02-01 22:40:31,,True,admin
588,تحضير الألعاب,2025-02-01 22:40:31,,True,admin
588,التنظيم لأعمال تطوعيّة,2025-02-01 22:40:31,,True,admin
588,أشغال يدويّة,2025-02-01 22:40:31,,True,admin
589,تأدية حركات التراتيل,2025-02-01 22:42:56,,True,admin
589,القراءة,2025-02-01 22:42:56,,True,admin
591,كتابة نصوص,2025-02-01 22:48:27,,True,admin
591,الرسم,2025-02-01 22:48:27,,True,admin
591,القراءة,2025-02-01 22:48:27,,True,admin
593,الرياضة,2025-02-01 22:58:55,,True,admin
593,الرسم,2025-02-01 22:58:55,,True,admin
593,الغناء,2025-02-01 22:58:55,,True,admin
595,الرياضة,2025-02-01 23:03:48,,True,admin
595,الرسم,2025-02-01 23:03:48,,True,admin
596,العزف,2025-02-01 23:12:18,,True,admin
596,الترتيل,2025-02-01 23:12:18,,True,admin
596,الرياضة,2025-02-01 23:12:18,,True,admin
596,التمثيل,2025-02-01 23:12:18,,True,admin
596,تأدية حركات التراتيل,2025-02-01 23:12:18,,True,admin
596,الرسم,2025-02-01 23:12:18,,True,admin
596,القراءة,2025-02-01 23:12:18,,True,admin
596,أشغال يدويّة,2025-02-01 23:12:18,,True,admin
596,الدبكة والرقصات الفولكلوريّة,2025-02-01 23:12:18,,True,admin
596,الغناء,2025-02-01 23:12:18,,True,admin
599,الرياضة,2025-02-01 23:18:24,,True,admin
599,الرسم,2025-02-01 23:18:24,,True,admin
600,الغناء,2025-02-01 23:23:27,,True,admin
600,الترتيل,2025-02-01 23:23:27,,True,admin
601,الغناء,2025-02-01 23:26:20,,True,admin
601,الترتيل,2025-02-01 23:26:20,,True,admin
601,التمثيل,2025-02-01 23:26:20,,True,admin
601,القراءة,2025-02-01 23:26:20,,True,admin
603,مهارات التواصل,2025-02-01 23:45:03,,True,admin
603,مهارات إداريّة,2025-02-01 23:45:03,,True,admin
605,أشغال يدويّة,2025-02-02 00:16:32,,True,admin
606,الترتيل,2025-02-02 01:27:58,,True,admin
606,الرياضة,2025-02-02 01:27:58,,True,admin
606,الرسم,2025-02-02 01:27:58,,True,admin
606,أشغال يدويّة,2025-02-02 01:27:58,,True,admin
607,الرياضة,2025-02-02 06:33:07,,True,admin
607,أشغال يدويّة,2025-02-02 06:33:07,,True,admin
607,القراءة,2025-02-02 06:33:07,,True,admin
607,الرقص,2025-02-02 06:33:07,,True,admin
608,القراءة,2025-02-02 08:11:00,,True,admin
609,الرياضة,2025-02-02 08:35:34,,True,admin
609,التصوير الفوتوغرافي,2025-02-02 08:35:34,,True,admin
609,تصوير فيديو,2025-02-02 08:35:34,,True,admin
609,مهارات التواصل,2025-02-02 08:35:34,,True,admin
609,مهارات إداريّة,2025-02-02 08:35:34,,True,admin
609,مهارات العمل الجماعي,2025-02-02 08:35:34,,True,admin
609,مهارات التخطيط,2025-02-02 08:35:34,,True,admin
609,تحضير الألعاب,2025-02-02 08:35:34,,True,admin
609,التنظيم لأعمال تطوعيّة,2025-02-02 08:35:34,,True,admin
609,أجهزة الصوت (صوتيّات ومِكسرات),2025-02-02 08:35:34,,True,admin
610,القراءة,2025-02-02 10:15:37,,True,admin
610,مهارات إداريّة,2025-02-02 10:15:37,,True,admin
610,مهارات العمل الجماعي,2025-02-02 10:15:37,,True,admin
610,أشغال يدويّة,2025-02-02 10:15:37,,True,admin
613,الرياضة,2025-02-02 10:24:42,,True,admin
613,التمثيل,2025-02-02 10:24:42,,True,admin
613,تحضير الألعاب,2025-02-02 10:24:42,,True,admin
614,التمثيل,2025-02-02 10:27:30,,True,admin
614,الرسم,2025-02-02 10:27:30,,True,admin
614,أشغال يدويّة,2025-02-02 10:27:30,,True,admin
614,الغناء,2025-02-02 10:27:30,,True,admin
615,الرياضة,2025-02-02 10:29:17,,True,admin
615,الدبكة والرقصات الفولكلوريّة,2025-02-02 10:29:17,,True,admin
615,السباحة,2025-02-02 10:29:17,,True,admin
616,تأدية حركات التراتيل,2025-02-02 10:29:38,,True,admin
616,الرسم,2025-02-02 10:29:38,,True,admin
616,أشغال يدويّة,2025-02-02 10:29:38,,True,admin
616,الدبكة والرقصات الفولكلوريّة,2025-02-02 10:29:38,,True,admin
616,الغناء,2025-02-02 10:29:38,,True,admin
617,التمثيل,2025-02-02 10:30:54,,True,admin
617,مهارات إداريّة,2025-02-02 10:30:54,,True,admin
617,مهارات العمل الجماعي,2025-02-02 10:30:54,,True,admin
618,مهارات إداريّة,2025-02-02 10:32:34,,True,admin
618,مهارات التخطيط,2025-02-02 10:32:34,,True,admin
619,العزف,2025-02-02 10:35:12,,True,admin
619,الرياضة,2025-02-02 10:35:12,,True,admin
619,تأدية حركات التراتيل,2025-02-02 10:35:12,,True,admin
619,الرسم,2025-02-02 10:35:12,,True,admin
620,العزف,2025-02-02 10:36:39,,True,admin
620,تأدية حركات التراتيل,2025-02-02 10:36:39,,True,admin
620,الرسم,2025-02-02 10:36:39,,True,admin
620,القراءة,2025-02-02 10:36:39,,True,admin
620,أشغال يدويّة,2025-02-02 10:36:39,,True,admin
621,الترتيل,2025-02-02 10:37:53,,True,admin
621,الرسم,2025-02-02 10:37:53,,True,admin
622,العزف,2025-02-02 10:38:12,,True,admin
622,التمثيل,2025-02-02 10:38:12,,True,admin
622,أشغال يدويّة,2025-02-02 10:38:12,,True,admin
622,الدبكة والرقصات الفولكلوريّة,2025-02-02 10:38:12,,True,admin
622,الغناء,2025-02-02 10:38:12,,True,admin
623,الدبكة والرقصات الفولكلوريّة,2025-02-02 10:39:15,,True,admin
623,الرياضة,2025-02-02 10:39:15,,True,admin
624,الرياضة,2025-02-02 10:56:05,,True,admin
625,أشغال يدويّة,2025-02-02 10:59:22,,True,admin
626,التمثيل,2025-02-02 11:00:53,,True,admin
626,تأدية حركات التراتيل,2025-02-02 11:00:53,,True,admin
626,القراءة,2025-02-02 11:00:53,,True,admin
626,الكتابة,2025-02-02 11:00:53,,True,admin
627,الرسم,2025-02-02 11:01:33,,True,admin
627,أشغال يدويّة,2025-02-02 11:01:33,,True,admin
628,الرياضة,2025-02-02 11:05:34,,True,admin
628,التمثيل,2025-02-02 11:05:34,,True,admin
628,الرسم,2025-02-02 11:05:34,,True,admin
628,أشغال يدويّة,2025-02-02 11:05:34,,True,admin
629,العزف,2025-02-02 11:06:08,,True,admin
629,أشغال يدويّة,2025-02-02 11:06:08,,True,admin
630,الترتيل,2025-02-02 11:06:47,,True,admin
630,الرياضة,2025-02-02 11:06:47,,True,admin
630,التمثيل,2025-02-02 11:06:47,,True,admin
630,الرسم,2025-02-02 11:06:47,,True,admin
630,القراءة,2025-02-02 11:06:47,,True,admin
630,أشغال يدويّة,2025-02-02 11:06:47,,True,admin
631,الرياضة,2025-02-02 11:07:01,,True,admin
631,التمثيل,2025-02-02 11:07:01,,True,admin
631,الدبكة والرقصات الفولكلوريّة,2025-02-02 11:07:01,,True,admin
632,الرياضة,2025-02-02 11:09:31,,True,admin
633,الترتيل,2025-02-02 11:10:58,,True,admin
633,الرياضة,2025-02-02 11:10:58,,True,admin
633,تأدية حركات التراتيل,2025-02-02 11:10:58,,True,admin
633,الرسم,2025-02-02 11:10:58,,True,admin
633,أشغال يدويّة,2025-02-02 11:10:58,,True,admin
633,الدبكة والرقصات الفولكلوريّة,2025-02-02 11:10:58,,True,admin
633,الغناء,2025-02-02 11:10:58,,True,admin
634,الرياضة,2025-02-02 11:11:06,,True,admin
634,التمثيل,2025-02-02 11:11:06,,True,admin
634,الدبكة والرقصات الفولكلوريّة,2025-02-02 11:11:06,,True,admin
636,الرياضة,2025-02-02 11:19:03,,True,admin
637,الرياضة,2025-02-02 11:27:35,,True,admin
637,التصوير الفوتوغرافي,2025-02-02 11:27:35,,True,admin
638,العزف,2025-02-02 11:30:23,,True,admin
638,الرياضة,2025-02-02 11:30:23,,True,admin
639,الرياضة,2025-02-02 11:31:22,,True,admin
639,أشغال يدويّة,2025-02-02 11:31:22,,True,admin
640,الرياضة,2025-02-02 11:34:54,,True,admin
641,الترتيل,2025-02-02 11:41:45,,True,admin
641,الرياضة,2025-02-02 11:41:45,,True,admin
641,تأدية حركات التراتيل,2025-02-02 11:41:45,,True,admin
641,الرسم,2025-02-02 11:41:45,,True,admin
641,أشغال يدويّة,2025-02-02 11:41:45,,True,admin
641,الغناء,2025-02-02 11:41:45,,True,admin
642,الرياضة,2025-02-02 11:43:19,,True,admin
642,التمثيل,2025-02-02 11:43:19,,True,admin
642,الرسم,2025-02-02 11:43:19,,True,admin
642,القراءة,2025-02-02 11:43:19,,True,admin
642,أشغال يدويّة,2025-02-02 11:43:19,,True,admin
642,الغناء,2025-02-02 11:43:19,,True,admin
643,الرسم,2025-02-02 11:47:23,,True,admin
644,الترتيل,2025-02-02 11:51:20,,True,admin
644,تأدية حركات التراتيل,2025-02-02 11:51:20,,True,admin
644,الرسم,2025-02-02 11:51:20,,True,admin
644,أشغال يدويّة,2025-02-02 11:51:20,,True,admin
644,الغناء,2025-02-02 11:51:20,,True,admin
645,العزف,2025-02-02 11:54:49,,True,admin
645,تأدية حركات التراتيل,2025-02-02 11:54:49,,True,admin
645,القراءة,2025-02-02 11:54:49,,True,admin
645,الدبكة والرقصات الفولكلوريّة,2025-02-02 11:54:49,,True,admin
645,الغناء,2025-02-02 11:54:49,,True,admin
646,الرياضة,2025-02-02 11:56:28,,True,admin
646,تأدية حركات التراتيل,2025-02-02 11:56:28,,True,admin
647,كتابة نصوص,2025-02-02 12:05:00,2026-05-29 16:33:31,False,admin
648,الرياضة,2025-02-02 12:31:02,,True,admin
648,استكشاف الأشياء الجديدة,2025-02-02 12:31:02,,True,admin
649,الترتيل,2025-02-02 12:56:04,,True,admin
649,الرياضة,2025-02-02 12:56:04,,True,admin
649,تأدية حركات التراتيل,2025-02-02 12:56:04,,True,admin
649,الرسم,2025-02-02 12:56:04,,True,admin
649,الدبكة والرقصات الفولكلوريّة,2025-02-02 12:56:04,,True,admin
649,الغناء,2025-02-02 12:56:04,,True,admin
650,مهارات إداريّة,2025-02-02 12:59:35,,True,admin
650,مهارات العمل الجماعي,2025-02-02 12:59:35,,True,admin
650,مهارات التخطيط,2025-02-02 12:59:35,,True,admin
651,الترتيل,2025-02-02 13:03:43,,True,admin
651,الرياضة,2025-02-02 13:03:43,,True,admin
651,التمثيل,2025-02-02 13:03:43,,True,admin
651,تأدية حركات التراتيل,2025-02-02 13:03:43,,True,admin
651,القراءة,2025-02-02 13:03:43,,True,admin
651,أشغال يدويّة,2025-02-02 13:03:43,,True,admin
651,الدبكة والرقصات الفولكلوريّة,2025-02-02 13:03:43,,True,admin
652,الترتيل,2025-02-02 13:05:40,,True,admin
652,الرياضة,2025-02-02 13:05:40,,True,admin
652,التمثيل,2025-02-02 13:05:40,,True,admin
652,تأدية حركات التراتيل,2025-02-02 13:05:40,,True,admin
652,القراءة,2025-02-02 13:05:40,,True,admin
652,أشغال يدويّة,2025-02-02 13:05:40,,True,admin
652,الدبكة والرقصات الفولكلوريّة,2025-02-02 13:05:40,,True,admin
653,الرياضة,2025-02-02 13:15:16,,True,admin
653,التمثيل,2025-02-02 13:15:16,,True,admin
653,تأدية حركات التراتيل,2025-02-02 13:15:16,,True,admin
653,الرسم,2025-02-02 13:15:16,,True,admin
653,القراءة,2025-02-02 13:15:16,,True,admin
653,الدبكة والرقصات الفولكلوريّة,2025-02-02 13:15:16,,True,admin
653,أشغال يدويّة,2025-02-02 13:15:16,,True,admin
654,الترتيل,2025-02-02 13:16:54,,True,admin
654,الرياضة,2025-02-02 13:16:54,,True,admin
654,تأدية حركات التراتيل,2025-02-02 13:16:54,,True,admin
654,الرسم,2025-02-02 13:16:54,,True,admin
654,أشغال يدويّة,2025-02-02 13:16:54,,True,admin
654,الدبكة والرقصات الفولكلوريّة,2025-02-02 13:16:54,,True,admin
655,الترتيل,2025-02-02 13:19:23,,True,admin
655,الرياضة,2025-02-02 13:19:23,,True,admin
655,التمثيل,2025-02-02 13:19:23,,True,admin
655,تأدية حركات التراتيل,2025-02-02 13:19:23,,True,admin
655,الرسم,2025-02-02 13:19:23,,True,admin
655,أشغال يدويّة,2025-02-02 13:19:23,,True,admin
655,الدبكة والرقصات الفولكلوريّة,2025-02-02 13:19:23,,True,admin
656,التنظيم لأعمال تطوعيّة,2025-02-02 13:39:29,,True,admin
657,أشغال يدويّة,2025-02-02 13:59:05,,True,admin
657,الدبكة والرقصات الفولكلوريّة,2025-02-02 13:59:05,,True,admin
658,العزف,2025-02-02 14:14:12,,True,admin
659,الدبكة والرقصات الفولكلوريّة,2025-02-02 15:14:10,,True,admin
660,الترتيل,2025-02-02 15:18:09,,True,admin
660,الرياضة,2025-02-02 15:18:09,,True,admin
660,الدبكة والرقصات الفولكلوريّة,2025-02-02 15:18:09,,True,admin
661,الرياضة,2025-02-02 15:23:11,,True,admin
662,الترتيل,2025-02-02 15:35:59,,True,admin
662,التمثيل,2025-02-02 15:35:59,,True,admin
662,الغناء,2025-02-02 15:35:59,,True,admin
663,الرسم,2025-02-02 15:45:21,,True,admin
663,الغناء,2025-02-02 15:45:21,,True,admin
664,الرسم,2025-02-02 15:45:22,,True,admin
665,الرياضة,2025-02-02 16:00:16,,True,admin
665,الشطرنج,2025-02-02 16:00:16,,True,admin
666,الرياضة,2025-02-02 16:20:21,,True,admin
666,التمثيل,2025-02-02 16:20:21,,True,admin
666,الرسم,2025-02-02 16:20:21,,True,admin
666,القراءة,2025-02-02 16:20:21,,True,admin
666,أشغال يدويّة,2025-02-02 16:20:21,,True,admin
666,الدبكة والرقصات الفولكلوريّة,2025-02-02 16:20:21,,True,admin
667,التصوير,2025-02-02 16:33:48,,True,admin
668,الترتيل,2025-02-02 16:57:19,,True,admin
668,تأدية حركات التراتيل,2025-02-02 16:57:19,,True,admin
668,الدبكة والرقصات الفولكلوريّة,2025-02-02 16:57:19,,True,admin
669,العزف,2025-02-02 17:02:30,,True,admin
669,الرياضة,2025-02-02 17:02:30,,True,admin
670,الرسم,2025-02-02 17:30:55,,True,admin
670,القراءة,2025-02-02 17:30:55,,True,admin
670,أشغال يدويّة,2025-02-02 17:30:55,,True,admin
671,كتابة نصوص,2025-02-02 18:10:25,,True,admin
671,التصميم الداخلي/ ديكور,2025-02-02 18:10:25,,True,admin
671,مهارات التواصل,2025-02-02 18:10:25,,True,admin
671,مهارات العمل الجماعي,2025-02-02 18:10:25,,True,admin
671,مهارات التخطيط,2025-02-02 18:10:25,,True,admin
671,تحضير الألعاب,2025-02-02 18:10:25,,True,admin
671,أشغال يدويّة,2025-02-02 18:10:25,,True,admin
671,تأدية حركات التراتيل,2025-02-02 18:10:25,,True,admin
672,الرياضة,2025-02-02 19:53:09,,True,admin
672,تأدية حركات التراتيل,2025-02-02 19:53:09,,True,admin
672,القراءة,2025-02-02 19:53:09,,True,admin
673,الرياضة,2025-02-02 20:25:47,,True,admin
675,العزف,2025-02-02 21:31:45,,True,admin
675,الرياضة,2025-02-02 21:31:45,,True,admin
676,الترتيل,2025-02-02 21:47:44,,True,admin
676,الرياضة,2025-02-02 21:47:44,,True,admin
676,التمثيل,2025-02-02 21:47:44,,True,admin
676,تأدية حركات التراتيل,2025-02-02 21:47:44,,True,admin
676,الرسم,2025-02-02 21:47:44,,True,admin
676,القراءة,2025-02-02 21:47:44,,True,admin
676,الدبكة والرقصات الفولكلوريّة,2025-02-02 21:47:44,,True,admin
676,الغناء,2025-02-02 21:47:44,,True,admin
677,الترتيل,2025-02-02 21:50:25,,True,admin
677,الرياضة,2025-02-02 21:50:25,,True,admin
677,التمثيل,2025-02-02 21:50:25,,True,admin
677,تأدية حركات التراتيل,2025-02-02 21:50:25,,True,admin
677,الرسم,2025-02-02 21:50:25,,True,admin
677,القراءة,2025-02-02 21:50:25,,True,admin
677,الدبكة والرقصات الفولكلوريّة,2025-02-02 21:50:25,,True,admin
677,الغناء,2025-02-02 21:50:25,,True,admin
678,الرياضة,2025-02-02 22:19:38,,True,admin
678,تأدية حركات التراتيل,2025-02-02 22:19:38,,True,admin
678,الرسم,2025-02-02 22:19:38,,True,admin
679,التصوير الفوتوغرافي,2025-02-03 01:37:51,,True,admin
679,التمثيل,2025-02-03 01:37:51,,True,admin
679,تصوير فيديو,2025-02-03 01:37:51,,True,admin
679,التصميم الداخلي/ ديكور,2025-02-03 01:37:51,,True,admin
679,مونتاج فيديو,2025-02-03 01:37:51,,True,admin
679,الرسم,2025-02-03 01:37:51,,True,admin
679,أشغال يدويّة,2025-02-03 01:37:51,,True,admin
679,المكياج السينمائي,2025-02-03 01:37:51,,True,admin
681,الرياضة,2025-02-03 12:05:27,,True,admin
681,التصوير الفوتوغرافي,2025-02-03 12:05:27,,True,admin
681,تصوير فيديو,2025-02-03 12:05:27,,True,admin
681,مهارات التواصل,2025-02-03 12:05:27,,True,admin
681,مهارات إداريّة,2025-02-03 12:05:27,,True,admin
681,مهارات العمل الجماعي,2025-02-03 12:05:27,,True,admin
681,مهارات التخطيط,2025-02-03 12:05:27,,True,admin
681,تحضير الألعاب,2025-02-03 12:05:27,,True,admin
681,التنظيم لأعمال تطوعيّة,2025-02-03 12:05:27,,True,admin
681,أشغال يدويّة,2025-02-03 12:05:27,,True,admin
681,الدبكة والرقصات الفولكلوريّة,2025-02-03 12:05:27,,True,admin
684,الترتيل,2025-02-03 12:13:38,,True,admin
684,الرياضة,2025-02-03 12:13:38,,True,admin
684,الرسم,2025-02-03 12:13:38,,True,admin
688,الترتيل,2025-02-03 12:25:06,,True,admin
688,الرياضة,2025-02-03 12:25:06,,True,admin
688,التمثيل,2025-02-03 12:25:06,,True,admin
688,تأدية حركات التراتيل,2025-02-03 12:25:06,,True,admin
688,القراءة,2025-02-03 12:25:06,,True,admin
688,الدبكة والرقصات الفولكلوريّة,2025-02-03 12:25:06,,True,admin
688,أشغال يدويّة,2025-02-03 12:25:06,,True,admin
688,الغناء,2025-02-03 12:25:06,,True,admin
691,العزف,2025-02-03 12:43:50,,True,admin
691,الرياضة,2025-02-03 12:43:50,,True,admin
694,الترتيل,2025-02-03 12:51:01,,True,admin
694,الرياضة,2025-02-03 12:51:01,,True,admin
694,الدبكة والرقصات الفولكلوريّة,2025-02-03 12:51:01,,True,admin
695,الترتيل,2025-02-03 12:51:13,,True,admin
695,الرياضة,2025-02-03 12:51:13,,True,admin
695,الدبكة والرقصات الفولكلوريّة,2025-02-03 12:51:13,,True,admin
696,الرياضة,2025-02-03 12:54:42,,True,admin
696,الغناء,2025-02-03 12:54:42,,True,admin
697,الرياضة,2025-02-03 12:59:56,,True,admin
699,العزف,2025-02-03 13:15:11,,True,admin
699,الترتيل,2025-02-03 13:15:11,,True,admin
699,التمثيل,2025-02-03 13:15:11,,True,admin
699,تأدية حركات التراتيل,2025-02-03 13:15:11,,True,admin
699,القراءة,2025-02-03 13:15:11,,True,admin
699,الدبكة والرقصات الفولكلوريّة,2025-02-03 13:15:11,,True,admin
699,الغناء,2025-02-03 13:15:11,,True,admin
700,الرسم,2025-02-03 13:17:48,,True,admin
701,كتابة نصوص,2025-02-03 14:01:23,,True,admin
701,القراءة,2025-02-03 14:01:23,,True,admin
701,مهارات التواصل,2025-02-03 14:01:23,,True,admin
701,مهارات إداريّة,2025-02-03 14:01:23,,True,admin
701,مهارات العمل الجماعي,2025-02-03 14:01:23,,True,admin
701,مهارات التخطيط,2025-02-03 14:01:23,,True,admin
702,الترتيل,2025-02-03 14:14:22,,True,admin
702,الرياضة,2025-02-03 14:14:22,,True,admin
702,الرسم,2025-02-03 14:14:22,,True,admin
702,التمثيل,2025-02-03 14:14:22,,True,admin
702,أشغال يدويّة,2025-02-03 14:14:22,,True,admin
702,الدبكة والرقصات الفولكلوريّة,2025-02-03 14:14:22,,True,admin
702,الغناء,2025-02-03 14:14:22,,True,admin
704,الرياضة,2025-02-03 14:17:22,,True,admin
704,الترتيل,2025-02-03 14:17:22,,True,admin
704,الرسم,2025-02-03 14:17:22,,True,admin
704,الغناء,2025-02-03 14:17:22,,True,admin
706,الرياضة,2025-02-03 14:35:24,,True,admin
707,الرسم,2025-02-03 14:40:28,,True,admin
709,العزف,2025-02-03 14:50:08,,True,admin
709,الرياضة,2025-02-03 14:50:08,,True,admin
709,القراءة,2025-02-03 14:50:08,,True,admin
710,الرياضة,2025-02-03 15:03:29,,True,admin
711,العزف,2025-02-03 15:16:42,,True,admin
711,الترتيل,2025-02-03 15:16:42,,True,admin
711,تأدية حركات التراتيل,2025-02-03 15:16:42,,True,admin
712,الرياضة,2025-02-03 15:23:59,,True,admin
714,القراءة,2025-02-03 15:29:44,,True,admin
715,أشغال يدويّة,2025-02-03 15:34:04,,True,admin
717,العزف,2025-02-03 15:36:43,,True,admin
717,الرياضة,2025-02-03 15:36:43,,True,admin
717,التمثيل,2025-02-03 15:36:43,,True,admin
719,العزف,2025-02-03 15:49:30,,True,admin
719,الترتيل,2025-02-03 15:49:30,,True,admin
719,الغناء,2025-02-03 15:49:30,,True,admin
720,الرسم,2025-02-03 15:57:31,,True,admin
722,الترتيل,2025-02-03 16:03:26,,True,admin
722,الرسم,2025-02-03 16:03:26,,True,admin
722,الدبكة والرقصات الفولكلوريّة,2025-02-03 16:03:26,,True,admin
723,العزف,2025-02-03 16:11:27,,True,admin
723,الترتيل,2025-02-03 16:11:27,,True,admin
723,الرياضة,2025-02-03 16:11:27,,True,admin
723,التمثيل,2025-02-03 16:11:27,,True,admin
723,تأدية حركات التراتيل,2025-02-03 16:11:27,,True,admin
723,الرسم,2025-02-03 16:11:27,,True,admin
723,القراءة,2025-02-03 16:11:27,,True,admin
723,أشغال يدويّة,2025-02-03 16:11:27,,True,admin
723,الدبكة والرقصات الفولكلوريّة,2025-02-03 16:11:27,,True,admin
723,الغناء,2025-02-03 16:11:27,,True,admin
725,الرياضة,2025-02-03 16:48:48,,True,admin
726,التمثيل,2025-02-03 16:53:07,,True,admin
729,الرياضة,2025-02-03 17:08:31,,True,admin
730,العزف,2025-02-03 17:50:47,,True,admin
730,الرياضة,2025-02-03 17:50:47,,True,admin
730,الرسم,2025-02-03 17:50:47,,True,admin
730,القراءة,2025-02-03 17:50:47,,True,admin
732,الرياضة,2025-02-03 18:07:36,,True,admin
733,الرياضة,2025-02-03 18:12:54,,True,admin
734,الرياضة,2025-02-03 18:14:43,,True,admin
734,الرسم,2025-02-03 18:14:43,,True,admin
734,أشغال يدويّة,2025-02-03 18:14:43,,True,admin
734,الدبكة والرقصات الفولكلوريّة,2025-02-03 18:14:43,,True,admin
735,الرياضة,2025-02-03 18:19:06,,True,admin
735,التمثيل,2025-02-03 18:19:06,,True,admin
735,الرسم,2025-02-03 18:19:06,,True,admin
736,العزف,2025-02-03 18:37:02,,True,admin
736,الرياضة,2025-02-03 18:37:02,,True,admin
737,الرياضة,2025-02-03 18:44:48,,True,admin
737,التصوير الفوتوغرافي,2025-02-03 18:44:48,,True,admin
737,تصوير فيديو,2025-02-03 18:44:48,,True,admin
737,أجهزة الصوت (صوتيّات ومِكسرات),2025-02-03 18:44:48,,True,admin
738,التصوير الفوتوغرافي,2025-02-03 18:46:17,,True,admin
739,أشغال يدويّة,2025-02-03 18:48:56,,True,admin
740,أشغال يدويّة,2025-02-03 18:52:29,,True,admin
740,التنظيم لأعمال تطوعيّة,2025-02-03 18:52:29,,True,admin
741,مهارات التواصل,2025-02-03 19:32:41,,True,admin
741,مهارات العمل الجماعي,2025-02-03 19:32:41,,True,admin
741,مهارات التخطيط,2025-02-03 19:32:41,,True,admin
741,تحضير الألعاب,2025-02-03 19:32:41,,True,admin
742,التصوير الفوتوغرافي,2025-02-03 20:15:43,,True,admin
742,تصوير فيديو,2025-02-03 20:15:43,,True,admin
742,مونتاج فيديو,2025-02-03 20:15:43,,True,admin
742,مهارات إداريّة,2025-02-03 20:15:43,,True,admin
744,التنظيم لأعمال تطوعيّة,2025-02-03 21:57:15,,True,admin
745,الغناء,2025-02-03 21:57:27,,True,admin
745,الترتيل,2025-02-03 21:57:27,,True,admin
745,التمثيل,2025-02-03 21:57:27,,True,admin
745,الرسم,2025-02-03 21:57:27,,True,admin
747,الرياضة,2025-02-03 23:01:11,,True,admin
747,التمثيل,2025-02-03 23:01:11,,True,admin
747,تصوير فيديو,2025-02-03 23:01:11,,True,admin
747,القراءة,2025-02-03 23:01:11,,True,admin
747,مهارات العمل الجماعي,2025-02-03 23:01:11,,True,admin
747,مهارات التخطيط,2025-02-03 23:01:11,,True,admin
747,التنظيم لأعمال تطوعيّة,2025-02-03 23:01:11,,True,admin
747,أشغال يدويّة,2025-02-03 23:01:11,,True,admin
749,العزف,2025-02-04 02:39:21,,True,admin
749,الرياضة,2025-02-04 02:39:21,,True,admin
749,التصوير الفوتوغرافي,2025-02-04 02:39:21,,True,admin
749,تصوير فيديو,2025-02-04 02:39:21,,True,admin
749,كتابة نصوص,2025-02-04 02:39:21,,True,admin
749,مونتاج فيديو,2025-02-04 02:39:21,,True,admin
749,الرسم,2025-02-04 02:39:21,,True,admin
749,القراءة,2025-02-04 02:39:21,,True,admin
749,مهارات إداريّة,2025-02-04 02:39:21,,True,admin
749,مهارات التخطيط,2025-02-04 02:39:21,,True,admin
750,الغناء,2025-02-04 06:00:27,,True,admin
750,الترتيل,2025-02-04 06:00:27,,True,admin
751,الرياضة,2025-02-04 09:52:07,,True,admin
752,الرياضة,2025-02-04 10:05:56,,True,admin
752,القراءة,2025-02-04 10:05:56,,True,admin
753,الغناء,2025-02-04 11:15:14,,True,admin
755,الرسم,2025-02-04 11:22:27,,True,admin
757,الترتيل,2025-02-04 11:24:44,,True,admin
757,التمثيل,2025-02-04 11:24:44,,True,admin
759,الترتيل,2025-02-04 11:25:56,,True,admin
759,التمثيل,2025-02-04 11:25:56,,True,admin
759,الرسم,2025-02-04 11:25:56,,True,admin
761,التمثيل,2025-02-04 13:46:24,,True,admin
761,الإخراج (السينمائي/ المسرحي),2025-02-04 13:46:24,,True,admin
761,تصوير فيديو,2025-02-04 13:46:24,,True,admin
761,كتابة نصوص,2025-02-04 13:46:24,,True,admin
761,مهارات العمل الجماعي,2025-02-04 13:46:24,,True,admin
761,مهارات التخطيط,2025-02-04 13:46:24,,True,admin
761,تحضير الألعاب,2025-02-04 13:46:24,,True,admin
761,التنظيم لأعمال تطوعيّة,2025-02-04 13:46:24,,True,admin
761,أشغال يدويّة,2025-02-04 13:46:24,,True,admin
761,الدبكة والرقصات الفولكلوريّة,2025-02-04 13:46:24,,True,admin
761,تأدية حركات التراتيل,2025-02-04 13:46:24,,True,admin
763,الرسم,2025-02-04 14:04:10,,True,admin
763,القراءة,2025-02-04 14:04:10,,True,admin
764,تصوير فيديو,2025-02-04 14:18:42,,True,admin
764,مونتاج فيديو,2025-02-04 14:18:42,,True,admin
764,مهارات إداريّة,2025-02-04 14:18:42,,True,admin
764,مهارات التخطيط,2025-02-04 14:18:42,,True,admin
765,الرياضة,2025-02-04 14:22:31,,True,admin
766,الرياضة,2025-02-04 14:24:49,,True,admin
767,الدبكة والرقصات الفولكلوريّة,2025-02-04 14:31:06,,True,admin
768,الترتيل,2025-02-04 14:45:34,,True,admin
768,الغناء,2025-02-04 14:45:34,,True,admin
769,الترتيل,2025-02-04 15:30:45,,True,admin
770,التمثيل,2025-02-04 16:39:41,,True,admin
770,أشغال يدويّة,2025-02-04 16:39:41,,True,admin
771,العزف,2025-02-04 16:45:47,,True,admin
771,الترتيل,2025-02-04 16:45:47,,True,admin
771,القراءة,2025-02-04 16:45:47,,True,admin
771,مهارات التواصل,2025-02-04 16:45:47,,True,admin
771,مهارات إداريّة,2025-02-04 16:45:47,,True,admin
771,مهارات العمل الجماعي,2025-02-04 16:45:47,,True,admin
771,مهارات التخطيط,2025-02-04 16:45:47,,True,admin
771,أجهزة الصوت (صوتيّات ومِكسرات),2025-02-04 16:45:47,,True,admin
772,الترتيل,2025-02-04 17:39:38,,True,admin
772,التصوير الفوتوغرافي,2025-02-04 17:39:38,,True,admin
773,العزف,2025-02-04 17:41:36,,True,admin
773,الغناء,2025-02-04 17:41:36,,True,admin
773,الترتيل,2025-02-04 17:41:36,,True,admin
773,الرياضة,2025-02-04 17:41:36,,True,admin
773,التمثيل,2025-02-04 17:41:36,,True,admin
774,الدبكة والرقصات الفولكلوريّة,2025-02-04 18:07:40,,True,admin
775,الترتيل,2025-02-04 18:08:17,,True,admin
775,الرياضة,2025-02-04 18:08:17,,True,admin
775,تأدية حركات التراتيل,2025-02-04 18:08:17,,True,admin
775,الرسم,2025-02-04 18:08:17,,True,admin
775,القراءة,2025-02-04 18:08:17,,True,admin
777,الرياضة,2025-02-04 18:25:25,,True,admin
777,الرسم,2025-02-04 18:25:25,,True,admin
777,أشغال يدويّة,2025-02-04 18:25:25,,True,admin
778,الرياضة,2025-02-04 18:26:59,,True,admin
778,الرسم,2025-02-04 18:26:59,,True,admin
780,الترتيل,2025-02-04 20:08:04,,True,admin
780,الرياضة,2025-02-04 20:08:04,,True,admin
780,التمثيل,2025-02-04 20:08:04,,True,admin
780,الرسم,2025-02-04 20:08:04,,True,admin
780,القراءة,2025-02-04 20:08:04,,True,admin
780,أشغال يدويّة,2025-02-04 20:08:04,,True,admin
780,الدبكة والرقصات الفولكلوريّة,2025-02-04 20:08:04,,True,admin
781,أشغال يدويّة,2025-02-04 21:03:59,,True,admin
782,العزف,2025-02-04 21:21:59,,True,admin
782,تأدية حركات التراتيل,2025-02-04 21:21:59,,True,admin
782,الرسم,2025-02-04 21:21:59,,True,admin
782,أشغال يدويّة,2025-02-04 21:21:59,,True,admin
782,الغناء,2025-02-04 21:21:59,,True,admin
782,السباحة,2025-02-04 21:21:59,,True,admin
783,العزف,2025-02-04 21:25:25,,True,admin
783,الرياضة,2025-02-04 21:25:25,,True,admin
783,تأدية حركات التراتيل,2025-02-04 21:25:25,,True,admin
783,الرسم,2025-02-04 21:25:25,,True,admin
783,القراءة,2025-02-04 21:25:25,,True,admin
783,أشغال يدويّة,2025-02-04 21:25:25,,True,admin
783,الغناء,2025-02-04 21:25:25,,True,admin
784,العزف,2025-02-04 21:28:39,,True,admin
784,الترتيل,2025-02-04 21:28:39,,True,admin
784,الرياضة,2025-02-04 21:28:39,,True,admin
784,التمثيل,2025-02-04 21:28:39,,True,admin
784,تأدية حركات التراتيل,2025-02-04 21:28:39,,True,admin
784,الرسم,2025-02-04 21:28:39,,True,admin
784,أشغال يدويّة,2025-02-04 21:28:39,,True,admin
784,الدبكة والرقصات الفولكلوريّة,2025-02-04 21:28:39,,True,admin
784,الغناء,2025-02-04 21:28:39,,True,admin
785,العزف,2025-02-04 21:37:51,,True,admin
785,التمثيل,2025-02-04 21:37:51,,True,admin
785,الرسم,2025-02-04 21:37:51,,True,admin
785,القراءة,2025-02-04 21:37:51,,True,admin
786,كتابة نصوص,2025-02-04 23:07:49,,True,admin
786,القراءة,2025-02-04 23:07:49,,True,admin
787,الترتيل,2025-02-05 04:51:45,,True,admin
787,الرياضة,2025-02-05 04:51:45,,True,admin
787,تحضير الألعاب,2025-02-05 04:51:45,,True,admin
787,أشغال يدويّة,2025-02-05 04:51:45,,True,admin
787,الدبكة والرقصات الفولكلوريّة,2025-02-05 04:51:45,,True,admin
788,الرياضة,2025-02-05 15:01:33,,True,admin
788,الرسم,2025-02-05 15:01:33,,True,admin
788,أشغال يدويّة,2025-02-05 15:01:33,,True,admin
789,الرياضة,2025-02-05 16:51:02,,True,admin
792,العزف,2025-02-05 18:37:38,,True,admin
792,الترتيل,2025-02-05 18:37:38,,True,admin
792,الرياضة,2025-02-05 18:37:38,,True,admin
792,التمثيل,2025-02-05 18:37:38,,True,admin
792,تأدية حركات التراتيل,2025-02-05 18:37:38,,True,admin
792,الرسم,2025-02-05 18:37:38,,True,admin
792,القراءة,2025-02-05 18:37:38,,True,admin
792,أشغال يدويّة,2025-02-05 18:37:38,,True,admin
792,الدبكة والرقصات الفولكلوريّة,2025-02-05 18:37:38,,True,admin
792,الغناء,2025-02-05 18:37:38,,True,admin
793,الكتابة,2025-02-05 18:58:56,,True,admin
794,العزف,2025-02-05 22:00:22,,True,admin
795,مهارات إداريّة,2025-02-05 22:10:00,,True,admin
795,مهارات العمل الجماعي,2025-02-05 22:10:00,,True,admin
795,مهارات التخطيط,2025-02-05 22:10:00,,True,admin
796,الرياضة,2025-02-05 22:11:19,,True,admin
796,القراءة,2025-02-05 22:11:19,,True,admin
796,مهارات التواصل,2025-02-05 22:11:19,,True,admin
796,مهارات إداريّة,2025-02-05 22:11:19,,True,admin
796,مهارات العمل الجماعي,2025-02-05 22:11:19,,True,admin
796,مهارات التخطيط,2025-02-05 22:11:19,,True,admin
796,تحضير الألعاب,2025-02-05 22:11:19,,True,admin
796,التنظيم لأعمال تطوعيّة,2025-02-05 22:11:19,,True,admin
796,أشغال يدويّة,2025-02-05 22:11:19,,True,admin
796,الدبكة والرقصات الفولكلوريّة,2025-02-05 22:11:19,,True,admin
797,الرسم,2025-02-05 22:34:48,,True,admin
798,الترتيل,2025-02-05 22:48:37,,True,admin
799,الترتيل,2025-02-05 23:04:01,,True,admin
799,مهارات التواصل,2025-02-05 23:04:01,,True,admin
799,مهارات إداريّة,2025-02-05 23:04:01,,True,admin
799,مهارات العمل الجماعي,2025-02-05 23:04:01,,True,admin
799,مهارات التخطيط,2025-02-05 23:04:01,,True,admin
799,أجهزة الصوت (صوتيّات ومِكسرات),2025-02-05 23:04:01,,True,admin
800,الترتيل,2025-02-05 23:22:43,,True,admin
800,الرياضة,2025-02-05 23:22:43,,True,admin
800,القراءة,2025-02-05 23:22:43,,True,admin
800,مهارات إداريّة,2025-02-05 23:22:43,,True,admin
800,مهارات التخطيط,2025-02-05 23:22:43,,True,admin
801,التصوير الفوتوغرافي,2025-02-06 01:42:19,,True,admin
801,مونتاج فيديو,2025-02-06 01:42:19,,True,admin
801,التنظيم لأعمال تطوعيّة,2025-02-06 01:42:19,,True,admin
801,أشغال يدويّة,2025-02-06 01:42:19,,True,admin
802,العزف,2025-02-06 10:29:22,,True,admin
802,التمثيل,2025-02-06 10:29:22,,True,admin
802,الرسم,2025-02-06 10:29:22,,True,admin
802,أشغال يدويّة,2025-02-06 10:29:22,,True,admin
803,العزف,2025-02-06 10:42:07,,True,admin
803,الترتيل,2025-02-06 10:42:07,,True,admin
803,الرياضة,2025-02-06 10:42:07,,True,admin
803,التمثيل,2025-02-06 10:42:07,,True,admin
803,تأدية حركات التراتيل,2025-02-06 10:42:07,,True,admin
803,الرسم,2025-02-06 10:42:07,,True,admin
803,الدبكة والرقصات الفولكلوريّة,2025-02-06 10:42:07,,True,admin
804,الرياضة,2025-02-06 10:45:40,,True,admin
804,الرسم,2025-02-06 10:45:40,,True,admin
806,أشغال يدويّة,2025-02-06 14:56:04,,True,admin
807,مهارات التخطيط,2025-02-06 15:04:46,,True,admin
807,أشغال يدويّة,2025-02-06 15:04:46,,True,admin
807,تأدية حركات التراتيل,2025-02-06 15:04:46,,True,admin
808,الرياضة,2025-02-06 18:11:08,,True,admin
809,العزف,2025-02-06 18:41:19,,True,admin
809,الرياضة,2025-02-06 18:41:19,,True,admin
809,مونتاج فيديو,2025-02-06 18:41:19,,True,admin
809,القراءة,2025-02-06 18:41:19,,True,admin
810,الترتيل,2025-02-06 22:36:14,,True,admin
810,الرياضة,2025-02-06 22:36:14,,True,admin
811,تأدية حركات التراتيل,2025-02-07 12:08:32,,True,admin
811,الرسم,2025-02-07 12:08:32,,True,admin
812,مهارات التواصل,2025-02-07 13:24:51,,True,admin
812,مهارات إداريّة,2025-02-07 13:24:51,,True,admin
812,مهارات العمل الجماعي,2025-02-07 13:24:51,,True,admin
812,مهارات التخطيط,2025-02-07 13:24:51,,True,admin
812,تحضير الألعاب,2025-02-07 13:24:51,,True,admin
812,التنظيم لأعمال تطوعيّة,2025-02-07 13:24:51,,True,admin
812,أجهزة الصوت (صوتيّات ومِكسرات),2025-02-07 13:24:51,,True,admin
813,الرسم,2025-02-07 13:33:34,,True,admin
814,الترتيل,2025-02-07 13:35:18,,True,admin
815,الرياضة,2025-02-07 14:23:28,,True,admin
815,التصوير الفوتوغرافي,2025-02-07 14:23:28,,True,admin
815,التمثيل,2025-02-07 14:23:28,,True,admin
815,الإخراج (السينمائي/ المسرحي),2025-02-07 14:23:28,,True,admin
815,تحضير الألعاب,2025-02-07 14:23:28,,True,admin
816,العزف,2025-02-07 15:10:05,,True,admin
816,الترتيل,2025-02-07 15:10:05,,True,admin
816,التمثيل,2025-02-07 15:10:05,,True,admin
816,تأدية حركات التراتيل,2025-02-07 15:10:05,,True,admin
816,الرسم,2025-02-07 15:10:05,,True,admin
816,القراءة,2025-02-07 15:10:05,,True,admin
816,أشغال يدويّة,2025-02-07 15:10:05,,True,admin
817,الترتيل,2025-02-07 17:56:30,,True,admin
817,الرياضة,2025-02-07 17:56:30,,True,admin
817,السباحة,2025-02-07 17:56:30,,True,admin
817,كرة القدم,2025-02-07 17:56:30,,True,admin
818,الترتيل,2025-02-07 17:58:05,,True,admin
818,الرياضة,2025-02-07 17:58:05,,True,admin
818,الرسم,2025-02-07 17:58:05,,True,admin
818,القراءة,2025-02-07 17:58:05,,True,admin
819,القراءة,2025-02-07 19:36:04,,True,admin
819,أشغال يدويّة,2025-02-07 19:36:04,,True,admin
820,الرياضة,2025-02-08 19:25:28,,True,admin
820,التمثيل,2025-02-08 19:25:28,,True,admin
820,تأدية حركات التراتيل,2025-02-08 19:25:28,,True,admin
820,أشغال يدويّة,2025-02-08 19:25:28,,True,admin
820,الدبكة والرقصات الفولكلوريّة,2025-02-08 19:25:28,,True,admin
821,الرياضة,2025-02-08 20:39:02,,True,admin
822,تصوير فيديو,2025-02-08 21:30:49,,True,admin
822,مونتاج فيديو,2025-02-08 21:30:49,,True,admin
822,مهارات إداريّة,2025-02-08 21:30:49,,True,admin
822,مهارات العمل الجماعي,2025-02-08 21:30:49,,True,admin
822,مهارات التخطيط,2025-02-08 21:30:49,,True,admin
823,العزف,2025-02-08 21:34:59,,True,admin
823,الرياضة,2025-02-08 21:34:59,,True,admin
824,الترتيل,2025-02-08 21:35:45,,True,admin
824,التصوير الفوتوغرافي,2025-02-08 21:35:45,,True,admin
824,التمثيل,2025-02-08 21:35:45,,True,admin
824,كتابة نصوص,2025-02-08 21:35:45,,True,admin
824,التصميم الداخلي/ ديكور,2025-02-08 21:35:45,,True,admin
824,تحضير الألعاب,2025-02-08 21:35:45,,True,admin
824,أشغال يدويّة,2025-02-08 21:35:45,,True,admin
824,تأدية حركات التراتيل,2025-02-08 21:35:45,,True,admin
825,الرياضة,2025-02-08 21:43:51,,True,admin
826,العزف,2025-02-08 22:06:15,,True,admin
827,الرياضة,2025-02-09 01:47:45,,True,admin
829,كتابة نصوص,2025-02-09 10:07:08,,True,admin
829,القراءة,2025-02-09 10:07:08,,True,admin
829,مهارات التواصل,2025-02-09 10:07:08,,True,admin
829,مهارات العمل الجماعي,2025-02-09 10:07:08,,True,admin
829,مهارات التخطيط,2025-02-09 10:07:08,,True,admin
829,أشغال يدويّة,2025-02-09 10:07:08,,True,admin
829,تأدية حركات التراتيل,2025-02-09 10:07:08,,True,admin
830,الرياضة,2025-02-09 12:23:52,,True,admin
830,الرسم,2025-02-09 12:23:52,,True,admin
831,القراءة,2025-02-09 17:35:20,,True,admin
831,مهارات التواصل,2025-02-09 17:35:20,,True,admin
831,مهارات إداريّة,2025-02-09 17:35:20,,True,admin
831,مهارات العمل الجماعي,2025-02-09 17:35:20,,True,admin
832,الترتيل,2025-02-09 20:15:01,,True,admin
832,الرسم,2025-02-09 20:15:01,,True,admin
832,أشغال يدويّة,2025-02-09 20:15:01,,True,admin
833,الترتيل,2025-02-10 00:32:12,,True,admin
834,القراءة,2025-02-10 08:57:48,,True,admin
834,مهارات التواصل,2025-02-10 08:57:48,,True,admin
834,مهارات إداريّة,2025-02-10 08:57:48,,True,admin
834,مهارات العمل الجماعي,2025-02-10 08:57:48,,True,admin
835,الرياضة,2025-02-10 11:27:30,,True,admin
835,القراءة,2025-02-10 11:27:30,,True,admin
835,أشغال يدويّة,2025-02-10 11:27:30,,True,admin
836,العزف,2025-02-10 13:44:22,,True,admin
836,الرياضة,2025-02-10 13:44:22,,True,admin
836,مهارات التواصل,2025-02-10 13:44:22,,True,admin
836,مهارات إداريّة,2025-02-10 13:44:22,,True,admin
836,مهارات العمل الجماعي,2025-02-10 13:44:22,,True,admin
836,مهارات التخطيط,2025-02-10 13:44:22,,True,admin
836,تحضير الألعاب,2025-02-10 13:44:22,,True,admin
836,التنظيم لأعمال تطوعيّة,2025-02-10 13:44:22,,True,admin
836,أشغال يدويّة,2025-02-10 13:44:22,,True,admin
836,الدبكة والرقصات الفولكلوريّة,2025-02-10 13:44:22,,True,admin
837,أشغال يدويّة,2025-02-10 14:00:14,,True,admin
838,التمثيل,2025-02-10 14:03:48,,True,admin
839,الرياضة,2025-02-10 14:04:33,,True,admin
840,الرياضة,2025-02-10 14:08:07,,True,admin
841,الرياضة,2025-02-10 14:15:44,,True,admin
844,العزف,2025-02-10 14:28:20,,True,admin
844,الترتيل,2025-02-10 14:28:20,,True,admin
844,الرياضة,2025-02-10 14:28:20,,True,admin
844,الدبكة والرقصات الفولكلوريّة,2025-02-10 14:28:20,,True,admin
845,العزف,2025-02-10 14:31:49,,True,admin
845,التمثيل,2025-02-10 14:31:49,,True,admin
845,أشغال يدويّة,2025-02-10 14:31:49,,True,admin
846,العزف,2025-02-10 14:34:32,,True,admin
847,الرياضة,2025-02-10 14:45:01,,True,admin
847,التمثيل,2025-02-10 14:45:01,,True,admin
847,القراءة,2025-02-10 14:45:01,,True,admin
847,مهارات التواصل,2025-02-10 14:45:01,,True,admin
847,مهارات إداريّة,2025-02-10 14:45:01,,True,admin
847,مهارات العمل الجماعي,2025-02-10 14:45:01,,True,admin
847,مهارات التخطيط,2025-02-10 14:45:01,,True,admin
847,التنظيم لأعمال تطوعيّة,2025-02-10 14:45:01,,True,admin
848,العزف,2025-02-10 15:48:51,,True,admin
849,الرياضة,2025-02-10 16:00:00,,True,admin
849,الدبكة والرقصات الفولكلوريّة,2025-02-10 16:00:00,,True,admin
850,الرياضة,2025-02-10 16:24:43,,True,admin
851,الرياضة,2025-02-10 16:48:13,,True,admin
852,الغناء,2025-02-10 18:09:33,,True,admin
852,الترتيل,2025-02-10 18:09:33,,True,admin
852,التصوير الفوتوغرافي,2025-02-10 18:09:33,,True,admin
852,التمثيل,2025-02-10 18:09:33,,True,admin
852,الإخراج (السينمائي/ المسرحي),2025-02-10 18:09:33,,True,admin
852,القراءة,2025-02-10 18:09:33,,True,admin
852,التنظيم لأعمال تطوعيّة,2025-02-10 18:09:33,,True,admin
852,الدبكة والرقصات الفولكلوريّة,2025-02-10 18:09:33,,True,admin
853,تأدية حركات التراتيل,2025-02-10 18:57:32,,True,admin
854,الرياضة,2025-02-10 19:17:41,,True,admin
854,الدبكة والرقصات الفولكلوريّة,2025-02-10 19:17:41,,True,admin
855,الغناء,2025-02-10 19:38:31,,True,admin
856,التمثيل,2025-02-10 21:29:11,,True,admin
856,القراءة,2025-02-10 21:29:11,,True,admin
858,الرسم,2025-02-10 23:08:26,,True,admin
858,أشغال يدويّة,2025-02-10 23:08:26,,True,admin
859,العزف,2025-02-11 11:31:05,,True,admin
859,التصوير الفوتوغرافي,2025-02-11 11:31:05,,True,admin
859,التصميم الجرافيكي,2025-02-11 11:31:05,,True,admin
859,تصوير فيديو,2025-02-11 11:31:05,,True,admin
859,مونتاج فيديو,2025-02-11 11:31:05,,True,admin
859,مهارات التواصل,2025-02-11 11:31:05,,True,admin
859,مهارات إداريّة,2025-02-11 11:31:05,,True,admin
859,مهارات العمل الجماعي,2025-02-11 11:31:05,,True,admin
859,مهارات التخطيط,2025-02-11 11:31:05,,True,admin
859,تحضير الألعاب,2025-02-11 11:31:05,,True,admin
859,أجهزة الصوت (صوتيّات ومِكسرات),2025-02-11 11:31:05,,True,admin
860,الصيد,2025-02-11 11:32:59,,True,admin
860,المغامرة,2025-02-11 11:32:59,,True,admin
860,التخييم,2025-02-11 11:32:59,,True,admin
860,Hiking,2025-02-11 11:32:59,,True,admin
861,الترتيل,2025-02-11 16:46:23,,True,admin
861,التمثيل,2025-02-11 16:46:23,,True,admin
861,الغناء,2025-02-11 16:46:23,,True,admin
862,الرياضة,2025-02-11 18:00:20,,True,admin
862,التمثيل,2025-02-11 18:00:20,,True,admin
862,الدبكة والرقصات الفولكلوريّة,2025-02-11 18:00:20,,True,admin
863,الرسم,2025-02-12 09:20:17,2026-05-29 16:23:30,False,admin
863,تحضير الألعاب,2025-02-12 09:20:17,2026-05-29 16:23:30,False,admin
863,أشغال يدويّة,2025-02-12 09:20:17,2026-05-29 16:23:30,False,admin
864,العزف,2025-02-12 22:46:25,,True,admin
864,بيانو,2025-02-12 22:46:25,,True,admin
864,تايكواندو,2025-02-12 22:46:25,,True,admin
865,الرياضة,2025-02-12 22:52:32,,True,admin
865,الرسم,2025-02-12 22:52:32,,True,admin
865,ركوب الخيل,2025-02-12 22:52:32,,True,admin
865,كرة القدم,2025-02-12 22:52:32,,True,admin
866,تربيّة الحيوانات,2025-02-12 22:55:43,,True,admin
866,تصوير فيديو,2025-02-12 22:55:43,,True,admin
866,الألعاب,2025-02-12 22:55:43,,True,admin
867,القراءة,2025-02-12 22:57:23,,True,admin
867,مهارات التواصل,2025-02-12 22:57:23,,True,admin
867,مهارات إداريّة,2025-02-12 22:57:23,,True,admin
867,مهارات العمل الجماعي,2025-02-12 22:57:23,,True,admin
867,مهارات التخطيط,2025-02-12 22:57:23,,True,admin
867,أشغال يدويّة,2025-02-12 22:57:23,,True,admin
867,الدبكة والرقصات الفولكلوريّة,2025-02-12 22:57:23,,True,admin
868,الرسم,2025-02-12 22:57:51,,True,admin
869,حل الأحجيات والألغاز,2025-02-12 23:09:34,,True,admin
872,الرياضة,2025-02-12 23:18:26,,True,admin
872,الرسم,2025-02-12 23:18:26,,True,admin
873,العزف,2025-02-13 13:27:32,,True,admin
873,الرياضة,2025-02-13 13:27:32,,True,admin
873,الرسم,2025-02-13 13:27:32,,True,admin
874,الرياضة,2025-02-13 15:59:30,,True,admin
875,الرياضة,2025-02-13 16:02:45,,True,admin
875,القراءة,2025-02-13 16:02:45,,True,admin
875,مهارات التواصل,2025-02-13 16:02:45,,True,admin
875,مهارات إداريّة,2025-02-13 16:02:45,,True,admin
875,مهارات العمل الجماعي,2025-02-13 16:02:45,,True,admin
875,مهارات التخطيط,2025-02-13 16:02:45,,True,admin
876,الرياضة,2025-02-13 16:03:29,,True,admin
877,الغناء,2025-02-13 16:03:40,,True,admin
878,الرياضة,2025-02-13 18:20:11,,True,admin
879,الرياضة,2025-02-13 18:31:07,,True,admin
879,مهارات التواصل,2025-02-13 18:31:07,,True,admin
879,مهارات إداريّة,2025-02-13 18:31:07,,True,admin
879,مهارات العمل الجماعي,2025-02-13 18:31:07,,True,admin
879,مهارات التخطيط,2025-02-13 18:31:07,,True,admin
879,تحضير الألعاب,2025-02-13 18:31:07,,True,admin
879,التنظيم لأعمال تطوعيّة,2025-02-13 18:31:07,,True,admin
879,أشغال يدويّة,2025-02-13 18:31:07,,True,admin
880,الرياضة,2025-02-15 12:22:06,,True,admin
880,الرسم,2025-02-15 12:22:06,,True,admin
881,الرياضة,2025-02-15 12:23:31,,True,admin
881,الرسم,2025-02-15 12:23:31,,True,admin
882,الرياضة,2025-02-15 12:26:18,,True,admin
882,تأدية حركات التراتيل,2025-02-15 12:26:18,,True,admin
882,الرسم,2025-02-15 12:26:18,,True,admin
882,القراءة,2025-02-15 12:26:18,,True,admin
882,أشغال يدويّة,2025-02-15 12:26:18,,True,admin
882,الدبكة والرقصات الفولكلوريّة,2025-02-15 12:26:18,,True,admin
883,الترتيل,2025-02-15 12:27:11,,True,admin
883,الرياضة,2025-02-15 12:27:11,,True,admin
883,تأدية حركات التراتيل,2025-02-15 12:27:11,,True,admin
884,تأدية حركات التراتيل,2025-02-15 12:29:18,,True,admin
884,الرسم,2025-02-15 12:29:18,,True,admin
885,العزف,2025-02-15 12:31:02,,True,admin
886,العزف,2025-02-15 12:32:21,,True,admin
886,الرياضة,2025-02-15 12:32:21,,True,admin
886,التمثيل,2025-02-15 12:32:21,,True,admin
886,تأدية حركات التراتيل,2025-02-15 12:32:21,,True,admin
886,الرسم,2025-02-15 12:32:21,,True,admin
886,الغناء,2025-02-15 12:32:21,,True,admin
887,الرسم,2025-02-15 12:33:14,,True,admin
887,أشغال يدويّة,2025-02-15 12:33:14,,True,admin
888,العزف,2025-02-15 12:33:40,,True,admin
888,الغناء,2025-02-15 12:33:40,,True,admin
889,الرياضة,2025-02-15 12:51:49,,True,admin
890,الرياضة,2025-02-15 12:55:26,,True,admin
891,العزف,2025-02-15 13:05:08,,True,admin
891,الترتيل,2025-02-15 13:05:08,,True,admin
891,الرياضة,2025-02-15 13:05:08,,True,admin
891,التمثيل,2025-02-15 13:05:08,,True,admin
891,تأدية حركات التراتيل,2025-02-15 13:05:08,,True,admin
891,الرسم,2025-02-15 13:05:08,,True,admin
891,القراءة,2025-02-15 13:05:08,,True,admin
891,أشغال يدويّة,2025-02-15 13:05:08,,True,admin
891,الدبكة والرقصات الفولكلوريّة,2025-02-15 13:05:08,,True,admin
891,الغناء,2025-02-15 13:05:08,,True,admin
892,الرسم,2025-02-15 13:11:55,,True,admin
893,الرياضة,2025-02-15 13:15:50,,True,admin
893,الرسم,2025-02-15 13:15:50,,True,admin
894,الرياضة,2025-02-15 13:19:45,,True,admin
895,الرياضة,2025-02-15 13:38:35,,True,admin
896,الرياضة,2025-02-15 14:50:54,,True,admin
897,الترتيل,2025-02-15 15:26:22,,True,admin
897,الرياضة,2025-02-15 15:26:22,,True,admin
897,الرسم,2025-02-15 15:26:22,,True,admin
898,أشغال يدويّة,2025-02-15 15:28:07,,True,admin
899,الرياضة,2025-02-15 17:11:32,,True,admin
899,الرسم,2025-02-15 17:11:32,,True,admin
899,الدبكة والرقصات الفولكلوريّة,2025-02-15 17:11:32,,True,admin
900,الرياضة,2025-02-15 17:19:35,,True,admin
900,الدبكة والرقصات الفولكلوريّة,2025-02-15 17:19:35,,True,admin
901,العزف,2025-02-15 17:21:23,,True,admin
902,مونتاج فيديو,2025-02-15 17:30:51,,True,admin
903,التمثيل,2025-02-15 18:38:58,,True,admin
903,الرسم,2025-02-15 18:38:58,,True,admin
904,العزف,2025-02-15 18:59:41,,True,admin
904,الرياضة,2025-02-15 18:59:41,,True,admin
905,العزف,2025-02-15 19:01:05,,True,admin
905,الرياضة,2025-02-15 19:01:05,,True,admin
905,الرسم,2025-02-15 19:01:05,,True,admin
905,الدبكة والرقصات الفولكلوريّة,2025-02-15 19:01:05,,True,admin
906,الترتيل,2025-02-15 19:05:12,,True,admin
906,الدبكة والرقصات الفولكلوريّة,2025-02-15 19:05:12,,True,admin
907,الرياضة,2025-02-15 19:34:17,,True,admin
908,الترتيل,2025-02-15 20:20:24,,True,admin
908,الرياضة,2025-02-15 20:20:24,,True,admin
908,القراءة,2025-02-15 20:20:24,,True,admin
909,الدبكة والرقصات الفولكلوريّة,2025-02-15 20:28:54,,True,admin
910,العزف,2025-02-15 20:49:32,,True,admin
911,العزف,2025-02-15 20:51:14,,True,admin
911,الرياضة,2025-02-15 20:51:14,,True,admin
912,العزف,2025-02-15 20:56:17,,True,admin
912,الرياضة,2025-02-15 20:56:17,,True,admin
912,الرسم,2025-02-15 20:56:17,,True,admin
913,الرسم,2025-02-15 21:01:43,,True,admin
913,أشغال يدويّة,2025-02-15 21:01:43,,True,admin
914,العزف,2025-02-16 08:39:42,,True,admin
914,الرياضة,2025-02-16 08:39:42,,True,admin
914,الرسم,2025-02-16 08:39:42,,True,admin
914,أشغال يدويّة,2025-02-16 08:39:42,,True,admin
914,السباحة,2025-02-16 08:39:42,,True,admin
915,الترتيل,2025-02-16 10:39:38,,True,admin
915,القراءة,2025-02-16 10:39:38,,True,admin
915,أشغال يدويّة,2025-02-16 10:39:38,,True,admin
915,الدبكة والرقصات الفولكلوريّة,2025-02-16 10:39:38,,True,admin
916,التمثيل,2025-02-16 10:42:01,,True,admin
916,الرسم,2025-02-16 10:42:01,,True,admin
916,أشغال يدويّة,2025-02-16 10:42:01,,True,admin
917,التمثيل,2025-02-16 15:04:50,,True,admin
919,الترتيل,2025-02-16 16:17:48,,True,admin
919,الرياضة,2025-02-16 16:17:48,,True,admin
919,التمثيل,2025-02-16 16:17:48,,True,admin
919,تأدية حركات التراتيل,2025-02-16 16:17:48,,True,admin
919,الدبكة والرقصات الفولكلوريّة,2025-02-16 16:17:48,,True,admin
920,الترتيل,2025-02-16 22:19:52,,True,admin
920,الغناء,2025-02-16 22:19:52,,True,admin
920,حل مكعب روبيك,2025-02-16 22:19:52,,True,admin
921,الرسم,2025-02-16 22:22:17,,True,admin
921,القراءة,2025-02-16 22:22:17,,True,admin
921,أشغال يدويّة,2025-02-16 22:22:17,,True,admin
922,أشغال يدويّة,2025-02-16 22:28:04,,True,admin
923,أشغال يدويّة,2025-02-16 22:31:46,,True,admin
924,أشغال يدويّة,2025-02-16 22:34:36,,True,admin
925,الغناء,2025-02-16 22:38:01,,True,admin
925,الطبخ,2025-02-16 22:38:01,,True,admin
926,أشغال يدويّة,2025-02-16 22:41:41,,True,admin
930,الرياضة,2025-02-16 23:05:38,,True,admin
930,الطبخ,2025-02-16 23:05:38,,True,admin
931,الرسم,2025-02-16 23:07:31,,True,admin
931,السباحة,2025-02-16 23:07:31,,True,admin
931,الطبخ,2025-02-16 23:07:31,,True,admin
931,تصميم الأزياء,2025-02-16 23:07:31,,True,admin
931,الأعمال,2025-02-16 23:07:31,,True,admin
932,الرياضة,2025-02-16 23:07:35,,True,admin
934,أشغال يدويّة,2025-02-16 23:11:33,,True,admin
935,الرياضة,2025-02-16 23:11:37,,True,admin
935,الشطرنج,2025-02-16 23:11:37,,True,admin
936,الرسم,2025-02-16 23:13:36,,True,admin
937,أشغال يدويّة,2025-02-16 23:14:19,,True,admin
937,الغناء,2025-02-16 23:14:19,,True,admin
937,عمل الحلويات,2025-02-16 23:14:19,,True,admin
938,العزف,2025-02-16 23:16:18,,True,admin
938,الرياضة,2025-02-16 23:16:18,,True,admin
939,كرة السلّة,2025-02-16 23:17:02,,True,admin
939,كرة القدم,2025-02-16 23:17:02,,True,admin
940,الرياضة,2025-02-16 23:17:59,,True,admin
941,أشغال يدويّة,2025-02-16 23:19:41,,True,admin
941,الطبخ,2025-02-16 23:19:41,,True,admin
942,الطبخ,2025-02-16 23:24:53,2026-05-27 19:53:45,False,admin
944,الفن,2025-02-16 23:30:48,,True,admin
945,السباحة,2025-02-16 23:32:38,,True,admin
945,الطبخ,2025-02-16 23:32:38,,True,admin
949,العزف,2025-02-17 15:16:36,,True,admin
950,الرسم,2025-02-17 15:26:05,,True,admin
951,الرسم,2025-02-17 15:28:31,,True,admin
952,كرة القدم,2025-02-17 15:30:42,,True,admin
952,السباحة,2025-02-17 15:30:42,,True,admin
952,الكرة الطائرة,2025-02-17 15:30:42,,True,admin
952,كرة السلّة,2025-02-17 15:30:42,,True,admin
953,السباحة,2025-02-17 15:32:25,,True,admin
955,الرسم,2025-02-17 15:36:16,,True,admin
957,الفن,2025-02-17 15:41:47,,True,admin
957,الموسيقى الإلكترونية,2025-02-17 15:41:47,,True,admin
958,الرياضة,2025-02-17 15:45:46,,True,admin
959,الترتيل,2025-02-18 12:54:47,,True,admin
959,الرسم,2025-02-18 12:54:47,,True,admin
960,تأدية حركات التراتيل,2025-02-18 12:56:46,,True,admin
960,الرسم,2025-02-18 12:56:46,,True,admin
960,الدبكة والرقصات الفولكلوريّة,2025-02-18 12:56:46,,True,admin
961,العزف,2025-02-18 13:05:30,,True,admin
961,الترتيل,2025-02-18 13:05:30,,True,admin
961,الرياضة,2025-02-18 13:05:30,,True,admin
961,الرسم,2025-02-18 13:05:30,,True,admin
961,القراءة,2025-02-18 13:05:30,,True,admin
961,أشغال يدويّة,2025-02-18 13:05:30,,True,admin
962,الرياضة,2025-02-18 13:15:55,,True,admin
962,القراءة,2025-02-18 13:15:55,,True,admin
963,الرياضة,2025-02-18 13:18:05,,True,admin
964,الرسم,2025-02-18 13:20:23,,True,admin
967,مهارات التواصل,2025-02-18 13:32:13,,True,admin
967,مهارات إداريّة,2025-02-18 13:32:13,,True,admin
967,مهارات العمل الجماعي,2025-02-18 13:32:13,,True,admin
967,مهارات التخطيط,2025-02-18 13:32:13,,True,admin
967,تحضير الألعاب,2025-02-18 13:32:13,,True,admin
967,أجهزة الصوت (صوتيّات ومِكسرات),2025-02-18 13:32:13,,True,admin
968,التمثيل,2025-02-18 13:33:25,2026-05-29 15:34:32,False,admin
968,الرسم,2025-02-18 13:33:25,2026-05-29 15:34:32,False,admin
968,مهارات إداريّة,2025-02-18 13:33:25,2026-05-29 15:34:32,False,admin
968,مهارات العمل الجماعي,2025-02-18 13:33:25,2026-05-29 15:34:32,False,admin
968,تحضير الألعاب,2025-02-18 13:33:25,2026-05-29 15:34:32,False,admin
968,التنظيم لأعمال تطوعيّة,2025-02-18 13:33:25,2026-05-29 15:34:32,False,admin
968,أشغال يدويّة,2025-02-18 13:33:25,2026-05-29 15:34:32,False,admin
968,تأدية حركات التراتيل,2025-02-18 13:33:25,2026-05-29 15:34:32,False,admin
969,العزف,2025-02-18 13:33:48,,True,admin
969,القراءة,2025-02-18 13:33:48,,True,admin
970,الترتيل,2025-02-18 13:33:58,,True,admin
971,الترتيل,2025-02-18 13:35:20,,True,admin
972,الرسم,2025-02-18 13:36:11,,True,admin
973,التصوير الفوتوغرافي,2025-02-18 13:36:21,,True,admin
973,الرسم,2025-02-18 13:36:21,,True,admin
973,أشغال يدويّة,2025-02-18 13:36:21,,True,admin
974,الرسم,2025-02-18 13:37:37,,True,admin
975,العزف,2025-02-18 13:46:02,,True,admin
975,الرياضة,2025-02-18 13:46:02,,True,admin
976,الرياضة,2025-02-18 13:50:10,,True,admin
976,التصوير الفوتوغرافي,2025-02-18 13:50:10,,True,admin
976,تصوير فيديو,2025-02-18 13:50:10,,True,admin
976,الرسم,2025-02-18 13:50:10,,True,admin
976,الدبكة والرقصات الفولكلوريّة,2025-02-18 13:50:10,,True,admin
977,الطبخ,2025-02-18 13:57:23,,True,admin
978,الرياضة,2025-02-18 14:04:17,,True,admin
979,العزف,2025-02-18 14:06:50,,True,admin
979,التصوير الفوتوغرافي,2025-02-18 14:06:50,,True,admin
979,تصوير فيديو,2025-02-18 14:06:50,,True,admin
979,مونتاج فيديو,2025-02-18 14:06:50,,True,admin
979,تحضير الألعاب,2025-02-18 14:06:50,,True,admin
980,أجهزة الصوت (صوتيّات ومِكسرات),2025-02-18 14:26:08,,True,admin
981,تحضير الألعاب,2025-02-18 14:56:45,,True,admin
981,تأدية حركات التراتيل,2025-02-18 14:56:45,,True,admin
982,الرياضة,2025-02-18 15:02:57,,True,admin
982,التصوير الفوتوغرافي,2025-02-18 15:02:57,,True,admin
982,مهارات العمل الجماعي,2025-02-18 15:02:57,,True,admin
982,مهارات التخطيط,2025-02-18 15:02:57,,True,admin
982,التنظيم لأعمال تطوعيّة,2025-02-18 15:02:57,,True,admin
983,الغناء,2025-02-18 15:07:07,,True,admin
983,الرياضة,2025-02-18 15:07:07,,True,admin
983,التصميم الداخلي/ ديكور,2025-02-18 15:07:07,,True,admin
984,كتابة نصوص,2025-02-18 15:07:25,,True,admin
984,مهارات التواصل,2025-02-18 15:07:25,,True,admin
984,مهارات إداريّة,2025-02-18 15:07:25,,True,admin
984,مهارات العمل الجماعي,2025-02-18 15:07:25,,True,admin
984,مهارات التخطيط,2025-02-18 15:07:25,,True,admin
984,تحضير الألعاب,2025-02-18 15:07:25,,True,admin
984,التنظيم لأعمال تطوعيّة,2025-02-18 15:07:25,,True,admin
984,أجهزة الصوت (صوتيّات ومِكسرات),2025-02-18 15:07:25,,True,admin
985,الرياضة,2025-02-18 15:08:05,,True,admin
985,التمثيل,2025-02-18 15:08:05,,True,admin
985,كتابة نصوص,2025-02-18 15:08:05,,True,admin
985,مهارات التواصل,2025-02-18 15:08:05,,True,admin
985,مهارات إداريّة,2025-02-18 15:08:05,,True,admin
985,التنظيم لأعمال تطوعيّة,2025-02-18 15:08:05,,True,admin
985,الدبكة والرقصات الفولكلوريّة,2025-02-18 15:08:05,,True,admin
986,العزف,2025-02-18 15:09:34,,True,admin
986,الغناء,2025-02-18 15:09:34,,True,admin
986,الترتيل,2025-02-18 15:09:34,,True,admin
988,الرياضة,2025-02-18 18:08:19,,True,admin
989,التنظيم لأعمال تطوعيّة,2025-02-18 19:13:12,,True,admin
989,الدبكة والرقصات الفولكلوريّة,2025-02-18 19:13:12,,True,admin
990,العزف,2025-02-18 19:16:15,,True,admin
990,الرياضة,2025-02-18 19:16:15,,True,admin
991,التصميم الداخلي/ ديكور,2025-02-18 19:49:42,,True,admin
991,القراءة,2025-02-18 19:49:42,,True,admin
991,مهارات التواصل,2025-02-18 19:49:42,,True,admin
991,مهارات إداريّة,2025-02-18 19:49:42,,True,admin
991,مهارات العمل الجماعي,2025-02-18 19:49:42,,True,admin
991,مهارات التخطيط,2025-02-18 19:49:42,,True,admin
991,تحضير الألعاب,2025-02-18 19:49:42,,True,admin
991,التنظيم لأعمال تطوعيّة,2025-02-18 19:49:42,,True,admin
992,الرياضة,2025-02-18 20:25:53,,True,admin
993,الترتيل,2025-02-18 20:34:49,,True,admin
993,الرياضة,2025-02-18 20:34:49,,True,admin
993,الشطرنج,2025-02-18 20:34:49,,True,admin
993,Gym,2025-02-18 20:34:49,,True,admin
993,السباحة,2025-02-18 20:34:49,,True,admin
994,العزف,2025-02-18 20:48:07,,True,admin
994,الرسم,2025-02-18 20:48:07,,True,admin
994,القراءة,2025-02-18 20:48:07,,True,admin
994,أشغال يدويّة,2025-02-18 20:48:07,,True,admin
995,الرياضة,2025-02-18 20:50:31,,True,admin
995,تأدية حركات التراتيل,2025-02-18 20:50:31,,True,admin
995,الرسم,2025-02-18 20:50:31,,True,admin
995,الغناء,2025-02-18 20:50:31,,True,admin
996,العزف,2025-02-18 20:53:52,,True,admin
996,مهارات العمل الجماعي,2025-02-18 20:53:52,,True,admin
996,تحضير الألعاب,2025-02-18 20:53:52,,True,admin
997,أشغال يدويّة,2025-02-18 21:04:53,,True,admin
998,الرياضة,2025-02-18 22:37:54,,True,admin
998,الإخراج (السينمائي/ المسرحي),2025-02-18 22:37:54,,True,admin
998,تصوير فيديو,2025-02-18 22:37:54,,True,admin
998,مهارات العمل الجماعي,2025-02-18 22:37:54,,True,admin
998,تحضير الألعاب,2025-02-18 22:37:54,,True,admin
998,التنظيم لأعمال تطوعيّة,2025-02-18 22:37:54,,True,admin
998,أجهزة الصوت (صوتيّات ومِكسرات),2025-02-18 22:37:54,,True,admin
998,أشغال يدويّة,2025-02-18 22:37:54,,True,admin
998,الدبكة والرقصات الفولكلوريّة,2025-02-18 22:37:54,,True,admin
999,الترتيل,2025-02-19 14:20:19,,True,admin
999,الرياضة,2025-02-19 14:20:19,,True,admin
999,القراءة,2025-02-19 14:20:19,,True,admin
1000,الرسم,2025-02-19 21:36:11,,True,admin
1001,الرسم,2025-02-19 21:50:57,,True,admin
1002,الرسم,2025-02-19 21:56:53,,True,admin
1003,الرياضة,2025-02-19 21:57:54,,True,admin
1004,القراءة,2025-02-19 21:59:16,,True,admin
1005,الرياضة,2025-02-19 21:59:56,,True,admin
1006,الرسم,2025-02-19 22:00:04,,True,admin
1007,القراءة,2025-02-19 22:02:28,,True,admin
1008,القراءة,2025-02-19 22:04:12,,True,admin
1009,الرسم,2025-02-19 22:07:07,,True,admin
1010,القراءة,2025-02-19 22:08:11,,True,admin
1011,القراءة,2025-02-19 22:10:16,,True,admin
1012,الرسم,2025-02-19 22:11:08,,True,admin
1013,الرياضة,2025-02-19 22:11:23,,True,admin
1014,القراءة,2025-02-19 22:12:53,,True,admin
1015,الرياضة,2025-02-19 22:14:04,,True,admin
1016,القراءة,2025-02-19 22:14:15,,True,admin
1017,الرياضة,2025-02-19 22:15:52,,True,admin
1018,الرسم,2025-02-19 22:16:32,,True,admin
1019,الرسم,2025-02-19 22:16:52,,True,admin
1020,الرسم,2025-02-19 22:18:40,,True,admin
1021,الرسم,2025-02-19 22:19:09,,True,admin
1022,التمثيل,2025-02-19 22:19:33,,True,admin
1023,الرسم,2025-02-19 22:21:12,,True,admin
1024,القراءة,2025-02-19 22:23:46,,True,admin
1033,العزف,2025-02-19 23:01:19,,True,admin
1034,الرياضة,2025-02-19 23:03:08,,True,admin
1034,الرسم,2025-02-19 23:03:08,,True,admin
1035,الغناء,2025-02-19 23:05:39,,True,admin
1036,الرياضة,2025-02-19 23:07:03,,True,admin
1037,التمثيل,2025-02-19 23:08:18,,True,admin
1038,الرياضة,2025-02-19 23:09:59,,True,admin
1041,العزف,2025-02-20 00:07:28,,True,admin
1041,الترتيل,2025-02-20 00:07:28,,True,admin
1041,التمثيل,2025-02-20 00:07:28,,True,admin
1046,الرياضة,2025-02-20 14:52:59,,True,admin
1046,الرسم,2025-02-20 14:52:59,,True,admin
1046,أشغال يدويّة,2025-02-20 14:52:59,,True,admin
1046,الدبكة والرقصات الفولكلوريّة,2025-02-20 14:52:59,,True,admin
1046,الغناء,2025-02-20 14:52:59,,True,admin
1047,الترتيل,2025-02-20 14:55:11,,True,admin
1047,الرياضة,2025-02-20 14:55:11,,True,admin
1047,الرسم,2025-02-20 14:55:11,,True,admin
1047,القراءة,2025-02-20 14:55:11,,True,admin
1047,أشغال يدويّة,2025-02-20 14:55:11,,True,admin
1048,العزف,2025-02-20 15:06:12,,True,admin
1048,الترتيل,2025-02-20 15:06:12,,True,admin
1048,التمثيل,2025-02-20 15:06:12,,True,admin
1048,تأدية حركات التراتيل,2025-02-20 15:06:12,,True,admin
1048,أشغال يدويّة,2025-02-20 15:06:12,,True,admin
1048,الدبكة والرقصات الفولكلوريّة,2025-02-20 15:06:12,,True,admin
1049,الرسم,2025-02-20 15:09:37,,True,admin
1049,أشغال يدويّة,2025-02-20 15:09:37,,True,admin
1051,الدبكة والرقصات الفولكلوريّة,2025-02-20 17:55:52,,True,admin
1052,التصميم الداخلي/ ديكور,2025-02-20 20:47:40,,True,admin
1052,مونتاج فيديو,2025-02-20 20:47:40,,True,admin
1052,مهارات التواصل,2025-02-20 20:47:40,,True,admin
1052,مهارات إداريّة,2025-02-20 20:47:40,,True,admin
1052,تحضير الألعاب,2025-02-20 20:47:40,,True,admin
1052,أجهزة الصوت (صوتيّات ومِكسرات),2025-02-20 20:47:40,,True,admin
1053,التصوير الفوتوغرافي,2025-02-21 16:40:14,,True,admin
1053,التصميم الجرافيكي,2025-02-21 16:40:14,,True,admin
1053,تصوير فيديو,2025-02-21 16:40:14,,True,admin
1053,الرسم,2025-02-21 16:40:14,,True,admin
1054,الرياضة,2025-02-21 16:43:02,,True,admin
1054,الرسم,2025-02-21 16:43:02,,True,admin
1055,الرياضة,2025-02-21 17:44:07,,True,admin
1057,الترتيل,2025-02-21 18:26:27,,True,admin
1057,الرياضة,2025-02-21 18:26:27,,True,admin
1057,مهارات التواصل,2025-02-21 18:26:27,,True,admin
1057,مهارات إداريّة,2025-02-21 18:26:27,,True,admin
1057,مهارات العمل الجماعي,2025-02-21 18:26:27,,True,admin
1057,تحضير الألعاب,2025-02-21 18:26:27,,True,admin
1057,التنظيم لأعمال تطوعيّة,2025-02-21 18:26:27,,True,admin
1057,أشغال يدويّة,2025-02-21 18:26:27,,True,admin
1057,الدبكة والرقصات الفولكلوريّة,2025-02-21 18:26:27,,True,admin
1057,تأدية حركات التراتيل,2025-02-21 18:26:27,,True,admin
1059,العزف,2025-02-21 21:17:31,,True,admin
1059,الترتيل,2025-02-21 21:17:31,,True,admin
1059,أجهزة الصوت (صوتيّات ومِكسرات),2025-02-21 21:17:31,,True,admin
1060,الرياضة,2025-02-21 21:18:34,,True,admin
1062,مهارات إداريّة,2025-02-21 21:58:35,,True,admin
1062,الدبكة والرقصات الفولكلوريّة,2025-02-21 21:58:35,,True,admin
1063,القراءة,2025-02-21 22:03:18,,True,admin
1063,أشغال يدويّة,2025-02-21 22:03:18,,True,admin
1064,الترتيل,2025-02-21 22:04:16,,True,admin
1064,مهارات إداريّة,2025-02-21 22:04:16,,True,admin
1064,مهارات العمل الجماعي,2025-02-21 22:04:16,,True,admin
1064,مهارات التخطيط,2025-02-21 22:04:16,,True,admin
1065,مهارات التواصل,2025-02-21 22:07:23,,True,admin
1065,مهارات العمل الجماعي,2025-02-21 22:07:23,,True,admin
1065,تحضير الألعاب,2025-02-21 22:07:23,,True,admin
1065,أشغال يدويّة,2025-02-21 22:07:23,,True,admin
1065,الدبكة والرقصات الفولكلوريّة,2025-02-21 22:07:23,,True,admin
1065,تأدية حركات التراتيل,2025-02-21 22:07:23,,True,admin
1066,التمثيل,2025-02-21 22:38:31,,True,admin
1066,الرسم,2025-02-21 22:38:31,,True,admin
1066,مهارات التواصل,2025-02-21 22:38:31,,True,admin
1066,مهارات العمل الجماعي,2025-02-21 22:38:31,,True,admin
1066,مهارات التخطيط,2025-02-21 22:38:31,,True,admin
1066,المشاركة في الأعمال التطوعيّة,2025-02-21 22:38:31,,True,admin
1067,التمثيل,2025-02-21 22:59:56,,True,admin
1067,الرسم,2025-02-21 22:59:56,,True,admin
1067,أشغال يدويّة,2025-02-21 22:59:56,,True,admin
1068,الرياضة,2025-02-21 23:16:04,,True,admin
1068,التمثيل,2025-02-21 23:16:04,,True,admin
1068,مهارات العمل الجماعي,2025-02-21 23:16:04,,True,admin
1068,مهارات التخطيط,2025-02-21 23:16:04,,True,admin
1068,إعطاء الأفكار,2025-02-21 23:16:04,,True,admin
1068,السباحة,2025-02-21 23:16:04,,True,admin
1068,كرة السلّة,2025-02-21 23:16:04,,True,admin
1068,الدراجات,2025-02-21 23:16:04,,True,admin
1068,التعلم المستمر,2025-02-21 23:16:04,,True,admin
1068,تطوير الذات,2025-02-21 23:16:04,,True,admin
1068,المشاركة في الأنشطة المجتمعيّة والاجتماعيّة,2025-02-21 23:16:04,,True,admin
1068,مهارات البحث,2025-02-21 23:16:04,,True,admin
1069,العزف,2025-02-22 04:10:28,,True,admin
1069,الترتيل,2025-02-22 04:10:28,,True,admin
1069,الغناء,2025-02-22 04:10:28,,True,admin
1070,القراءة,2025-02-22 10:48:20,,True,admin
1070,مهارات التخطيط,2025-02-22 10:48:20,,True,admin
1070,أشغال يدويّة,2025-02-22 10:48:20,,True,admin
1071,الترتيل,2025-02-22 13:51:34,,True,admin
1071,الرياضة,2025-02-22 13:51:34,,True,admin
1071,التمثيل,2025-02-22 13:51:34,,True,admin
1071,القراءة,2025-02-22 13:51:34,,True,admin
1072,الرياضة,2025-02-22 15:20:19,2026-05-29 16:00:40,False,admin
1072,التصميم الجرافيكي,2025-02-22 15:20:19,2026-05-29 16:00:40,False,admin
1072,الرسم,2025-02-22 15:20:19,2026-05-29 16:00:40,False,admin
1072,مهارات العمل الجماعي,2025-02-22 15:20:19,2026-05-29 16:00:40,False,admin
1073,الرياضة,2025-02-22 15:35:27,,True,admin
1074,الترتيل,2025-02-22 15:41:13,,True,admin
1074,التمثيل,2025-02-22 15:41:13,,True,admin
1074,تصوير فيديو,2025-02-22 15:41:13,,True,admin
1074,مونتاج فيديو,2025-02-22 15:41:13,,True,admin
1074,مهارات التواصل,2025-02-22 15:41:13,,True,admin
1074,مهارات إداريّة,2025-02-22 15:41:13,,True,admin
1074,مهارات العمل الجماعي,2025-02-22 15:41:13,,True,admin
1074,تحضير الألعاب,2025-02-22 15:41:13,,True,admin
1074,التنظيم لأعمال تطوعيّة,2025-02-22 15:41:13,,True,admin
1074,تأدية حركات التراتيل,2025-02-22 15:41:13,,True,admin
1075,الرسم,2025-02-22 15:42:22,,True,admin
1075,الدبكة والرقصات الفولكلوريّة,2025-02-22 15:42:22,,True,admin
1076,التمثيل,2025-02-22 15:43:08,,True,admin
1076,الرسم,2025-02-22 15:43:08,,True,admin
1077,الرياضة,2025-02-22 15:46:24,,True,admin
1077,الرسم,2025-02-22 15:46:24,,True,admin
1077,الدبكة والرقصات الفولكلوريّة,2025-02-22 15:46:24,,True,admin
1078,الرياضة,2025-02-22 15:48:24,,True,admin
1078,الرسم,2025-02-22 15:48:24,,True,admin
1079,الرسم,2025-02-22 15:48:24,,True,admin
1080,الرسم,2025-02-22 15:50:05,,True,admin
1081,العزف,2025-02-22 15:52:51,,True,admin
1081,الرياضة,2025-02-22 15:52:51,,True,admin
1081,الرسم,2025-02-22 15:52:51,,True,admin
1082,العزف,2025-02-22 15:57:48,,True,admin
1082,الرياضة,2025-02-22 15:57:48,,True,admin
1082,الرسم,2025-02-22 15:57:48,,True,admin
1083,الرياضة,2025-02-22 15:59:19,,True,admin
1083,الرسم,2025-02-22 15:59:19,,True,admin
1084,العزف,2025-02-22 16:03:07,,True,admin
1084,الترتيل,2025-02-22 16:03:07,,True,admin
1084,الرياضة,2025-02-22 16:03:07,,True,admin
1084,التمثيل,2025-02-22 16:03:07,,True,admin
1084,تأدية حركات التراتيل,2025-02-22 16:03:07,,True,admin
1084,القراءة,2025-02-22 16:03:07,,True,admin
1084,الدبكة والرقصات الفولكلوريّة,2025-02-22 16:03:07,,True,admin
1084,الغناء,2025-02-22 16:03:07,,True,admin
1085,العزف,2025-02-22 16:04:46,,True,admin
1085,الترتيل,2025-02-22 16:04:46,,True,admin
1085,الرياضة,2025-02-22 16:04:46,,True,admin
1085,تأدية حركات التراتيل,2025-02-22 16:04:46,,True,admin
1085,الرسم,2025-02-22 16:04:46,,True,admin
1085,القراءة,2025-02-22 16:04:46,,True,admin
1085,أشغال يدويّة,2025-02-22 16:04:46,,True,admin
1085,الدبكة والرقصات الفولكلوريّة,2025-02-22 16:04:46,,True,admin
1086,الرياضة,2025-02-22 16:05:54,,True,admin
1086,الرسم,2025-02-22 16:05:54,,True,admin
1086,الدبكة والرقصات الفولكلوريّة,2025-02-22 16:05:54,,True,admin
1086,الغناء,2025-02-22 16:05:54,,True,admin
1087,الرسم,2025-02-22 16:06:03,,True,admin
1088,الرياضة,2025-02-22 16:07:38,,True,admin
1089,العزف,2025-02-22 16:13:12,,True,admin
1089,الترتيل,2025-02-22 16:13:12,,True,admin
1089,الرياضة,2025-02-22 16:13:12,,True,admin
1089,الرسم,2025-02-22 16:13:12,,True,admin
1089,القراءة,2025-02-22 16:13:12,,True,admin
1089,أشغال يدويّة,2025-02-22 16:13:12,,True,admin
1089,الدبكة والرقصات الفولكلوريّة,2025-02-22 16:13:12,,True,admin
1090,الترتيل,2025-02-22 16:31:54,,True,admin
1090,الرياضة,2025-02-22 16:31:54,,True,admin
1090,الرسم,2025-02-22 16:31:54,,True,admin
1090,أشغال يدويّة,2025-02-22 16:31:54,,True,admin
1090,الغناء,2025-02-22 16:31:54,,True,admin
1091,الترتيل,2025-02-22 16:33:18,,True,admin
1091,الرياضة,2025-02-22 16:33:18,,True,admin
1091,التمثيل,2025-02-22 16:33:18,,True,admin
1091,الرسم,2025-02-22 16:33:18,,True,admin
1091,القراءة,2025-02-22 16:33:18,,True,admin
1091,أشغال يدويّة,2025-02-22 16:33:18,,True,admin
1092,العزف,2025-02-22 16:34:28,,True,admin
1092,الترتيل,2025-02-22 16:34:28,,True,admin
1092,الرياضة,2025-02-22 16:34:28,,True,admin
1092,التمثيل,2025-02-22 16:34:28,,True,admin
1092,الرسم,2025-02-22 16:34:28,,True,admin
1092,أشغال يدويّة,2025-02-22 16:34:28,,True,admin
1092,الغناء,2025-02-22 16:34:28,,True,admin
1093,أشغال يدويّة,2025-02-22 16:42:54,,True,admin
1094,العزف,2025-02-22 17:01:30,,True,admin
1094,الترتيل,2025-02-22 17:01:30,,True,admin
1094,الرياضة,2025-02-22 17:01:30,,True,admin
1094,القراءة,2025-02-22 17:01:30,,True,admin
1094,الرسم,2025-02-22 17:01:30,,True,admin
1094,أشغال يدويّة,2025-02-22 17:01:30,,True,admin
1094,الطبلة,2025-02-22 17:01:30,,True,admin
1095,العزف,2025-02-22 17:03:50,,True,admin
1095,الرياضة,2025-02-22 17:03:50,,True,admin
1095,الرسم,2025-02-22 17:03:50,,True,admin
1095,أشغال يدويّة,2025-02-22 17:03:50,,True,admin
1095,الدبكة والرقصات الفولكلوريّة,2025-02-22 17:03:50,,True,admin
1096,العزف,2025-02-22 17:09:38,,True,admin
1096,الرياضة,2025-02-22 17:09:38,,True,admin
1097,الرسم,2025-02-22 17:11:01,,True,admin
1098,العزف,2025-02-22 17:16:12,,True,admin
1098,الترتيل,2025-02-22 17:16:12,,True,admin
1098,الرياضة,2025-02-22 17:16:12,,True,admin
1098,التمثيل,2025-02-22 17:16:12,,True,admin
1098,تأدية حركات التراتيل,2025-02-22 17:16:12,,True,admin
1098,الرسم,2025-02-22 17:16:12,,True,admin
1098,القراءة,2025-02-22 17:16:12,,True,admin
1098,أشغال يدويّة,2025-02-22 17:16:12,,True,admin
1098,الدبكة والرقصات الفولكلوريّة,2025-02-22 17:16:12,,True,admin
1098,الغناء,2025-02-22 17:16:12,,True,admin
1099,الترتيل,2025-02-22 17:18:50,,True,admin
1099,أشغال يدويّة,2025-02-22 17:18:50,,True,admin
1100,الترتيل,2025-02-22 17:20:18,,True,admin
1100,الرياضة,2025-02-22 17:20:18,,True,admin
1100,أشغال يدويّة,2025-02-22 17:20:18,,True,admin
1101,الرياضة,2025-02-22 17:28:46,,True,admin
1101,الرسم,2025-02-22 17:28:46,,True,admin
1101,أشغال يدويّة,2025-02-22 17:28:46,,True,admin
1102,الترتيل,2025-02-22 17:31:07,,True,admin
1102,الرياضة,2025-02-22 17:31:07,,True,admin
1102,الدبكة والرقصات الفولكلوريّة,2025-02-22 17:31:07,,True,admin
1102,الغناء,2025-02-22 17:31:07,,True,admin
1103,الرياضة,2025-02-22 17:33:53,,True,admin
1103,التمثيل,2025-02-22 17:33:53,,True,admin
1103,القراءة,2025-02-22 17:33:53,,True,admin
1103,الدبكة والرقصات الفولكلوريّة,2025-02-22 17:33:53,,True,admin
1104,الترتيل,2025-02-22 17:57:51,,True,admin
1104,الرياضة,2025-02-22 17:57:51,,True,admin
1104,التمثيل,2025-02-22 17:57:51,,True,admin
1104,الرسم,2025-02-22 17:57:51,,True,admin
1105,الرياضة,2025-02-22 18:02:15,,True,admin
1105,التنظيم لأعمال تطوعيّة,2025-02-22 18:02:15,,True,admin
1106,الرياضة,2025-02-22 18:04:24,,True,admin
1106,الرسم,2025-02-22 18:04:24,,True,admin
1106,الغناء,2025-02-22 18:04:24,,True,admin
1107,التمثيل,2025-02-22 18:12:15,,True,admin
1107,الرسم,2025-02-22 18:12:15,,True,admin
1107,أشغال يدويّة,2025-02-22 18:12:15,,True,admin
1108,الرياضة,2025-02-22 18:35:37,,True,admin
1109,الرياضة,2025-02-22 18:37:17,,True,admin
1110,الرياضة,2025-02-22 18:39:51,,True,admin
1111,الرياضة,2025-02-22 18:57:26,,True,admin
1111,القراءة,2025-02-22 18:57:26,,True,admin
1111,مهارات إداريّة,2025-02-22 18:57:26,,True,admin
1111,مهارات العمل الجماعي,2025-02-22 18:57:26,,True,admin
1111,مهارات التخطيط,2025-02-22 18:57:26,,True,admin
1112,الرسم,2025-02-22 20:17:24,,True,admin
1113,العزف,2025-02-22 20:44:35,,True,admin
1114,تصوير فيديو,2025-02-22 21:21:29,,True,admin
1114,القراءة,2025-02-22 21:21:29,,True,admin
1115,الرسم,2025-02-22 22:02:30,,True,admin
1115,الطبخ,2025-02-22 22:02:30,,True,admin
1116,الرياضة,2025-02-22 22:09:13,,True,admin
1117,الرسم,2025-02-22 22:10:51,,True,admin
1117,أشغال يدويّة,2025-02-22 22:10:51,,True,admin
1118,الرياضة,2025-02-22 22:15:09,,True,admin
1118,الرسم,2025-02-22 22:15:09,,True,admin
1119,الرياضة,2025-02-22 22:57:47,,True,admin
1119,مهارات التواصل,2025-02-22 22:57:47,,True,admin
1120,مهارات التواصل,2025-02-22 23:45:55,,True,admin
1120,مهارات العمل الجماعي,2025-02-22 23:45:55,,True,admin
1120,أشغال يدويّة,2025-02-22 23:45:55,,True,admin
1121,التصميم الجرافيكي,2025-02-22 23:57:41,,True,admin
1121,مونتاج فيديو,2025-02-22 23:57:41,,True,admin
1121,الرسم,2025-02-22 23:57:41,,True,admin
1122,العزف,2025-02-23 09:41:48,,True,admin
1122,الرسم,2025-02-23 09:41:48,,True,admin
1123,الترتيل,2025-02-23 10:49:17,,True,admin
1123,الرياضة,2025-02-23 10:49:17,,True,admin
1123,مهارات العمل الجماعي,2025-02-23 10:49:17,,True,admin
1124,الرياضة,2025-02-23 11:22:23,,True,admin
1125,الرياضة,2025-02-23 13:00:39,,True,admin
1127,الرسم,2025-02-23 14:43:51,,True,admin
1128,الرياضة,2025-02-23 14:49:10,,True,admin
1128,القراءة,2025-02-23 14:49:10,,True,admin
1129,القراءة,2025-02-23 14:49:46,2026-05-29 16:12:46,False,admin
1129,مهارات التواصل,2025-02-23 14:49:46,2026-05-29 16:12:46,False,admin
1129,مهارات إداريّة,2025-02-23 14:49:46,2026-05-29 16:12:46,False,admin
1129,مهارات التخطيط,2025-02-23 14:49:46,2026-05-29 16:12:46,False,admin
1129,التنظيم لأعمال تطوعيّة,2025-02-23 14:49:46,2026-05-29 16:12:46,False,admin
1130,الرياضة,2025-02-23 14:51:06,,True,admin
1130,الرسم,2025-02-23 14:51:06,,True,admin
1130,الدبكة والرقصات الفولكلوريّة,2025-02-23 14:51:06,,True,admin
1131,العزف,2025-02-23 14:51:16,,True,admin
1131,الرياضة,2025-02-23 14:51:16,,True,admin
1131,الرسم,2025-02-23 14:51:16,,True,admin
1131,الغناء,2025-02-23 14:51:16,,True,admin
1132,الرياضة,2025-02-23 14:55:49,2026-05-29 15:57:18,False,admin
1132,مهارات إداريّة,2025-02-23 14:55:49,2026-05-29 15:57:18,False,admin
1133,العزف,2025-02-23 14:58:17,,True,admin
1134,العزف,2025-02-23 15:06:49,,True,admin
1134,الرياضة,2025-02-23 15:06:49,,True,admin
1134,أجهزة الصوت (صوتيّات ومِكسرات),2025-02-23 15:06:49,,True,admin
1135,الرياضة,2025-02-23 15:12:18,,True,admin
1136,الرسم,2025-02-23 15:17:00,,True,admin
1136,الغناء,2025-02-23 15:17:00,,True,admin
1137,الرسم,2025-02-23 15:19:50,,True,admin
1138,الرسم,2025-02-23 15:23:37,,True,admin
1139,مهارات التواصل,2025-02-23 15:25:04,,True,admin
1139,مهارات التخطيط,2025-02-23 15:25:04,,True,admin
1139,تحضير الألعاب,2025-02-23 15:25:04,,True,admin
1140,العزف,2025-02-23 16:08:48,,True,admin
1140,الترتيل,2025-02-23 16:08:48,,True,admin
1140,الرياضة,2025-02-23 16:08:48,,True,admin
1141,الرياضة,2025-02-23 16:47:25,,True,admin
1141,أشغال يدويّة,2025-02-23 16:47:25,,True,admin
1142,القراءة,2025-02-23 16:48:07,,True,admin
1142,تجميع العملات,2025-02-23 16:48:07,,True,admin
1145,القراءة,2025-02-23 16:50:44,,True,admin
1146,الترتيل,2025-02-23 16:51:55,,True,admin
1146,الرياضة,2025-02-23 16:51:55,,True,admin
1146,أشغال يدويّة,2025-02-23 16:51:55,,True,admin
1147,العزف,2025-02-23 16:52:11,,True,admin
1147,الرياضة,2025-02-23 16:52:11,,True,admin
1147,الرسم,2025-02-23 16:52:11,,True,admin
1147,القراءة,2025-02-23 16:52:11,,True,admin
1147,أشغال يدويّة,2025-02-23 16:52:11,,True,admin
1148,الرياضة,2025-02-23 16:54:06,,True,admin
1149,الرياضة,2025-02-23 16:54:10,,True,admin
1150,العزف,2025-02-23 17:01:28,,True,admin
1150,الدبكة والرقصات الفولكلوريّة,2025-02-23 17:01:28,,True,admin
1150,الطبلة,2025-02-23 17:01:28,,True,admin
1151,الغناء,2025-02-23 17:07:15,,True,admin
1151,الترتيل,2025-02-23 17:07:15,,True,admin
1151,القراءة,2025-02-23 17:07:15,,True,admin
1151,مهارات العمل الجماعي,2025-02-23 17:07:15,,True,admin
1151,الدبكة والرقصات الفولكلوريّة,2025-02-23 17:07:15,,True,admin
1152,الرياضة,2025-02-23 17:08:27,,True,admin
1152,تأدية حركات التراتيل,2025-02-23 17:08:27,,True,admin
1153,العزف,2025-02-23 17:12:12,,True,admin
1153,الغناء,2025-02-23 17:12:12,,True,admin
1153,الترتيل,2025-02-23 17:12:12,,True,admin
1153,الرياضة,2025-02-23 17:12:12,,True,admin
1153,الرسم,2025-02-23 17:12:12,,True,admin
1153,مهارات التواصل,2025-02-23 17:12:12,,True,admin
1153,مهارات إداريّة,2025-02-23 17:12:12,,True,admin
1153,مهارات العمل الجماعي,2025-02-23 17:12:12,,True,admin
1153,مهارات التخطيط,2025-02-23 17:12:12,,True,admin
1153,التنظيم لأعمال تطوعيّة,2025-02-23 17:12:12,,True,admin
1154,الترتيل,2025-02-23 17:34:58,,True,admin
1154,تأدية حركات التراتيل,2025-02-23 17:34:58,,True,admin
1154,الرسم,2025-02-23 17:34:58,,True,admin
1154,أشغال يدويّة,2025-02-23 17:34:58,,True,admin
1154,الدبكة والرقصات الفولكلوريّة,2025-02-23 17:34:58,,True,admin
1154,الغناء,2025-02-23 17:34:58,,True,admin
1155,العزف,2025-02-23 19:23:16,,True,admin
1155,الترتيل,2025-02-23 19:23:16,,True,admin
1155,الرياضة,2025-02-23 19:23:16,,True,admin
1155,الرسم,2025-02-23 19:23:16,,True,admin
1156,الرياضة,2025-02-23 19:25:01,,True,admin
1157,الرياضة,2025-02-23 19:27:20,,True,admin
1157,مهارات التواصل,2025-02-23 19:27:20,,True,admin
1157,مهارات العمل الجماعي,2025-02-23 19:27:20,,True,admin
1157,التنظيم لأعمال تطوعيّة,2025-02-23 19:27:20,,True,admin
1158,الرياضة,2025-02-23 19:27:22,,True,admin
1159,الترتيل,2025-02-23 19:27:46,,True,admin
1159,الرسم,2025-02-23 19:27:46,,True,admin
1160,الرياضة,2025-02-23 19:27:54,,True,admin
1161,أشغال يدويّة,2025-02-23 19:29:26,,True,admin
1162,التمثيل,2025-02-23 19:29:31,,True,admin
1162,تأدية حركات التراتيل,2025-02-23 19:29:31,,True,admin
1162,القراءة,2025-02-23 19:29:31,,True,admin
1162,أشغال يدويّة,2025-02-23 19:29:31,,True,admin
1162,الدبكة والرقصات الفولكلوريّة,2025-02-23 19:29:31,,True,admin
1163,التمثيل,2025-02-23 19:30:23,,True,admin
1163,تأدية حركات التراتيل,2025-02-23 19:30:23,,True,admin
1163,أشغال يدويّة,2025-02-23 19:30:23,,True,admin
1163,الدبكة والرقصات الفولكلوريّة,2025-02-23 19:30:23,,True,admin
1164,الرياضة,2025-02-23 19:30:44,,True,admin
1166,الرياضة,2025-02-23 19:37:14,,True,admin
1167,الرياضة,2025-02-23 19:42:54,,True,admin
1167,الغناء,2025-02-23 19:42:54,,True,admin
1168,العزف,2025-02-23 19:44:22,,True,admin
1168,الرسم,2025-02-23 19:44:22,,True,admin
1169,العزف,2025-02-23 19:48:35,,True,admin
1169,التمثيل,2025-02-23 19:48:35,,True,admin
1169,القراءة,2025-02-23 19:48:35,,True,admin
1170,الترتيل,2025-02-23 20:07:22,,True,admin
1170,الرياضة,2025-02-23 20:07:22,,True,admin
1170,الدبكة والرقصات الفولكلوريّة,2025-02-23 20:07:22,,True,admin
1171,العزف,2025-02-23 20:08:59,,True,admin
1171,الرياضة,2025-02-23 20:08:59,,True,admin
1171,الرسم,2025-02-23 20:08:59,,True,admin
1172,الرياضة,2025-02-23 20:10:50,,True,admin
1172,الرسم,2025-02-23 20:10:50,,True,admin
1173,العزف,2025-02-23 20:21:29,,True,admin
1173,الترتيل,2025-02-23 20:21:29,,True,admin
1173,الرسم,2025-02-23 20:21:29,,True,admin
1173,أشغال يدويّة,2025-02-23 20:21:29,,True,admin
1173,الدبكة والرقصات الفولكلوريّة,2025-02-23 20:21:29,,True,admin
1174,الرياضة,2025-02-23 20:23:57,,True,admin
1174,الرسم,2025-02-23 20:23:57,,True,admin
1174,أشغال يدويّة,2025-02-23 20:23:57,,True,admin
1175,العزف,2025-02-23 20:31:32,,True,admin
1175,الرسم,2025-02-23 20:31:32,,True,admin
1176,السباحة,2025-02-23 20:37:15,,True,admin
1177,العزف,2025-02-23 20:38:52,,True,admin
1177,الرياضة,2025-02-23 20:38:52,,True,admin
1178,الترتيل,2025-02-23 21:25:41,,True,admin
1178,الرياضة,2025-02-23 21:25:41,,True,admin
1178,التمثيل,2025-02-23 21:25:41,,True,admin
1178,تأدية حركات التراتيل,2025-02-23 21:25:41,,True,admin
1178,القراءة,2025-02-23 21:25:41,,True,admin
1178,الغناء,2025-02-23 21:25:41,,True,admin
1178,الشدّة,2025-02-23 21:25:41,,True,admin
1178,UNO,2025-02-23 21:25:41,,True,admin
1178,Lego,2025-02-23 21:25:41,,True,admin
1179,الترتيل,2025-02-23 21:33:02,,True,admin
1179,الرياضة,2025-02-23 21:33:02,,True,admin
1179,التمثيل,2025-02-23 21:33:02,,True,admin
1179,تأدية حركات التراتيل,2025-02-23 21:33:02,,True,admin
1179,الرسم,2025-02-23 21:33:02,,True,admin
1179,الغناء,2025-02-23 21:33:02,,True,admin
1180,الترتيل,2025-02-23 21:39:02,,True,admin
1180,الرياضة,2025-02-23 21:39:02,,True,admin
1180,التمثيل,2025-02-23 21:39:02,,True,admin
1180,تأدية حركات التراتيل,2025-02-23 21:39:02,,True,admin
1180,الرسم,2025-02-23 21:39:02,,True,admin
1180,أشغال يدويّة,2025-02-23 21:39:02,,True,admin
1180,الدبكة والرقصات الفولكلوريّة,2025-02-23 21:39:02,,True,admin
1180,الغناء,2025-02-23 21:39:02,,True,admin
1181,الرياضة,2025-02-23 22:46:56,,True,admin
1182,العزف,2025-02-23 22:47:43,,True,admin
1183,القراءة,2025-02-23 23:17:52,,True,admin
1183,أشغال يدويّة,2025-02-23 23:17:52,,True,admin
1184,الترتيل,2025-02-23 23:21:10,,True,admin
1185,أشغال يدويّة,2025-02-23 23:23:27,,True,admin
1186,العزف,2025-02-24 06:35:03,,True,admin
1186,الرياضة,2025-02-24 06:35:03,,True,admin
1186,التمثيل,2025-02-24 06:35:03,,True,admin
1187,العزف,2025-02-24 07:13:32,2026-05-27 19:47:34,False,admin
1188,التمثيل,2025-02-24 10:19:23,,True,admin
1188,الدبكة والرقصات الفولكلوريّة,2025-02-24 10:19:23,,True,admin
1189,الرسم,2025-02-24 11:15:23,,True,admin
1190,الرياضة,2025-02-24 14:22:58,,True,admin
1190,الرسم,2025-02-24 14:22:58,,True,admin
1191,الرياضة,2025-02-24 14:53:59,,True,admin
1192,الرسم,2025-02-24 15:10:53,,True,admin
1193,الرسم,2025-02-24 15:22:28,,True,admin
1194,الرياضة,2025-02-24 15:35:46,,True,admin
1194,كتابة نصوص,2025-02-24 15:35:46,,True,admin
1194,القراءة,2025-02-24 15:35:46,,True,admin
1194,مهارات التواصل,2025-02-24 15:35:46,,True,admin
1194,مهارات إداريّة,2025-02-24 15:35:46,,True,admin
1194,مهارات العمل الجماعي,2025-02-24 15:35:46,,True,admin
1194,مهارات التخطيط,2025-02-24 15:35:46,,True,admin
1194,تحضير الألعاب,2025-02-24 15:35:46,,True,admin
1194,التنظيم لأعمال تطوعيّة,2025-02-24 15:35:46,,True,admin
1194,أشغال يدويّة,2025-02-24 15:35:46,,True,admin
1195,العزف,2025-02-24 15:51:36,,True,admin
1195,الترتيل,2025-02-24 15:51:36,,True,admin
1195,الرياضة,2025-02-24 15:51:36,,True,admin
1195,الرسم,2025-02-24 15:51:36,,True,admin
1195,القراءة,2025-02-24 15:51:36,,True,admin
1196,العزف,2025-02-24 17:58:10,,True,admin
1197,الرياضة,2025-02-24 18:57:34,,True,admin
1197,كتابة نصوص,2025-02-24 18:57:34,,True,admin
1197,القراءة,2025-02-24 18:57:34,,True,admin
1197,تحضير الألعاب,2025-02-24 18:57:34,,True,admin
1197,التنظيم لأعمال تطوعيّة,2025-02-24 18:57:34,,True,admin
1197,أشغال يدويّة,2025-02-24 18:57:34,,True,admin
1199,التصوير الفوتوغرافي,2025-02-24 20:50:30,,True,admin
1199,التصميم الجرافيكي,2025-02-24 20:50:30,,True,admin
1199,تصوير فيديو,2025-02-24 20:50:30,,True,admin
1199,كتابة نصوص,2025-02-24 20:50:30,,True,admin
1199,مهارات التواصل,2025-02-24 20:50:30,,True,admin
1199,مهارات إداريّة,2025-02-24 20:50:30,,True,admin
1199,مهارات العمل الجماعي,2025-02-24 20:50:30,,True,admin
1199,التنظيم لأعمال تطوعيّة,2025-02-24 20:50:30,,True,admin
1200,الرسم,2025-02-24 21:06:24,,True,admin
1200,القراءة,2025-02-24 21:06:24,,True,admin
1200,أشغال يدويّة,2025-02-24 21:06:24,,True,admin
1202,العزف,2025-02-24 21:13:28,,True,admin
1202,الرياضة,2025-02-24 21:13:28,,True,admin
1202,التمثيل,2025-02-24 21:13:28,,True,admin
1203,القراءة,2025-02-24 21:14:37,,True,admin
1204,العزف,2025-02-24 21:15:22,,True,admin
1204,الرياضة,2025-02-24 21:15:22,,True,admin
1204,الرسم,2025-02-24 21:15:22,,True,admin
1204,القراءة,2025-02-24 21:15:22,,True,admin
1205,الترتيل,2025-02-24 21:36:34,,True,admin
1205,الرياضة,2025-02-24 21:36:34,,True,admin
1205,الرسم,2025-02-24 21:36:34,,True,admin
1205,أشغال يدويّة,2025-02-24 21:36:34,,True,admin
1205,الدبكة والرقصات الفولكلوريّة,2025-02-24 21:36:34,,True,admin
1206,الرياضة,2025-02-24 23:51:46,,True,admin
1206,الرسم,2025-02-24 23:51:46,,True,admin
1206,أشغال يدويّة,2025-02-24 23:51:46,,True,admin
1206,السباحة,2025-02-24 23:51:46,,True,admin
1207,مهارات إداريّة,2025-02-25 00:56:23,,True,admin
1207,مهارات التخطيط,2025-02-25 00:56:23,,True,admin
1208,الغناء,2025-02-25 10:20:48,,True,admin
1208,الترتيل,2025-02-25 10:20:48,,True,admin
1208,الرياضة,2025-02-25 10:20:48,,True,admin
1208,التصوير الفوتوغرافي,2025-02-25 10:20:48,,True,admin
1208,تصوير فيديو,2025-02-25 10:20:48,,True,admin
1208,كتابة نصوص,2025-02-25 10:20:48,,True,admin
1208,مهارات إداريّة,2025-02-25 10:20:48,,True,admin
1208,مهارات العمل الجماعي,2025-02-25 10:20:48,,True,admin
1208,مهارات التخطيط,2025-02-25 10:20:48,,True,admin
1209,الرياضة,2025-02-25 16:37:19,,True,admin
1209,التمثيل,2025-02-25 16:37:19,,True,admin
1209,الرسم,2025-02-25 16:37:19,,True,admin
1209,القراءة,2025-02-25 16:37:19,,True,admin
1209,أشغال يدويّة,2025-02-25 16:37:19,,True,admin
1209,الدبكة والرقصات الفولكلوريّة,2025-02-25 16:37:19,,True,admin
1210,الرياضة,2025-02-25 16:38:45,,True,admin
1210,تأدية حركات التراتيل,2025-02-25 16:38:45,,True,admin
1210,الرسم,2025-02-25 16:38:45,,True,admin
1210,القراءة,2025-02-25 16:38:45,,True,admin
1210,أشغال يدويّة,2025-02-25 16:38:45,,True,admin
1210,الدبكة والرقصات الفولكلوريّة,2025-02-25 16:38:45,,True,admin
1211,الرسم,2025-02-25 16:40:35,,True,admin
1215,القراءة,2025-02-25 21:24:17,,True,admin
1215,أشغال يدويّة,2025-02-25 21:24:17,,True,admin
1216,الترتيل,2025-02-25 21:27:02,,True,admin
1216,الرياضة,2025-02-25 21:27:02,,True,admin
1216,الرسم,2025-02-25 21:27:02,,True,admin
1216,السباحة,2025-02-25 21:27:02,,True,admin
1217,الترتيل,2025-02-25 21:29:01,,True,admin
1217,الرياضة,2025-02-25 21:29:01,,True,admin
1217,الرسم,2025-02-25 21:29:01,,True,admin
1217,السباحة,2025-02-25 21:29:01,,True,admin
1218,الرياضة,2025-02-25 22:51:43,,True,admin
1218,القراءة,2025-02-25 22:51:43,,True,admin
1219,الرسم,2025-02-26 14:00:52,,True,admin
1219,القراءة,2025-02-26 14:00:52,,True,admin
1219,أشغال يدويّة,2025-02-26 14:00:52,,True,admin
1220,الرياضة,2025-02-26 14:45:08,,True,admin
1220,الدبكة والرقصات الفولكلوريّة,2025-02-26 14:45:08,,True,admin
1221,العزف,2025-02-26 22:27:22,,True,admin
1221,الرياضة,2025-02-26 22:27:22,,True,admin
1221,Robotics,2025-02-26 22:27:22,,True,admin
1222,الرياضة,2025-02-27 00:16:10,,True,admin
1222,مهارات العمل الجماعي,2025-02-27 00:16:10,,True,admin
1222,تحضير الألعاب,2025-02-27 00:16:10,,True,admin
1222,التنظيم لأعمال تطوعيّة,2025-02-27 00:16:10,,True,admin
1223,الترتيل,2025-02-27 01:09:45,,True,admin
1223,مونتاج فيديو,2025-02-27 01:09:45,,True,admin
1223,الرسم,2025-02-27 01:09:45,,True,admin
1223,أشغال يدويّة,2025-02-27 01:09:45,,True,admin
1223,تأدية حركات التراتيل,2025-02-27 01:09:45,,True,admin
1224,الرسم,2025-02-27 12:33:59,,True,admin
1225,التصوير الفوتوغرافي,2025-02-27 14:19:35,,True,admin
1225,التصميم الجرافيكي,2025-02-27 14:19:35,,True,admin
1225,تصوير فيديو,2025-02-27 14:19:35,,True,admin
1225,الرسم,2025-02-27 14:19:35,,True,admin
1225,القراءة,2025-02-27 14:19:35,,True,admin
1225,مهارات التواصل,2025-02-27 14:19:35,,True,admin
1225,مهارات إداريّة,2025-02-27 14:19:35,,True,admin
1225,مهارات العمل الجماعي,2025-02-27 14:19:35,,True,admin
1225,مهارات التخطيط,2025-02-27 14:19:35,,True,admin
1225,تحضير الألعاب,2025-02-27 14:19:35,,True,admin
1225,التنظيم لأعمال تطوعيّة,2025-02-27 14:19:35,,True,admin
1225,أشغال يدويّة,2025-02-27 14:19:35,,True,admin
1226,الترتيل,2025-02-27 15:13:03,,True,admin
1226,الرياضة,2025-02-27 15:13:03,,True,admin
1226,الرسم,2025-02-27 15:13:03,,True,admin
1226,القراءة,2025-02-27 15:13:03,,True,admin
1226,الدبكة والرقصات الفولكلوريّة,2025-02-27 15:13:03,,True,admin
1226,الغناء,2025-02-27 15:13:03,,True,admin
1227,الرياضة,2025-02-27 15:43:20,,True,admin
1227,القراءة,2025-02-27 15:43:20,,True,admin
1227,الغناء,2025-02-27 15:43:20,,True,admin
1228,الرسم,2025-02-27 15:54:48,,True,admin
1229,الرسم,2025-02-27 15:56:33,,True,admin
1230,الرياضة,2025-02-27 17:08:53,,True,admin
1230,مهارات إداريّة,2025-02-27 17:08:53,,True,admin
1230,تحضير الألعاب,2025-02-27 17:08:53,,True,admin
1230,التنظيم لأعمال تطوعيّة,2025-02-27 17:08:53,,True,admin
1231,التمثيل,2025-02-27 17:13:25,,True,admin
1231,مهارات التواصل,2025-02-27 17:13:25,,True,admin
1231,مهارات العمل الجماعي,2025-02-27 17:13:25,,True,admin
1231,التنظيم لأعمال تطوعيّة,2025-02-27 17:13:25,,True,admin
1233,العزف,2025-02-27 18:03:49,,True,admin
1233,الرياضة,2025-02-27 18:03:49,,True,admin
1233,التمثيل,2025-02-27 18:03:49,,True,admin
1233,الرسم,2025-02-27 18:03:49,,True,admin
1233,أشغال يدويّة,2025-02-27 18:03:49,,True,admin
1234,العزف,2025-02-27 18:03:49,,True,admin
1234,الرياضة,2025-02-27 18:03:49,,True,admin
1234,الدبكة والرقصات الفولكلوريّة,2025-02-27 18:03:49,,True,admin
1235,الرياضة,2025-02-27 18:04:03,,True,admin
1235,الدبكة والرقصات الفولكلوريّة,2025-02-27 18:04:03,,True,admin
1235,السباحة,2025-02-27 18:04:03,,True,admin
1236,الرياضة,2025-02-27 18:04:19,,True,admin
1236,الدبكة والرقصات الفولكلوريّة,2025-02-27 18:04:19,,True,admin
1237,الرياضة,2025-02-27 18:05:19,,True,admin
1238,العزف,2025-02-27 18:05:53,,True,admin
1238,الرياضة,2025-02-27 18:05:53,,True,admin
1238,التمثيل,2025-02-27 18:05:53,,True,admin
1238,الرسم,2025-02-27 18:05:53,,True,admin
1238,القراءة,2025-02-27 18:05:53,,True,admin
1238,أشغال يدويّة,2025-02-27 18:05:53,,True,admin
1238,الغناء,2025-02-27 18:05:53,,True,admin
1239,العزف,2025-02-27 18:06:53,,True,admin
1239,الترتيل,2025-02-27 18:06:53,,True,admin
1239,القراءة,2025-02-27 18:06:53,,True,admin
1239,الغناء,2025-02-27 18:06:53,,True,admin
1240,الترتيل,2025-02-27 18:07:05,,True,admin
1240,الغناء,2025-02-27 18:07:05,,True,admin
1240,السباحة,2025-02-27 18:07:05,,True,admin
1241,الرياضة,2025-02-27 18:08:07,,True,admin
1242,العزف,2025-02-27 18:09:04,,True,admin
1242,الرياضة,2025-02-27 18:09:04,,True,admin
1242,التمثيل,2025-02-27 18:09:04,,True,admin
1242,الرسم,2025-02-27 18:09:04,,True,admin
1242,أشغال يدويّة,2025-02-27 18:09:04,,True,admin
1242,الدبكة والرقصات الفولكلوريّة,2025-02-27 18:09:04,,True,admin
1242,الغناء,2025-02-27 18:09:04,,True,admin
1243,العزف,2025-02-27 19:58:09,,True,admin
1243,الترتيل,2025-02-27 19:58:09,,True,admin
1243,الرياضة,2025-02-27 19:58:09,,True,admin
1243,الرسم,2025-02-27 19:58:09,,True,admin
1243,القراءة,2025-02-27 19:58:09,,True,admin
1243,أشغال يدويّة,2025-02-27 19:58:09,,True,admin
1243,الدبكة والرقصات الفولكلوريّة,2025-02-27 19:58:09,,True,admin
1243,المصارعة,2025-02-27 19:58:09,,True,admin
1244,القراءة,2025-02-27 21:19:22,,True,admin
1246,الرياضة,2025-02-28 10:24:26,,True,admin
1246,التمثيل,2025-02-28 10:24:26,,True,admin
1247,العزف,2025-02-28 11:58:58,,True,admin
1247,أشغال يدويّة,2025-02-28 11:58:58,,True,admin
1248,العزف,2025-02-28 12:02:07,,True,admin
1249,العزف,2025-02-28 12:05:35,,True,admin
1249,الترتيل,2025-02-28 12:05:35,,True,admin
1249,الغناء,2025-02-28 12:05:35,,True,admin
1250,التمثيل,2025-02-28 19:29:06,,True,admin
1250,مهارات التواصل,2025-02-28 19:29:06,,True,admin
1250,مهارات إداريّة,2025-02-28 19:29:06,,True,admin
1250,مهارات العمل الجماعي,2025-02-28 19:29:06,,True,admin
1250,مهارات التخطيط,2025-02-28 19:29:06,,True,admin
1250,التنظيم لأعمال تطوعيّة,2025-02-28 19:29:06,,True,admin
1251,مهارات التواصل,2025-02-28 20:13:47,,True,admin
1251,التنظيم لأعمال تطوعيّة,2025-02-28 20:13:47,,True,admin
1252,الرسم,2025-03-01 11:14:08,,True,admin
1254,الرياضة,2025-03-01 13:37:50,,True,admin
1254,الرسم,2025-03-01 13:37:50,,True,admin
1254,أشغال يدويّة,2025-03-01 13:37:50,,True,admin
1254,الدبكة والرقصات الفولكلوريّة,2025-03-01 13:37:50,,True,admin
1257,الترتيل,2025-03-01 15:01:24,,True,admin
1257,الرياضة,2025-03-01 15:01:24,,True,admin
1257,الدبكة والرقصات الفولكلوريّة,2025-03-01 15:01:24,,True,admin
1257,الغناء,2025-03-01 15:01:24,,True,admin
1258,الترتيل,2025-03-01 16:20:56,,True,admin
1258,الرياضة,2025-03-01 16:20:56,,True,admin
1258,الرسم,2025-03-01 16:20:56,,True,admin
1259,الدبكة والرقصات الفولكلوريّة,2025-03-01 16:33:30,,True,admin
1260,تأدية حركات التراتيل,2025-03-01 18:30:19,,True,admin
1261,الرياضة,2025-03-01 18:53:40,,True,admin
1261,القراءة,2025-03-01 18:53:40,,True,admin
1261,مهارات العمل الجماعي,2025-03-01 18:53:40,,True,admin
1261,مهارات التخطيط,2025-03-01 18:53:40,,True,admin
1262,العزف,2025-03-01 19:22:23,,True,admin
1263,الرياضة,2025-03-01 19:23:29,,True,admin
1265,الرياضة,2025-03-01 19:41:21,,True,admin
1265,التمثيل,2025-03-01 19:41:21,,True,admin
1265,تصوير فيديو,2025-03-01 19:41:21,,True,admin
1265,مونتاج فيديو,2025-03-01 19:41:21,,True,admin
1265,تحضير الألعاب,2025-03-01 19:41:21,,True,admin
1265,التنظيم لأعمال تطوعيّة,2025-03-01 19:41:21,,True,admin
1266,الترتيل,2025-03-01 20:50:31,,True,admin
1266,الرياضة,2025-03-01 20:50:31,,True,admin
1266,التمثيل,2025-03-01 20:50:31,,True,admin
1266,تأدية حركات التراتيل,2025-03-01 20:50:31,,True,admin
1266,القراءة,2025-03-01 20:50:31,,True,admin
1266,الدبكة والرقصات الفولكلوريّة,2025-03-01 20:50:31,,True,admin
1266,الغناء,2025-03-01 20:50:31,,True,admin
1267,الترتيل,2025-03-01 20:52:06,,True,admin
1267,الرياضة,2025-03-01 20:52:06,,True,admin
1267,تأدية حركات التراتيل,2025-03-01 20:52:06,,True,admin
1267,الدبكة والرقصات الفولكلوريّة,2025-03-01 20:52:06,,True,admin
1268,العزف,2025-03-01 21:04:08,,True,admin
1268,الرياضة,2025-03-01 21:04:08,,True,admin
1268,Robotics,2025-03-01 21:04:08,,True,admin
1268,الكمبيوتر,2025-03-01 21:04:08,,True,admin
1269,العزف,2025-03-03 08:22:43,,True,admin
1269,الترتيل,2025-03-03 08:22:43,,True,admin
1269,الرسم,2025-03-03 08:22:43,,True,admin
1269,أشغال يدويّة,2025-03-03 08:22:43,,True,admin
1270,الرياضة,2025-03-04 11:53:22,2026-05-29 16:40:40,False,admin
1270,التمثيل,2025-03-04 11:53:22,2026-05-29 16:40:40,False,admin
1270,كتابة نصوص,2025-03-04 11:53:22,2026-05-29 16:40:40,False,admin
1270,القراءة,2025-03-04 11:53:22,2026-05-29 16:40:40,False,admin
1270,مهارات العمل الجماعي,2025-03-04 11:53:22,2026-05-29 16:40:40,False,admin
1270,التنظيم لأعمال تطوعيّة,2025-03-04 11:53:22,2026-05-29 16:40:40,False,admin
1270,أشغال يدويّة,2025-03-04 11:53:22,2026-05-29 16:40:40,False,admin
1271,كتابة نصوص,2025-03-04 12:17:03,,True,admin
1271,القراءة,2025-03-04 12:17:03,,True,admin
1271,مهارات التواصل,2025-03-04 12:17:03,,True,admin
1271,مهارات إداريّة,2025-03-04 12:17:03,,True,admin
1271,مهارات العمل الجماعي,2025-03-04 12:17:03,,True,admin
1271,مهارات التخطيط,2025-03-04 12:17:03,,True,admin
1273,مهارات إداريّة,2025-03-04 12:56:36,,True,admin
1273,مهارات العمل الجماعي,2025-03-04 12:56:36,,True,admin
1273,مهارات التخطيط,2025-03-04 12:56:36,,True,admin
1275,الرسم,2025-03-04 13:38:27,,True,admin
1275,القراءة,2025-03-04 13:38:27,,True,admin
1275,أشغال يدويّة,2025-03-04 13:38:27,,True,admin
1275,الدبكة والرقصات الفولكلوريّة,2025-03-04 13:38:27,,True,admin
1276,مهارات التواصل,2025-03-04 14:06:58,,True,admin
1276,مهارات إداريّة,2025-03-04 14:06:58,,True,admin
1276,مهارات العمل الجماعي,2025-03-04 14:06:58,,True,admin
1277,الرسم,2025-03-04 15:54:56,,True,admin
1277,القراءة,2025-03-04 15:54:56,,True,admin
1278,الرسم,2025-03-04 16:07:26,,True,admin
1279,الرياضة,2025-03-04 16:24:29,2026-05-29 16:08:20,False,admin
1279,القراءة,2025-03-04 16:24:29,2026-05-29 16:08:20,False,admin
1279,مهارات العمل الجماعي,2025-03-04 16:24:29,2026-05-29 16:08:20,False,admin
1279,مهارات التخطيط,2025-03-04 16:24:29,2026-05-29 16:08:20,False,admin
1279,تحضير الألعاب,2025-03-04 16:24:29,2026-05-29 16:08:20,False,admin
1280,مهارات إداريّة,2025-03-04 16:42:03,,True,admin
1282,التمثيل,2025-03-06 20:29:42,,True,admin
1282,مهارات العمل الجماعي,2025-03-06 20:29:42,,True,admin
1282,مهارات التخطيط,2025-03-06 20:29:42,,True,admin
1282,تحضير الألعاب,2025-03-06 20:29:42,,True,admin
1282,التنظيم لأعمال تطوعيّة,2025-03-06 20:29:42,,True,admin
1283,تحضير الألعاب,2025-03-07 11:38:14,,True,admin
1283,التنظيم لأعمال تطوعيّة,2025-03-07 11:38:14,,True,admin
1283,أشغال يدويّة,2025-03-07 11:38:14,,True,admin
1283,تأدية حركات التراتيل,2025-03-07 11:38:14,,True,admin
1284,الغناء,2025-03-07 12:22:09,,True,admin
1284,الرياضة,2025-03-07 12:22:09,,True,admin
1285,الرياضة,2025-03-07 15:32:29,2026-05-29 16:02:13,False,admin
1286,الترتيل,2025-03-07 16:17:19,,True,admin
1286,الرسم,2025-03-07 16:17:19,,True,admin
1286,الدبكة والرقصات الفولكلوريّة,2025-03-07 16:17:19,,True,admin
1286,أشغال يدويّة,2025-03-07 16:17:19,,True,admin
1287,الغناء,2025-03-08 21:44:17,,True,admin
1287,الترتيل,2025-03-08 21:44:17,,True,admin
1287,التمثيل,2025-03-08 21:44:17,,True,admin
1287,مهارات إداريّة,2025-03-08 21:44:17,,True,admin
1287,مهارات التخطيط,2025-03-08 21:44:17,,True,admin
1287,التنظيم لأعمال تطوعيّة,2025-03-08 21:44:17,,True,admin
1287,تأدية حركات التراتيل,2025-03-08 21:44:17,,True,admin
1288,كتابة نصوص,2025-03-08 23:50:47,,True,admin
1288,القراءة,2025-03-08 23:50:47,,True,admin
1288,إعطاء مواضيع عقائديّة وتعليم مسيحي,2025-03-08 23:50:47,,True,admin
1289,العزف,2025-03-09 12:43:27,2026-05-29 15:24:19,False,admin
1290,العزف,2025-03-09 12:51:26,,True,admin
1290,الترتيل,2025-03-09 12:51:26,,True,admin
1290,الرياضة,2025-03-09 12:51:26,,True,admin
1291,التمثيل,2025-03-09 13:07:10,,True,admin
1291,مهارات التواصل,2025-03-09 13:07:10,,True,admin
1291,مهارات إداريّة,2025-03-09 13:07:10,,True,admin
1291,مهارات العمل الجماعي,2025-03-09 13:07:10,,True,admin
1291,تأدية حركات التراتيل,2025-03-09 13:07:10,,True,admin
1292,العزف,2025-03-09 13:10:36,2026-05-29 15:44:45,False,admin
1292,الغناء,2025-03-09 13:10:36,2026-05-29 15:44:45,False,admin
1292,الترتيل,2025-03-09 13:10:36,2026-05-29 15:44:45,False,admin
1292,مهارات التواصل,2025-03-09 13:10:36,2026-05-29 15:44:45,False,admin
1292,التنظيم لأعمال تطوعيّة,2025-03-09 13:10:36,2026-05-29 15:44:45,False,admin
1293,العزف,2025-03-09 13:14:30,2026-05-29 15:47:48,False,admin
1293,التصوير الفوتوغرافي,2025-03-09 13:14:30,2026-05-29 15:47:48,False,admin
1293,التمثيل,2025-03-09 13:14:30,2026-05-29 15:47:48,False,admin
1293,تصوير فيديو,2025-03-09 13:14:30,2026-05-29 15:47:48,False,admin
1293,مونتاج فيديو,2025-03-09 13:14:30,2026-05-29 15:47:48,False,admin
1293,مهارات التواصل,2025-03-09 13:14:30,2026-05-29 15:47:48,False,admin
1293,مهارات العمل الجماعي,2025-03-09 13:14:30,2026-05-29 15:47:48,False,admin
1293,مهارات التخطيط,2025-03-09 13:14:30,2026-05-29 15:47:48,False,admin
1293,التنظيم لأعمال تطوعيّة,2025-03-09 13:14:30,2026-05-29 15:47:48,False,admin
1293,الدبكة والرقصات الفولكلوريّة,2025-03-09 13:14:30,2026-05-29 15:47:48,False,admin
1293,تأدية حركات التراتيل,2025-03-09 13:14:30,2026-05-29 15:47:48,False,admin
1294,العزف,2025-03-09 14:13:07,2026-05-29 15:46:28,False,admin
1294,الغناء,2025-03-09 14:13:07,2026-05-29 15:46:28,False,admin
1294,الترتيل,2025-03-09 14:13:07,2026-05-29 15:46:28,False,admin
1294,التصوير الفوتوغرافي,2025-03-09 14:13:07,2026-05-29 15:46:28,False,admin
1294,مونتاج فيديو,2025-03-09 14:13:07,2026-05-29 15:46:28,False,admin
1296,الرسم,2025-03-09 15:30:53,,True,admin
1296,أشغال يدويّة,2025-03-09 15:30:53,,True,admin
1296,الغناء,2025-03-09 15:30:53,,True,admin
1297,الرسم,2025-03-09 15:32:58,,True,admin
1297,القراءة,2025-03-09 15:32:58,,True,admin
1297,أشغال يدويّة,2025-03-09 15:32:58,,True,admin
1298,العزف,2025-03-09 15:34:26,,True,admin
1298,الترتيل,2025-03-09 15:34:26,,True,admin
1298,الرياضة,2025-03-09 15:34:26,,True,admin
1298,الرسم,2025-03-09 15:34:26,,True,admin
1298,القراءة,2025-03-09 15:34:26,,True,admin
1298,أشغال يدويّة,2025-03-09 15:34:26,,True,admin
1298,الدبكة والرقصات الفولكلوريّة,2025-03-09 15:34:26,,True,admin
1299,الترتيل,2025-03-09 15:45:22,,True,admin
1299,الرياضة,2025-03-09 15:45:22,,True,admin
1299,الرسم,2025-03-09 15:45:22,,True,admin
1299,القراءة,2025-03-09 15:45:22,,True,admin
1299,الغناء,2025-03-09 15:45:22,,True,admin
1300,الترتيل,2025-03-09 15:46:31,,True,admin
1300,الرياضة,2025-03-09 15:46:31,,True,admin
1300,التمثيل,2025-03-09 15:46:31,,True,admin
1300,الرسم,2025-03-09 15:46:31,,True,admin
1300,القراءة,2025-03-09 15:46:31,,True,admin
1300,أشغال يدويّة,2025-03-09 15:46:31,,True,admin
1300,الدبكة والرقصات الفولكلوريّة,2025-03-09 15:46:31,,True,admin
1301,الرسم,2025-03-09 15:51:15,,True,admin
1302,الرياضة,2025-03-09 15:54:19,,True,admin
1302,التمثيل,2025-03-09 15:54:19,,True,admin
1302,تأدية حركات التراتيل,2025-03-09 15:54:19,,True,admin
1303,الرياضة,2025-03-09 15:56:52,,True,admin
1303,تأدية حركات التراتيل,2025-03-09 15:56:52,,True,admin
1303,الرسم,2025-03-09 15:56:52,,True,admin
1304,الرياضة,2025-03-09 16:27:11,,True,admin
1304,التمثيل,2025-03-09 16:27:11,,True,admin
1304,مهارات التواصل,2025-03-09 16:27:11,,True,admin
1304,مهارات العمل الجماعي,2025-03-09 16:27:11,,True,admin
1304,تحضير الألعاب,2025-03-09 16:27:11,,True,admin
1304,أجهزة الصوت (صوتيّات ومِكسرات),2025-03-09 16:27:11,,True,admin
1304,الدبكة والرقصات الفولكلوريّة,2025-03-09 16:27:11,,True,admin
1304,تأدية حركات التراتيل,2025-03-09 16:27:11,,True,admin
1305,العزف,2025-03-09 16:30:38,,True,admin
1305,الرياضة,2025-03-09 16:30:38,,True,admin
1306,التمثيل,2025-03-09 16:38:22,2026-05-29 16:04:54,False,admin
1306,التنظيم,2025-03-09 16:38:22,2026-05-29 16:04:54,False,admin
1307,التدريس,2025-03-09 19:40:48,2026-05-29 15:50:39,False,admin
1309,الغناء,2025-03-09 22:06:37,2026-05-29 15:43:48,False,admin
1309,الترتيل,2025-03-09 22:06:37,2026-05-29 15:43:48,False,admin
1311,العزف,2025-03-09 22:55:43,2026-05-29 15:41:29,False,admin
1312,التصميم الداخلي/ ديكور,2025-03-10 11:49:16,,True,admin
1312,الرسم,2025-03-10 11:49:16,,True,admin
1312,مهارات إداريّة,2025-03-10 11:49:16,,True,admin
1312,مهارات التخطيط,2025-03-10 11:49:16,,True,admin
1312,التنظيم لأعمال تطوعيّة,2025-03-10 11:49:16,,True,admin
1312,أشغال يدويّة,2025-03-10 11:49:16,,True,admin
1312,تأدية حركات التراتيل,2025-03-10 11:49:16,,True,admin
1313,الغناء,2025-03-10 14:21:12,,True,admin
1313,كتابة نصوص,2025-03-10 14:21:12,,True,admin
1316,الترتيل,2025-03-10 14:30:34,,True,admin
1317,الرياضة,2025-03-10 14:41:33,,True,admin
1317,التمثيل,2025-03-10 14:41:33,,True,admin
1317,الإخراج (السينمائي/ المسرحي),2025-03-10 14:41:33,,True,admin
1317,مهارات التواصل,2025-03-10 14:41:33,,True,admin
1317,مهارات إداريّة,2025-03-10 14:41:33,,True,admin
1317,مهارات العمل الجماعي,2025-03-10 14:41:33,,True,admin
1317,مهارات التخطيط,2025-03-10 14:41:33,,True,admin
1317,تحضير الألعاب,2025-03-10 14:41:33,,True,admin
1317,التنظيم لأعمال تطوعيّة,2025-03-10 14:41:33,,True,admin
1317,أشغال يدويّة,2025-03-10 14:41:33,,True,admin
1318,العزف,2025-03-10 15:20:29,,True,admin
1318,مهارات التواصل,2025-03-10 15:20:29,,True,admin
1318,مهارات إداريّة,2025-03-10 15:20:29,,True,admin
1318,مهارات العمل الجماعي,2025-03-10 15:20:29,,True,admin
1318,مهارات التخطيط,2025-03-10 15:20:29,,True,admin
1318,تحضير الألعاب,2025-03-10 15:20:29,,True,admin
1318,التنظيم لأعمال تطوعيّة,2025-03-10 15:20:29,,True,admin
1319,العزف,2025-03-10 15:26:37,,True,admin
1320,كتابة الشعر,2025-03-10 15:26:44,,True,admin
1320,إلقاء الشعر العربي,2025-03-10 15:26:44,,True,admin
1321,الرياضة,2025-03-10 15:26:53,,True,admin
1322,الرياضة,2025-03-10 15:27:15,,True,admin
1322,تأدية حركات التراتيل,2025-03-10 15:27:15,,True,admin
1323,تأدية حركات التراتيل,2025-03-10 15:27:42,,True,admin
1323,القراءة,2025-03-10 15:27:42,,True,admin
1324,الرياضة,2025-03-10 15:27:46,,True,admin
1325,العزف,2025-03-10 15:27:46,,True,admin
1325,الترتيل,2025-03-10 15:27:46,,True,admin
1325,الرياضة,2025-03-10 15:27:46,,True,admin
1325,التمثيل,2025-03-10 15:27:46,,True,admin
1325,الدبكة والرقصات الفولكلوريّة,2025-03-10 15:27:46,,True,admin
1325,الشطرنج,2025-03-10 15:27:46,,True,admin
1326,الرسم,2025-03-10 15:27:47,,True,admin
1326,القراءة,2025-03-10 15:27:47,,True,admin
1326,كتابة الشعر,2025-03-10 15:27:47,,True,admin
1326,إلقاء الشعر العربي,2025-03-10 15:27:47,,True,admin
1327,الرياضة,2025-03-10 15:28:18,,True,admin
1329,العزف,2025-03-10 15:29:32,,True,admin
1329,الرياضة,2025-03-10 15:29:32,,True,admin
1329,الرسم,2025-03-10 15:29:32,,True,admin
1330,الدبكة والرقصات الفولكلوريّة,2025-03-10 15:29:32,,True,admin
1331,الرياضة,2025-03-10 15:29:38,,True,admin
1332,الرسم,2025-03-10 15:29:39,,True,admin
1333,الرسم,2025-03-10 15:30:29,,True,admin
1334,الرسم,2025-03-10 15:30:42,,True,admin
1334,الدبكة والرقصات الفولكلوريّة,2025-03-10 15:30:42,,True,admin
1335,الرياضة,2025-03-10 15:32:55,,True,admin
1335,الغناء,2025-03-10 15:32:55,,True,admin
1336,الترتيل,2025-03-10 15:33:39,,True,admin
1336,الدبكة والرقصات الفولكلوريّة,2025-03-10 15:33:39,,True,admin
1337,التمثيل,2025-03-10 15:33:43,,True,admin
1337,الدبكة والرقصات الفولكلوريّة,2025-03-10 15:33:43,,True,admin
1338,القراءة,2025-03-10 15:33:54,,True,admin
1339,العزف,2025-03-10 15:36:44,,True,admin
1339,الغناء,2025-03-10 15:36:44,,True,admin
1340,العزف,2025-03-10 15:38:14,,True,admin
1340,الرياضة,2025-03-10 15:38:14,,True,admin
1341,العزف,2025-03-10 15:39:39,,True,admin
1341,الرياضة,2025-03-10 15:39:39,,True,admin
1342,العزف,2025-03-10 15:43:46,,True,admin
1343,العزف,2025-03-10 15:47:36,,True,admin
1343,الرياضة,2025-03-10 15:47:36,,True,admin
1343,الدبكة والرقصات الفولكلوريّة,2025-03-10 15:47:36,,True,admin
1344,العزف,2025-03-10 15:51:14,,True,admin
1344,الرياضة,2025-03-10 15:51:14,,True,admin
1345,الرياضة,2025-03-10 15:53:23,,True,admin
1346,الترتيل,2025-03-10 15:57:34,,True,admin
1346,الرسم,2025-03-10 15:57:34,,True,admin
1346,الدبكة والرقصات الفولكلوريّة,2025-03-10 15:57:34,,True,admin
1346,الغناء,2025-03-10 15:57:34,,True,admin
1348,العزف,2025-03-10 16:00:12,,True,admin
1349,الرياضة,2025-03-10 16:01:01,,True,admin
1350,العزف,2025-03-10 16:10:19,,True,admin
1350,الرياضة,2025-03-10 16:10:19,,True,admin
1351,العزف,2025-03-10 16:12:17,,True,admin
1351,الرياضة,2025-03-10 16:12:17,,True,admin
1351,الدبكة والرقصات الفولكلوريّة,2025-03-10 16:12:17,,True,admin
1352,العزف,2025-03-10 16:14:56,,True,admin
1352,الرياضة,2025-03-10 16:14:56,,True,admin
1352,التمثيل,2025-03-10 16:14:56,,True,admin
1353,القراءة,2025-03-10 16:23:50,,True,admin
1353,أشغال يدويّة,2025-03-10 16:23:50,,True,admin
1353,الدبكة والرقصات الفولكلوريّة,2025-03-10 16:23:50,,True,admin
1354,الرياضة,2025-03-10 16:23:00,,True,admin
1355,الرياضة,2025-03-10 16:40:33,,True,admin
1356,الرسم,2025-03-10 16:42:53,,True,admin
1356,القراءة,2025-03-10 16:42:53,,True,admin
1356,أشغال يدويّة,2025-03-10 16:42:53,,True,admin
1357,الرياضة,2025-03-10 16:45:08,,True,admin
1358,الرياضة,2025-03-10 17:13:25,,True,admin
1359,الرياضة,2025-03-10 17:14:56,,True,admin
1359,القراءة,2025-03-10 17:14:56,,True,admin
1360,العزف,2025-03-10 17:27:26,,True,admin
1361,العزف,2025-03-10 17:29:58,,True,admin
1361,الغناء,2025-03-10 17:29:58,,True,admin
1362,العزف,2025-03-10 17:31:54,,True,admin
1362,الرياضة,2025-03-10 17:31:54,,True,admin
1362,الرسم,2025-03-10 17:31:54,,True,admin
1363,العزف,2025-03-10 17:40:05,,True,admin
1363,الغناء,2025-03-10 17:40:05,,True,admin
1363,الترتيل,2025-03-10 17:40:05,,True,admin
1363,التمثيل,2025-03-10 17:40:05,,True,admin
1363,تصوير فيديو,2025-03-10 17:40:05,,True,admin
1363,مونتاج فيديو,2025-03-10 17:40:05,,True,admin
1363,الرسم,2025-03-10 17:40:05,,True,admin
1363,القراءة,2025-03-10 17:40:05,,True,admin
1363,أشغال يدويّة,2025-03-10 17:40:05,,True,admin
1364,الترتيل,2025-03-10 17:49:24,,True,admin
1364,القراءة,2025-03-10 17:49:24,,True,admin
1364,مهارات التواصل,2025-03-10 17:49:24,,True,admin
1364,تحضير الألعاب,2025-03-10 17:49:24,,True,admin
1364,أشغال يدويّة,2025-03-10 17:49:24,,True,admin
1364,تأدية حركات التراتيل,2025-03-10 17:49:24,,True,admin
1365,الترتيل,2025-03-10 18:25:52,,True,admin
1365,تأدية حركات التراتيل,2025-03-10 18:25:52,,True,admin
1365,الغناء,2025-03-10 18:25:52,,True,admin
1366,العزف,2025-03-10 19:16:29,,True,admin
1366,الرياضة,2025-03-10 19:16:29,,True,admin
1367,العزف,2025-03-10 19:19:09,,True,admin
1367,الرياضة,2025-03-10 19:19:09,,True,admin
1367,التمثيل,2025-03-10 19:19:09,,True,admin
1368,العزف,2025-03-10 19:29:21,,True,admin
1368,الدبكة والرقصات الفولكلوريّة,2025-03-10 19:29:21,,True,admin
1369,الغناء,2025-03-10 19:44:44,,True,admin
1370,الترتيل,2025-03-10 19:51:51,,True,admin
1370,تأدية حركات التراتيل,2025-03-10 19:51:51,,True,admin
1370,أشغال يدويّة,2025-03-10 19:51:51,,True,admin
1370,الدبكة والرقصات الفولكلوريّة,2025-03-10 19:51:51,,True,admin
1370,الغناء,2025-03-10 19:51:51,,True,admin
1371,العزف,2025-03-10 20:01:17,,True,admin
1371,تأدية حركات التراتيل,2025-03-10 20:01:17,,True,admin
1372,الرياضة,2025-03-10 20:07:45,,True,admin
1372,القراءة,2025-03-10 20:07:45,,True,admin
1372,مهارات التواصل,2025-03-10 20:07:45,,True,admin
1372,مهارات إداريّة,2025-03-10 20:07:45,,True,admin
1372,مهارات العمل الجماعي,2025-03-10 20:07:45,,True,admin
1372,تحضير الألعاب,2025-03-10 20:07:45,,True,admin
1372,التنظيم لأعمال تطوعيّة,2025-03-10 20:07:45,,True,admin
1372,أشغال يدويّة,2025-03-10 20:07:45,,True,admin
1372,الدبكة والرقصات الفولكلوريّة,2025-03-10 20:07:45,,True,admin
1373,التصوير الفوتوغرافي,2025-03-10 20:38:24,2026-05-29 16:36:10,False,admin
1373,التصميم الجرافيكي,2025-03-10 20:38:24,2026-05-29 16:36:10,False,admin
1373,التمثيل,2025-03-10 20:38:24,2026-05-29 16:36:10,False,admin
1373,تصوير فيديو,2025-03-10 20:38:24,2026-05-29 16:36:10,False,admin
1373,كتابة نصوص,2025-03-10 20:38:24,2026-05-29 16:36:10,False,admin
1373,التصميم الداخلي/ ديكور,2025-03-10 20:38:24,2026-05-29 16:36:10,False,admin
1373,مونتاج فيديو,2025-03-10 20:38:24,2026-05-29 16:36:10,False,admin
1373,الرسم,2025-03-10 20:38:24,2026-05-29 16:36:10,False,admin
1373,القراءة,2025-03-10 20:38:24,2026-05-29 16:36:10,False,admin
1373,مهارات التواصل,2025-03-10 20:38:24,2026-05-29 16:36:10,False,admin
1373,مهارات إداريّة,2025-03-10 20:38:24,2026-05-29 16:36:10,False,admin
1373,مهارات العمل الجماعي,2025-03-10 20:38:24,2026-05-29 16:36:10,False,admin
1373,مهارات التخطيط,2025-03-10 20:38:24,2026-05-29 16:36:10,False,admin
1373,أشغال يدويّة,2025-03-10 20:38:24,2026-05-29 16:36:10,False,admin
1373,تأدية حركات التراتيل,2025-03-10 20:38:24,2026-05-29 16:36:10,False,admin
1374,تصوير فيديو,2025-03-10 20:49:50,,True,admin
1374,تحضير الألعاب,2025-03-10 20:49:50,,True,admin
1375,الرسم,2025-03-10 20:49:53,,True,admin
1375,القراءة,2025-03-10 20:49:53,,True,admin
1375,تحضير الألعاب,2025-03-10 20:49:53,,True,admin
1375,التنظيم لأعمال تطوعيّة,2025-03-10 20:49:53,,True,admin
1375,أشغال يدويّة,2025-03-10 20:49:53,,True,admin
1376,الرياضة,2025-03-10 20:59:12,,True,admin
1377,الترتيل,2025-03-10 21:16:15,,True,admin
1378,العزف,2025-03-10 21:44:50,,True,admin
1378,الرياضة,2025-03-10 21:44:50,,True,admin
1378,الدبكة والرقصات الفولكلوريّة,2025-03-10 21:44:50,,True,admin
1379,العزف,2025-03-10 21:46:55,,True,admin
1379,الرياضة,2025-03-10 21:46:55,,True,admin
1379,الدبكة والرقصات الفولكلوريّة,2025-03-10 21:46:55,,True,admin
1380,الرياضة,2025-03-10 21:50:04,,True,admin
1380,الإخراج (السينمائي/ المسرحي),2025-03-10 21:50:04,,True,admin
1381,الترتيل,2025-03-10 22:45:51,,True,admin
1381,الرياضة,2025-03-10 22:45:51,,True,admin
1381,التمثيل,2025-03-10 22:45:51,,True,admin
1381,الرسم,2025-03-10 22:45:51,,True,admin
1381,الدبكة والرقصات الفولكلوريّة,2025-03-10 22:45:51,,True,admin
1381,الغناء,2025-03-10 22:45:51,,True,admin
1382,الترتيل,2025-03-11 00:12:44,,True,admin
1382,تأدية حركات التراتيل,2025-03-11 00:12:44,,True,admin
1382,القراءة,2025-03-11 00:12:44,,True,admin
1382,أشغال يدويّة,2025-03-11 00:12:44,,True,admin
1383,العزف,2025-03-11 00:22:11,,True,admin
1384,الترتيل,2025-03-11 01:56:17,,True,admin
1384,التصوير الفوتوغرافي,2025-03-11 01:56:17,,True,admin
1384,مونتاج فيديو,2025-03-11 01:56:17,,True,admin
1386,الرياضة,2025-03-11 07:47:29,,True,admin
1386,التنظيم لأعمال تطوعيّة,2025-03-11 07:47:29,,True,admin
1386,أجهزة الصوت (صوتيّات ومِكسرات),2025-03-11 07:47:29,,True,admin
1387,التصوير الفوتوغرافي,2025-03-11 10:15:20,2026-05-29 16:39:47,False,admin
1387,التصميم الجرافيكي,2025-03-11 10:15:20,2026-05-29 16:39:47,False,admin
1387,تصوير فيديو,2025-03-11 10:15:20,2026-05-29 16:39:47,False,admin
1387,مونتاج فيديو,2025-03-11 10:15:20,2026-05-29 16:39:47,False,admin
1387,القراءة,2025-03-11 10:15:20,2026-05-29 16:39:47,False,admin
1388,الترتيل,2025-03-11 10:36:43,,True,admin
1388,تأدية حركات التراتيل,2025-03-11 10:36:43,,True,admin
1388,الدبكة والرقصات الفولكلوريّة,2025-03-11 10:36:43,,True,admin
1388,الطبخ,2025-03-11 10:36:43,,True,admin
1389,الرسم,2025-03-11 10:38:06,,True,admin
1390,التصوير الفوتوغرافي,2025-03-11 10:48:01,,True,admin
1390,التصميم الجرافيكي,2025-03-11 10:48:01,,True,admin
1392,تصوير فيديو,2025-03-11 10:54:29,,True,admin
1392,مونتاج فيديو,2025-03-11 10:54:29,,True,admin
1392,مهارات التواصل,2025-03-11 10:54:29,,True,admin
1392,مهارات العمل الجماعي,2025-03-11 10:54:29,,True,admin
1392,تحضير الألعاب,2025-03-11 10:54:29,,True,admin
1392,التنظيم لأعمال تطوعيّة,2025-03-11 10:54:29,,True,admin
1392,الدبكة والرقصات الفولكلوريّة,2025-03-11 10:54:29,,True,admin
1394,مهارات إداريّة,2025-03-11 10:56:57,,True,admin
1394,مهارات العمل الجماعي,2025-03-11 10:56:57,,True,admin
1394,مهارات التخطيط,2025-03-11 10:56:57,,True,admin
1395,التنظيم لأعمال تطوعيّة,2025-03-11 10:57:56,,True,admin
1395,الدبكة والرقصات الفولكلوريّة,2025-03-11 10:57:56,,True,admin
1396,الرياضة,2025-03-11 10:58:50,,True,admin
1396,مهارات التواصل,2025-03-11 10:58:50,,True,admin
1396,مهارات إداريّة,2025-03-11 10:58:50,,True,admin
1396,مهارات العمل الجماعي,2025-03-11 10:58:50,,True,admin
1396,مهارات التخطيط,2025-03-11 10:58:50,,True,admin
1396,التنظيم لأعمال تطوعيّة,2025-03-11 10:58:50,,True,admin
1397,الرياضة,2025-03-11 11:04:16,,True,admin
1397,مهارات التواصل,2025-03-11 11:04:16,,True,admin
1397,مهارات العمل الجماعي,2025-03-11 11:04:16,,True,admin
1397,مهارات التخطيط,2025-03-11 11:04:16,,True,admin
1397,التنظيم لأعمال تطوعيّة,2025-03-11 11:04:16,,True,admin
1397,أجهزة الصوت (صوتيّات ومِكسرات),2025-03-11 11:04:16,,True,admin
1398,الرياضة,2025-03-11 11:12:59,,True,admin
1398,الرسم,2025-03-11 11:12:59,,True,admin
1398,الغناء,2025-03-11 11:12:59,,True,admin
1401,العزف,2025-03-11 11:39:05,,True,admin
1401,الرسم,2025-03-11 11:39:05,,True,admin
1402,الرياضة,2025-03-11 11:40:34,,True,admin
1403,الرياضة,2025-03-11 11:42:29,,True,admin
1404,أشغال يدويّة,2025-03-11 11:43:35,,True,admin
1406,العزف,2025-03-11 11:47:36,,True,admin
1407,القراءة,2025-03-11 11:48:53,,True,admin
1407,أشغال يدويّة,2025-03-11 11:48:53,,True,admin
1409,الرياضة,2025-03-11 11:56:43,,True,admin
1409,مهارات التواصل,2025-03-11 11:56:43,,True,admin
1409,مهارات إداريّة,2025-03-11 11:56:43,,True,admin
1409,مهارات العمل الجماعي,2025-03-11 11:56:43,,True,admin
1409,مهارات التخطيط,2025-03-11 11:56:43,,True,admin
1409,التنظيم لأعمال تطوعيّة,2025-03-11 11:56:43,,True,admin
1409,أشغال يدويّة,2025-03-11 11:56:43,,True,admin
1410,الرياضة,2025-03-11 11:59:42,,True,admin
1410,التصميم الجرافيكي,2025-03-11 11:59:42,,True,admin
1410,التصميم الداخلي/ ديكور,2025-03-11 11:59:42,,True,admin
1410,الرسم,2025-03-11 11:59:42,,True,admin
1410,القراءة,2025-03-11 11:59:42,,True,admin
1410,مهارات إداريّة,2025-03-11 11:59:42,,True,admin
1410,مهارات العمل الجماعي,2025-03-11 11:59:42,,True,admin
1410,مهارات التخطيط,2025-03-11 11:59:42,,True,admin
1410,تحضير الألعاب,2025-03-11 11:59:42,,True,admin
1410,التنظيم لأعمال تطوعيّة,2025-03-11 11:59:42,,True,admin
1410,أشغال يدويّة,2025-03-11 11:59:42,,True,admin
1410,تأدية حركات التراتيل,2025-03-11 11:59:42,,True,admin
1411,التمثيل,2025-03-11 12:32:34,,True,admin
1411,أشغال يدويّة,2025-03-11 12:32:34,,True,admin
1412,الرياضة,2025-03-11 12:48:48,,True,admin
1413,القراءة,2025-03-11 12:58:49,,True,admin
1413,أشغال يدويّة,2025-03-11 12:58:49,,True,admin
1413,الدبكة والرقصات الفولكلوريّة,2025-03-11 12:58:49,,True,admin
1414,الرياضة,2025-03-11 13:10:16,,True,admin
1415,أشغال يدويّة,2025-03-11 13:11:49,,True,admin
1416,الرياضة,2025-03-11 13:44:35,,True,admin
1416,التصوير الفوتوغرافي,2025-03-11 13:44:35,,True,admin
1416,التمثيل,2025-03-11 13:44:35,,True,admin
1416,الإخراج (السينمائي/ المسرحي),2025-03-11 13:44:35,,True,admin
1416,تصوير فيديو,2025-03-11 13:44:35,,True,admin
1416,كتابة نصوص,2025-03-11 13:44:35,,True,admin
1416,مونتاج فيديو,2025-03-11 13:44:35,,True,admin
1416,مهارات إداريّة,2025-03-11 13:44:35,,True,admin
1416,مهارات العمل الجماعي,2025-03-11 13:44:35,,True,admin
1416,تحضير الألعاب,2025-03-11 13:44:35,,True,admin
1416,أشغال يدويّة,2025-03-11 13:44:35,,True,admin
1417,الرياضة,2025-03-11 13:45:03,,True,admin
1417,التمثيل,2025-03-11 13:45:03,,True,admin
1417,مهارات التواصل,2025-03-11 13:45:03,,True,admin
1417,مهارات العمل الجماعي,2025-03-11 13:45:03,,True,admin
1417,مهارات التخطيط,2025-03-11 13:45:03,,True,admin
1417,تحضير الألعاب,2025-03-11 13:45:03,,True,admin
1418,الدبكة والرقصات الفولكلوريّة,2025-03-11 13:52:31,,True,admin
1418,الغناء,2025-03-11 13:52:31,,True,admin
1419,الغناء,2025-03-11 14:07:21,,True,admin
1419,الترتيل,2025-03-11 14:07:21,,True,admin
1420,الرياضة,2025-03-11 14:08:48,,True,admin
1421,الرسم,2025-03-11 14:11:14,,True,admin
1422,الرياضة,2025-03-11 14:15:27,,True,admin
1423,الرياضة,2025-03-11 14:19:12,,True,admin
1425,الرسم,2025-03-11 14:52:56,,True,admin
1428,الرسم,2025-03-11 15:03:15,,True,admin
1429,الترتيل,2025-03-11 15:07:35,,True,admin
1429,الرياضة,2025-03-11 15:07:35,,True,admin
1429,الرسم,2025-03-11 15:07:35,,True,admin
1429,أشغال يدويّة,2025-03-11 15:07:35,,True,admin
1429,الغناء,2025-03-11 15:07:35,,True,admin
1430,التمثيل,2025-03-11 15:08:40,,True,admin
1430,الدبكة والرقصات الفولكلوريّة,2025-03-11 15:08:40,,True,admin
1431,الرياضة,2025-03-11 15:11:01,,True,admin
1431,الدبكة والرقصات الفولكلوريّة,2025-03-11 15:11:01,,True,admin
1432,التمثيل,2025-03-11 15:12:51,,True,admin
1433,الرياضة,2025-03-11 15:20:01,,True,admin
1434,الرياضة,2025-03-11 15:30:28,,True,admin
1434,القراءة,2025-03-11 15:30:28,,True,admin
1435,الرسم,2025-03-11 15:42:18,,True,admin
1438,الرياضة,2025-03-11 16:22:36,,True,admin
1438,مهارات التواصل,2025-03-11 16:22:36,,True,admin
1438,مهارات العمل الجماعي,2025-03-11 16:22:36,,True,admin
1439,العزف,2025-03-11 16:27:24,,True,admin
1439,التمثيل,2025-03-11 16:27:24,,True,admin
1439,تأدية حركات التراتيل,2025-03-11 16:27:24,,True,admin
1439,القراءة,2025-03-11 16:27:24,,True,admin
1439,أشغال يدويّة,2025-03-11 16:27:24,,True,admin
1439,الدبكة والرقصات الفولكلوريّة,2025-03-11 16:27:24,,True,admin
1439,الغناء,2025-03-11 16:27:24,,True,admin
1440,مهارات إداريّة,2025-03-11 16:45:09,,True,admin
1440,مهارات العمل الجماعي,2025-03-11 16:45:09,,True,admin
1440,التنظيم لأعمال تطوعيّة,2025-03-11 16:45:09,,True,admin
1443,أشغال يدويّة,2025-03-11 18:18:59,,True,admin
1444,التمثيل,2025-03-11 19:50:40,,True,admin
1444,تأدية حركات التراتيل,2025-03-11 19:50:40,,True,admin
1444,أشغال يدويّة,2025-03-11 19:50:40,,True,admin
1445,العزف,2025-03-11 20:18:08,,True,admin
1445,التمثيل,2025-03-11 20:18:08,,True,admin
1445,مهارات العمل الجماعي,2025-03-11 20:18:08,,True,admin
1446,الترتيل,2025-03-11 21:18:59,,True,admin
1446,الرياضة,2025-03-11 21:18:59,,True,admin
1446,القراءة,2025-03-11 21:18:59,,True,admin
1446,الدبكة والرقصات الفولكلوريّة,2025-03-11 21:18:59,,True,admin
1446,الغناء,2025-03-11 21:18:59,,True,admin
1447,الرياضة,2025-03-11 21:26:20,,True,admin
1448,العزف,2025-03-11 21:27:22,,True,admin
1448,الرياضة,2025-03-11 21:27:22,,True,admin
1448,الدبكة والرقصات الفولكلوريّة,2025-03-11 21:27:22,,True,admin
1449,الرياضة,2025-03-11 21:28:43,,True,admin
1449,الدبكة والرقصات الفولكلوريّة,2025-03-11 21:28:43,,True,admin
1450,العزف,2025-03-12 14:05:00,,True,admin
1450,الترتيل,2025-03-12 14:05:00,,True,admin
1450,الرياضة,2025-03-12 14:05:00,,True,admin
1451,الرسم,2025-03-12 14:57:48,,True,admin
1451,أشغال يدويّة,2025-03-12 14:57:48,,True,admin
1452,الرياضة,2025-03-12 15:07:45,,True,admin
1452,تأدية حركات التراتيل,2025-03-12 15:07:45,,True,admin
1453,العزف,2025-03-12 15:09:42,,True,admin
1453,الرسم,2025-03-12 15:09:42,,True,admin
1453,الدبكة والرقصات الفولكلوريّة,2025-03-12 15:09:42,,True,admin
1454,الرياضة,2025-03-12 15:12:52,,True,admin
1454,الشطرنج,2025-03-12 15:12:52,,True,admin
1455,العزف,2025-03-12 15:20:30,,True,admin
1455,الترتيل,2025-03-12 15:20:30,,True,admin
1455,التمثيل,2025-03-12 15:20:30,,True,admin
1455,تأدية حركات التراتيل,2025-03-12 15:20:30,,True,admin
1455,الرسم,2025-03-12 15:20:30,,True,admin
1455,الدبكة والرقصات الفولكلوريّة,2025-03-12 15:20:30,,True,admin
1455,الغناء,2025-03-12 15:20:30,,True,admin
1456,الرياضة,2025-03-12 15:20:53,,True,admin
1456,أشغال يدويّة,2025-03-12 15:20:53,,True,admin
1456,القراءة,2025-03-12 15:20:53,,True,admin
1456,الغناء,2025-03-12 15:20:53,,True,admin
1457,تأدية حركات التراتيل,2025-03-12 15:23:21,,True,admin
1458,القراءة,2025-03-12 15:25:46,,True,admin
1459,التمثيل,2025-03-12 16:17:47,,True,admin
1459,تأدية حركات التراتيل,2025-03-12 16:17:47,,True,admin
1459,الرسم,2025-03-12 16:17:47,,True,admin
1459,القراءة,2025-03-12 16:17:47,,True,admin
1459,أشغال يدويّة,2025-03-12 16:17:47,,True,admin
1459,الدبكة والرقصات الفولكلوريّة,2025-03-12 16:17:47,,True,admin
1460,تأدية حركات التراتيل,2025-03-12 16:23:28,,True,admin
1460,الرسم,2025-03-12 16:23:28,,True,admin
1460,الدبكة والرقصات الفولكلوريّة,2025-03-12 16:23:28,,True,admin
1460,التصوير,2025-03-12 16:23:28,,True,admin
1461,العزف,2025-03-12 16:24:26,,True,admin
1461,القراءة,2025-03-12 16:24:26,,True,admin
1462,العزف,2025-03-12 16:26:25,,True,admin
1462,الترتيل,2025-03-12 16:26:25,,True,admin
1462,التمثيل,2025-03-12 16:26:25,,True,admin
1462,الرسم,2025-03-12 16:26:25,,True,admin
1462,القراءة,2025-03-12 16:26:25,,True,admin
1462,أشغال يدويّة,2025-03-12 16:26:25,,True,admin
1462,الدبكة والرقصات الفولكلوريّة,2025-03-12 16:26:25,,True,admin
1462,الغناء,2025-03-12 16:26:25,,True,admin
1463,الغناء,2025-03-12 16:48:29,,True,admin
1463,الرياضة,2025-03-12 16:48:29,,True,admin
1463,التمثيل,2025-03-12 16:48:29,,True,admin
1463,مهارات العمل الجماعي,2025-03-12 16:48:29,,True,admin
1463,مهارات التخطيط,2025-03-12 16:48:29,,True,admin
1463,تحضير الألعاب,2025-03-12 16:48:29,,True,admin
1463,التنظيم لأعمال تطوعيّة,2025-03-12 16:48:29,,True,admin
1463,أجهزة الصوت (صوتيّات ومِكسرات),2025-03-12 16:48:29,,True,admin
1465,الرياضة,2025-03-12 17:33:05,,True,admin
1467,الرياضة,2025-03-12 18:19:59,,True,admin
1468,الرياضة,2025-03-12 19:05:22,,True,admin
1469,الرياضة,2025-03-12 19:13:45,,True,admin
1469,التمثيل,2025-03-12 19:13:45,,True,admin
1469,الرسم,2025-03-12 19:13:45,,True,admin
1469,القراءة,2025-03-12 19:13:45,,True,admin
1469,أشغال يدويّة,2025-03-12 19:13:45,,True,admin
1470,الرياضة,2025-03-12 19:14:55,,True,admin
1470,التمثيل,2025-03-12 19:14:55,,True,admin
1470,الرسم,2025-03-12 19:14:55,,True,admin
1470,القراءة,2025-03-12 19:14:55,,True,admin
1470,أشغال يدويّة,2025-03-12 19:14:55,,True,admin
1471,العزف,2025-03-12 19:39:05,,True,admin
1471,التمثيل,2025-03-12 19:39:05,,True,admin
1471,القراءة,2025-03-12 19:39:05,,True,admin
1471,أشغال يدويّة,2025-03-12 19:39:05,,True,admin
1472,الرياضة,2025-03-12 19:42:23,,True,admin
1473,العزف,2025-03-12 19:57:24,,True,admin
1473,الرياضة,2025-03-12 19:57:24,,True,admin
1473,الدبكة والرقصات الفولكلوريّة,2025-03-12 19:57:24,,True,admin
1474,العزف,2025-03-12 20:04:44,,True,admin
1474,التمثيل,2025-03-12 20:04:44,,True,admin
1474,أشغال يدويّة,2025-03-12 20:04:44,,True,admin
1475,العزف,2025-03-12 20:04:52,,True,admin
1475,الرياضة,2025-03-12 20:04:52,,True,admin
1475,التمثيل,2025-03-12 20:04:52,,True,admin
1475,الدبكة والرقصات الفولكلوريّة,2025-03-12 20:04:52,,True,admin
1475,الغناء,2025-03-12 20:04:52,,True,admin
1476,العزف,2025-03-12 20:06:10,,True,admin
1476,الرياضة,2025-03-12 20:06:10,,True,admin
1477,العزف,2025-03-12 20:12:04,,True,admin
1477,الترتيل,2025-03-12 20:12:04,,True,admin
1477,الغناء,2025-03-12 20:12:04,,True,admin
1478,الرياضة,2025-03-12 20:25:23,,True,admin
1478,القراءة,2025-03-12 20:25:23,,True,admin
1480,العزف,2025-03-12 20:36:26,,True,admin
1480,الترتيل,2025-03-12 20:36:26,,True,admin
1481,الرسم,2025-03-12 20:40:14,2026-05-27 19:55:41,False,admin
1482,العزف,2025-03-12 20:42:33,,True,admin
1482,القراءة,2025-03-12 20:42:33,,True,admin
1482,أشغال يدويّة,2025-03-12 20:42:33,,True,admin
1482,الكتابة,2025-03-12 20:42:33,,True,admin
1483,أشغال يدويّة,2025-03-12 21:25:48,,True,admin
1484,العزف,2025-03-12 22:16:04,,True,admin
1485,الرياضة,2025-03-12 22:36:11,,True,admin
1486,القراءة,2025-03-12 22:42:32,,True,admin
1486,الرياضة,2025-03-12 22:42:32,,True,admin
1486,تأدية حركات التراتيل,2025-03-12 22:42:32,,True,admin
1486,الرسم,2025-03-12 22:42:32,,True,admin
1486,الدبكة والرقصات الفولكلوريّة,2025-03-12 22:42:32,,True,admin
1487,الترتيل,2025-03-12 22:48:08,,True,admin
1487,القراءة,2025-03-12 22:48:08,,True,admin
1488,الرياضة,2025-03-12 23:27:18,,True,admin
1488,التمثيل,2025-03-12 23:27:18,,True,admin
1488,تأدية حركات التراتيل,2025-03-12 23:27:18,,True,admin
1488,أشغال يدويّة,2025-03-12 23:27:18,,True,admin
1489,الرسم,2025-03-12 23:47:07,,True,admin
1489,القراءة,2025-03-12 23:47:07,,True,admin
1490,الرياضة,2025-03-12 23:48:28,,True,admin
1491,الرسم,2025-03-12 23:49:46,,True,admin
1491,القراءة,2025-03-12 23:49:46,,True,admin
1492,التمثيل,2025-03-12 23:50:48,,True,admin
1492,كتابة نصوص,2025-03-12 23:50:48,,True,admin
1492,مهارات التواصل,2025-03-12 23:50:48,,True,admin
1492,مهارات العمل الجماعي,2025-03-12 23:50:48,,True,admin
1492,مهارات التخطيط,2025-03-12 23:50:48,,True,admin
1492,تحضير الألعاب,2025-03-12 23:50:48,,True,admin
1492,التنظيم لأعمال تطوعيّة,2025-03-12 23:50:48,,True,admin
1493,التمثيل,2025-03-13 00:02:06,,True,admin
1494,الرياضة,2025-03-13 00:29:53,,True,admin
1494,القراءة,2025-03-13 00:29:53,,True,admin
1494,مهارات إداريّة,2025-03-13 00:29:53,,True,admin
1496,العزف,2025-03-13 01:38:32,,True,admin
1496,الترتيل,2025-03-13 01:38:32,,True,admin
1496,التمثيل,2025-03-13 01:38:32,,True,admin
1496,القراءة,2025-03-13 01:38:32,,True,admin
1496,أشغال يدويّة,2025-03-13 01:38:32,,True,admin
1496,الدبكة والرقصات الفولكلوريّة,2025-03-13 01:38:32,,True,admin
1496,الغناء,2025-03-13 01:38:32,,True,admin
1497,الرياضة,2025-03-13 01:39:46,,True,admin
1498,كتابة نصوص,2025-03-13 12:19:35,,True,admin
1498,مهارات التواصل,2025-03-13 12:19:35,,True,admin
1498,مهارات إداريّة,2025-03-13 12:19:35,,True,admin
1498,مهارات العمل الجماعي,2025-03-13 12:19:35,,True,admin
1498,مهارات التخطيط,2025-03-13 12:19:35,,True,admin
1498,التنظيم لأعمال تطوعيّة,2025-03-13 12:19:35,,True,admin
1499,الرياضة,2025-03-13 12:21:13,,True,admin
1499,التصوير الفوتوغرافي,2025-03-13 12:21:13,,True,admin
1499,التمثيل,2025-03-13 12:21:13,,True,admin
1499,مهارات العمل الجماعي,2025-03-13 12:21:13,,True,admin
1499,التنظيم لأعمال تطوعيّة,2025-03-13 12:21:13,,True,admin
1500,تصوير فيديو,2025-03-13 12:31:45,,True,admin
1500,مونتاج فيديو,2025-03-13 12:31:45,,True,admin
1500,مهارات التواصل,2025-03-13 12:31:45,,True,admin
1500,مهارات إداريّة,2025-03-13 12:31:45,,True,admin
1500,مهارات العمل الجماعي,2025-03-13 12:31:45,,True,admin
1500,مهارات التخطيط,2025-03-13 12:31:45,,True,admin
1500,تحضير الألعاب,2025-03-13 12:31:45,,True,admin
1500,التنظيم لأعمال تطوعيّة,2025-03-13 12:31:45,,True,admin
1500,أشغال يدويّة,2025-03-13 12:31:45,,True,admin
1500,تأدية حركات التراتيل,2025-03-13 12:31:45,,True,admin
1501,مهارات التواصل,2025-03-13 12:46:43,,True,admin
1501,مهارات إداريّة,2025-03-13 12:46:43,,True,admin
1501,مهارات العمل الجماعي,2025-03-13 12:46:43,,True,admin
1501,مهارات التخطيط,2025-03-13 12:46:43,,True,admin
1501,التنظيم لأعمال تطوعيّة,2025-03-13 12:46:43,,True,admin
1502,العزف,2025-03-13 12:56:42,,True,admin
1502,الترتيل,2025-03-13 12:56:42,,True,admin
1502,الرياضة,2025-03-13 12:56:42,,True,admin
1502,الرسم,2025-03-13 12:56:42,,True,admin
1502,مهارات العمل الجماعي,2025-03-13 12:56:42,,True,admin
1502,مهارات التخطيط,2025-03-13 12:56:42,,True,admin
1502,تحضير الألعاب,2025-03-13 12:56:42,,True,admin
1502,أشغال يدويّة,2025-03-13 12:56:42,,True,admin
1502,السباحة,2025-03-13 12:56:42,,True,admin
1503,التصميم الجرافيكي,2025-03-13 13:13:03,,True,admin
1503,مونتاج فيديو,2025-03-13 13:13:03,,True,admin
1503,مهارات التواصل,2025-03-13 13:13:03,,True,admin
1503,مهارات إداريّة,2025-03-13 13:13:03,,True,admin
1503,مهارات العمل الجماعي,2025-03-13 13:13:03,,True,admin
1503,مهارات التخطيط,2025-03-13 13:13:03,,True,admin
1503,التنظيم لأعمال تطوعيّة,2025-03-13 13:13:03,,True,admin
1504,العزف,2025-03-13 14:37:50,,True,admin
1504,الترتيل,2025-03-13 14:37:50,,True,admin
1504,التمثيل,2025-03-13 14:37:50,,True,admin
1504,الرسم,2025-03-13 14:37:50,,True,admin
1504,الدبكة والرقصات الفولكلوريّة,2025-03-13 14:37:50,,True,admin
1504,الغناء,2025-03-13 14:37:50,,True,admin
1505,الرياضة,2025-03-13 16:37:19,,True,admin
1505,الرسم,2025-03-13 16:37:19,,True,admin
1505,القراءة,2025-03-13 16:37:19,,True,admin
1506,الترتيل,2025-03-13 16:38:10,,True,admin
1506,الرياضة,2025-03-13 16:38:10,,True,admin
1506,القراءة,2025-03-13 16:38:10,,True,admin
1506,الغناء,2025-03-13 16:38:10,,True,admin
1508,الترتيل,2025-03-13 16:41:40,,True,admin
1508,الرياضة,2025-03-13 16:41:40,,True,admin
1508,الدبكة والرقصات الفولكلوريّة,2025-03-13 16:41:40,,True,admin
1509,الرياضة,2025-03-13 16:41:57,,True,admin
1510,العزف,2025-03-13 18:15:55,,True,admin
1510,الرياضة,2025-03-13 18:15:55,,True,admin
1510,التمثيل,2025-03-13 18:15:55,,True,admin
1511,الرسم,2025-03-13 18:20:26,,True,admin
1511,أشغال يدويّة,2025-03-13 18:20:26,,True,admin
1512,الدبكة والرقصات الفولكلوريّة,2025-03-13 18:21:41,,True,admin
1513,الغناء,2025-03-13 18:22:01,,True,admin
1514,الرسم,2025-03-13 18:22:14,,True,admin
1515,الرسم,2025-03-13 18:22:27,,True,admin
1516,العزف,2025-03-13 18:22:34,,True,admin
1516,الرسم,2025-03-13 18:22:34,,True,admin
1517,الرياضة,2025-03-13 18:23:50,,True,admin
1519,الرسم,2025-03-13 18:23:58,,True,admin
1519,أشغال يدويّة,2025-03-13 18:23:58,,True,admin
1520,الدبكة والرقصات الفولكلوريّة,2025-03-13 18:24:01,,True,admin
1521,الطبخ,2025-03-13 18:24:13,,True,admin
1522,الرياضة,2025-03-13 18:24:18,,True,admin
1523,الرياضة,2025-03-13 18:24:31,,True,admin
1524,العزف,2025-03-13 18:25:11,,True,admin
1524,الرياضة,2025-03-13 18:25:11,,True,admin
1524,الدبكة والرقصات الفولكلوريّة,2025-03-13 18:25:11,,True,admin
1524,ركوب الخيل,2025-03-13 18:25:11,,True,admin
1525,الرسم,2025-03-13 18:26:03,,True,admin
1526,الرياضة,2025-03-13 18:26:55,,True,admin
1527,الرياضة,2025-03-13 18:27:04,,True,admin
1528,الرياضة,2025-03-13 18:28:24,,True,admin
1529,العزف,2025-03-13 18:28:45,,True,admin
1530,الرسم,2025-03-13 18:28:52,,True,admin
1532,الترتيل,2025-03-13 18:29:17,,True,admin
1532,الرياضة,2025-03-13 18:29:17,,True,admin
1532,التمثيل,2025-03-13 18:29:17,,True,admin
1532,القراءة,2025-03-13 18:29:17,,True,admin
1533,الدبكة والرقصات الفولكلوريّة,2025-03-13 18:29:35,,True,admin
1534,الرياضة,2025-03-13 18:30:08,,True,admin
1535,الرياضة,2025-03-13 18:30:35,,True,admin
1537,الرياضة,2025-03-13 18:31:25,,True,admin
1537,الرسم,2025-03-13 18:31:25,,True,admin
1538,العزف,2025-03-13 18:31:43,,True,admin
1538,الترتيل,2025-03-13 18:31:43,,True,admin
1538,الرياضة,2025-03-13 18:31:43,,True,admin
1538,التمثيل,2025-03-13 18:31:43,,True,admin
1538,القراءة,2025-03-13 18:31:43,,True,admin
1538,أشغال يدويّة,2025-03-13 18:31:43,,True,admin
1538,الدبكة والرقصات الفولكلوريّة,2025-03-13 18:31:43,,True,admin
1538,الغناء,2025-03-13 18:31:43,,True,admin
1538,تأدية حركات التراتيل,2025-03-13 18:31:43,,True,admin
1539,القراءة,2025-03-13 19:19:47,,True,admin
1540,الرياضة,2025-03-13 19:33:59,,True,admin
1540,التمثيل,2025-03-13 19:33:59,,True,admin
1540,الدبكة والرقصات الفولكلوريّة,2025-03-13 19:33:59,,True,admin
1541,العزف,2025-03-13 20:09:08,,True,admin
1541,الرياضة,2025-03-13 20:09:08,,True,admin
1542,العزف,2025-03-13 21:26:10,,True,admin
1543,الرياضة,2025-03-13 23:33:09,,True,admin
1544,الترتيل,2025-03-14 02:33:22,,True,admin
1544,الرياضة,2025-03-14 02:33:22,,True,admin
1544,التمثيل,2025-03-14 02:33:22,,True,admin
1544,القراءة,2025-03-14 02:33:22,,True,admin
1544,أشغال يدويّة,2025-03-14 02:33:22,,True,admin
1544,الغناء,2025-03-14 02:33:22,,True,admin
1545,الرياضة,2025-03-14 09:00:52,,True,admin
1545,التمثيل,2025-03-14 09:00:52,,True,admin
1546,الترتيل,2025-03-14 09:03:46,,True,admin
1546,أشغال يدويّة,2025-03-14 09:03:46,,True,admin
1548,الترتيل,2025-03-14 09:06:06,,True,admin
1548,الرياضة,2025-03-14 09:06:06,,True,admin
1548,الغناء,2025-03-14 09:06:06,,True,admin
1549,الرياضة,2025-03-14 09:07:25,,True,admin
1550,التصوير,2025-03-14 09:08:09,,True,admin
1551,الترتيل,2025-03-14 09:09:07,,True,admin
1551,التمثيل,2025-03-14 09:09:07,,True,admin
1551,أشغال يدويّة,2025-03-14 09:09:07,,True,admin
1552,الترتيل,2025-03-14 09:09:49,,True,admin
1552,الرياضة,2025-03-14 09:09:49,,True,admin
1552,الرسم,2025-03-14 09:09:49,,True,admin
1552,القراءة,2025-03-14 09:09:49,,True,admin
1552,الغناء,2025-03-14 09:09:49,,True,admin
1553,الرياضة,2025-03-14 09:11:47,,True,admin
1553,القراءة,2025-03-14 09:11:47,,True,admin
1553,الغناء,2025-03-14 09:11:47,,True,admin
1554,أشغال يدويّة,2025-03-14 09:13:07,,True,admin
1554,الدبكة والرقصات الفولكلوريّة,2025-03-14 09:13:07,,True,admin
1555,الرياضة,2025-03-14 09:13:50,,True,admin
1555,الرسم,2025-03-14 09:13:50,,True,admin
1555,التمثيل,2025-03-14 09:13:50,,True,admin
1556,الرياضة,2025-03-14 09:16:17,,True,admin
1557,العزف,2025-03-14 09:17:20,,True,admin
1557,الترتيل,2025-03-14 09:17:20,,True,admin
1557,الرياضة,2025-03-14 09:17:20,,True,admin
1557,تأدية حركات التراتيل,2025-03-14 09:17:20,,True,admin
1557,الغناء,2025-03-14 09:17:20,,True,admin
1558,تأدية حركات التراتيل,2025-03-14 09:17:51,,True,admin
1559,الترتيل,2025-03-14 09:18:33,,True,admin
1559,التصوير الفوتوغرافي,2025-03-14 09:18:33,,True,admin
1559,الرسم,2025-03-14 09:18:33,,True,admin
1560,تأدية حركات التراتيل,2025-03-14 09:20:25,,True,admin
1561,الترتيل,2025-03-14 09:21:21,,True,admin
1561,تأدية حركات التراتيل,2025-03-14 09:21:21,,True,admin
1561,القراءة,2025-03-14 09:21:21,,True,admin
1562,الرياضة,2025-03-14 09:22:39,,True,admin
1562,التمثيل,2025-03-14 09:22:39,,True,admin
1562,تأدية حركات التراتيل,2025-03-14 09:22:39,,True,admin
1563,القراءة,2025-03-14 09:24:34,,True,admin
1564,القراءة,2025-03-14 10:04:26,,True,admin
1564,مهارات التواصل,2025-03-14 10:04:26,,True,admin
1564,مهارات إداريّة,2025-03-14 10:04:26,,True,admin
1564,مهارات العمل الجماعي,2025-03-14 10:04:26,,True,admin
1564,مهارات التخطيط,2025-03-14 10:04:26,,True,admin
1564,تحضير الألعاب,2025-03-14 10:04:26,,True,admin
1564,أشغال يدويّة,2025-03-14 10:04:26,,True,admin
1564,تأدية حركات التراتيل,2025-03-14 10:04:26,,True,admin
1565,العزف,2025-03-14 10:40:55,,True,admin
1565,الرياضة,2025-03-14 10:40:55,,True,admin
1565,التصوير الفوتوغرافي,2025-03-14 10:40:55,,True,admin
1565,مهارات التواصل,2025-03-14 10:40:55,,True,admin
1565,تحضير الألعاب,2025-03-14 10:40:55,,True,admin
1565,التنظيم لأعمال تطوعيّة,2025-03-14 10:40:55,,True,admin
1567,الترتيل,2025-03-14 12:21:21,,True,admin
1567,الرياضة,2025-03-14 12:21:21,,True,admin
1568,أشغال يدويّة,2025-03-14 12:41:09,,True,admin
1570,الرسم,2025-03-14 12:43:05,,True,admin
1571,التصوير الفوتوغرافي,2025-03-14 16:35:14,,True,admin
1571,التصميم الداخلي/ ديكور,2025-03-14 16:35:14,,True,admin
1571,الرسم,2025-03-14 16:35:14,,True,admin
1571,مهارات العمل الجماعي,2025-03-14 16:35:14,,True,admin
1571,أشغال يدويّة,2025-03-14 16:35:14,,True,admin
1572,الرياضة,2025-03-14 16:40:01,,True,admin
1572,التنظيم لأعمال تطوعيّة,2025-03-14 16:40:01,,True,admin
1573,الترتيل,2025-03-14 16:40:39,,True,admin
1573,الرياضة,2025-03-14 16:40:39,,True,admin
1573,التمثيل,2025-03-14 16:40:39,,True,admin
1573,رسوم متحركة Animation,2025-03-14 16:40:39,,True,admin
1573,الرسم,2025-03-14 16:40:39,,True,admin
1573,مهارات العمل الجماعي,2025-03-14 16:40:39,,True,admin
1573,تحضير الألعاب,2025-03-14 16:40:39,,True,admin
1573,التنظيم لأعمال تطوعيّة,2025-03-14 16:40:39,,True,admin
1573,أشغال يدويّة,2025-03-14 16:40:39,,True,admin
1573,الدبكة والرقصات الفولكلوريّة,2025-03-14 16:40:39,,True,admin
1573,تأدية حركات التراتيل,2025-03-14 16:40:39,,True,admin
1574,حلاق رجالي,2025-03-14 16:43:03,,True,admin
1575,الترتيل,2025-03-14 16:45:31,,True,admin
1575,الرياضة,2025-03-14 16:45:31,,True,admin
1575,القراءة,2025-03-14 16:45:31,,True,admin
1575,الدبكة والرقصات الفولكلوريّة,2025-03-14 16:45:31,,True,admin
1576,التصوير الفوتوغرافي,2025-03-14 16:48:31,,True,admin
1576,التمثيل,2025-03-14 16:48:31,,True,admin
1576,الإخراج (السينمائي/ المسرحي),2025-03-14 16:48:31,,True,admin
1576,التنظيم لأعمال تطوعيّة,2025-03-14 16:48:31,,True,admin
1576,أجهزة الصوت (صوتيّات ومِكسرات),2025-03-14 16:48:31,,True,admin
1578,الرياضة,2025-03-14 16:51:46,,True,admin
1578,القراءة,2025-03-14 16:51:46,,True,admin
1578,العزف,2025-03-14 16:51:46,,True,admin
1579,الترتيل,2025-03-14 17:01:45,,True,admin
1579,الرياضة,2025-03-14 17:01:45,,True,admin
1579,القراءة,2025-03-14 17:01:45,,True,admin
1580,الرياضة,2025-03-14 17:19:56,,True,admin
1581,الرياضة,2025-03-14 17:23:58,,True,admin
1581,أشغال يدويّة,2025-03-14 17:23:58,,True,admin
1583,الرياضة,2025-03-14 18:09:08,,True,admin
1585,الرسم,2025-03-14 18:22:04,,True,admin
1585,القراءة,2025-03-14 18:22:04,,True,admin
1585,أشغال يدويّة,2025-03-14 18:22:04,,True,admin
1586,الرياضة,2025-03-14 21:25:50,,True,admin
1586,التصوير الفوتوغرافي,2025-03-14 21:25:50,,True,admin
1586,التصميم الجرافيكي,2025-03-14 21:25:50,,True,admin
1586,تصوير فيديو,2025-03-14 21:25:50,,True,admin
1586,التصميم الداخلي/ ديكور,2025-03-14 21:25:50,,True,admin
1586,مونتاج فيديو,2025-03-14 21:25:50,,True,admin
1586,مهارات التواصل,2025-03-14 21:25:50,,True,admin
1586,مهارات إداريّة,2025-03-14 21:25:50,,True,admin
1586,مهارات العمل الجماعي,2025-03-14 21:25:50,,True,admin
1586,مهارات التخطيط,2025-03-14 21:25:50,,True,admin
1586,تحضير الألعاب,2025-03-14 21:25:50,,True,admin
1586,التنظيم لأعمال تطوعيّة,2025-03-14 21:25:50,,True,admin
1586,أشغال يدويّة,2025-03-14 21:25:50,,True,admin
1586,تأدية حركات التراتيل,2025-03-14 21:25:50,,True,admin
1587,أشغال يدويّة,2025-03-14 21:46:29,,True,admin
1588,القراءة,2025-03-14 21:56:16,,True,admin
1588,التصوير الفوتوغرافي,2025-03-14 21:56:16,,True,admin
1588,كتابة الخواطر,2025-03-14 21:56:16,,True,admin
1589,الرياضة,2025-03-14 22:33:42,,True,admin
1590,الترتيل,2025-03-14 22:58:48,,True,admin
1590,تحضير الألعاب,2025-03-14 22:58:48,,True,admin
1590,التنظيم لأعمال تطوعيّة,2025-03-14 22:58:48,,True,admin
1590,الدبكة والرقصات الفولكلوريّة,2025-03-14 22:58:48,,True,admin
1590,تأدية حركات التراتيل,2025-03-14 22:58:48,,True,admin
1591,الرياضة,2025-03-14 23:26:22,,True,admin
1591,مهارات التواصل,2025-03-14 23:26:22,,True,admin
1591,مهارات إداريّة,2025-03-14 23:26:22,,True,admin
1591,مهارات العمل الجماعي,2025-03-14 23:26:22,,True,admin
1591,مهارات التخطيط,2025-03-14 23:26:22,,True,admin
1592,الترتيل,2025-03-14 23:50:58,,True,admin
1592,أشغال يدويّة,2025-03-14 23:50:58,,True,admin
1592,الخياطة,2025-03-14 23:50:58,,True,admin
1593,الرياضة,2025-03-15 04:52:02,,True,admin
1593,التصوير الفوتوغرافي,2025-03-15 04:52:02,,True,admin
1593,التصميم الجرافيكي,2025-03-15 04:52:02,,True,admin
1593,تصوير فيديو,2025-03-15 04:52:02,,True,admin
1593,كتابة نصوص,2025-03-15 04:52:02,,True,admin
1593,مونتاج فيديو,2025-03-15 04:52:02,,True,admin
1593,القراءة,2025-03-15 04:52:02,,True,admin
1593,مهارات التواصل,2025-03-15 04:52:02,,True,admin
1593,مهارات إداريّة,2025-03-15 04:52:02,,True,admin
1593,مهارات العمل الجماعي,2025-03-15 04:52:02,,True,admin
1593,مهارات التخطيط,2025-03-15 04:52:02,,True,admin
1593,تحضير الألعاب,2025-03-15 04:52:02,,True,admin
1593,التنظيم لأعمال تطوعيّة,2025-03-15 04:52:02,,True,admin
1593,الدبكة والرقصات الفولكلوريّة,2025-03-15 04:52:02,,True,admin
1594,الرياضة,2025-03-15 11:02:07,,True,admin
1594,الرسم,2025-03-15 11:02:07,,True,admin
1594,القراءة,2025-03-15 11:02:07,,True,admin
1595,العزف,2025-03-15 11:05:27,,True,admin
1595,الرياضة,2025-03-15 11:05:27,,True,admin
1596,الترتيل,2025-03-15 12:24:01,,True,admin
1596,التصوير الفوتوغرافي,2025-03-15 12:24:01,,True,admin
1596,التصميم الداخلي/ ديكور,2025-03-15 12:24:01,,True,admin
1596,الرسم,2025-03-15 12:24:01,,True,admin
1596,الدبكة والرقصات الفولكلوريّة,2025-03-15 12:24:01,,True,admin
1597,الرياضة,2025-03-15 14:03:19,,True,admin
1597,أجهزة الصوت (صوتيّات ومِكسرات),2025-03-15 14:03:19,,True,admin
1597,أشغال يدويّة,2025-03-15 14:03:19,,True,admin
1598,الترتيل,2025-03-15 14:37:03,,True,admin
1598,مهارات التواصل,2025-03-15 14:37:03,,True,admin
1598,مهارات إداريّة,2025-03-15 14:37:03,,True,admin
1598,مهارات العمل الجماعي,2025-03-15 14:37:03,,True,admin
1598,مهارات التخطيط,2025-03-15 14:37:03,,True,admin
1598,تحضير الألعاب,2025-03-15 14:37:03,,True,admin
1598,التنظيم لأعمال تطوعيّة,2025-03-15 14:37:03,,True,admin
1598,أشغال يدويّة,2025-03-15 14:37:03,,True,admin
1599,الرسم,2025-03-15 15:28:27,,True,admin
1599,الدبكة والرقصات الفولكلوريّة,2025-03-15 15:28:27,,True,admin
1599,الغناء,2025-03-15 15:28:27,,True,admin
1600,تأدية حركات التراتيل,2025-03-15 15:30:13,,True,admin
1600,الدبكة والرقصات الفولكلوريّة,2025-03-15 15:30:13,,True,admin
1600,الغناء,2025-03-15 15:30:13,,True,admin
1601,الرياضة,2025-03-15 16:16:13,,True,admin
1601,الشطرنج,2025-03-15 16:16:13,,True,admin
1602,الرياضة,2025-03-15 16:18:27,,True,admin
1602,الرسم,2025-03-15 16:18:27,,True,admin
1603,الرسم,2025-03-15 16:30:24,,True,admin
1603,القراءة,2025-03-15 16:30:24,,True,admin
1603,الغناء,2025-03-15 16:30:24,,True,admin
1604,الرياضة,2025-03-15 16:34:31,,True,admin
1604,الرسم,2025-03-15 16:34:31,,True,admin
1604,القراءة,2025-03-15 16:34:31,,True,admin
1604,الغناء,2025-03-15 16:34:31,,True,admin
1605,الرياضة,2025-03-15 16:35:33,,True,admin
1605,الرسم,2025-03-15 16:35:33,,True,admin
1605,القراءة,2025-03-15 16:35:33,,True,admin
1605,الدبكة والرقصات الفولكلوريّة,2025-03-15 16:35:33,,True,admin
1605,الغناء,2025-03-15 16:35:33,,True,admin
1606,العزف,2025-03-15 16:37:10,,True,admin
1606,تأدية حركات التراتيل,2025-03-15 16:37:10,,True,admin
1606,الرسم,2025-03-15 16:37:10,,True,admin
1606,الدبكة والرقصات الفولكلوريّة,2025-03-15 16:37:10,,True,admin
1607,الرياضة,2025-03-15 16:39:45,,True,admin
1607,القراءة,2025-03-15 16:39:45,,True,admin
1607,أشغال يدويّة,2025-03-15 16:39:45,,True,admin
1608,الرسم,2025-03-15 16:40:04,,True,admin
1608,الدبكة والرقصات الفولكلوريّة,2025-03-15 16:40:04,,True,admin
1608,الغناء,2025-03-15 16:40:04,,True,admin
1609,العزف,2025-03-15 16:56:20,,True,admin
1609,الترتيل,2025-03-15 16:56:20,,True,admin
1610,العزف,2025-03-15 17:02:56,,True,admin
1610,الترتيل,2025-03-15 17:02:56,,True,admin
1610,الرياضة,2025-03-15 17:02:56,,True,admin
1610,تأدية حركات التراتيل,2025-03-15 17:02:56,,True,admin
1611,الترتيل,2025-03-15 17:15:52,,True,admin
1611,الرياضة,2025-03-15 17:15:52,,True,admin
1611,تأدية حركات التراتيل,2025-03-15 17:15:52,,True,admin
1611,الرسم,2025-03-15 17:15:52,,True,admin
1611,الغناء,2025-03-15 17:15:52,,True,admin
1612,الرياضة,2025-03-15 17:24:19,,True,admin
1612,الرسم,2025-03-15 17:24:19,,True,admin
1613,العزف,2025-03-15 17:26:05,,True,admin
1613,الترتيل,2025-03-15 17:26:05,,True,admin
1614,العزف,2025-03-15 17:31:35,,True,admin
1614,الترتيل,2025-03-15 17:31:35,,True,admin
1614,الرسم,2025-03-15 17:31:35,,True,admin
1614,أشغال يدويّة,2025-03-15 17:31:35,,True,admin
1614,الغناء,2025-03-15 17:31:35,,True,admin
1615,الرياضة,2025-03-15 17:34:14,,True,admin
1615,تأدية حركات التراتيل,2025-03-15 17:34:14,,True,admin
1615,الرسم,2025-03-15 17:34:14,,True,admin
1615,أشغال يدويّة,2025-03-15 17:34:14,,True,admin
1616,الرياضة,2025-03-15 17:36:05,,True,admin
1616,تأدية حركات التراتيل,2025-03-15 17:36:05,,True,admin
1616,الرسم,2025-03-15 17:36:05,,True,admin
1616,أشغال يدويّة,2025-03-15 17:36:05,,True,admin
1617,العزف,2025-03-15 17:48:12,,True,admin
1617,الرسم,2025-03-15 17:48:12,,True,admin
1617,أشغال يدويّة,2025-03-15 17:48:12,,True,admin
1618,الرسم,2025-03-15 17:50:02,,True,admin
1619,الرياضة,2025-03-15 18:09:25,,True,admin
1619,التمثيل,2025-03-15 18:09:25,,True,admin
1619,القراءة,2025-03-15 18:09:25,,True,admin
1620,الرسم,2025-03-15 18:19:40,,True,admin
1623,الترتيل,2025-03-15 20:43:22,,True,admin
1623,التمثيل,2025-03-15 20:43:22,,True,admin
1623,الدبكة والرقصات الفولكلوريّة,2025-03-15 20:43:22,,True,admin
1623,الغناء,2025-03-15 20:43:22,,True,admin
1624,الرياضة,2025-03-15 21:22:47,,True,admin
1624,مهارات إداريّة,2025-03-15 21:22:47,,True,admin
1624,أشغال يدويّة,2025-03-15 21:22:47,,True,admin
1625,الغناء,2025-03-15 21:26:57,,True,admin
1626,العزف,2025-03-15 21:29:37,,True,admin
1627,الرياضة,2025-03-15 21:43:59,,True,admin
1628,الرياضة,2025-03-15 21:48:16,,True,admin
1629,الترتيل,2025-03-15 22:08:27,,True,admin
1629,الرياضة,2025-03-15 22:08:27,,True,admin
1629,مونتاج فيديو,2025-03-15 22:08:27,,True,admin
1629,تحضير الألعاب,2025-03-15 22:08:27,,True,admin
1629,أشغال يدويّة,2025-03-15 22:08:27,,True,admin
1629,الدبكة والرقصات الفولكلوريّة,2025-03-15 22:08:27,,True,admin
1629,تأدية حركات التراتيل,2025-03-15 22:08:27,,True,admin
1631,الرسم,2025-03-15 22:25:10,,True,admin
1632,الرياضة,2025-03-15 22:42:42,,True,admin
1632,تأدية حركات التراتيل,2025-03-15 22:42:42,,True,admin
1632,الرسم,2025-03-15 22:42:42,,True,admin
1632,الدبكة والرقصات الفولكلوريّة,2025-03-15 22:42:42,,True,admin
1633,العزف,2025-03-15 22:44:36,,True,admin
1633,الترتيل,2025-03-15 22:44:36,,True,admin
1633,الرياضة,2025-03-15 22:44:36,,True,admin
1633,التمثيل,2025-03-15 22:44:36,,True,admin
1633,تأدية حركات التراتيل,2025-03-15 22:44:36,,True,admin
1633,الرسم,2025-03-15 22:44:36,,True,admin
1633,القراءة,2025-03-15 22:44:36,,True,admin
1633,الدبكة والرقصات الفولكلوريّة,2025-03-15 22:44:36,,True,admin
1633,الغناء,2025-03-15 22:44:36,,True,admin
1634,الرسم,2025-03-15 23:00:31,,True,admin
1634,القراءة,2025-03-15 23:00:31,,True,admin
1635,التصوير الفوتوغرافي,2025-03-15 23:55:20,,True,admin
1635,تصوير فيديو,2025-03-15 23:55:20,,True,admin
1635,مونتاج فيديو,2025-03-15 23:55:20,,True,admin
1635,القراءة,2025-03-15 23:55:20,,True,admin
1635,مهارات إداريّة,2025-03-15 23:55:20,,True,admin
1635,مهارات التخطيط,2025-03-15 23:55:20,,True,admin
1635,تحضير الألعاب,2025-03-15 23:55:20,,True,admin
1635,التنظيم لأعمال تطوعيّة,2025-03-15 23:55:20,,True,admin
1636,تأدية حركات التراتيل,2025-03-16 00:19:00,,True,admin
1637,الرياضة,2025-03-16 00:21:40,,True,admin
1637,القراءة,2025-03-16 00:21:40,,True,admin
1638,الدبكة والرقصات الفولكلوريّة,2025-03-16 00:25:57,,True,admin
1639,تأدية حركات التراتيل,2025-03-16 00:32:55,,True,admin
1640,العزف,2025-03-16 00:53:36,,True,admin
1640,الرياضة,2025-03-16 00:53:36,,True,admin
1640,تأدية حركات التراتيل,2025-03-16 00:53:36,,True,admin
1640,الرسم,2025-03-16 00:53:36,,True,admin
1640,أشغال يدويّة,2025-03-16 00:53:36,,True,admin
1641,الرياضة,2025-03-16 07:57:18,,True,admin
1641,الرسم,2025-03-16 07:57:18,,True,admin
1642,الرسم,2025-03-16 07:59:07,,True,admin
1643,الرياضة,2025-03-16 09:34:01,,True,admin
1643,تأدية حركات التراتيل,2025-03-16 09:34:01,,True,admin
1643,الترتيل,2025-03-16 09:34:01,,True,admin
1643,الرسم,2025-03-16 09:34:01,,True,admin
1644,تأدية حركات التراتيل,2025-03-16 09:34:01,,True,admin
1645,الرسم,2025-03-16 09:34:01,,True,admin
1646,تأدية حركات التراتيل,2025-03-16 09:34:01,,True,admin
1647,الرياضة,2025-03-16 09:34:01,,True,admin
1647,تأدية حركات التراتيل,2025-03-16 09:34:01,,True,admin
1648,الرياضة,2025-03-16 09:34:01,,True,admin
1648,تأدية حركات التراتيل,2025-03-16 09:34:01,,True,admin
1650,تأدية حركات التراتيل,2025-03-16 09:34:01,,True,admin
1651,القراءة,2025-03-16 12:02:12,,True,admin
1651,مهارات التواصل,2025-03-16 12:02:12,,True,admin
1651,مهارات العمل الجماعي,2025-03-16 12:02:12,,True,admin
1651,مهارات التخطيط,2025-03-16 12:02:12,,True,admin
1651,تحضير الألعاب,2025-03-16 12:02:12,,True,admin
1651,أشغال يدويّة,2025-03-16 12:02:12,,True,admin
1652,الغناء,2025-03-16 12:19:30,,True,admin
1652,الترتيل,2025-03-16 12:19:30,,True,admin
1652,الرسم,2025-03-16 12:19:30,,True,admin
1653,أشغال يدويّة,2025-03-16 13:00:31,,True,admin
1654,العزف,2025-03-16 13:13:04,,True,admin
1654,الرياضة,2025-03-16 13:13:04,,True,admin
1654,الرسم,2025-03-16 13:13:04,,True,admin
1654,الدبكة والرقصات الفولكلوريّة,2025-03-16 13:13:04,,True,admin
1655,العزف,2025-03-16 13:21:01,,True,admin
1655,الدبكة والرقصات الفولكلوريّة,2025-03-16 13:21:01,,True,admin
1656,التمثيل,2025-03-16 14:12:15,,True,admin
1656,الرسم,2025-03-16 14:12:15,,True,admin
1657,تحضير الألعاب,2025-03-16 14:21:46,,True,admin
1657,تأدية حركات التراتيل,2025-03-16 14:21:46,,True,admin
1657,الرياضة,2025-03-16 14:21:46,,True,admin
1657,التنظيم لأعمال تطوعيّة,2025-03-16 14:21:46,,True,admin
1657,أجهزة الصوت (صوتيّات ومِكسرات),2025-03-16 14:21:46,,True,admin
1658,أشغال يدويّة,2025-03-16 14:26:00,,True,admin
1658,الغناء,2025-03-16 14:26:00,,True,admin
1658,الدبكة والرقصات الفولكلوريّة,2025-03-16 14:26:00,,True,admin
1659,الرسم,2025-03-16 14:32:46,,True,admin
1660,الرياضة,2025-03-16 14:34:30,,True,admin
1661,العزف,2025-03-16 14:35:09,,True,admin
1662,العزف,2025-03-16 14:37:35,,True,admin
1662,الترتيل,2025-03-16 14:37:35,,True,admin
1663,مهارات العمل الجماعي,2025-03-16 14:40:41,,True,admin
1663,تحضير الألعاب,2025-03-16 14:40:41,,True,admin
1663,التنظيم لأعمال تطوعيّة,2025-03-16 14:40:41,,True,admin
1663,تأدية حركات التراتيل,2025-03-16 14:40:41,,True,admin
1663,الترتيل,2025-03-16 14:40:41,,True,admin
1664,العزف,2025-03-16 14:41:48,,True,admin
1664,الرسم,2025-03-16 14:41:48,,True,admin
1664,الغناء,2025-03-16 14:41:48,,True,admin
1665,الترتيل,2025-03-16 14:42:44,,True,admin
1665,الرياضة,2025-03-16 14:42:44,,True,admin
1665,تأدية حركات التراتيل,2025-03-16 14:42:44,,True,admin
1665,الغناء,2025-03-16 14:42:44,,True,admin
1666,الرسم,2025-03-16 14:43:56,,True,admin
1666,أشغال يدويّة,2025-03-16 14:43:56,,True,admin
1667,أشغال يدويّة,2025-03-16 14:45:33,,True,admin
1668,الرياضة,2025-03-16 14:46:08,,True,admin
1669,الرياضة,2025-03-16 14:48:05,,True,admin
1669,التمثيل,2025-03-16 14:48:05,,True,admin
1669,مهارات العمل الجماعي,2025-03-16 14:48:05,,True,admin
1669,تحضير الألعاب,2025-03-16 14:48:05,,True,admin
1669,التنظيم لأعمال تطوعيّة,2025-03-16 14:48:05,,True,admin
1669,أشغال يدويّة,2025-03-16 14:48:05,,True,admin
1669,الدبكة والرقصات الفولكلوريّة,2025-03-16 14:48:05,,True,admin
1670,العزف,2025-03-16 14:48:32,,True,admin
1670,الترتيل,2025-03-16 14:48:32,,True,admin
1670,الرسم,2025-03-16 14:48:32,,True,admin
1670,أشغال يدويّة,2025-03-16 14:48:32,,True,admin
1671,الرسم,2025-03-16 14:50:03,,True,admin
1672,أشغال يدويّة,2025-03-16 14:50:18,,True,admin
1673,الرياضة,2025-03-16 14:53:51,,True,admin
1674,العزف,2025-03-16 14:54:53,,True,admin
1675,الترتيل,2025-03-16 14:55:29,,True,admin
1675,الرسم,2025-03-16 14:55:29,,True,admin
1675,أشغال يدويّة,2025-03-16 14:55:29,,True,admin
1676,الترتيل,2025-03-16 14:55:30,,True,admin
1676,الرياضة,2025-03-16 14:55:30,,True,admin
1676,تأدية حركات التراتيل,2025-03-16 14:55:30,,True,admin
1677,الرياضة,2025-03-16 14:56:28,,True,admin
1678,الرسم,2025-03-16 14:56:39,,True,admin
1679,الترتيل,2025-03-16 14:58:01,,True,admin
1679,الرياضة,2025-03-16 14:58:01,,True,admin
1679,تأدية حركات التراتيل,2025-03-16 14:58:01,,True,admin
1679,الرسم,2025-03-16 14:58:01,,True,admin
1679,الغناء,2025-03-16 14:58:01,,True,admin
1680,التمثيل,2025-03-16 14:59:14,,True,admin
1680,الرسم,2025-03-16 14:59:14,,True,admin
1680,أشغال يدويّة,2025-03-16 14:59:14,,True,admin
1681,الرياضة,2025-03-16 15:06:07,,True,admin
1682,العزف,2025-03-16 15:14:46,,True,admin
1682,الرسم,2025-03-16 15:14:46,,True,admin
1682,السباحة,2025-03-16 15:14:46,,True,admin
1682,أشغال يدويّة,2025-03-16 15:14:46,,True,admin
1683,الترتيل,2025-03-16 15:23:31,,True,admin
1683,تأدية حركات التراتيل,2025-03-16 15:23:31,,True,admin
1683,الدبكة والرقصات الفولكلوريّة,2025-03-16 15:23:31,,True,admin
1683,الغناء,2025-03-16 15:23:31,,True,admin
1684,أشغال يدويّة,2025-03-16 15:27:02,,True,admin
1685,الرياضة,2025-03-16 15:28:58,,True,admin
1686,الرسم,2025-03-16 15:34:28,,True,admin
1687,الرسم,2025-03-16 15:36:46,,True,admin
1688,الدبكة والرقصات الفولكلوريّة,2025-03-16 15:50:00,,True,admin
1689,الرياضة,2025-03-16 15:52:15,,True,admin
1690,الرسم,2025-03-16 15:55:22,,True,admin
1691,الرسم,2025-03-16 16:02:41,,True,admin
1692,تأدية حركات التراتيل,2025-03-16 16:05:58,,True,admin
1693,الترتيل,2025-03-16 16:15:10,,True,admin
1693,الرياضة,2025-03-16 16:15:10,,True,admin
1693,التمثيل,2025-03-16 16:15:10,,True,admin
1693,تأدية حركات التراتيل,2025-03-16 16:15:10,,True,admin
1693,الرسم,2025-03-16 16:15:10,,True,admin
1693,أشغال يدويّة,2025-03-16 16:15:10,,True,admin
1693,الدبكة والرقصات الفولكلوريّة,2025-03-16 16:15:10,,True,admin
1693,الغناء,2025-03-16 16:15:10,,True,admin
1694,العزف,2025-03-16 16:32:27,,True,admin
1694,الترتيل,2025-03-16 16:32:27,,True,admin
1694,الرياضة,2025-03-16 16:32:27,,True,admin
1694,التمثيل,2025-03-16 16:32:27,,True,admin
1694,الرسم,2025-03-16 16:32:27,,True,admin
1694,أشغال يدويّة,2025-03-16 16:32:27,,True,admin
1694,الدبكة والرقصات الفولكلوريّة,2025-03-16 16:32:27,,True,admin
1694,الغناء,2025-03-16 16:32:27,,True,admin
1695,العزف,2025-03-16 16:34:21,,True,admin
1695,الترتيل,2025-03-16 16:34:21,,True,admin
1695,الرياضة,2025-03-16 16:34:21,,True,admin
1695,التمثيل,2025-03-16 16:34:21,,True,admin
1695,الرسم,2025-03-16 16:34:21,,True,admin
1695,أشغال يدويّة,2025-03-16 16:34:21,,True,admin
1695,الدبكة والرقصات الفولكلوريّة,2025-03-16 16:34:21,,True,admin
1695,الغناء,2025-03-16 16:34:21,,True,admin
1696,العزف,2025-03-16 16:35:54,,True,admin
1696,الترتيل,2025-03-16 16:35:54,,True,admin
1696,الرياضة,2025-03-16 16:35:54,,True,admin
1696,التمثيل,2025-03-16 16:35:54,,True,admin
1696,تأدية حركات التراتيل,2025-03-16 16:35:54,,True,admin
1696,القراءة,2025-03-16 16:35:54,,True,admin
1696,أشغال يدويّة,2025-03-16 16:35:54,,True,admin
1696,الدبكة والرقصات الفولكلوريّة,2025-03-16 16:35:54,,True,admin
1696,الغناء,2025-03-16 16:35:54,,True,admin
1697,الرياضة,2025-03-16 16:54:36,,True,admin
1697,التمثيل,2025-03-16 16:54:36,,True,admin
1697,الرسم,2025-03-16 16:54:36,,True,admin
1697,أشغال يدويّة,2025-03-16 16:54:36,,True,admin
1698,العزف,2025-03-16 16:57:21,,True,admin
1698,الرياضة,2025-03-16 16:57:21,,True,admin
1698,الطبلة,2025-03-16 16:57:21,,True,admin
1699,الرياضة,2025-03-16 16:58:15,,True,admin
1699,الرسم,2025-03-16 16:58:15,,True,admin
1699,السباحة,2025-03-16 16:58:15,,True,admin
1700,الرياضة,2025-03-16 17:01:15,,True,admin
1700,الرسم,2025-03-16 17:01:15,,True,admin
1700,كرة القدم,2025-03-16 17:01:15,,True,admin
1700,السباحة,2025-03-16 17:01:15,,True,admin
1701,الترتيل,2025-03-16 17:39:55,,True,admin
1701,التمثيل,2025-03-16 17:39:55,,True,admin
1701,أشغال يدويّة,2025-03-16 17:39:55,,True,admin
1701,الغناء,2025-03-16 17:39:55,,True,admin
1702,الترتيل,2025-03-16 17:44:22,,True,admin
1703,الرياضة,2025-03-16 17:54:21,,True,admin
1704,الرياضة,2025-03-16 17:54:41,,True,admin
1705,العزف,2025-03-16 18:00:50,,True,admin
1705,الترتيل,2025-03-16 18:00:50,,True,admin
1705,التمثيل,2025-03-16 18:00:50,,True,admin
1705,تأدية حركات التراتيل,2025-03-16 18:00:50,,True,admin
1705,الرسم,2025-03-16 18:00:50,,True,admin
1705,أشغال يدويّة,2025-03-16 18:00:50,,True,admin
1705,الدبكة والرقصات الفولكلوريّة,2025-03-16 18:00:50,,True,admin
1705,الغناء,2025-03-16 18:00:50,,True,admin
1706,الغناء,2025-03-16 18:11:36,,True,admin
1707,تأدية حركات التراتيل,2025-03-16 18:16:21,,True,admin
1708,كرة القدم,2025-03-16 18:19:50,,True,admin
1708,الشطرنج,2025-03-16 18:19:50,,True,admin
1709,الرياضة,2025-03-16 18:20:26,,True,admin
1709,تأدية حركات التراتيل,2025-03-16 18:20:26,,True,admin
1709,أشغال يدويّة,2025-03-16 18:20:26,,True,admin
1710,العزف,2025-03-16 18:28:08,,True,admin
1710,الرياضة,2025-03-16 18:28:08,,True,admin
1711,العزف,2025-03-16 18:57:01,,True,admin
1711,الرياضة,2025-03-16 18:57:01,,True,admin
1712,الرسم,2025-03-16 19:00:22,,True,admin
1712,الرياضة,2025-03-16 19:00:22,,True,admin
1713,العزف,2025-03-16 19:00:55,,True,admin
1713,الرياضة,2025-03-16 19:00:55,,True,admin
1714,الترتيل,2025-03-16 19:24:57,,True,admin
1714,الرسم,2025-03-16 19:24:57,,True,admin
1715,الرياضة,2025-03-16 19:26:14,,True,admin
1715,التمثيل,2025-03-16 19:26:14,,True,admin
1716,الرياضة,2025-03-16 19:34:14,,True,admin
1716,التمثيل,2025-03-16 19:34:14,,True,admin
1717,الرياضة,2025-03-16 19:42:40,,True,admin
1718,الرياضة,2025-03-16 19:53:13,,True,admin
1719,الرياضة,2025-03-16 20:12:09,,True,admin
1719,الرسم,2025-03-16 20:12:09,,True,admin
1719,القراءة,2025-03-16 20:12:09,,True,admin
1719,الدبكة والرقصات الفولكلوريّة,2025-03-16 20:12:09,,True,admin
1719,السباحة,2025-03-16 20:12:09,,True,admin
1720,الرياضة,2025-03-16 20:14:13,,True,admin
1720,الدبكة والرقصات الفولكلوريّة,2025-03-16 20:14:13,,True,admin
1720,السباحة,2025-03-16 20:14:13,,True,admin
1721,العزف,2025-03-16 20:18:24,,True,admin
1721,الرياضة,2025-03-16 20:18:24,,True,admin
1721,الرسم,2025-03-16 20:18:24,,True,admin
1721,القراءة,2025-03-16 20:18:24,,True,admin
1721,أشغال يدويّة,2025-03-16 20:18:24,,True,admin
1722,الرياضة,2025-03-16 20:30:45,,True,admin
1722,الرسم,2025-03-16 20:30:45,,True,admin
1723,الرياضة,2025-03-16 20:41:43,,True,admin
1723,القراءة,2025-03-16 20:41:43,,True,admin
1724,تأدية حركات التراتيل,2025-03-16 20:43:00,,True,admin
1724,القراءة,2025-03-16 20:43:00,,True,admin
1724,أشغال يدويّة,2025-03-16 20:43:00,,True,admin
1724,الدبكة والرقصات الفولكلوريّة,2025-03-16 20:43:00,,True,admin
1725,الرسم,2025-03-16 20:53:18,,True,admin
1726,الرياضة,2025-03-16 21:00:00,,True,admin
1726,التمثيل,2025-03-16 21:00:00,,True,admin
1726,تأدية حركات التراتيل,2025-03-16 21:00:00,,True,admin
1726,الرسم,2025-03-16 21:00:00,,True,admin
1726,القراءة,2025-03-16 21:00:00,,True,admin
1727,الرياضة,2025-03-16 21:00:54,,True,admin
1727,التمثيل,2025-03-16 21:00:54,,True,admin
1727,تأدية حركات التراتيل,2025-03-16 21:00:54,,True,admin
1727,الرسم,2025-03-16 21:00:54,,True,admin
1727,أشغال يدويّة,2025-03-16 21:00:54,,True,admin
1728,الترتيل,2025-03-16 21:02:22,,True,admin
1728,الرياضة,2025-03-16 21:02:22,,True,admin
1728,التمثيل,2025-03-16 21:02:22,,True,admin
1728,الرسم,2025-03-16 21:02:22,,True,admin
1728,الغناء,2025-03-16 21:02:22,,True,admin
1729,الرياضة,2025-03-16 21:02:45,,True,admin
1730,الترتيل,2025-03-16 21:06:03,,True,admin
1730,الرياضة,2025-03-16 21:06:03,,True,admin
1730,أشغال يدويّة,2025-03-16 21:06:03,,True,admin
1731,الرسم,2025-03-16 21:12:59,,True,admin
1732,العزف,2025-03-16 21:19:31,,True,admin
1732,الرياضة,2025-03-16 21:19:31,,True,admin
1732,الرسم,2025-03-16 21:19:31,,True,admin
1732,القراءة,2025-03-16 21:19:31,,True,admin
1732,أشغال يدويّة,2025-03-16 21:19:31,,True,admin
1733,القراءة,2025-03-16 21:24:50,,True,admin
1734,الترتيل,2025-03-16 22:10:08,,True,admin
1734,الرياضة,2025-03-16 22:10:08,,True,admin
1734,أشغال يدويّة,2025-03-16 22:10:08,,True,admin
1735,الترتيل,2025-03-16 22:17:37,,True,admin
1736,الرياضة,2025-03-16 22:19:42,,True,admin
1738,الترتيل,2025-03-16 22:35:20,,True,admin
1738,التمثيل,2025-03-16 22:35:20,,True,admin
1738,الدبكة والرقصات الفولكلوريّة,2025-03-16 22:35:20,,True,admin
1739,الرياضة,2025-03-16 22:53:30,,True,admin
1740,الرياضة,2025-03-16 22:55:14,,True,admin
1741,العزف,2025-03-16 23:51:03,,True,admin
1741,الرسم,2025-03-16 23:51:03,,True,admin
1741,القراءة,2025-03-16 23:51:03,,True,admin
1741,أشغال يدويّة,2025-03-16 23:51:03,,True,admin
1742,الترتيل,2025-03-17 03:47:53,,True,admin
1742,الرياضة,2025-03-17 03:47:53,,True,admin
1742,تأدية حركات التراتيل,2025-03-17 03:47:53,,True,admin
1742,الرسم,2025-03-17 03:47:53,,True,admin
1742,القراءة,2025-03-17 03:47:53,,True,admin
1742,أشغال يدويّة,2025-03-17 03:47:53,,True,admin
1742,الدبكة والرقصات الفولكلوريّة,2025-03-17 03:47:53,,True,admin
1742,الغناء,2025-03-17 03:47:53,,True,admin
1743,مهارات إداريّة,2025-03-17 07:46:58,,True,admin
1743,مهارات العمل الجماعي,2025-03-17 07:46:58,,True,admin
1743,مهارات التخطيط,2025-03-17 07:46:58,,True,admin
1744,الرسم,2025-03-17 07:49:51,,True,admin
1744,أشغال يدويّة,2025-03-17 07:49:51,,True,admin
1745,العزف,2025-03-17 08:29:44,,True,admin
1745,الرسم,2025-03-17 08:29:44,,True,admin
1745,أشغال يدويّة,2025-03-17 08:29:44,,True,admin
1746,الترتيل,2025-03-17 08:36:55,,True,admin
1746,الرياضة,2025-03-17 08:36:55,,True,admin
1746,التمثيل,2025-03-17 08:36:55,,True,admin
1746,تأدية حركات التراتيل,2025-03-17 08:36:55,,True,admin
1746,القراءة,2025-03-17 08:36:55,,True,admin
1746,الغناء,2025-03-17 08:36:55,,True,admin
1747,التمثيل,2025-03-17 08:38:12,,True,admin
1747,تأدية حركات التراتيل,2025-03-17 08:38:12,,True,admin
1747,الغناء,2025-03-17 08:38:12,,True,admin
1747,الرياضة,2025-03-17 08:38:12,,True,admin
1748,الرياضة,2025-03-17 08:42:37,,True,admin
1748,الرسم,2025-03-17 08:42:37,,True,admin
1749,التمثيل,2025-03-17 08:45:41,,True,admin
1749,الرسم,2025-03-17 08:45:41,,True,admin
1749,أشغال يدويّة,2025-03-17 08:45:41,,True,admin
1749,الدبكة والرقصات الفولكلوريّة,2025-03-17 08:45:41,,True,admin
1749,الغناء,2025-03-17 08:45:41,,True,admin
1750,الترتيل,2025-03-17 08:51:50,,True,admin
1750,تأدية حركات التراتيل,2025-03-17 08:51:50,,True,admin
1750,أشغال يدويّة,2025-03-17 08:51:50,,True,admin
1751,الترتيل,2025-03-17 08:54:17,,True,admin
1751,تأدية حركات التراتيل,2025-03-17 08:54:17,,True,admin
1751,أشغال يدويّة,2025-03-17 08:54:17,,True,admin
1752,الترتيل,2025-03-17 08:56:47,,True,admin
1752,الرسم,2025-03-17 08:56:47,,True,admin
1752,أشغال يدويّة,2025-03-17 08:56:47,,True,admin
1753,الترتيل,2025-03-17 09:26:23,,True,admin
1754,الرياضة,2025-03-17 09:28:38,,True,admin
1755,العزف,2025-03-17 11:25:36,,True,admin
1755,الترتيل,2025-03-17 11:25:36,,True,admin
1755,الرسم,2025-03-17 11:25:36,,True,admin
1755,الغناء,2025-03-17 11:25:36,,True,admin
1756,الرياضة,2025-03-17 11:28:25,,True,admin
1757,الرياضة,2025-03-17 14:30:40,,True,admin
1757,الدبكة والرقصات الفولكلوريّة,2025-03-17 14:30:40,,True,admin
1758,الرياضة,2025-03-17 16:40:29,,True,admin
1758,الدبكة والرقصات الفولكلوريّة,2025-03-17 16:40:29,,True,admin
1759,الرياضة,2025-03-17 16:56:02,,True,admin
1759,الرسم,2025-03-17 16:56:02,,True,admin
1759,الغناء,2025-03-17 16:56:02,,True,admin
1760,الرياضة,2025-03-17 16:57:31,,True,admin
1760,الرسم,2025-03-17 16:57:31,,True,admin
1760,القراءة,2025-03-17 16:57:31,,True,admin
1760,الغناء,2025-03-17 16:57:31,,True,admin
1761,العزف,2025-03-17 17:01:26,,True,admin
1761,الترتيل,2025-03-17 17:01:26,,True,admin
1761,الرياضة,2025-03-17 17:01:26,,True,admin
1761,أشغال يدويّة,2025-03-17 17:01:26,,True,admin
1762,الترتيل,2025-03-17 17:03:38,,True,admin
1762,الرياضة,2025-03-17 17:03:38,,True,admin
1762,تأدية حركات التراتيل,2025-03-17 17:03:38,,True,admin
1762,الرسم,2025-03-17 17:03:38,,True,admin
1762,أشغال يدويّة,2025-03-17 17:03:38,,True,admin
1763,الترتيل,2025-03-17 17:07:59,,True,admin
1763,تأدية حركات التراتيل,2025-03-17 17:07:59,,True,admin
1763,الرسم,2025-03-17 17:07:59,,True,admin
1763,أشغال يدويّة,2025-03-17 17:07:59,,True,admin
1763,الغناء,2025-03-17 17:07:59,,True,admin
1764,العزف,2025-03-17 17:09:34,,True,admin
1764,الترتيل,2025-03-17 17:09:34,,True,admin
1764,الرياضة,2025-03-17 17:09:34,,True,admin
1764,التمثيل,2025-03-17 17:09:34,,True,admin
1764,الرسم,2025-03-17 17:09:34,,True,admin
1764,القراءة,2025-03-17 17:09:34,,True,admin
1764,أشغال يدويّة,2025-03-17 17:09:34,,True,admin
1764,الغناء,2025-03-17 17:09:34,,True,admin
1765,الترتيل,2025-03-17 17:39:35,,True,admin
1765,الرياضة,2025-03-17 17:39:35,,True,admin
1765,التمثيل,2025-03-17 17:39:35,,True,admin
1765,تأدية حركات التراتيل,2025-03-17 17:39:35,,True,admin
1765,الرسم,2025-03-17 17:39:35,,True,admin
1765,الدبكة والرقصات الفولكلوريّة,2025-03-17 17:39:35,,True,admin
1765,الغناء,2025-03-17 17:39:35,,True,admin
1766,الترتيل,2025-03-17 18:44:42,,True,admin
1766,تأدية حركات التراتيل,2025-03-17 18:44:42,,True,admin
1767,الرياضة,2025-03-17 21:28:30,,True,admin
1768,مهارات العمل الجماعي,2025-03-17 21:45:03,,True,admin
1769,الترتيل,2025-03-17 23:04:42,,True,admin
1769,الرياضة,2025-03-17 23:04:42,,True,admin
1769,التمثيل,2025-03-17 23:04:42,,True,admin
1769,تأدية حركات التراتيل,2025-03-17 23:04:42,,True,admin
1769,الرسم,2025-03-17 23:04:42,,True,admin
1769,القراءة,2025-03-17 23:04:42,,True,admin
1769,أشغال يدويّة,2025-03-17 23:04:42,,True,admin
1769,الدبكة والرقصات الفولكلوريّة,2025-03-17 23:04:42,,True,admin
1769,الغناء,2025-03-17 23:04:42,,True,admin
1770,الرياضة,2025-03-17 23:06:35,,True,admin
1770,التمثيل,2025-03-17 23:06:35,,True,admin
1770,الرسم,2025-03-17 23:06:35,,True,admin
1770,أشغال يدويّة,2025-03-17 23:06:35,,True,admin
1771,القراءة,2025-03-17 23:08:32,,True,admin
1771,الترتيل,2025-03-17 23:08:32,,True,admin
1771,الرياضة,2025-03-17 23:08:32,,True,admin
1771,الرسم,2025-03-17 23:08:32,,True,admin
1771,أشغال يدويّة,2025-03-17 23:08:32,,True,admin
1772,الرياضة,2025-03-18 00:13:43,,True,admin
1772,الرسم,2025-03-18 00:13:43,,True,admin
1772,أشغال يدويّة,2025-03-18 00:13:43,,True,admin
1773,الترتيل,2025-03-18 00:15:17,,True,admin
1773,الرياضة,2025-03-18 00:15:17,,True,admin
1773,التمثيل,2025-03-18 00:15:17,,True,admin
1773,الرسم,2025-03-18 00:15:17,,True,admin
1773,القراءة,2025-03-18 00:15:17,,True,admin
1773,أشغال يدويّة,2025-03-18 00:15:17,,True,admin
1773,الدبكة والرقصات الفولكلوريّة,2025-03-18 00:15:17,,True,admin
1773,الغناء,2025-03-18 00:15:17,,True,admin
1774,الرياضة,2025-03-18 00:19:54,,True,admin
1774,الرسم,2025-03-18 00:19:54,,True,admin
1774,القراءة,2025-03-18 00:19:54,,True,admin
1775,الترتيل,2025-03-18 00:21:44,,True,admin
1775,الرياضة,2025-03-18 00:21:44,,True,admin
1775,الرسم,2025-03-18 00:21:44,,True,admin
1775,الغناء,2025-03-18 00:21:44,,True,admin
1776,الترتيل,2025-03-18 00:24:06,,True,admin
1776,التمثيل,2025-03-18 00:24:06,,True,admin
1776,الرسم,2025-03-18 00:24:06,,True,admin
1776,الغناء,2025-03-18 00:24:06,,True,admin
1777,التمثيل,2025-03-18 00:25:54,,True,admin
1777,تأدية حركات التراتيل,2025-03-18 00:25:54,,True,admin
1777,الرسم,2025-03-18 00:25:54,,True,admin
1777,أشغال يدويّة,2025-03-18 00:25:54,,True,admin
1777,الغناء,2025-03-18 00:25:54,,True,admin
1778,الرياضة,2025-03-18 00:27:38,,True,admin
1778,التمثيل,2025-03-18 00:27:38,,True,admin
1778,Gymnastics,2025-03-18 00:27:38,,True,admin
1779,الرياضة,2025-03-18 00:28:43,,True,admin
1779,التمثيل,2025-03-18 00:28:43,,True,admin
1779,تأدية حركات التراتيل,2025-03-18 00:28:43,,True,admin
1779,الرسم,2025-03-18 00:28:43,,True,admin
1780,الرياضة,2025-03-18 00:34:28,,True,admin
1780,الدبكة والرقصات الفولكلوريّة,2025-03-18 00:34:28,,True,admin
1780,الشطرنج,2025-03-18 00:34:28,,True,admin
1781,الرياضة,2025-03-18 00:40:58,,True,admin
1781,الرسم,2025-03-18 00:40:58,,True,admin
1782,العزف,2025-03-18 00:55:22,,True,admin
1782,الترتيل,2025-03-18 00:55:22,,True,admin
1782,الرياضة,2025-03-18 00:55:22,,True,admin
1782,التمثيل,2025-03-18 00:55:22,,True,admin
1782,تأدية حركات التراتيل,2025-03-18 00:55:22,,True,admin
1782,الرسم,2025-03-18 00:55:22,,True,admin
1782,القراءة,2025-03-18 00:55:22,,True,admin
1782,أشغال يدويّة,2025-03-18 00:55:22,,True,admin
1782,الدبكة والرقصات الفولكلوريّة,2025-03-18 00:55:22,,True,admin
1782,الغناء,2025-03-18 00:55:22,,True,admin
1783,العزف,2025-03-18 01:18:18,,True,admin
1783,الترتيل,2025-03-18 01:18:18,,True,admin
1783,الرياضة,2025-03-18 01:18:18,,True,admin
1783,تأدية حركات التراتيل,2025-03-18 01:18:18,,True,admin
1783,الرسم,2025-03-18 01:18:18,,True,admin
1783,القراءة,2025-03-18 01:18:18,,True,admin
1783,أشغال يدويّة,2025-03-18 01:18:18,,True,admin
1783,الدبكة والرقصات الفولكلوريّة,2025-03-18 01:18:18,,True,admin
1783,الغناء,2025-03-18 01:18:18,,True,admin
1783,السباحة,2025-03-18 01:18:18,,True,admin
1784,الرياضة,2025-03-18 01:26:36,,True,admin
1784,الرسم,2025-03-18 01:26:36,,True,admin
1784,الغناء,2025-03-18 01:26:36,,True,admin
1785,الرسم,2025-03-18 01:30:14,,True,admin
1785,أشغال يدويّة,2025-03-18 01:30:14,,True,admin
1785,الغناء,2025-03-18 01:30:14,,True,admin
1786,الرياضة,2025-03-18 01:31:27,,True,admin
1786,تأدية حركات التراتيل,2025-03-18 01:31:27,,True,admin
1786,الرسم,2025-03-18 01:31:27,,True,admin
1786,أشغال يدويّة,2025-03-18 01:31:27,,True,admin
1787,الرسم,2025-03-18 01:32:39,,True,admin
1787,أشغال يدويّة,2025-03-18 01:32:39,,True,admin
1787,الدبكة والرقصات الفولكلوريّة,2025-03-18 01:32:39,,True,admin
1788,العزف,2025-03-18 01:34:10,,True,admin
1788,الرياضة,2025-03-18 01:34:10,,True,admin
1789,التصميم الداخلي/ ديكور,2025-03-18 01:39:10,,True,admin
1789,الرسم,2025-03-18 01:39:10,,True,admin
1789,أشغال يدويّة,2025-03-18 01:39:10,,True,admin
1790,العزف,2025-03-18 07:04:46,,True,admin
1790,الترتيل,2025-03-18 07:04:46,,True,admin
1790,الرياضة,2025-03-18 07:04:46,,True,admin
1790,التمثيل,2025-03-18 07:04:46,,True,admin
1790,تأدية حركات التراتيل,2025-03-18 07:04:46,,True,admin
1790,الرسم,2025-03-18 07:04:46,,True,admin
1790,القراءة,2025-03-18 07:04:46,,True,admin
1790,أشغال يدويّة,2025-03-18 07:04:46,,True,admin
1790,الدبكة والرقصات الفولكلوريّة,2025-03-18 07:04:46,,True,admin
1790,الغناء,2025-03-18 07:04:46,,True,admin
1791,الرسم,2025-03-18 07:47:50,,True,admin
1792,الرياضة,2025-03-18 07:49:58,,True,admin
1793,الرياضة,2025-03-18 07:53:57,,True,admin
1794,الترتيل,2025-03-18 07:55:34,,True,admin
1794,الرسم,2025-03-18 07:55:34,,True,admin
1794,القراءة,2025-03-18 07:55:34,,True,admin
1794,الغناء,2025-03-18 07:55:34,,True,admin
1795,الرسم,2025-03-18 08:20:56,,True,admin
1795,القراءة,2025-03-18 08:20:56,,True,admin
1796,الرياضة,2025-03-18 08:32:36,,True,admin
1796,أشغال يدويّة,2025-03-18 08:32:36,,True,admin
1797,الترتيل,2025-03-18 08:59:38,,True,admin
1797,التمثيل,2025-03-18 08:59:38,,True,admin
1797,تأدية حركات التراتيل,2025-03-18 08:59:38,,True,admin
1797,القراءة,2025-03-18 08:59:38,,True,admin
1797,الغناء,2025-03-18 08:59:38,,True,admin
1798,الترتيل,2025-03-18 09:02:04,,True,admin
1798,التمثيل,2025-03-18 09:02:04,,True,admin
1798,تأدية حركات التراتيل,2025-03-18 09:02:04,,True,admin
1799,الرياضة,2025-03-18 09:52:52,,True,admin
1800,الرياضة,2025-03-18 09:54:10,,True,admin
1801,الترتيل,2025-03-18 10:19:24,,True,admin
1801,الرسم,2025-03-18 10:19:24,,True,admin
1802,الترتيل,2025-03-18 10:20:39,,True,admin
1802,الرياضة,2025-03-18 10:20:39,,True,admin
1802,التمثيل,2025-03-18 10:20:39,,True,admin
1802,تأدية حركات التراتيل,2025-03-18 10:20:39,,True,admin
1802,القراءة,2025-03-18 10:20:39,,True,admin
1802,أشغال يدويّة,2025-03-18 10:20:39,,True,admin
1802,الدبكة والرقصات الفولكلوريّة,2025-03-18 10:20:39,,True,admin
1802,الغناء,2025-03-18 10:20:39,,True,admin
1803,الترتيل,2025-03-18 10:21:57,,True,admin
1803,الرسم,2025-03-18 10:21:57,,True,admin
1803,الغناء,2025-03-18 10:21:57,,True,admin
1804,الرياضة,2025-03-18 10:23:04,,True,admin
1805,الرياضة,2025-03-18 10:23:11,,True,admin
1805,الرسم,2025-03-18 10:23:11,,True,admin
1806,القراءة,2025-03-18 10:24:34,,True,admin
1806,الغناء,2025-03-18 10:24:34,,True,admin
1807,التمثيل,2025-03-18 10:25:00,,True,admin
1807,الغناء,2025-03-18 10:25:00,,True,admin
1808,الرياضة,2025-03-18 10:25:40,,True,admin
1809,العزف,2025-03-18 10:26:54,,True,admin
1809,الترتيل,2025-03-18 10:26:54,,True,admin
1809,الغناء,2025-03-18 10:26:54,,True,admin
1810,الترتيل,2025-03-18 10:29:11,,True,admin
1810,الرياضة,2025-03-18 10:29:11,,True,admin
1810,الرسم,2025-03-18 10:29:11,,True,admin
1810,أشغال يدويّة,2025-03-18 10:29:11,,True,admin
1811,العزف,2025-03-18 10:33:19,,True,admin
1811,الترتيل,2025-03-18 10:33:19,,True,admin
1811,تأدية حركات التراتيل,2025-03-18 10:33:19,,True,admin
1812,العزف,2025-03-18 11:25:12,,True,admin
1812,الرياضة,2025-03-18 11:25:12,,True,admin
1812,مهارات العمل الجماعي,2025-03-18 11:25:12,,True,admin
1812,مهارات التخطيط,2025-03-18 11:25:12,,True,admin
1812,التنظيم لأعمال تطوعيّة,2025-03-18 11:25:12,,True,admin
1813,الرياضة,2025-03-18 12:17:01,,True,admin
1813,التمثيل,2025-03-18 12:17:01,,True,admin
1813,الدبكة والرقصات الفولكلوريّة,2025-03-18 12:17:01,,True,admin
1814,الترتيل,2025-03-18 12:25:51,,True,admin
1814,الرياضة,2025-03-18 12:25:51,,True,admin
1814,التمثيل,2025-03-18 12:25:51,,True,admin
1814,تأدية حركات التراتيل,2025-03-18 12:25:51,,True,admin
1814,الرسم,2025-03-18 12:25:51,,True,admin
1814,القراءة,2025-03-18 12:25:51,,True,admin
1814,أشغال يدويّة,2025-03-18 12:25:51,,True,admin
1814,الدبكة والرقصات الفولكلوريّة,2025-03-18 12:25:51,,True,admin
1814,الغناء,2025-03-18 12:25:51,,True,admin
1815,الترتيل,2025-03-18 12:27:11,,True,admin
1815,الرياضة,2025-03-18 12:27:11,,True,admin
1815,التمثيل,2025-03-18 12:27:11,,True,admin
1815,تأدية حركات التراتيل,2025-03-18 12:27:11,,True,admin
1815,الرسم,2025-03-18 12:27:11,,True,admin
1815,القراءة,2025-03-18 12:27:11,,True,admin
1815,أشغال يدويّة,2025-03-18 12:27:11,,True,admin
1815,الدبكة والرقصات الفولكلوريّة,2025-03-18 12:27:11,,True,admin
1815,الغناء,2025-03-18 12:27:11,,True,admin
1816,العزف,2025-03-18 12:37:11,,True,admin
1816,الترتيل,2025-03-18 12:37:11,,True,admin
1816,الرياضة,2025-03-18 12:37:11,,True,admin
1816,تأدية حركات التراتيل,2025-03-18 12:37:11,,True,admin
1816,الرسم,2025-03-18 12:37:11,,True,admin
1816,أشغال يدويّة,2025-03-18 12:37:11,,True,admin
1817,العزف,2025-03-18 12:42:56,,True,admin
1817,الترتيل,2025-03-18 12:42:56,,True,admin
1817,الرياضة,2025-03-18 12:42:56,,True,admin
1817,الرسم,2025-03-18 12:42:56,,True,admin
1817,القراءة,2025-03-18 12:42:56,,True,admin
1817,أشغال يدويّة,2025-03-18 12:42:56,,True,admin
1817,الغناء,2025-03-18 12:42:56,,True,admin
1818,الترتيل,2025-03-18 13:00:32,,True,admin
1818,الرياضة,2025-03-18 13:00:32,,True,admin
1818,تأدية حركات التراتيل,2025-03-18 13:00:32,,True,admin
1818,الرسم,2025-03-18 13:00:32,,True,admin
1819,الترتيل,2025-03-18 13:02:49,,True,admin
1819,الرياضة,2025-03-18 13:02:49,,True,admin
1819,الرسم,2025-03-18 13:02:49,,True,admin
1820,الرياضة,2025-03-18 13:04:53,,True,admin
1821,العزف,2025-03-18 16:12:24,,True,admin
1821,الرياضة,2025-03-18 16:12:24,,True,admin
1821,الرسم,2025-03-18 16:12:24,,True,admin
1821,القراءة,2025-03-18 16:12:24,,True,admin
1821,أشغال يدويّة,2025-03-18 16:12:24,,True,admin
1821,الدبكة والرقصات الفولكلوريّة,2025-03-18 16:12:24,,True,admin
1822,تأدية حركات التراتيل,2025-03-18 17:55:02,,True,admin
1822,الرسم,2025-03-18 17:55:02,,True,admin
1822,أشغال يدويّة,2025-03-18 17:55:02,,True,admin
1823,العزف,2025-03-19 08:18:14,,True,admin
1823,الترتيل,2025-03-19 08:18:14,,True,admin
1823,التمثيل,2025-03-19 08:18:14,,True,admin
1823,مهارات العمل الجماعي,2025-03-19 08:18:14,,True,admin
1824,العزف,2025-03-19 08:21:04,,True,admin
1824,التصوير الفوتوغرافي,2025-03-19 08:21:04,,True,admin
1824,التصميم الجرافيكي,2025-03-19 08:21:04,,True,admin
1824,تصوير فيديو,2025-03-19 08:21:04,,True,admin
1824,الرسم,2025-03-19 08:21:04,,True,admin
1825,الترتيل,2025-03-19 09:42:00,,True,admin
1825,الرياضة,2025-03-19 09:42:00,,True,admin
1825,القراءة,2025-03-19 09:42:00,,True,admin
1827,العزف,2025-03-19 13:29:34,,True,admin
1827,القراءة,2025-03-19 13:29:34,,True,admin
1827,أشغال يدويّة,2025-03-19 13:29:34,,True,admin
1828,الرياضة,2025-03-19 13:37:52,,True,admin
1829,مونتاج فيديو,2025-03-19 14:17:39,,True,admin
1829,القراءة,2025-03-19 14:17:39,,True,admin
1829,مهارات إداريّة,2025-03-19 14:17:39,,True,admin
1829,مهارات التخطيط,2025-03-19 14:17:39,,True,admin
1830,تأدية حركات التراتيل,2025-03-19 14:56:30,,True,admin
1830,أشغال يدويّة,2025-03-19 14:56:30,,True,admin
1831,التمثيل,2025-03-19 14:57:57,,True,admin
1831,تأدية حركات التراتيل,2025-03-19 14:57:57,,True,admin
1831,أشغال يدويّة,2025-03-19 14:57:57,,True,admin
1832,التصوير الفوتوغرافي,2025-03-19 15:13:01,,True,admin
1832,تصوير فيديو,2025-03-19 15:13:01,,True,admin
1834,العزف,2025-03-19 15:56:41,,True,admin
1834,الطبلة,2025-03-19 15:56:41,,True,admin
1835,الرياضة,2025-03-19 16:23:31,,True,admin
1836,الرسم,2025-03-19 16:28:29,,True,admin
1837,الترتيل,2025-03-19 16:30:55,,True,admin
1837,الرسم,2025-03-19 16:30:55,,True,admin
1837,الدبكة والرقصات الفولكلوريّة,2025-03-19 16:30:55,,True,admin
1838,الرياضة,2025-03-19 17:28:34,,True,admin
1838,الغناء,2025-03-19 17:28:34,,True,admin
1839,الرياضة,2025-03-19 17:30:27,,True,admin
1839,الرسم,2025-03-19 17:30:27,,True,admin
1839,الغناء,2025-03-19 17:30:27,,True,admin
1840,تصوير فيديو,2025-03-19 18:15:50,,True,admin
1841,العزف,2025-03-19 20:14:02,,True,admin
1841,الرياضة,2025-03-19 20:14:02,,True,admin
1841,الرسم,2025-03-19 20:14:02,,True,admin
1841,الغناء,2025-03-19 20:14:02,,True,admin
1842,الرسم,2025-03-19 20:16:43,,True,admin
1842,أشغال يدويّة,2025-03-19 20:16:43,,True,admin
1842,الغناء,2025-03-19 20:16:43,,True,admin
1843,التصوير الفوتوغرافي,2025-03-19 23:48:38,,True,admin
1843,التصميم الجرافيكي,2025-03-19 23:48:38,,True,admin
1843,تصوير فيديو,2025-03-19 23:48:38,,True,admin
1843,مونتاج فيديو,2025-03-19 23:48:38,,True,admin
1843,تحضير الألعاب,2025-03-19 23:48:38,,True,admin
1843,أجهزة الصوت (صوتيّات ومِكسرات),2025-03-19 23:48:38,,True,admin
1844,الرياضة,2025-03-20 11:40:28,,True,admin
1845,الرياضة,2025-03-20 11:41:34,,True,admin
1846,الغناء,2025-03-20 12:20:37,,True,admin
1846,الترتيل,2025-03-20 12:20:37,,True,admin
1846,التصوير الفوتوغرافي,2025-03-20 12:20:37,,True,admin
1846,مونتاج فيديو,2025-03-20 12:20:37,,True,admin
1846,القراءة,2025-03-20 12:20:37,,True,admin
1846,مهارات التواصل,2025-03-20 12:20:37,,True,admin
1846,مهارات العمل الجماعي,2025-03-20 12:20:37,,True,admin
1846,التنظيم لأعمال تطوعيّة,2025-03-20 12:20:37,,True,admin
1847,مهارات التواصل,2025-03-20 12:22:27,,True,admin
1847,مهارات إداريّة,2025-03-20 12:22:27,,True,admin
1847,مهارات العمل الجماعي,2025-03-20 12:22:27,,True,admin
1847,مهارات التخطيط,2025-03-20 12:22:27,,True,admin
1848,العزف,2025-03-20 12:23:49,,True,admin
1848,الغناء,2025-03-20 12:23:49,,True,admin
1848,الترتيل,2025-03-20 12:23:49,,True,admin
1848,الرياضة,2025-03-20 12:23:49,,True,admin
1848,التمثيل,2025-03-20 12:23:49,,True,admin
1848,الإخراج (السينمائي/ المسرحي),2025-03-20 12:23:49,,True,admin
1848,تصوير فيديو,2025-03-20 12:23:49,,True,admin
1848,القراءة,2025-03-20 12:23:49,,True,admin
1848,مهارات التواصل,2025-03-20 12:23:49,,True,admin
1848,مهارات إداريّة,2025-03-20 12:23:49,,True,admin
1848,مهارات العمل الجماعي,2025-03-20 12:23:49,,True,admin
1848,مهارات التخطيط,2025-03-20 12:23:49,,True,admin
1848,تحضير الألعاب,2025-03-20 12:23:49,,True,admin
1848,التنظيم لأعمال تطوعيّة,2025-03-20 12:23:49,,True,admin
1848,أشغال يدويّة,2025-03-20 12:23:49,,True,admin
1849,الرياضة,2025-03-20 12:25:24,,True,admin
1849,التصوير الفوتوغرافي,2025-03-20 12:25:24,,True,admin
1849,تصوير فيديو,2025-03-20 12:25:24,,True,admin
1849,مهارات التواصل,2025-03-20 12:25:24,,True,admin
1849,مهارات إداريّة,2025-03-20 12:25:24,,True,admin
1849,مونتاج فيديو,2025-03-20 12:25:24,,True,admin
1849,مهارات العمل الجماعي,2025-03-20 12:25:24,,True,admin
1850,التمثيل,2025-03-20 12:36:05,,True,admin
1850,مهارات إداريّة,2025-03-20 12:36:05,,True,admin
1850,مهارات العمل الجماعي,2025-03-20 12:36:05,,True,admin
1850,مهارات التخطيط,2025-03-20 12:36:05,,True,admin
1850,تحضير الألعاب,2025-03-20 12:36:05,,True,admin
1850,التنظيم لأعمال تطوعيّة,2025-03-20 12:36:05,,True,admin
1852,العزف,2025-03-20 14:25:10,,True,admin
1852,الترتيل,2025-03-20 14:25:10,,True,admin
1852,الرياضة,2025-03-20 14:25:10,,True,admin
1853,أشغال يدويّة,2025-03-20 14:31:11,,True,admin
1854,الرسم,2025-03-20 14:33:43,,True,admin
1856,الرسم,2025-03-20 15:10:38,,True,admin
1857,الرسم,2025-03-20 15:14:14,,True,admin
1858,العزف,2025-03-20 15:37:16,,True,admin
1858,الترتيل,2025-03-20 15:37:16,,True,admin
1858,الرياضة,2025-03-20 15:37:16,,True,admin
1858,الرسم,2025-03-20 15:37:16,,True,admin
1858,الدبكة والرقصات الفولكلوريّة,2025-03-20 15:37:16,,True,admin
1859,الترتيل,2025-03-20 15:37:58,,True,admin
1859,الرياضة,2025-03-20 15:37:58,,True,admin
1859,تصوير فيديو,2025-03-20 15:37:58,,True,admin
1859,الرسم,2025-03-20 15:37:58,,True,admin
1859,القراءة,2025-03-20 15:37:58,,True,admin
1859,الطبخ,2025-03-20 15:37:58,,True,admin
1860,العزف,2025-03-20 15:57:32,,True,admin
1860,الترتيل,2025-03-20 15:57:32,,True,admin
1860,الرياضة,2025-03-20 15:57:32,,True,admin
1860,التمثيل,2025-03-20 15:57:32,,True,admin
1860,تأدية حركات التراتيل,2025-03-20 15:57:32,,True,admin
1860,الرسم,2025-03-20 15:57:32,,True,admin
1860,القراءة,2025-03-20 15:57:32,,True,admin
1860,أشغال يدويّة,2025-03-20 15:57:32,,True,admin
1860,الدبكة والرقصات الفولكلوريّة,2025-03-20 15:57:32,,True,admin
1860,الغناء,2025-03-20 15:57:32,,True,admin
1861,الرسم,2025-03-20 16:28:15,,True,admin
1862,الرياضة,2025-03-20 16:44:48,,True,admin
1862,الرسم,2025-03-20 16:44:48,,True,admin
1863,الرسم,2025-03-20 16:47:20,,True,admin
1863,أشغال يدويّة,2025-03-20 16:47:20,,True,admin
1864,الترتيل,2025-03-20 16:48:19,,True,admin
1864,الرسم,2025-03-20 16:48:19,,True,admin
1865,الرسم,2025-03-20 16:49:54,,True,admin
1866,الرسم,2025-03-20 16:51:45,,True,admin
1867,الرسم,2025-03-20 16:55:31,,True,admin
1868,القراءة,2025-03-20 16:57:10,,True,admin
1868,الدبكة والرقصات الفولكلوريّة,2025-03-20 16:57:10,,True,admin
1869,الترتيل,2025-03-20 16:59:42,,True,admin
1869,الرياضة,2025-03-20 16:59:42,,True,admin
1869,التمثيل,2025-03-20 16:59:42,,True,admin
1869,تأدية حركات التراتيل,2025-03-20 16:59:42,,True,admin
1869,الرسم,2025-03-20 16:59:42,,True,admin
1869,القراءة,2025-03-20 16:59:42,,True,admin
1870,الترتيل,2025-03-20 17:06:59,,True,admin
1870,الرياضة,2025-03-20 17:06:59,,True,admin
1870,تأدية حركات التراتيل,2025-03-20 17:06:59,,True,admin
1870,الرسم,2025-03-20 17:06:59,,True,admin
1870,القراءة,2025-03-20 17:06:59,,True,admin
1870,أشغال يدويّة,2025-03-20 17:06:59,,True,admin
1870,الدبكة والرقصات الفولكلوريّة,2025-03-20 17:06:59,,True,admin
1870,الغناء,2025-03-20 17:06:59,,True,admin
1871,الرياضة,2025-03-20 17:12:24,,True,admin
1871,تأدية حركات التراتيل,2025-03-20 17:12:24,,True,admin
1871,الرسم,2025-03-20 17:12:24,,True,admin
1872,الرياضة,2025-03-20 17:12:36,,True,admin
1873,الرسم,2025-03-20 17:16:51,,True,admin
1873,القراءة,2025-03-20 17:16:51,,True,admin
1873,أشغال يدويّة,2025-03-20 17:16:51,,True,admin
1873,الدبكة والرقصات الفولكلوريّة,2025-03-20 17:16:51,,True,admin
1873,الغناء,2025-03-20 17:16:51,,True,admin
1874,التمثيل,2025-03-20 17:17:29,,True,admin
1874,الرسم,2025-03-20 17:17:29,,True,admin
1875,العزف,2025-03-20 17:19:12,,True,admin
1875,الترتيل,2025-03-20 17:19:12,,True,admin
1875,الدبكة والرقصات الفولكلوريّة,2025-03-20 17:19:12,,True,admin
1875,الغناء,2025-03-20 17:19:12,,True,admin
1876,الترتيل,2025-03-20 17:47:33,,True,admin
1876,التمثيل,2025-03-20 17:47:33,,True,admin
1876,الرسم,2025-03-20 17:47:33,,True,admin
1876,كرة القدم,2025-03-20 17:47:33,,True,admin
1877,الرياضة,2025-03-20 17:48:45,,True,admin
1877,التمثيل,2025-03-20 17:48:45,,True,admin
1877,الرسم,2025-03-20 17:48:45,,True,admin
1877,الدبكة والرقصات الفولكلوريّة,2025-03-20 17:48:45,,True,admin
1877,الغناء,2025-03-20 17:48:45,,True,admin
1878,الرسم,2025-03-20 17:51:51,,True,admin
1878,الغناء,2025-03-20 17:51:51,,True,admin
1879,الترتيل,2025-03-20 17:52:55,,True,admin
1879,الرياضة,2025-03-20 17:52:55,,True,admin
1879,التمثيل,2025-03-20 17:52:55,,True,admin
1879,الدبكة والرقصات الفولكلوريّة,2025-03-20 17:52:55,,True,admin
1879,الغناء,2025-03-20 17:52:55,,True,admin
1879,العزف,2025-03-20 17:52:55,,True,admin
1879,الرسم,2025-03-20 17:52:55,,True,admin
1880,الرياضة,2025-03-20 17:58:13,,True,admin
1880,القراءة,2025-03-20 17:58:13,,True,admin
1881,الرسم,2025-03-20 17:59:51,,True,admin
1881,القراءة,2025-03-20 17:59:51,,True,admin
1881,أشغال يدويّة,2025-03-20 17:59:51,,True,admin
1882,العزف,2025-03-20 18:01:54,,True,admin
1882,الرياضة,2025-03-20 18:01:54,,True,admin
1882,الرسم,2025-03-20 18:01:54,,True,admin
1882,أشغال يدويّة,2025-03-20 18:01:54,,True,admin
1882,الدبكة والرقصات الفولكلوريّة,2025-03-20 18:01:54,,True,admin
1883,الرسم,2025-03-20 18:01:54,,True,admin
1884,الرياضة,2025-03-20 18:04:55,,True,admin
1885,الرياضة,2025-03-20 18:07:03,,True,admin
1886,الرياضة,2025-03-20 18:11:59,,True,admin
1886,التمثيل,2025-03-20 18:11:59,,True,admin
1886,الرسم,2025-03-20 18:11:59,,True,admin
1886,الدبكة والرقصات الفولكلوريّة,2025-03-20 18:11:59,,True,admin
1886,الغناء,2025-03-20 18:11:59,,True,admin
1887,الرسم,2025-03-20 18:14:38,,True,admin
1887,القراءة,2025-03-20 18:14:38,,True,admin
1887,أشغال يدويّة,2025-03-20 18:14:38,,True,admin
1887,الدبكة والرقصات الفولكلوريّة,2025-03-20 18:14:38,,True,admin
1887,الغناء,2025-03-20 18:14:38,,True,admin
1888,الدبكة والرقصات الفولكلوريّة,2025-03-20 18:17:01,,True,admin
1889,الرياضة,2025-03-20 18:20:39,,True,admin
1889,تأدية حركات التراتيل,2025-03-20 18:20:39,,True,admin
1890,الغناء,2025-03-20 18:29:04,,True,admin
1891,الغناء,2025-03-20 18:30:55,,True,admin
1892,الرياضة,2025-03-20 18:31:31,,True,admin
1893,الرياضة,2025-03-20 18:31:46,,True,admin
1893,الرسم,2025-03-20 18:31:46,,True,admin
1893,القراءة,2025-03-20 18:31:46,,True,admin
1893,أشغال يدويّة,2025-03-20 18:31:46,,True,admin
1893,الدبكة والرقصات الفولكلوريّة,2025-03-20 18:31:46,,True,admin
1893,السباحة,2025-03-20 18:31:46,,True,admin
1894,الرياضة,2025-03-20 18:32:32,,True,admin
1894,الرسم,2025-03-20 18:32:32,,True,admin
1895,الرياضة,2025-03-20 18:33:27,,True,admin
1895,القراءة,2025-03-20 18:33:27,,True,admin
1895,أشغال يدويّة,2025-03-20 18:33:27,,True,admin
1895,الدبكة والرقصات الفولكلوريّة,2025-03-20 18:33:27,,True,admin
1895,السباحة,2025-03-20 18:33:27,,True,admin
1896,الرياضة,2025-03-20 18:34:24,,True,admin
1896,الرسم,2025-03-20 18:34:24,,True,admin
1897,الرياضة,2025-03-20 18:36:08,,True,admin
1897,الرسم,2025-03-20 18:36:08,,True,admin
1897,الغناء,2025-03-20 18:36:08,,True,admin
1898,الترتيل,2025-03-20 18:38:13,,True,admin
1898,الرياضة,2025-03-20 18:38:13,,True,admin
1898,القراءة,2025-03-20 18:38:13,,True,admin
1898,أشغال يدويّة,2025-03-20 18:38:13,,True,admin
1899,الرياضة,2025-03-20 18:40:07,,True,admin
1900,الترتيل,2025-03-20 18:44:47,,True,admin
1900,الرياضة,2025-03-20 18:44:47,,True,admin
1900,التمثيل,2025-03-20 18:44:47,,True,admin
1900,تأدية حركات التراتيل,2025-03-20 18:44:47,,True,admin
1901,الرياضة,2025-03-20 18:45:03,,True,admin
1902,العزف,2025-03-20 18:47:07,,True,admin
1902,الترتيل,2025-03-20 18:47:07,,True,admin
1903,الرسم,2025-03-20 18:52:05,,True,admin
1903,الدبكة والرقصات الفولكلوريّة,2025-03-20 18:52:05,,True,admin
1904,الرياضة,2025-03-20 18:53:49,,True,admin
1904,الرسم,2025-03-20 18:53:49,,True,admin
1905,الترتيل,2025-03-20 18:55:37,,True,admin
1905,الرياضة,2025-03-20 18:55:37,,True,admin
1905,التمثيل,2025-03-20 18:55:37,,True,admin
1905,تأدية حركات التراتيل,2025-03-20 18:55:37,,True,admin
1905,الرسم,2025-03-20 18:55:37,,True,admin
1905,القراءة,2025-03-20 18:55:37,,True,admin
1905,أشغال يدويّة,2025-03-20 18:55:37,,True,admin
1905,الدبكة والرقصات الفولكلوريّة,2025-03-20 18:55:37,,True,admin
1905,الغناء,2025-03-20 18:55:37,,True,admin
1906,أشغال يدويّة,2025-03-20 19:39:58,,True,admin
1907,الرياضة,2025-03-20 19:43:18,,True,admin
1907,التمثيل,2025-03-20 19:43:18,,True,admin
1907,الرسم,2025-03-20 19:43:18,,True,admin
1908,الرياضة,2025-03-20 19:45:03,,True,admin
1909,الدبكة والرقصات الفولكلوريّة,2025-03-20 19:53:16,,True,admin
1910,الترتيل,2025-03-20 19:57:16,,True,admin
1910,الغناء,2025-03-20 19:57:16,,True,admin
1911,الترتيل,2025-03-20 19:58:27,,True,admin
1911,الغناء,2025-03-20 19:58:27,,True,admin
1912,الترتيل,2025-03-20 19:58:41,,True,admin
1912,تأدية حركات التراتيل,2025-03-20 19:58:41,,True,admin
1912,الرسم,2025-03-20 19:58:41,,True,admin
1912,القراءة,2025-03-20 19:58:41,,True,admin
1913,الترتيل,2025-03-20 19:59:49,,True,admin
1913,الرياضة,2025-03-20 19:59:49,,True,admin
1913,الرسم,2025-03-20 19:59:49,,True,admin
1913,القراءة,2025-03-20 19:59:49,,True,admin
1913,الدبكة والرقصات الفولكلوريّة,2025-03-20 19:59:49,,True,admin
1914,العزف,2025-03-20 20:07:58,,True,admin
1914,الترتيل,2025-03-20 20:07:58,,True,admin
1914,القراءة,2025-03-20 20:07:58,,True,admin
1915,العزف,2025-03-20 20:14:15,,True,admin
1915,الترتيل,2025-03-20 20:14:15,,True,admin
1915,الرياضة,2025-03-20 20:14:15,,True,admin
1915,التمثيل,2025-03-20 20:14:15,,True,admin
1915,تأدية حركات التراتيل,2025-03-20 20:14:15,,True,admin
1915,الرسم,2025-03-20 20:14:15,,True,admin
1915,القراءة,2025-03-20 20:14:15,,True,admin
1915,أشغال يدويّة,2025-03-20 20:14:15,,True,admin
1915,الدبكة والرقصات الفولكلوريّة,2025-03-20 20:14:15,,True,admin
1915,الغناء,2025-03-20 20:14:15,,True,admin
1916,الترتيل,2025-03-20 20:43:09,,True,admin
1916,الرياضة,2025-03-20 20:43:09,,True,admin
1916,التمثيل,2025-03-20 20:43:09,,True,admin
1916,تأدية حركات التراتيل,2025-03-20 20:43:09,,True,admin
1916,الرسم,2025-03-20 20:43:09,,True,admin
1916,القراءة,2025-03-20 20:43:09,,True,admin
1916,أشغال يدويّة,2025-03-20 20:43:09,,True,admin
1916,الدبكة والرقصات الفولكلوريّة,2025-03-20 20:43:09,,True,admin
1916,الغناء,2025-03-20 20:43:09,,True,admin
1917,الرسم,2025-03-20 21:11:50,,True,admin
1917,القراءة,2025-03-20 21:11:50,,True,admin
1917,الدبكة والرقصات الفولكلوريّة,2025-03-20 21:11:50,,True,admin
1918,الرياضة,2025-03-20 21:19:35,,True,admin
1918,أشغال يدويّة,2025-03-20 21:19:35,,True,admin
1918,الدبكة والرقصات الفولكلوريّة,2025-03-20 21:19:35,,True,admin
1919,الترتيل,2025-03-20 21:36:46,,True,admin
1919,التمثيل,2025-03-20 21:36:46,,True,admin
1919,الدبكة والرقصات الفولكلوريّة,2025-03-20 21:36:46,,True,admin
1919,الغناء,2025-03-20 21:36:46,,True,admin
1920,الرسم,2025-03-20 21:40:38,,True,admin
1920,القراءة,2025-03-20 21:40:38,,True,admin
1920,أشغال يدويّة,2025-03-20 21:40:38,,True,admin
1921,الرياضة,2025-03-20 21:44:45,,True,admin
1922,الرياضة,2025-03-20 23:01:39,,True,admin
1922,الرسم,2025-03-20 23:01:39,,True,admin
1923,الرسم,2025-03-20 23:03:22,,True,admin
1924,التمثيل,2025-03-20 23:30:35,,True,admin
1924,الإخراج (السينمائي/ المسرحي),2025-03-20 23:30:35,,True,admin
1925,التمثيل,2025-03-20 23:49:35,,True,admin
1926,الرياضة,2025-03-20 23:55:40,,True,admin
1926,تأدية حركات التراتيل,2025-03-20 23:55:40,,True,admin
1927,الترتيل,2025-03-21 01:52:03,,True,admin
1927,الرياضة,2025-03-21 01:52:03,,True,admin
1927,تأدية حركات التراتيل,2025-03-21 01:52:03,,True,admin
1927,الرسم,2025-03-21 01:52:03,,True,admin
1927,أشغال يدويّة,2025-03-21 01:52:03,,True,admin
1927,الدبكة والرقصات الفولكلوريّة,2025-03-21 01:52:03,,True,admin
1927,الغناء,2025-03-21 01:52:03,,True,admin
1928,أشغال يدويّة,2025-03-21 10:15:00,,True,admin
1929,العزف,2025-03-21 11:06:17,,True,admin
1929,الرياضة,2025-03-21 11:06:17,,True,admin
1930,الترتيل,2025-03-21 11:07:00,,True,admin
1930,الرياضة,2025-03-21 11:07:00,,True,admin
1930,تأدية حركات التراتيل,2025-03-21 11:07:00,,True,admin
1930,الرسم,2025-03-21 11:07:00,,True,admin
1931,الترتيل,2025-03-21 12:09:47,,True,admin
1931,الرياضة,2025-03-21 12:09:47,,True,admin
1931,التمثيل,2025-03-21 12:09:47,,True,admin
1931,تأدية حركات التراتيل,2025-03-21 12:09:47,,True,admin
1931,الرسم,2025-03-21 12:09:47,,True,admin
1931,القراءة,2025-03-21 12:09:47,,True,admin
1931,الدبكة والرقصات الفولكلوريّة,2025-03-21 12:09:47,,True,admin
1931,الغناء,2025-03-21 12:09:47,,True,admin
1932,الترتيل,2025-03-21 12:13:26,,True,admin
1932,الرياضة,2025-03-21 12:13:26,,True,admin
1932,التمثيل,2025-03-21 12:13:26,,True,admin
1932,الرسم,2025-03-21 12:13:26,,True,admin
1932,تأدية حركات التراتيل,2025-03-21 12:13:26,,True,admin
1932,الدبكة والرقصات الفولكلوريّة,2025-03-21 12:13:26,,True,admin
1933,العزف,2025-03-21 12:15:41,,True,admin
1933,الترتيل,2025-03-21 12:15:41,,True,admin
1933,الرياضة,2025-03-21 12:15:41,,True,admin
1933,التمثيل,2025-03-21 12:15:41,,True,admin
1933,الرسم,2025-03-21 12:15:41,,True,admin
1933,الدبكة والرقصات الفولكلوريّة,2025-03-21 12:15:41,,True,admin
1933,الغناء,2025-03-21 12:15:41,,True,admin
1934,الرياضة,2025-03-21 13:04:24,,True,admin
1935,الرياضة,2025-03-21 17:59:29,,True,admin
1935,تأدية حركات التراتيل,2025-03-21 17:59:29,,True,admin
1935,الدبكة والرقصات الفولكلوريّة,2025-03-21 17:59:29,,True,admin
1936,الترتيل,2025-03-21 18:00:33,,True,admin
1936,الرياضة,2025-03-21 18:00:33,,True,admin
1936,تأدية حركات التراتيل,2025-03-21 18:00:33,,True,admin
1937,مهارات التواصل,2025-03-21 18:47:34,,True,admin
1937,مهارات إداريّة,2025-03-21 18:47:34,,True,admin
1937,مهارات التخطيط,2025-03-21 18:47:34,,True,admin
1938,العزف,2025-03-21 22:41:30,,True,admin
1938,الترتيل,2025-03-21 22:41:30,,True,admin
1938,الرياضة,2025-03-21 22:41:30,,True,admin
1938,الرسم,2025-03-21 22:41:30,,True,admin
1938,القراءة,2025-03-21 22:41:30,,True,admin
1938,أشغال يدويّة,2025-03-21 22:41:30,,True,admin
1939,العزف,2025-03-21 23:10:27,,True,admin
1939,الرياضة,2025-03-21 23:10:27,,True,admin
1939,الرسم,2025-03-21 23:10:27,,True,admin
1940,الرياضة,2025-03-22 08:15:47,,True,admin
1940,الرسم,2025-03-22 08:15:47,,True,admin
1941,الرياضة,2025-03-22 08:18:09,,True,admin
1942,الرياضة,2025-03-22 10:50:59,,True,admin
1942,الرسم,2025-03-22 10:50:59,,True,admin
1942,أشغال يدويّة,2025-03-22 10:50:59,,True,admin
1943,الترتيل,2025-03-22 13:39:49,,True,admin
1943,الرياضة,2025-03-22 13:39:49,,True,admin
1943,تأدية حركات التراتيل,2025-03-22 13:39:49,,True,admin
1943,الرسم,2025-03-22 13:39:49,,True,admin
1943,القراءة,2025-03-22 13:39:49,,True,admin
1944,الرسم,2025-03-22 14:18:27,,True,admin
1944,كتابة قصص,2025-03-22 14:18:27,,True,admin
1945,الطبلة,2025-03-22 14:20:08,,True,admin
1945,الغناء,2025-03-22 14:20:08,,True,admin
1946,الرياضة,2025-03-22 14:28:09,,True,admin
1946,القراءة,2025-03-22 14:28:09,,True,admin
1946,أشغال يدويّة,2025-03-22 14:28:09,,True,admin
1946,الدبكة والرقصات الفولكلوريّة,2025-03-22 14:28:09,,True,admin
1947,أشغال يدويّة,2025-03-22 14:37:52,,True,admin
1948,الرياضة,2025-03-22 15:07:45,,True,admin
1949,الرسم,2025-03-22 15:31:18,,True,admin
1950,الرياضة,2025-03-22 15:33:53,,True,admin
1951,الرياضة,2025-03-22 15:36:52,,True,admin
1952,أشغال يدويّة,2025-03-22 15:38:56,,True,admin
1953,الترتيل,2025-03-22 15:46:37,,True,admin
1953,الرياضة,2025-03-22 15:46:37,,True,admin
1953,التمثيل,2025-03-22 15:46:37,,True,admin
1953,تأدية حركات التراتيل,2025-03-22 15:46:37,,True,admin
1953,الرسم,2025-03-22 15:46:37,,True,admin
1953,أشغال يدويّة,2025-03-22 15:46:37,,True,admin
1953,الدبكة والرقصات الفولكلوريّة,2025-03-22 15:46:37,,True,admin
1954,الرسم,2025-03-22 15:52:12,,True,admin
1954,القراءة,2025-03-22 15:52:12,,True,admin
1954,أشغال يدويّة,2025-03-22 15:52:12,,True,admin
1955,الرياضة,2025-03-22 15:57:52,,True,admin
1955,التمثيل,2025-03-22 15:57:52,,True,admin
1955,القراءة,2025-03-22 15:57:52,,True,admin
1956,الرسم,2025-03-22 15:59:19,,True,admin
1957,الترتيل,2025-03-22 16:03:47,,True,admin
1957,الرياضة,2025-03-22 16:03:47,,True,admin
1957,الرسم,2025-03-22 16:03:47,,True,admin
1957,أشغال يدويّة,2025-03-22 16:03:47,,True,admin
1958,العزف,2025-03-22 16:08:46,,True,admin
1958,الترتيل,2025-03-22 16:08:46,,True,admin
1958,التمثيل,2025-03-22 16:08:46,,True,admin
1959,الرياضة,2025-03-22 16:11:51,,True,admin
1960,الترتيل,2025-03-22 16:12:24,,True,admin
1960,التمثيل,2025-03-22 16:12:24,,True,admin
1960,تأدية حركات التراتيل,2025-03-22 16:12:24,,True,admin
1960,الكتابة,2025-03-22 16:12:24,,True,admin
1961,الرياضة,2025-03-22 16:12:46,,True,admin
1961,الدبكة والرقصات الفولكلوريّة,2025-03-22 16:12:46,,True,admin
1962,العزف,2025-03-22 16:12:53,,True,admin
1962,التمثيل,2025-03-22 16:12:53,,True,admin
1962,الدبكة والرقصات الفولكلوريّة,2025-03-22 16:12:53,,True,admin
1963,الرياضة,2025-03-22 16:13:58,,True,admin
1963,أشغال يدويّة,2025-03-22 16:13:58,,True,admin
1964,الدبكة والرقصات الفولكلوريّة,2025-03-22 16:14:12,,True,admin
1965,الدبكة والرقصات الفولكلوريّة,2025-03-22 16:15:21,,True,admin
1965,الغناء,2025-03-22 16:15:21,,True,admin
1966,الرياضة,2025-03-22 16:15:35,,True,admin
1967,الرسم,2025-03-22 16:15:55,,True,admin
1967,أشغال يدويّة,2025-03-22 16:15:55,,True,admin
1968,الرسم,2025-03-22 16:19:07,,True,admin
1968,القراءة,2025-03-22 16:19:07,,True,admin
1969,الترتيل,2025-03-22 16:19:23,,True,admin
1969,القراءة,2025-03-22 16:19:23,,True,admin
1969,الدبكة والرقصات الفولكلوريّة,2025-03-22 16:19:23,,True,admin
1970,الرياضة,2025-03-22 16:23:01,,True,admin
1970,الرسم,2025-03-22 16:23:01,,True,admin
1971,تأدية حركات التراتيل,2025-03-22 16:23:03,,True,admin
1972,العزف,2025-03-22 16:25:14,,True,admin
1972,الترتيل,2025-03-22 16:25:14,,True,admin
1972,التمثيل,2025-03-22 16:25:14,,True,admin
1972,تأدية حركات التراتيل,2025-03-22 16:25:14,,True,admin
1972,الرسم,2025-03-22 16:25:14,,True,admin
1972,أشغال يدويّة,2025-03-22 16:25:14,,True,admin
1972,الدبكة والرقصات الفولكلوريّة,2025-03-22 16:25:14,,True,admin
1973,الترتيل,2025-03-22 16:26:50,,True,admin
1973,التمثيل,2025-03-22 16:26:50,,True,admin
1973,الرسم,2025-03-22 16:26:50,,True,admin
1973,القراءة,2025-03-22 16:26:50,,True,admin
1973,الغناء,2025-03-22 16:26:50,,True,admin
1974,الترتيل,2025-03-22 16:28:31,,True,admin
1974,الرياضة,2025-03-22 16:28:31,,True,admin
1974,الرسم,2025-03-22 16:28:31,,True,admin
1974,أشغال يدويّة,2025-03-22 16:28:31,,True,admin
1974,الغناء,2025-03-22 16:28:31,,True,admin
1975,الرياضة,2025-03-22 16:29:59,,True,admin
1975,القراءة,2025-03-22 16:29:59,,True,admin
1976,الرياضة,2025-03-22 16:45:12,,True,admin
1976,الرسم,2025-03-22 16:45:12,,True,admin
1976,القراءة,2025-03-22 16:45:12,,True,admin
1977,الترتيل,2025-03-22 17:03:04,,True,admin
1977,الرياضة,2025-03-22 17:03:04,,True,admin
1977,أشغال يدويّة,2025-03-22 17:03:04,,True,admin
1977,الغناء,2025-03-22 17:03:04,,True,admin
1978,الرياضة,2025-03-22 17:07:21,,True,admin
1978,الرسم,2025-03-22 17:07:21,,True,admin
1978,أشغال يدويّة,2025-03-22 17:07:21,,True,admin
1979,الرياضة,2025-03-22 17:42:15,,True,admin
1979,أشغال يدويّة,2025-03-22 17:42:15,,True,admin
1980,الطبخ,2025-03-22 17:47:17,,True,admin
1981,تأدية حركات التراتيل,2025-03-22 18:04:33,,True,admin
1981,أشغال يدويّة,2025-03-22 18:04:33,,True,admin
1983,القراءة,2025-03-22 19:10:01,,True,admin
1983,مهارات العمل الجماعي,2025-03-22 19:10:01,,True,admin
1983,التنظيم لأعمال تطوعيّة,2025-03-22 19:10:01,,True,admin
1983,أجهزة الصوت (صوتيّات ومِكسرات),2025-03-22 19:10:01,,True,admin
1983,أشغال يدويّة,2025-03-22 19:10:01,,True,admin
1984,العزف,2025-03-22 19:10:27,,True,admin
1985,الرياضة,2025-03-22 19:12:33,,True,admin
1985,التصميم الجرافيكي,2025-03-22 19:12:33,,True,admin
1986,العزف,2025-03-22 19:13:10,,True,admin
1986,الرسم,2025-03-22 19:13:10,,True,admin
1986,القراءة,2025-03-22 19:13:10,,True,admin
1986,أشغال يدويّة,2025-03-22 19:13:10,,True,admin
1987,الرياضة,2025-03-22 19:14:51,,True,admin
1989,الأظافر,2025-03-22 19:25:40,,True,admin
1990,تصوير فيديو,2025-03-22 19:26:40,,True,admin
1990,مونتاج فيديو,2025-03-22 19:26:40,,True,admin
1991,القراءة,2025-03-22 19:28:40,,True,admin
1992,الرياضة,2025-03-22 19:29:40,,True,admin
1992,الرسم,2025-03-22 19:29:40,,True,admin
1993,الرسم,2025-03-22 19:30:32,,True,admin
1994,الترتيل,2025-03-22 19:33:48,,True,admin
1994,الرياضة,2025-03-22 19:33:48,,True,admin
1994,التمثيل,2025-03-22 19:33:48,,True,admin
1994,القراءة,2025-03-22 19:33:48,,True,admin
1994,أشغال يدويّة,2025-03-22 19:33:48,,True,admin
1995,الترتيل,2025-03-22 19:37:26,,True,admin
1995,التمثيل,2025-03-22 19:37:26,,True,admin
1995,تأدية حركات التراتيل,2025-03-22 19:37:26,,True,admin
1995,الرسم,2025-03-22 19:37:26,,True,admin
1996,الرياضة,2025-03-22 19:40:15,,True,admin
1996,مهارات إداريّة,2025-03-22 19:40:15,,True,admin
1996,مهارات العمل الجماعي,2025-03-22 19:40:15,,True,admin
1996,مهارات التخطيط,2025-03-22 19:40:15,,True,admin
1997,الرياضة,2025-03-22 20:00:12,,True,admin
1998,التمثيل,2025-03-22 20:03:10,,True,admin
1998,مهارات التواصل,2025-03-22 20:03:10,,True,admin
1999,الرياضة,2025-03-22 20:12:25,,True,admin
1999,الرسم,2025-03-22 20:12:25,,True,admin
1999,القراءة,2025-03-22 20:12:25,,True,admin
2000,الرياضة,2025-03-22 20:13:35,,True,admin
2000,الرسم,2025-03-22 20:13:35,,True,admin
2000,القراءة,2025-03-22 20:13:35,,True,admin
2001,الرياضة,2025-03-22 20:18:43,,True,admin
2002,الرياضة,2025-03-22 20:20:08,,True,admin
2003,تأدية حركات التراتيل,2025-03-22 20:25:43,,True,admin
2004,الترتيل,2025-03-22 20:30:25,,True,admin
2004,تصوير فيديو,2025-03-22 20:30:25,,True,admin
2004,كتابة نصوص,2025-03-22 20:30:25,,True,admin
2004,التصميم الداخلي/ ديكور,2025-03-22 20:30:25,,True,admin
2004,الرسم,2025-03-22 20:30:25,,True,admin
2004,القراءة,2025-03-22 20:30:25,,True,admin
2004,مهارات التواصل,2025-03-22 20:30:25,,True,admin
2004,مهارات إداريّة,2025-03-22 20:30:25,,True,admin
2004,مهارات التخطيط,2025-03-22 20:30:25,,True,admin
2004,تحضير الألعاب,2025-03-22 20:30:25,,True,admin
2004,التنظيم لأعمال تطوعيّة,2025-03-22 20:30:25,,True,admin
2004,أشغال يدويّة,2025-03-22 20:30:25,,True,admin
2004,الدبكة والرقصات الفولكلوريّة,2025-03-22 20:30:25,,True,admin
2004,تأدية حركات التراتيل,2025-03-22 20:30:25,,True,admin
2005,الترتيل,2025-03-22 20:30:52,,True,admin
2005,التمثيل,2025-03-22 20:30:52,,True,admin
2005,الدبكة والرقصات الفولكلوريّة,2025-03-22 20:30:52,,True,admin
2005,الغناء,2025-03-22 20:30:52,,True,admin
2006,الرياضة,2025-03-22 20:40:25,,True,admin
2006,تأدية حركات التراتيل,2025-03-22 20:40:25,,True,admin
2006,الدبكة والرقصات الفولكلوريّة,2025-03-22 20:40:25,,True,admin
2008,الرياضة,2025-03-22 20:53:15,,True,admin
2008,مهارات إداريّة,2025-03-22 20:53:15,,True,admin
2008,مهارات العمل الجماعي,2025-03-22 20:53:15,,True,admin
2008,تحضير الألعاب,2025-03-22 20:53:15,,True,admin
2009,الترتيل,2025-03-22 21:08:00,,True,admin
2009,التمثيل,2025-03-22 21:08:00,,True,admin
2009,تأدية حركات التراتيل,2025-03-22 21:08:00,,True,admin
2009,الدبكة والرقصات الفولكلوريّة,2025-03-22 21:08:00,,True,admin
2009,الغناء,2025-03-22 21:08:00,,True,admin
2010,الرياضة,2025-03-22 21:10:40,,True,admin
2010,التمثيل,2025-03-22 21:10:40,,True,admin
2010,الدبكة والرقصات الفولكلوريّة,2025-03-22 21:10:40,,True,admin
2010,الغناء,2025-03-22 21:10:40,,True,admin
2011,الترتيل,2025-03-22 21:40:50,,True,admin
2011,الرياضة,2025-03-22 21:40:50,,True,admin
2011,أشغال يدويّة,2025-03-22 21:40:50,,True,admin
2012,الرياضة,2025-03-22 22:09:35,,True,admin
2013,مهارات العمل الجماعي,2025-03-22 22:09:47,,True,admin
2014,الغناء,2025-03-22 23:24:09,,True,admin
2014,الترتيل,2025-03-22 23:24:09,,True,admin
2014,الرياضة,2025-03-22 23:24:09,,True,admin
2014,مهارات التواصل,2025-03-22 23:24:09,,True,admin
2014,مهارات إداريّة,2025-03-22 23:24:09,,True,admin
2014,مهارات العمل الجماعي,2025-03-22 23:24:09,,True,admin
2014,مهارات التخطيط,2025-03-22 23:24:09,,True,admin
2014,الدبكة والرقصات الفولكلوريّة,2025-03-22 23:24:09,,True,admin
2015,الرياضة,2025-03-22 23:34:54,,True,admin
2015,تأدية حركات التراتيل,2025-03-22 23:34:54,,True,admin
2015,الرسم,2025-03-22 23:34:54,,True,admin
2016,الرياضة,2025-03-22 23:36:37,,True,admin
2016,الرسم,2025-03-22 23:36:37,,True,admin
2017,العزف,2025-03-22 23:50:18,,True,admin
2017,الرياضة,2025-03-22 23:50:18,,True,admin
2017,كتابة نصوص,2025-03-22 23:50:18,,True,admin
2017,مونتاج فيديو,2025-03-22 23:50:18,,True,admin
2017,مهارات إداريّة,2025-03-22 23:50:18,,True,admin
2017,مهارات العمل الجماعي,2025-03-22 23:50:18,,True,admin
2017,مهارات التخطيط,2025-03-22 23:50:18,,True,admin
2017,تحضير الألعاب,2025-03-22 23:50:18,,True,admin
2017,التنظيم لأعمال تطوعيّة,2025-03-22 23:50:18,,True,admin
2018,الرياضة,2025-03-23 03:19:33,,True,admin
2018,الرسم,2025-03-23 03:19:33,,True,admin
2019,الرياضة,2025-03-23 09:52:50,,True,admin
2020,العزف,2025-03-23 11:01:06,,True,admin
2020,أشغال يدويّة,2025-03-23 11:01:06,,True,admin
2021,الرياضة,2025-03-23 18:32:42,,True,admin
2022,الرياضة,2025-03-23 18:35:21,,True,admin
2023,العزف,2025-03-23 18:37:18,,True,admin
2023,الترتيل,2025-03-23 18:37:18,,True,admin
2023,الرياضة,2025-03-23 18:37:18,,True,admin
2023,الرسم,2025-03-23 18:37:18,,True,admin
2023,أشغال يدويّة,2025-03-23 18:37:18,,True,admin
2023,الغناء,2025-03-23 18:37:18,,True,admin
2024,أشغال يدويّة,2025-03-23 22:21:34,,True,admin
2024,تأدية حركات التراتيل,2025-03-23 22:21:34,,True,admin
2025,التصوير الفوتوغرافي,2025-03-24 10:38:39,,True,admin
2025,التصميم الجرافيكي,2025-03-24 10:38:39,,True,admin
2025,التمثيل,2025-03-24 10:38:39,,True,admin
2025,الإخراج (السينمائي/ المسرحي),2025-03-24 10:38:39,,True,admin
2025,تصوير فيديو,2025-03-24 10:38:39,,True,admin
2026,العزف,2025-03-24 17:13:50,,True,admin
2026,الترتيل,2025-03-24 17:13:50,,True,admin
2026,الرياضة,2025-03-24 17:13:50,,True,admin
2026,التمثيل,2025-03-24 17:13:50,,True,admin
2026,الغناء,2025-03-24 17:13:50,,True,admin
2027,تحضير الألعاب,2025-03-24 17:30:35,,True,admin
2027,أشغال يدويّة,2025-03-24 17:30:35,,True,admin
2027,تصوير فيديو,2025-03-24 17:30:35,,True,admin
2028,العزف,2025-03-24 17:34:43,,True,admin
2028,الترتيل,2025-03-24 17:34:43,,True,admin
2028,الرياضة,2025-03-24 17:34:43,,True,admin
2028,التمثيل,2025-03-24 17:34:43,,True,admin
2028,الرسم,2025-03-24 17:34:43,,True,admin
2028,الغناء,2025-03-24 17:34:43,,True,admin
2029,العزف,2025-03-24 17:36:43,,True,admin
2029,الترتيل,2025-03-24 17:36:43,,True,admin
2029,الرياضة,2025-03-24 17:36:43,,True,admin
2029,التمثيل,2025-03-24 17:36:43,,True,admin
2029,الرسم,2025-03-24 17:36:43,,True,admin
2029,الغناء,2025-03-24 17:36:43,,True,admin
2030,العزف,2025-03-24 17:39:35,,True,admin
2030,الرياضة,2025-03-24 17:39:35,,True,admin
2031,الترتيل,2025-03-24 17:47:40,,True,admin
2031,التمثيل,2025-03-24 17:47:40,,True,admin
2031,الدبكة والرقصات الفولكلوريّة,2025-03-24 17:47:40,,True,admin
2031,الغناء,2025-03-24 17:47:40,,True,admin
2032,الرسم,2025-03-24 17:50:11,,True,admin
2032,أشغال يدويّة,2025-03-24 17:50:11,,True,admin
2032,الدبكة والرقصات الفولكلوريّة,2025-03-24 17:50:11,,True,admin
2033,الرياضة,2025-03-24 17:57:57,,True,admin
2034,الترتيل,2025-03-24 18:01:06,,True,admin
2034,الدبكة والرقصات الفولكلوريّة,2025-03-24 18:01:06,,True,admin
2035,الترتيل,2025-03-24 18:03:27,,True,admin
2035,التمثيل,2025-03-24 18:03:27,,True,admin
2035,تأدية حركات التراتيل,2025-03-24 18:03:27,,True,admin
2035,الرسم,2025-03-24 18:03:27,,True,admin
2035,أشغال يدويّة,2025-03-24 18:03:27,,True,admin
2035,الدبكة والرقصات الفولكلوريّة,2025-03-24 18:03:27,,True,admin
2036,الرياضة,2025-03-24 18:03:29,,True,admin
2037,الرياضة,2025-03-24 18:06:11,,True,admin
2038,الرياضة,2025-03-24 18:10:01,,True,admin
2038,التمثيل,2025-03-24 18:10:01,,True,admin
2038,الرسم,2025-03-24 18:10:01,,True,admin
2038,أشغال يدويّة,2025-03-24 18:10:01,,True,admin
2039,الترتيل,2025-03-24 18:36:34,,True,admin
2039,التمثيل,2025-03-24 18:36:34,,True,admin
2039,الدبكة والرقصات الفولكلوريّة,2025-03-24 18:36:34,,True,admin
2040,الرياضة,2025-03-24 18:39:58,,True,admin
2041,الترتيل,2025-03-24 18:41:29,,True,admin
2041,الرسم,2025-03-24 18:41:29,,True,admin
2041,الغناء,2025-03-24 18:41:29,,True,admin
2042,الرياضة,2025-03-24 19:40:38,,True,admin
2043,مهارات العمل الجماعي,2025-03-24 21:05:03,,True,admin
2043,تحضير الألعاب,2025-03-24 21:05:03,,True,admin
2043,التنظيم لأعمال تطوعيّة,2025-03-24 21:05:03,,True,admin
2044,الرياضة,2025-03-24 21:30:23,,True,admin
2045,الرياضة,2025-03-24 21:33:04,,True,admin
2045,الغناء,2025-03-24 21:33:04,,True,admin
2046,العزف,2025-03-24 21:36:38,,True,admin
2046,الرياضة,2025-03-24 21:36:38,,True,admin
2046,الدبكة والرقصات الفولكلوريّة,2025-03-24 21:36:38,,True,admin
2047,السباحة,2025-03-24 21:49:41,,True,admin
2048,العزف,2025-03-24 22:06:32,,True,admin
2049,العزف,2025-03-24 22:27:16,,True,admin
2049,الرياضة,2025-03-24 22:27:16,,True,admin
2050,الرياضة,2025-03-24 22:28:59,,True,admin
2050,أشغال يدويّة,2025-03-24 22:28:59,,True,admin
2051,الرياضة,2025-03-24 22:42:32,,True,admin
2051,الرسم,2025-03-24 22:42:32,,True,admin
2052,الرياضة,2025-03-25 00:49:48,,True,admin
2052,تأدية حركات التراتيل,2025-03-25 00:49:48,,True,admin
2052,الرسم,2025-03-25 00:49:48,,True,admin
2052,أشغال يدويّة,2025-03-25 00:49:48,,True,admin
2053,الرياضة,2025-03-25 01:45:51,,True,admin
2054,التمثيل,2025-03-25 08:04:00,,True,admin
2054,الرسم,2025-03-25 08:04:00,,True,admin
2054,أشغال يدويّة,2025-03-25 08:04:00,,True,admin
2055,الرياضة,2025-03-25 08:44:20,,True,admin
2055,التمثيل,2025-03-25 08:44:20,,True,admin
2055,تأدية حركات التراتيل,2025-03-25 08:44:20,,True,admin
2055,أشغال يدويّة,2025-03-25 08:44:20,,True,admin
2055,الغناء,2025-03-25 08:44:20,,True,admin
2056,الرياضة,2025-03-25 21:22:56,,True,admin
2056,الرسم,2025-03-25 21:22:56,,True,admin
2056,القراءة,2025-03-25 21:22:56,,True,admin
2057,الرياضة,2025-03-25 21:56:01,,True,admin
2058,الرياضة,2025-03-26 21:33:19,,True,admin
2058,الرسم,2025-03-26 21:33:19,,True,admin
2059,الرياضة,2025-03-26 21:34:45,,True,admin
2059,القراءة,2025-03-26 21:34:45,,True,admin
2059,الدبكة والرقصات الفولكلوريّة,2025-03-26 21:34:45,,True,admin
2060,التمثيل,2025-03-26 23:47:23,,True,admin
2060,الإخراج (السينمائي/ المسرحي),2025-03-26 23:47:23,,True,admin
2060,الرسم,2025-03-26 23:47:23,,True,admin
2060,مهارات التواصل,2025-03-26 23:47:23,,True,admin
2060,مهارات إداريّة,2025-03-26 23:47:23,,True,admin
2060,مهارات العمل الجماعي,2025-03-26 23:47:23,,True,admin
2061,العزف,2025-03-27 09:30:38,,True,admin
2061,الترتيل,2025-03-27 09:30:38,,True,admin
2061,الرياضة,2025-03-27 09:30:38,,True,admin
2061,القراءة,2025-03-27 09:30:38,,True,admin
2061,الدبكة والرقصات الفولكلوريّة,2025-03-27 09:30:38,,True,admin
2062,تأدية حركات التراتيل,2025-03-27 09:31:11,,True,admin
2062,الغناء,2025-03-27 09:31:11,,True,admin
2063,الترتيل,2025-03-27 09:40:50,,True,admin
2063,الرياضة,2025-03-27 09:40:50,,True,admin
2063,التمثيل,2025-03-27 09:40:50,,True,admin
2063,تأدية حركات التراتيل,2025-03-27 09:40:50,,True,admin
2063,الرسم,2025-03-27 09:40:50,,True,admin
2063,أشغال يدويّة,2025-03-27 09:40:50,,True,admin
2063,الدبكة والرقصات الفولكلوريّة,2025-03-27 09:40:50,,True,admin
2063,الغناء,2025-03-27 09:40:50,,True,admin
2064,الترتيل,2025-03-27 17:32:56,,True,admin
2064,التمثيل,2025-03-27 17:32:56,,True,admin
2064,الرسم,2025-03-27 17:32:56,,True,admin
2064,الغناء,2025-03-27 17:32:56,,True,admin
2066,الرياضة,2025-03-27 17:34:46,,True,admin
2066,التمثيل,2025-03-27 17:34:46,,True,admin
2066,الرسم,2025-03-27 17:34:46,,True,admin
2066,القراءة,2025-03-27 17:34:46,,True,admin
2066,أشغال يدويّة,2025-03-27 17:34:46,,True,admin
2067,الرياضة,2025-03-27 17:34:53,,True,admin
2068,الترتيل,2025-03-27 17:35:11,,True,admin
2069,القراءة,2025-03-27 17:35:20,,True,admin
2070,الغناء,2025-03-27 17:35:23,,True,admin
2071,الترتيل,2025-03-27 17:36:10,,True,admin
2072,الرسم,2025-03-27 17:37:00,,True,admin
2073,الترتيل,2025-03-27 17:37:15,,True,admin
2073,التمثيل,2025-03-27 17:37:15,,True,admin
2073,تأدية حركات التراتيل,2025-03-27 17:37:15,,True,admin
2073,الرياضة,2025-03-27 17:37:15,,True,admin
2073,القراءة,2025-03-27 17:37:15,,True,admin
2073,أشغال يدويّة,2025-03-27 17:37:15,,True,admin
2073,الدبكة والرقصات الفولكلوريّة,2025-03-27 17:37:15,,True,admin
2074,الترتيل,2025-03-27 17:37:20,,True,admin
2074,الغناء,2025-03-27 17:37:20,,True,admin
2075,الرسم,2025-03-27 17:38:18,,True,admin
2075,القراءة,2025-03-27 17:38:18,,True,admin
2076,الرسم,2025-03-27 17:38:52,,True,admin
2076,أشغال يدويّة,2025-03-27 17:38:52,,True,admin
2077,أشغال يدويّة,2025-03-27 17:39:58,,True,admin
2078,الترتيل,2025-03-27 17:41:04,,True,admin
2078,الرسم,2025-03-27 17:41:04,,True,admin
2079,الرياضة,2025-03-27 17:41:35,,True,admin
2081,العزف,2025-03-27 21:17:00,,True,admin
2081,الرسم,2025-03-27 21:17:00,,True,admin
2081,القراءة,2025-03-27 21:17:00,,True,admin
2081,أشغال يدويّة,2025-03-27 21:17:00,,True,admin
2081,الشطرنج,2025-03-27 21:17:00,,True,admin
2082,الترتيل,2025-03-27 23:22:19,,True,admin
2082,الرسم,2025-03-27 23:22:19,,True,admin
2082,الغناء,2025-03-27 23:22:19,,True,admin
2083,الرياضة,2025-03-27 23:26:01,,True,admin
2084,الرياضة,2025-03-27 23:39:42,,True,admin
2084,الرسم,2025-03-27 23:39:42,,True,admin
2084,القراءة,2025-03-27 23:39:42,,True,admin
2085,الرياضة,2025-03-28 09:49:04,,True,admin
2085,الرسم,2025-03-28 09:49:04,,True,admin
2086,الترتيل,2025-03-28 11:17:39,,True,admin
2087,الرياضة,2025-03-28 16:28:02,,True,admin
2087,التمثيل,2025-03-28 16:28:02,,True,admin
2087,الرسم,2025-03-28 16:28:02,,True,admin
2087,الدبكة والرقصات الفولكلوريّة,2025-03-28 16:28:02,,True,admin
2088,الرياضة,2025-03-28 16:30:02,,True,admin
2088,الرسم,2025-03-28 16:30:02,,True,admin
2088,الغناء,2025-03-28 16:30:02,,True,admin
2089,العزف,2025-03-28 17:30:30,,True,admin
2089,الرياضة,2025-03-28 17:30:30,,True,admin
2090,الترتيل,2025-03-28 21:24:04,,True,admin
2090,الرياضة,2025-03-28 21:24:04,,True,admin
2091,العزف,2025-03-28 21:27:45,,True,admin
2091,الترتيل,2025-03-28 21:27:45,,True,admin
2091,الرسم,2025-03-28 21:27:45,,True,admin
2091,أشغال يدويّة,2025-03-28 21:27:45,,True,admin
2092,الرسم,2025-03-28 21:28:30,,True,admin
2093,الترتيل,2025-03-28 21:28:56,,True,admin
2093,القراءة,2025-03-28 21:28:56,,True,admin
2094,العزف,2025-03-28 21:30:16,,True,admin
2094,الرياضة,2025-03-28 21:30:16,,True,admin
2094,القراءة,2025-03-28 21:30:16,,True,admin
2094,أشغال يدويّة,2025-03-28 21:30:16,,True,admin
2095,الرياضة,2025-03-28 21:41:46,,True,admin
2095,الرسم,2025-03-28 21:41:46,,True,admin
2096,الرياضة,2025-03-28 21:44:43,,True,admin
2096,الرسم,2025-03-28 21:44:43,,True,admin
2096,الدبكة والرقصات الفولكلوريّة,2025-03-28 21:44:43,,True,admin
2097,الترتيل,2025-03-28 23:12:14,,True,admin
2097,الرسم,2025-03-28 23:12:14,,True,admin
2097,القراءة,2025-03-28 23:12:14,,True,admin
2097,الغناء,2025-03-28 23:12:14,,True,admin
2098,الرياضة,2025-03-28 23:14:03,,True,admin
2098,الرسم,2025-03-28 23:14:03,,True,admin
2099,الرياضة,2025-03-28 23:14:16,,True,admin
2100,الرياضة,2025-03-28 23:15:18,,True,admin
2101,الرياضة,2025-03-28 23:16:58,,True,admin
2102,الرياضة,2025-03-28 23:18:01,,True,admin
2102,كرة القدم,2025-03-28 23:18:01,,True,admin
2103,التمثيل,2025-03-28 23:19:12,,True,admin
2103,تأدية حركات التراتيل,2025-03-28 23:19:12,,True,admin
2103,السفر,2025-03-28 23:19:12,,True,admin
2103,اكتشاف أماكن جديدة,2025-03-28 23:19:12,,True,admin
2103,تجربة أشياء جديدة,2025-03-28 23:19:12,,True,admin
2104,مهارات العمل الجماعي,2025-03-28 23:22:24,,True,admin
2104,التنظيم لأعمال تطوعيّة,2025-03-28 23:22:24,,True,admin
2105,العزف,2025-03-28 23:28:32,,True,admin
2105,الرياضة,2025-03-28 23:28:32,,True,admin
2105,الرسم,2025-03-28 23:28:32,,True,admin
2106,العزف,2025-03-28 23:28:53,,True,admin
2107,العزف,2025-03-28 23:35:36,,True,admin
2107,الترتيل,2025-03-28 23:35:36,,True,admin
2107,الرياضة,2025-03-28 23:35:36,,True,admin
2107,الرسم,2025-03-28 23:35:36,,True,admin
2107,القراءة,2025-03-28 23:35:36,,True,admin
2107,أشغال يدويّة,2025-03-28 23:35:36,,True,admin
2107,الدبكة والرقصات الفولكلوريّة,2025-03-28 23:35:36,,True,admin
2108,التمثيل,2025-03-28 23:38:17,,True,admin
2109,الغناء,2025-03-28 23:42:09,,True,admin
2110,الغناء,2025-03-29 00:39:34,,True,admin
2111,الغناء,2025-03-29 00:41:57,,True,admin
2112,العزف,2025-03-29 01:02:53,,True,admin
2112,أشغال يدويّة,2025-03-29 01:02:53,,True,admin
2113,الترتيل,2025-03-29 09:33:31,,True,admin
2113,التمثيل,2025-03-29 09:33:31,,True,admin
2113,الرسم,2025-03-29 09:33:31,,True,admin
2113,أشغال يدويّة,2025-03-29 09:33:31,,True,admin
2113,الدبكة والرقصات الفولكلوريّة,2025-03-29 09:33:31,,True,admin
2113,الغناء,2025-03-29 09:33:31,,True,admin
2114,التصميم الداخلي/ ديكور,2025-03-29 11:41:15,2026-05-29 16:19:45,False,admin
2114,مهارات التواصل,2025-03-29 11:41:15,2026-05-29 16:19:45,False,admin
2114,مهارات إداريّة,2025-03-29 11:41:15,2026-05-29 16:19:45,False,admin
2114,مهارات العمل الجماعي,2025-03-29 11:41:15,2026-05-29 16:19:45,False,admin
2114,التنظيم لأعمال تطوعيّة,2025-03-29 11:41:15,2026-05-29 16:19:45,False,admin
2114,أشغال يدويّة,2025-03-29 11:41:15,2026-05-29 16:19:45,False,admin
2115,التمثيل,2025-03-29 12:47:51,,True,admin
2115,كتابة نصوص,2025-03-29 12:47:51,,True,admin
2116,الرياضة,2025-03-29 14:52:45,,True,admin
2116,الرسم,2025-03-29 14:52:45,,True,admin
2117,التمثيل,2025-03-29 15:50:14,,True,admin
2117,القراءة,2025-03-29 15:50:14,,True,admin
2118,الترتيل,2025-03-29 18:06:48,,True,admin
2118,الرسم,2025-03-29 18:06:48,,True,admin
2123,الترتيل,2025-03-29 22:29:52,,True,admin
2124,الرسم,2025-03-29 23:21:08,,True,admin
2124,أشغال يدويّة,2025-03-29 23:21:08,,True,admin
2125,الدبكة والرقصات الفولكلوريّة,2025-03-29 23:46:28,,True,admin
2126,الرياضة,2025-03-30 10:01:36,,True,admin
2127,العزف,2025-03-30 10:06:37,,True,admin
2127,الرياضة,2025-03-30 10:06:37,,True,admin
2127,التمثيل,2025-03-30 10:06:37,,True,admin
2127,الدبكة والرقصات الفولكلوريّة,2025-03-30 10:06:37,,True,admin
2127,السياحة,2025-03-30 10:06:37,,True,admin
2128,الرسم,2025-03-30 10:57:48,,True,admin
2128,الغناء,2025-03-30 10:57:48,,True,admin
2129,الرياضة,2025-03-30 10:58:55,,True,admin
2129,الرسم,2025-03-30 10:58:55,,True,admin
2129,الغناء,2025-03-30 10:58:55,,True,admin
2130,العزف,2025-03-30 11:22:01,,True,admin
2131,العزف,2025-03-30 12:00:41,,True,admin
2131,الترتيل,2025-03-30 12:00:41,,True,admin
2131,الرسم,2025-03-30 12:00:41,,True,admin
2131,القراءة,2025-03-30 12:00:41,,True,admin
2131,الغناء,2025-03-30 12:00:41,,True,admin
2132,الرياضة,2025-03-30 12:20:28,,True,admin
2132,التمثيل,2025-03-30 12:20:28,,True,admin
2132,الرسم,2025-03-30 12:20:28,,True,admin
2133,الرسم,2025-03-30 12:22:56,,True,admin
2134,الرياضة,2025-03-30 12:40:49,,True,admin
2134,الرسم,2025-03-30 12:40:49,,True,admin
2135,الترتيل,2025-03-30 12:44:04,,True,admin
2135,القراءة,2025-03-30 12:44:04,,True,admin
2136,الرياضة,2025-03-30 12:45:30,,True,admin
2136,الرسم,2025-03-30 12:45:30,,True,admin
2137,الرياضة,2025-03-30 12:45:55,,True,admin
2137,الرسم,2025-03-30 12:45:55,,True,admin
2138,الدبكة والرقصات الفولكلوريّة,2025-03-30 14:33:32,,True,admin
2139,الترتيل,2025-03-30 14:34:59,,True,admin
2139,أشغال يدويّة,2025-03-30 14:34:59,,True,admin
2140,العزف,2025-03-30 14:54:53,,True,admin
2140,الترتيل,2025-03-30 14:54:53,,True,admin
2140,أشغال يدويّة,2025-03-30 14:54:53,,True,admin
2141,الرياضة,2025-03-30 15:05:26,,True,admin
2141,الرسم,2025-03-30 15:05:26,,True,admin
2142,الرياضة,2025-03-30 15:06:30,,True,admin
2142,الرسم,2025-03-30 15:06:30,,True,admin
2143,الرسم,2025-03-30 15:06:49,,True,admin
2143,الغناء,2025-03-30 15:06:49,,True,admin
2144,الرياضة,2025-03-30 15:13:10,,True,admin
2144,الرسم,2025-03-30 15:13:10,,True,admin
2145,الترتيل,2025-03-30 15:15:18,,True,admin
2145,تأدية حركات التراتيل,2025-03-30 15:15:18,,True,admin
2145,الرسم,2025-03-30 15:15:18,,True,admin
2145,الدبكة والرقصات الفولكلوريّة,2025-03-30 15:15:18,,True,admin
2145,الغناء,2025-03-30 15:15:18,,True,admin
2146,الرياضة,2025-03-30 15:18:20,,True,admin
2146,تأدية حركات التراتيل,2025-03-30 15:18:20,,True,admin
2146,الرسم,2025-03-30 15:18:20,,True,admin
2146,الغناء,2025-03-30 15:18:20,,True,admin
2147,الرسم,2025-03-30 15:20:55,,True,admin
2147,الدبكة والرقصات الفولكلوريّة,2025-03-30 15:20:55,,True,admin
2148,الرياضة,2025-03-30 15:21:26,,True,admin
2148,تأدية حركات التراتيل,2025-03-30 15:21:26,,True,admin
2149,العزف,2025-03-30 15:21:58,,True,admin
2149,الترتيل,2025-03-30 15:21:58,,True,admin
2149,الرياضة,2025-03-30 15:21:58,,True,admin
2149,تأدية حركات التراتيل,2025-03-30 15:21:58,,True,admin
2149,الرسم,2025-03-30 15:21:58,,True,admin
2149,أشغال يدويّة,2025-03-30 15:21:58,,True,admin
2149,الغناء,2025-03-30 15:21:58,,True,admin
2150,العزف,2025-03-30 15:25:48,,True,admin
2150,الرياضة,2025-03-30 15:25:48,,True,admin
2151,الرياضة,2025-03-30 15:28:25,,True,admin
2152,الرسم,2025-03-30 15:29:56,,True,admin
2153,العزف,2025-03-30 15:36:15,,True,admin
2154,الترتيل,2025-03-30 15:49:41,,True,admin
2154,الرياضة,2025-03-30 15:49:41,,True,admin
2154,تأدية حركات التراتيل,2025-03-30 15:49:41,,True,admin
2154,أشغال يدويّة,2025-03-30 15:49:41,,True,admin
2154,الغناء,2025-03-30 15:49:41,,True,admin
2155,الترتيل,2025-03-30 15:53:17,,True,admin
2155,الرياضة,2025-03-30 15:53:17,,True,admin
2155,الرسم,2025-03-30 15:53:17,,True,admin
2156,الرياضة,2025-03-30 16:50:29,,True,admin
2156,التمثيل,2025-03-30 16:50:29,,True,admin
2156,تأدية حركات التراتيل,2025-03-30 16:50:29,,True,admin
2156,القراءة,2025-03-30 16:50:29,,True,admin
2156,الدبكة والرقصات الفولكلوريّة,2025-03-30 16:50:29,,True,admin
2157,الرياضة,2025-03-30 16:53:47,,True,admin
2157,التمثيل,2025-03-30 16:53:47,,True,admin
2158,الرياضة,2025-03-30 16:55:32,,True,admin
2158,التمثيل,2025-03-30 16:55:32,,True,admin
2158,الرسم,2025-03-30 16:55:32,,True,admin
2158,أشغال يدويّة,2025-03-30 16:55:32,,True,admin
2159,الترتيل,2025-03-30 16:57:15,,True,admin
2159,الرياضة,2025-03-30 16:57:15,,True,admin
2159,الرسم,2025-03-30 16:57:15,,True,admin
2160,الرياضة,2025-03-30 16:57:22,,True,admin
2161,كرة القدم,2025-03-30 17:03:08,,True,admin
2162,الرياضة,2025-03-30 17:05:26,,True,admin
2163,العزف,2025-03-30 17:05:53,,True,admin
2163,الرياضة,2025-03-30 17:05:53,,True,admin
2163,الرسم,2025-03-30 17:05:53,,True,admin
2163,القراءة,2025-03-30 17:05:53,,True,admin
2164,الترتيل,2025-03-30 17:07:27,,True,admin
2164,التمثيل,2025-03-30 17:07:27,,True,admin
2164,تأدية حركات التراتيل,2025-03-30 17:07:27,,True,admin
2164,الرسم,2025-03-30 17:07:27,,True,admin
2164,الدبكة والرقصات الفولكلوريّة,2025-03-30 17:07:27,,True,admin
2164,الغناء,2025-03-30 17:07:27,,True,admin
2165,القراءة,2025-03-30 17:23:27,,True,admin
2166,السباحة,2025-03-30 17:24:35,,True,admin
2167,الرياضة,2025-03-30 17:26:43,,True,admin
2168,الرياضة,2025-03-30 17:28:20,,True,admin
2169,الرياضة,2025-03-30 17:32:44,,True,admin
2169,الرسم,2025-03-30 17:32:44,,True,admin
2169,السباحة,2025-03-30 17:32:44,,True,admin
2170,الرياضة,2025-03-30 17:33:48,,True,admin
2170,الرسم,2025-03-30 17:33:48,,True,admin
2171,الرياضة,2025-03-30 17:35:32,,True,admin
2171,الرسم,2025-03-30 17:35:32,,True,admin
2172,الرياضة,2025-03-30 18:56:35,,True,admin
2173,الرياضة,2025-03-30 19:26:55,,True,admin
2173,التلوين,2025-03-30 19:26:55,,True,admin
2174,الرياضة,2025-03-30 19:26:55,,True,admin
2174,التلوين,2025-03-30 19:26:55,,True,admin
2175,الترتيل,2025-03-30 19:28:39,,True,admin
2175,التمثيل,2025-03-30 19:28:39,,True,admin
2175,الرسم,2025-03-30 19:28:39,,True,admin
2176,الرياضة,2025-03-30 20:42:33,,True,admin
2176,الدبكة والرقصات الفولكلوريّة,2025-03-30 20:42:33,,True,admin
2177,الترتيل,2025-03-30 20:45:45,,True,admin
2177,التمثيل,2025-03-30 20:45:45,,True,admin
2177,القراءة,2025-03-30 20:45:45,,True,admin
2178,التمثيل,2025-03-30 20:48:20,,True,admin
2178,تأدية حركات التراتيل,2025-03-30 20:48:20,,True,admin
2178,الرسم,2025-03-30 20:48:20,,True,admin
2179,أشغال يدويّة,2025-03-30 21:22:43,,True,admin
2180,القراءة,2025-03-30 21:56:44,,True,admin
2181,تأدية حركات التراتيل,2025-03-30 22:07:17,,True,admin
2182,تأدية حركات التراتيل,2025-03-30 22:12:47,,True,admin
2183,الرياضة,2025-03-30 22:27:51,,True,admin
2184,الرياضة,2025-03-30 22:37:26,,True,admin
2184,القراءة,2025-03-30 22:37:26,,True,admin
2184,الغناء,2025-03-30 22:37:26,,True,admin
2185,الرسم,2025-03-30 22:40:39,,True,admin
2185,الغناء,2025-03-30 22:40:39,,True,admin
2186,الرياضة,2025-03-31 00:03:18,,True,admin
2187,الرياضة,2025-03-31 02:22:34,,True,admin
2188,العزف,2025-03-31 02:24:10,,True,admin
2188,الرياضة,2025-03-31 02:24:10,,True,admin
2188,التمثيل,2025-03-31 02:24:10,,True,admin
2188,الغناء,2025-03-31 02:24:10,,True,admin
2189,التمثيل,2025-03-31 13:36:29,,True,admin
2189,الدبكة والرقصات الفولكلوريّة,2025-03-31 13:36:29,,True,admin
2190,الرسم,2025-03-31 14:05:08,,True,admin
2192,الرياضة,2025-03-31 14:18:11,,True,admin
2192,الرسم,2025-03-31 14:18:11,,True,admin
2193,العزف,2025-03-31 14:20:08,,True,admin
2193,الرياضة,2025-03-31 14:20:08,,True,admin
2193,الرسم,2025-03-31 14:20:08,,True,admin
2194,العزف,2025-03-31 14:41:36,,True,admin
2194,الرسم,2025-03-31 14:41:36,,True,admin
2195,الترتيل,2025-03-31 14:43:56,,True,admin
2196,الرياضة,2025-03-31 14:44:53,,True,admin
2196,تأدية حركات التراتيل,2025-03-31 14:44:53,,True,admin
2196,الرسم,2025-03-31 14:44:53,,True,admin
2197,الترتيل,2025-03-31 15:25:28,,True,admin
2197,الدبكة والرقصات الفولكلوريّة,2025-03-31 15:25:28,,True,admin
2197,الغناء,2025-03-31 15:25:28,,True,admin
2198,كرة القدم,2025-03-31 16:00:00,,True,admin
2199,الترتيل,2025-03-31 17:51:13,,True,admin
2199,الرياضة,2025-03-31 17:51:13,,True,admin
2199,الرسم,2025-03-31 17:51:13,,True,admin
2199,أشغال يدويّة,2025-03-31 17:51:13,,True,admin
2200,العزف,2025-03-31 20:35:34,,True,admin
2200,الترتيل,2025-03-31 20:35:34,,True,admin
2200,الرياضة,2025-03-31 20:35:34,,True,admin
2200,التمثيل,2025-03-31 20:35:34,,True,admin
2200,الرسم,2025-03-31 20:35:34,,True,admin
2200,أشغال يدويّة,2025-03-31 20:35:34,,True,admin
2200,الدبكة والرقصات الفولكلوريّة,2025-03-31 20:35:34,,True,admin
2201,العزف,2025-03-31 20:37:10,,True,admin
2201,الرياضة,2025-03-31 20:37:10,,True,admin
2201,أشغال يدويّة,2025-03-31 20:37:10,,True,admin
2202,الرسم,2025-03-31 20:46:33,,True,admin
2203,الرياضة,2025-03-31 20:48:28,,True,admin
2203,الرسم,2025-03-31 20:48:28,,True,admin
2204,الرياضة,2025-03-31 22:29:52,,True,admin
2205,الرياضة,2025-03-31 22:31:30,,True,admin
2206,الترتيل,2025-04-01 10:42:57,,True,admin
2206,الرياضة,2025-04-01 10:42:57,,True,admin
2207,الرياضة,2025-04-01 10:45:04,,True,admin
2208,الرياضة,2025-04-01 13:21:32,,True,admin
2208,التصميم على صفحات الإنترنت,2025-04-01 13:21:32,,True,admin
2209,العزف,2025-04-01 15:34:50,,True,admin
2209,الرياضة,2025-04-01 15:34:50,,True,admin
2209,التمثيل,2025-04-01 15:34:50,,True,admin
2209,الدبكة والرقصات الفولكلوريّة,2025-04-01 15:34:50,,True,admin
2209,الغناء,2025-04-01 15:34:50,,True,admin
2211,الترتيل,2025-04-01 21:32:26,,True,admin
2211,الرياضة,2025-04-01 21:32:26,,True,admin
2211,الرسم,2025-04-01 21:32:26,,True,admin
2211,القراءة,2025-04-01 21:32:26,,True,admin
2211,الغناء,2025-04-01 21:32:26,,True,admin
2212,العزف,2025-04-01 21:36:24,,True,admin
2212,الترتيل,2025-04-01 21:36:24,,True,admin
2212,الرياضة,2025-04-01 21:36:24,,True,admin
2212,الرسم,2025-04-01 21:36:24,,True,admin
2212,القراءة,2025-04-01 21:36:24,,True,admin
2212,الغناء,2025-04-01 21:36:24,,True,admin
2213,العزف,2025-04-01 21:38:54,,True,admin
2213,الرياضة,2025-04-01 21:38:54,,True,admin
2213,الرسم,2025-04-01 21:38:54,,True,admin
2213,القراءة,2025-04-01 21:38:54,,True,admin
2213,الغناء,2025-04-01 21:38:54,,True,admin
2214,الترتيل,2025-04-02 11:01:22,,True,admin
2214,التمثيل,2025-04-02 11:01:22,,True,admin
2214,تأدية حركات التراتيل,2025-04-02 11:01:22,,True,admin
2214,القراءة,2025-04-02 11:01:22,,True,admin
2214,أشغال يدويّة,2025-04-02 11:01:22,,True,admin
2214,الدبكة والرقصات الفولكلوريّة,2025-04-02 11:01:22,,True,admin
2214,الغناء,2025-04-02 11:01:22,,True,admin
2214,عزف كوردات,2025-04-02 11:01:22,,True,admin
2215,العزف,2025-04-02 14:50:27,,True,admin
2215,الترتيل,2025-04-02 14:50:27,,True,admin
2215,تأدية حركات التراتيل,2025-04-02 14:50:27,,True,admin
2215,القراءة,2025-04-02 14:50:27,,True,admin
2215,الغناء,2025-04-02 14:50:27,,True,admin
2216,الترتيل,2025-04-02 14:52:13,,True,admin
2216,تأدية حركات التراتيل,2025-04-02 14:52:13,,True,admin
2216,أشغال يدويّة,2025-04-02 14:52:13,,True,admin
2216,الغناء,2025-04-02 14:52:13,,True,admin
2218,التصوير الفوتوغرافي,2025-04-02 21:05:39,,True,admin
2218,تصوير فيديو,2025-04-02 21:05:39,,True,admin
2218,كتابة نصوص,2025-04-02 21:05:39,,True,admin
2218,القراءة,2025-04-02 21:05:39,,True,admin
2218,مهارات التواصل,2025-04-02 21:05:39,,True,admin
2218,مهارات إداريّة,2025-04-02 21:05:39,,True,admin
2218,مهارات العمل الجماعي,2025-04-02 21:05:39,,True,admin
2218,مهارات التخطيط,2025-04-02 21:05:39,,True,admin
2218,التنظيم لأعمال تطوعيّة,2025-04-02 21:05:39,,True,admin
2219,الرياضة,2025-04-02 21:38:11,,True,admin
2220,العزف,2025-04-03 11:11:53,,True,admin
2220,الرسم,2025-04-03 11:11:53,,True,admin
2220,التنظيم لأعمال تطوعيّة,2025-04-03 11:11:53,,True,admin
2221,الترتيل,2025-04-03 11:20:40,,True,admin
2221,مهارات التواصل,2025-04-03 11:20:40,,True,admin
2221,مهارات إداريّة,2025-04-03 11:20:40,,True,admin
2221,مهارات العمل الجماعي,2025-04-03 11:20:40,,True,admin
2221,مهارات التخطيط,2025-04-03 11:20:40,,True,admin
2221,التنظيم لأعمال تطوعيّة,2025-04-03 11:20:40,,True,admin
2222,الرياضة,2025-04-03 11:22:31,,True,admin
2222,مونتاج فيديو,2025-04-03 11:22:31,,True,admin
2223,أشغال يدويّة,2025-04-03 11:23:41,,True,admin
2224,الرسم,2025-04-04 15:18:51,,True,admin
2225,الرياضة,2025-04-04 15:25:17,,True,admin
2226,العزف,2025-04-04 15:45:17,,True,admin
2226,الترتيل,2025-04-04 15:45:17,,True,admin
2227,التمثيل,2025-04-04 17:18:40,,True,admin
2227,القراءة,2025-04-04 17:18:40,,True,admin
2227,الكتابة,2025-04-04 17:18:40,,True,admin
2228,الرسم,2025-04-04 20:37:07,,True,admin
2228,القراءة,2025-04-04 20:37:07,,True,admin
2232,الرياضة,2025-04-05 09:51:11,,True,admin
2233,العزف,2025-04-05 19:39:13,,True,admin
2236,الرياضة,2025-04-05 19:44:28,,True,admin
2237,العزف,2025-04-05 20:02:13,,True,admin
2239,الترتيل,2025-04-05 20:18:37,,True,admin
2239,الرياضة,2025-04-05 20:18:37,,True,admin
2240,أشغال يدويّة,2025-04-05 22:13:43,,True,admin
2241,الرياضة,2025-04-05 22:43:03,,True,admin
2242,الرياضة,2025-04-06 19:09:34,,True,admin
2243,الرياضة,2025-04-06 19:11:15,,True,admin
2244,الرياضة,2025-04-07 18:44:05,,True,admin
2245,الرياضة,2025-04-07 19:12:51,,True,admin
2246,الرياضة,2025-04-07 19:14:26,,True,admin
2246,أشغال يدويّة,2025-04-07 19:14:26,,True,admin
2247,الرياضة,2025-04-07 19:17:19,,True,admin
2248,الترتيل,2025-04-07 19:18:32,,True,admin
2248,الرياضة,2025-04-07 19:18:32,,True,admin
2248,أشغال يدويّة,2025-04-07 19:18:32,,True,admin
2249,الرياضة,2025-04-07 19:19:48,,True,admin
2249,الرسم,2025-04-07 19:19:48,,True,admin
2249,القراءة,2025-04-07 19:19:48,,True,admin
2250,العزف,2025-04-07 19:20:10,,True,admin
2251,الرياضة,2025-04-07 19:21:31,,True,admin
2252,الرياضة,2025-04-07 19:21:51,,True,admin
2252,التمثيل,2025-04-07 19:21:51,,True,admin
2252,الرسم,2025-04-07 19:21:51,,True,admin
2252,القراءة,2025-04-07 19:21:51,,True,admin
2252,أشغال يدويّة,2025-04-07 19:21:51,,True,admin
2252,الدبكة والرقصات الفولكلوريّة,2025-04-07 19:21:51,,True,admin
2253,الرياضة,2025-04-07 19:22:31,,True,admin
2254,الرياضة,2025-04-07 19:23:11,,True,admin
2255,الترتيل,2025-04-07 19:23:50,,True,admin
2256,العزف,2025-04-07 19:43:52,,True,admin
2256,التمثيل,2025-04-07 19:43:52,,True,admin
2256,الدبكة والرقصات الفولكلوريّة,2025-04-07 19:43:52,,True,admin
2256,الغناء,2025-04-07 19:43:52,,True,admin
2257,الرياضة,2025-04-07 22:49:24,,True,admin
2258,الترتيل,2025-04-08 13:34:59,,True,admin
2258,أشغال يدويّة,2025-04-08 13:34:59,,True,admin
2258,الغناء,2025-04-08 13:34:59,,True,admin
2259,العزف,2025-04-08 16:52:15,,True,admin
2259,الرياضة,2025-04-08 16:52:15,,True,admin
2260,العزف,2025-04-09 23:24:34,,True,admin
2260,الرياضة,2025-04-09 23:24:34,,True,admin
2260,الغناء,2025-04-09 23:24:34,,True,admin
2261,الرياضة,2025-04-10 07:56:46,,True,admin
2262,الرياضة,2025-04-10 07:58:09,,True,admin
2262,الرسم,2025-04-10 07:58:09,,True,admin
2262,القراءة,2025-04-10 07:58:09,,True,admin
2263,الرياضة,2025-04-10 07:59:27,,True,admin
2263,الرسم,2025-04-10 07:59:27,,True,admin
2264,التمثيل,2025-04-12 22:03:58,,True,admin
2265,السيارات,2025-04-12 22:04:22,,True,admin
2266,الترتيل,2025-04-17 16:01:47,,True,admin
2267,الرسم,2025-04-17 22:44:27,,True,admin
2268,كتابة نصوص,2025-04-17 23:12:13,,True,admin
2268,القراءة,2025-04-17 23:12:13,,True,admin
2268,مهارات التواصل,2025-04-17 23:12:13,,True,admin
2268,مهارات إداريّة,2025-04-17 23:12:13,,True,admin
2268,مهارات العمل الجماعي,2025-04-17 23:12:13,,True,admin
2268,مهارات التخطيط,2025-04-17 23:12:13,,True,admin
2269,الرياضة,2025-04-18 19:52:40,,True,admin
2269,التمثيل,2025-04-18 19:52:40,,True,admin
2269,التصميم الداخلي/ ديكور,2025-04-18 19:52:40,,True,admin
2269,الرسم,2025-04-18 19:52:40,,True,admin
2270,مهارات إداريّة,2025-04-18 23:45:23,,True,admin
2270,مهارات العمل الجماعي,2025-04-18 23:45:23,,True,admin
2271,تأدية حركات التراتيل,2025-04-21 14:55:58,,True,admin
2271,أشغال يدويّة,2025-04-21 14:55:58,,True,admin
2272,الرسم,2025-04-21 14:58:51,,True,admin
2272,أشغال يدويّة,2025-04-21 14:58:51,,True,admin
2273,الرياضة,2025-04-21 14:59:55,,True,admin
2274,التمثيل,2025-04-21 15:00:37,,True,admin
2275,التمثيل,2025-04-21 15:01:45,,True,admin
2275,الدبكة والرقصات الفولكلوريّة,2025-04-21 15:01:45,,True,admin
2276,السباحة,2025-04-21 15:11:51,,True,admin
2278,التصوير الفوتوغرافي,2025-04-21 15:33:42,,True,admin
2278,تصميم الأزياء,2025-04-21 15:33:42,,True,admin
2278,إدارة الوسائط,2025-04-21 15:33:42,,True,admin
2278,تخطيط الفعاليات,2025-04-21 15:33:42,,True,admin
2279,الرياضة,2025-04-21 16:08:58,,True,admin
2279,أشغال يدويّة,2025-04-21 16:08:58,,True,admin
2280,أشغال يدويّة,2025-04-21 16:08:59,,True,admin
2280,الدبكة والرقصات الفولكلوريّة,2025-04-21 16:08:59,,True,admin
2281,الرياضة,2025-04-21 16:26:05,,True,admin
2281,كرة القدم,2025-04-21 16:26:05,,True,admin
2282,الرياضة,2025-04-21 16:35:25,,True,admin
2282,القراءة,2025-04-21 16:35:25,,True,admin
2283,الترتيل,2025-04-21 18:05:20,,True,admin
2283,التمثيل,2025-04-21 18:05:20,,True,admin
2283,القراءة,2025-04-21 18:05:20,,True,admin
2283,الغناء,2025-04-21 18:05:20,,True,admin
2284,الترتيل,2025-04-21 19:46:01,,True,admin
2284,تأدية حركات التراتيل,2025-04-21 19:46:01,,True,admin
2284,الدبكة والرقصات الفولكلوريّة,2025-04-21 19:46:01,,True,admin
2284,الغناء,2025-04-21 19:46:01,,True,admin
2285,أشغال يدويّة,2025-04-21 23:59:29,,True,admin
2286,بسكليت,2025-04-22 00:15:10,,True,admin
2286,الدراجات,2025-04-22 00:15:10,,True,admin
2287,العزف,2025-04-22 14:40:12,,True,admin
2287,الرياضة,2025-04-22 14:40:12,,True,admin
2288,الرياضة,2025-04-22 17:29:07,,True,admin
2288,التمثيل,2025-04-22 17:29:07,,True,admin
2288,تأدية حركات التراتيل,2025-04-22 17:29:07,,True,admin
2288,أشغال يدويّة,2025-04-22 17:29:07,,True,admin
2288,الدبكة والرقصات الفولكلوريّة,2025-04-22 17:29:07,,True,admin
2289,الترتيل,2025-04-22 18:50:30,,True,admin
2289,الرياضة,2025-04-22 18:50:30,,True,admin
2289,الغناء,2025-04-22 18:50:30,,True,admin
2290,الرياضة,2025-04-22 22:49:19,,True,admin
2291,الدبكة والرقصات الفولكلوريّة,2025-04-23 18:28:56,,True,admin
2292,الرياضة,2025-04-23 22:17:32,,True,admin
2293,الرسم,2025-04-23 22:24:30,,True,admin
2294,الرياضة,2025-04-23 23:10:34,,True,admin
2295,الرسم,2025-04-23 23:28:02,,True,admin
2296,التمثيل,2025-04-24 01:09:45,,True,admin
2296,الرسم,2025-04-24 01:09:45,,True,admin
2296,أشغال يدويّة,2025-04-24 01:09:45,,True,admin
2296,الدبكة والرقصات الفولكلوريّة,2025-04-24 01:09:45,,True,admin
2296,الغناء,2025-04-24 01:09:45,,True,admin
2297,الدبكة والرقصات الفولكلوريّة,2025-04-24 09:59:21,,True,admin
2298,تأدية حركات التراتيل,2025-04-24 10:03:27,,True,admin
2299,الترتيل,2025-04-24 12:12:31,,True,admin
2299,الرياضة,2025-04-24 12:12:31,,True,admin
2299,التمثيل,2025-04-24 12:12:31,,True,admin
2299,تأدية حركات التراتيل,2025-04-24 12:12:31,,True,admin
2299,الرسم,2025-04-24 12:12:31,,True,admin
2299,القراءة,2025-04-24 12:12:31,,True,admin
2299,أشغال يدويّة,2025-04-24 12:12:31,,True,admin
2299,الدبكة والرقصات الفولكلوريّة,2025-04-24 12:12:31,,True,admin
2299,الغناء,2025-04-24 12:12:31,,True,admin
2300,الترتيل,2025-04-26 14:11:38,,True,admin
2300,الرياضة,2025-04-26 14:11:38,,True,admin
2300,التصوير الفوتوغرافي,2025-04-26 14:11:38,,True,admin
2300,التصميم الجرافيكي,2025-04-26 14:11:38,,True,admin
2300,التمثيل,2025-04-26 14:11:38,,True,admin
2300,القراءة,2025-04-26 14:11:38,,True,admin
2300,مهارات التواصل,2025-04-26 14:11:38,,True,admin
2300,مهارات إداريّة,2025-04-26 14:11:38,,True,admin
2300,مهارات العمل الجماعي,2025-04-26 14:11:38,,True,admin
2300,مهارات التخطيط,2025-04-26 14:11:38,,True,admin
2300,تحضير الألعاب,2025-04-26 14:11:38,,True,admin
2300,التنظيم لأعمال تطوعيّة,2025-04-26 14:11:38,,True,admin
2301,مهارات العمل الجماعي,2025-04-27 12:39:08,,True,admin
2301,مهارات التخطيط,2025-04-27 12:39:08,,True,admin
2301,أشغال يدويّة,2025-04-27 12:39:08,,True,admin
2302,الرياضة,2025-04-27 16:35:38,,True,admin
2305,الغناء,2025-04-28 19:10:37,,True,admin
2305,الترتيل,2025-04-28 19:10:37,,True,admin
2305,التنظيم لأعمال تطوعيّة,2025-04-28 19:10:37,,True,admin
2307,الرسم,2025-05-01 12:43:13,,True,admin
2307,القراءة (اللغة الإنجليزيّة),2025-05-01 12:43:13,,True,admin
2307,أشغال يدويّة,2025-05-01 12:43:13,,True,admin
2308,الترتيل,2025-05-01 13:42:47,,True,admin
2308,الرياضة,2025-05-01 13:42:47,,True,admin
2308,أشغال يدويّة,2025-05-01 13:42:47,,True,admin
2309,الرياضة,2025-05-01 13:45:00,,True,admin
2309,أشغال يدويّة,2025-05-01 13:45:00,,True,admin
2309,الغناء,2025-05-01 13:45:00,,True,admin
2310,الترتيل,2025-05-01 13:48:29,,True,admin
2310,أشغال يدويّة,2025-05-01 13:48:29,,True,admin
2311,العزف,2025-05-01 13:49:42,,True,admin
2311,القراءة,2025-05-01 13:49:42,,True,admin
2312,الرياضة,2025-05-01 13:51:53,,True,admin
2312,الدبكة والرقصات الفولكلوريّة,2025-05-01 13:51:53,,True,admin
2313,الترتيل,2025-05-01 13:53:38,,True,admin
2313,الرياضة,2025-05-01 13:53:38,,True,admin
2313,الرسم,2025-05-01 13:53:38,,True,admin
2313,أشغال يدويّة,2025-05-01 13:53:38,,True,admin
2314,تأدية حركات التراتيل,2025-05-01 13:55:26,,True,admin
2314,القراءة,2025-05-01 13:55:26,,True,admin
2314,الدبكة والرقصات الفولكلوريّة,2025-05-01 13:55:26,,True,admin
2315,التمثيل,2025-05-01 13:56:40,,True,admin
2315,الرسم,2025-05-01 13:56:40,,True,admin
2315,القراءة,2025-05-01 13:56:40,,True,admin
2316,الترتيل,2025-05-01 13:57:55,,True,admin
2316,أشغال يدويّة,2025-05-01 13:57:55,,True,admin
2316,الغناء,2025-05-01 13:57:55,,True,admin
2317,العزف,2025-05-01 13:59:08,,True,admin
2317,الترتيل,2025-05-01 13:59:08,,True,admin
2317,الرياضة,2025-05-01 13:59:08,,True,admin
2317,التمثيل,2025-05-01 13:59:08,,True,admin
2317,تأدية حركات التراتيل,2025-05-01 13:59:08,,True,admin
2317,الرسم,2025-05-01 13:59:08,,True,admin
2317,القراءة,2025-05-01 13:59:08,,True,admin
2317,أشغال يدويّة,2025-05-01 13:59:08,,True,admin
2317,الدبكة والرقصات الفولكلوريّة,2025-05-01 13:59:08,,True,admin
2317,الغناء,2025-05-01 13:59:08,,True,admin
2318,العزف,2025-05-01 14:00:42,,True,admin
2318,الرياضة,2025-05-01 14:00:42,,True,admin
2318,الرسم,2025-05-01 14:00:42,,True,admin
2318,القراءة,2025-05-01 14:00:42,,True,admin
2318,أشغال يدويّة,2025-05-01 14:00:42,,True,admin
2319,العزف,2025-05-01 14:01:57,,True,admin
2319,الترتيل,2025-05-01 14:01:57,,True,admin
2319,تأدية حركات التراتيل,2025-05-01 14:01:57,,True,admin
2319,الرسم,2025-05-01 14:01:57,,True,admin
2319,القراءة,2025-05-01 14:01:57,,True,admin
2320,الرسم,2025-05-01 16:10:11,,True,admin
2321,أشغال يدويّة,2025-05-01 17:05:22,,True,admin
2322,تأدية حركات التراتيل,2025-05-01 17:08:25,,True,admin
2323,الرسم,2025-05-01 17:10:21,,True,admin
2324,القراءة,2025-05-01 17:14:12,,True,admin
2325,أشغال يدويّة,2025-05-01 17:17:18,,True,admin
2326,تأدية حركات التراتيل,2025-05-01 17:19:40,,True,admin
2327,القراءة,2025-05-01 17:21:31,,True,admin
2328,الرياضة,2025-05-01 17:23:06,,True,admin
2329,الغناء,2025-05-01 17:24:34,,True,admin
2330,تأدية حركات التراتيل,2025-05-01 17:26:05,,True,admin
2331,الترتيل,2025-05-01 17:27:35,,True,admin
2332,الرسم,2025-05-01 17:29:22,,True,admin
2333,الرياضة,2025-05-01 17:31:33,,True,admin
2334,الرياضة,2025-05-01 17:32:59,,True,admin
2335,الرسم,2025-05-01 17:34:35,,True,admin
2336,الرياضة,2025-05-01 17:35:52,,True,admin
2337,الرسم,2025-05-01 17:37:08,,True,admin
2338,أشغال يدويّة,2025-05-01 17:38:32,,True,admin
2339,الرسم,2025-05-01 17:40:08,,True,admin
2340,الترتيل,2025-05-01 17:41:18,,True,admin
2341,الغناء,2025-05-01 17:42:41,,True,admin
2342,الرسم,2025-05-01 17:44:04,,True,admin
2343,الرسم,2025-05-01 17:45:44,,True,admin
2344,القراءة,2025-05-01 17:47:04,,True,admin
2345,القراءة,2025-05-01 17:48:28,,True,admin
2346,الرسم,2025-05-02 10:59:14,,True,admin
2347,الترتيل,2025-05-02 20:56:41,,True,admin
2347,تأدية حركات التراتيل,2025-05-02 20:56:41,,True,admin
2347,القراءة,2025-05-02 20:56:41,,True,admin
2347,الدبكة والرقصات الفولكلوريّة,2025-05-02 20:56:41,,True,admin
2347,الغناء,2025-05-02 20:56:41,,True,admin
2348,العزف,2025-05-02 20:58:57,,True,admin
2348,الترتيل,2025-05-02 20:58:57,,True,admin
2348,الرياضة,2025-05-02 20:58:57,,True,admin
2348,التمثيل,2025-05-02 20:58:57,,True,admin
2348,تأدية حركات التراتيل,2025-05-02 20:58:57,,True,admin
2348,الرسم,2025-05-02 20:58:57,,True,admin
2348,القراءة,2025-05-02 20:58:57,,True,admin
2348,أشغال يدويّة,2025-05-02 20:58:57,,True,admin
2348,الدبكة والرقصات الفولكلوريّة,2025-05-02 20:58:57,,True,admin
2348,الغناء,2025-05-02 20:58:57,,True,admin
2349,الرياضة,2025-05-02 21:17:38,,True,admin
2349,القراءة,2025-05-02 21:17:38,,True,admin
2350,الرياضة,2025-05-02 21:19:27,,True,admin
2350,التمثيل,2025-05-02 21:19:27,,True,admin
2351,الرسم,2025-05-02 21:23:29,,True,admin
2351,أشغال يدويّة,2025-05-02 21:23:29,,True,admin
2352,الترتيل,2025-05-02 21:26:50,,True,admin
2352,تأدية حركات التراتيل,2025-05-02 21:26:50,,True,admin
2352,القراءة,2025-05-02 21:26:50,,True,admin
2353,الترتيل,2025-05-02 21:27:55,,True,admin
2353,الغناء,2025-05-02 21:27:55,,True,admin
2354,تأدية حركات التراتيل,2025-05-02 21:31:06,,True,admin
2354,الرسم,2025-05-02 21:31:06,,True,admin
2355,الترتيل,2025-05-02 21:32:22,,True,admin
2355,تأدية حركات التراتيل,2025-05-02 21:32:22,,True,admin
2355,القراءة,2025-05-02 21:32:22,,True,admin
2356,الرياضة,2025-05-02 21:33:07,,True,admin
2356,تأدية حركات التراتيل,2025-05-02 21:33:07,,True,admin
2356,أشغال يدويّة,2025-05-02 21:33:07,,True,admin
2357,الرياضة,2025-05-02 21:34:31,,True,admin
2357,تأدية حركات التراتيل,2025-05-02 21:34:31,,True,admin
2358,الترتيل,2025-05-02 21:36:49,,True,admin
2358,تأدية حركات التراتيل,2025-05-02 21:36:49,,True,admin
2359,الترتيل,2025-05-02 21:47:09,,True,admin
2359,تأدية حركات التراتيل,2025-05-02 21:47:09,,True,admin
2360,الرياضة,2025-05-02 21:48:22,,True,admin
2360,تأدية حركات التراتيل,2025-05-02 21:48:22,,True,admin
2360,الغناء,2025-05-02 21:48:22,,True,admin
2361,الترتيل,2025-05-02 21:50:01,,True,admin
2361,التمثيل,2025-05-02 21:50:01,,True,admin
2361,الدبكة والرقصات الفولكلوريّة,2025-05-02 21:50:01,,True,admin
2362,الترتيل,2025-05-02 21:52:14,,True,admin
2362,الرياضة,2025-05-02 21:52:14,,True,admin
2364,الرياضة,2025-05-02 21:55:51,,True,admin
2364,التمثيل,2025-05-02 21:55:51,,True,admin
2364,أشغال يدويّة,2025-05-02 21:55:51,,True,admin
2365,الترتيل,2025-05-02 21:56:56,,True,admin
2365,التمثيل,2025-05-02 21:56:56,,True,admin
2365,القراءة,2025-05-02 21:56:56,,True,admin
2366,أشغال يدويّة,2025-05-05 19:16:35,,True,admin
2367,الرسم,2025-05-06 00:02:23,,True,admin
2368,الترتيل,2025-05-06 00:03:37,,True,admin
2368,الرسم,2025-05-06 00:03:37,,True,admin
2369,الترتيل,2025-05-07 15:39:13,,True,admin
2369,الرياضة,2025-05-07 15:39:13,,True,admin
2369,التمثيل,2025-05-07 15:39:13,,True,admin
2369,الرسم,2025-05-07 15:39:13,,True,admin
2369,أشغال يدويّة,2025-05-07 15:39:13,,True,admin
2369,الدبكة والرقصات الفولكلوريّة,2025-05-07 15:39:13,,True,admin
2369,الغناء,2025-05-07 15:39:13,,True,admin
2370,الرياضة,2025-05-07 15:45:35,,True,admin
2371,التصوير الفوتوغرافي,2025-05-07 15:45:48,,True,admin
2371,مهارات إداريّة,2025-05-07 15:45:48,,True,admin
2371,مهارات العمل الجماعي,2025-05-07 15:45:48,,True,admin
2371,مهارات التخطيط,2025-05-07 15:45:48,,True,admin
2372,العزف,2025-05-07 22:17:27,,True,admin
2372,التنظيم لأعمال تطوعيّة,2025-05-07 22:17:27,,True,admin
2373,الرياضة,2025-05-10 18:07:01,,True,admin
2373,الرسم,2025-05-10 18:07:01,,True,admin
2374,الرياضة,2025-05-10 20:14:35,,True,admin
2375,مهارات إداريّة,2025-05-11 13:51:42,,True,admin
2375,مهارات العمل الجماعي,2025-05-11 13:51:42,,True,admin
2375,مهارات التخطيط,2025-05-11 13:51:42,,True,admin
2375,التنظيم لأعمال تطوعيّة,2025-05-11 13:51:42,,True,admin
2376,الرياضة,2025-05-11 20:58:41,,True,admin
2376,تأدية حركات التراتيل,2025-05-11 20:58:41,,True,admin
2376,الدبكة والرقصات الفولكلوريّة,2025-05-11 20:58:41,,True,admin
2377,الرياضة,2025-05-11 21:06:38,,True,admin
2377,تأدية حركات التراتيل,2025-05-11 21:06:38,,True,admin
2377,أشغال يدويّة,2025-05-11 21:06:38,,True,admin
2377,الدبكة والرقصات الفولكلوريّة,2025-05-11 21:06:38,,True,admin
2378,الرياضة,2025-05-11 21:08:54,,True,admin
2378,تأدية حركات التراتيل,2025-05-11 21:08:54,,True,admin
2378,أشغال يدويّة,2025-05-11 21:08:54,,True,admin
2378,الدبكة والرقصات الفولكلوريّة,2025-05-11 21:08:54,,True,admin
2379,الرياضة,2025-05-11 21:12:27,,True,admin
2379,تأدية حركات التراتيل,2025-05-11 21:12:27,,True,admin
2379,أشغال يدويّة,2025-05-11 21:12:27,,True,admin
2379,الدبكة والرقصات الفولكلوريّة,2025-05-11 21:12:27,,True,admin
2380,الرياضة,2025-05-11 21:14:01,,True,admin
2380,تأدية حركات التراتيل,2025-05-11 21:14:01,,True,admin
2380,أشغال يدويّة,2025-05-11 21:14:01,,True,admin
2380,الدبكة والرقصات الفولكلوريّة,2025-05-11 21:14:01,,True,admin
2380,الغناء,2025-05-11 21:14:01,,True,admin
2381,الرياضة,2025-05-11 21:14:57,,True,admin
2381,التمثيل,2025-05-11 21:14:57,,True,admin
2381,تأدية حركات التراتيل,2025-05-11 21:14:57,,True,admin
2381,الرسم,2025-05-11 21:14:57,,True,admin
2381,أشغال يدويّة,2025-05-11 21:14:57,,True,admin
2381,الدبكة والرقصات الفولكلوريّة,2025-05-11 21:14:57,,True,admin
2382,الرياضة,2025-05-11 21:16:50,,True,admin
2382,تأدية حركات التراتيل,2025-05-11 21:16:50,,True,admin
2382,أشغال يدويّة,2025-05-11 21:16:50,,True,admin
2382,الدبكة والرقصات الفولكلوريّة,2025-05-11 21:16:50,,True,admin
2383,الرياضة,2025-05-11 21:18:27,,True,admin
2383,تأدية حركات التراتيل,2025-05-11 21:18:27,,True,admin
2383,أشغال يدويّة,2025-05-11 21:18:27,,True,admin
2384,الرياضة,2025-05-11 21:23:09,,True,admin
2384,تأدية حركات التراتيل,2025-05-11 21:23:09,,True,admin
2384,أشغال يدويّة,2025-05-11 21:23:09,,True,admin
2384,الدبكة والرقصات الفولكلوريّة,2025-05-11 21:23:09,,True,admin
2385,الرياضة,2025-05-11 21:24:27,,True,admin
2385,أشغال يدويّة,2025-05-11 21:24:27,,True,admin
2385,الدبكة والرقصات الفولكلوريّة,2025-05-11 21:24:27,,True,admin
2386,تأدية حركات التراتيل,2025-05-11 21:28:49,,True,admin
2386,الرسم,2025-05-11 21:28:49,,True,admin
2386,أشغال يدويّة,2025-05-11 21:28:49,,True,admin
2387,الرياضة,2025-05-11 21:30:54,,True,admin
2387,تأدية حركات التراتيل,2025-05-11 21:30:54,,True,admin
2387,أشغال يدويّة,2025-05-11 21:30:54,,True,admin
2387,الدبكة والرقصات الفولكلوريّة,2025-05-11 21:30:54,,True,admin
2388,الرياضة,2025-05-11 21:31:58,,True,admin
2388,تأدية حركات التراتيل,2025-05-11 21:31:58,,True,admin
2388,أشغال يدويّة,2025-05-11 21:31:58,,True,admin
2389,الرياضة,2025-05-11 21:32:51,,True,admin
2389,تأدية حركات التراتيل,2025-05-11 21:32:51,,True,admin
2389,أشغال يدويّة,2025-05-11 21:32:51,,True,admin
2390,الرياضة,2025-05-11 21:34:50,,True,admin
2390,تأدية حركات التراتيل,2025-05-11 21:34:50,,True,admin
2390,أشغال يدويّة,2025-05-11 21:34:50,,True,admin
2390,الدبكة والرقصات الفولكلوريّة,2025-05-11 21:34:50,,True,admin
2391,تأدية حركات التراتيل,2025-05-11 21:35:44,,True,admin
2391,الرسم,2025-05-11 21:35:44,,True,admin
2391,أشغال يدويّة,2025-05-11 21:35:44,,True,admin
2391,الغناء,2025-05-11 21:35:44,,True,admin
2392,تأدية حركات التراتيل,2025-05-11 21:37:23,,True,admin
2392,الرسم,2025-05-11 21:37:23,,True,admin
2392,أشغال يدويّة,2025-05-11 21:37:23,,True,admin
2393,الرياضة,2025-05-11 21:38:44,,True,admin
2393,تأدية حركات التراتيل,2025-05-11 21:38:44,,True,admin
2393,أشغال يدويّة,2025-05-11 21:38:44,,True,admin
2393,الدبكة والرقصات الفولكلوريّة,2025-05-11 21:38:44,,True,admin
2394,تأدية حركات التراتيل,2025-05-12 08:04:33,,True,admin
2395,تأدية حركات التراتيل,2025-05-12 08:07:12,,True,admin
2396,تأدية حركات التراتيل,2025-05-12 08:09:15,,True,admin
2397,تأدية حركات التراتيل,2025-05-12 08:10:44,,True,admin
2398,تأدية حركات التراتيل,2025-05-12 08:12:20,,True,admin
2399,تأدية حركات التراتيل,2025-05-12 08:14:02,,True,admin
2400,تأدية حركات التراتيل,2025-05-12 08:19:26,,True,admin
2401,تأدية حركات التراتيل,2025-05-12 08:21:01,,True,admin
2402,تأدية حركات التراتيل,2025-05-12 08:29:39,,True,admin
2403,تأدية حركات التراتيل,2025-05-12 08:30:49,,True,admin
2404,تأدية حركات التراتيل,2025-05-12 08:31:44,,True,admin
2405,تأدية حركات التراتيل,2025-05-12 08:32:42,,True,admin
2406,تأدية حركات التراتيل,2025-05-12 08:33:46,,True,admin
2407,تأدية حركات التراتيل,2025-05-12 08:34:55,,True,admin
2408,تأدية حركات التراتيل,2025-05-12 08:36:04,,True,admin
2409,تأدية حركات التراتيل,2025-05-12 08:37:02,,True,admin
2410,تأدية حركات التراتيل,2025-05-12 08:38:05,,True,admin
2411,تأدية حركات التراتيل,2025-05-12 08:39:10,,True,admin
2412,تأدية حركات التراتيل,2025-05-12 08:40:16,,True,admin
2413,تأدية حركات التراتيل,2025-05-12 08:41:12,,True,admin
2414,تأدية حركات التراتيل,2025-05-12 08:42:22,,True,admin
2415,تأدية حركات التراتيل,2025-05-12 08:43:13,,True,admin
2416,تأدية حركات التراتيل,2025-05-12 08:44:23,,True,admin
2417,تأدية حركات التراتيل,2025-05-12 08:45:29,,True,admin
2418,تأدية حركات التراتيل,2025-05-12 08:47:08,,True,admin
2419,تأدية حركات التراتيل,2025-05-12 08:48:03,,True,admin
2420,تأدية حركات التراتيل,2025-05-12 08:50:40,,True,admin
2421,تأدية حركات التراتيل,2025-05-12 08:52:32,,True,admin
2422,الرياضة,2025-05-12 09:22:51,,True,admin
2422,تأدية حركات التراتيل,2025-05-12 09:22:51,,True,admin
2422,أشغال يدويّة,2025-05-12 09:22:51,,True,admin
2423,الرياضة,2025-05-12 09:24:53,,True,admin
2423,تأدية حركات التراتيل,2025-05-12 09:24:53,,True,admin
2424,تأدية حركات التراتيل,2025-05-12 09:25:43,,True,admin
2424,الرسم,2025-05-12 09:25:43,,True,admin
2424,أشغال يدويّة,2025-05-12 09:25:43,,True,admin
2425,الرياضة,2025-05-12 09:26:41,,True,admin
2425,تأدية حركات التراتيل,2025-05-12 09:26:41,,True,admin
2425,أشغال يدويّة,2025-05-12 09:26:41,,True,admin
2426,الرياضة,2025-05-12 09:31:46,,True,admin
2426,تأدية حركات التراتيل,2025-05-12 09:31:46,,True,admin
2427,تأدية حركات التراتيل,2025-05-12 09:32:52,,True,admin
2427,الرسم,2025-05-12 09:32:52,,True,admin
2427,أشغال يدويّة,2025-05-12 09:32:52,,True,admin
2428,الترتيل,2025-05-12 09:34:14,,True,admin
2428,تأدية حركات التراتيل,2025-05-12 09:34:14,,True,admin
2428,أشغال يدويّة,2025-05-12 09:34:14,,True,admin
2429,الرياضة,2025-05-12 09:35:07,,True,admin
2429,تأدية حركات التراتيل,2025-05-12 09:35:07,,True,admin
2429,أشغال يدويّة,2025-05-12 09:35:07,,True,admin
2430,الرياضة,2025-05-12 09:36:15,,True,admin
2430,تأدية حركات التراتيل,2025-05-12 09:36:15,,True,admin
2430,أشغال يدويّة,2025-05-12 09:36:15,,True,admin
2431,تأدية حركات التراتيل,2025-05-12 09:37:10,,True,admin
2431,الرسم,2025-05-12 09:37:10,,True,admin
2431,أشغال يدويّة,2025-05-12 09:37:10,,True,admin
2432,التمثيل,2025-05-12 09:38:09,,True,admin
2432,تأدية حركات التراتيل,2025-05-12 09:38:09,,True,admin
2432,أشغال يدويّة,2025-05-12 09:38:09,,True,admin
2433,تأدية حركات التراتيل,2025-05-12 09:39:06,,True,admin
2433,الرسم,2025-05-12 09:39:06,,True,admin
2433,أشغال يدويّة,2025-05-12 09:39:06,,True,admin
2434,تأدية حركات التراتيل,2025-05-12 09:40:19,,True,admin
2434,أشغال يدويّة,2025-05-12 09:40:19,,True,admin
2435,تأدية حركات التراتيل,2025-05-12 09:41:25,,True,admin
2435,أشغال يدويّة,2025-05-12 09:41:25,,True,admin
2436,تأدية حركات التراتيل,2025-05-12 09:42:15,,True,admin
2436,الرسم,2025-05-12 09:42:15,,True,admin
2436,أشغال يدويّة,2025-05-12 09:42:15,,True,admin
2437,الرياضة,2025-05-12 09:43:06,,True,admin
2437,تأدية حركات التراتيل,2025-05-12 09:43:06,,True,admin
2437,أشغال يدويّة,2025-05-12 09:43:06,,True,admin
2438,الترتيل,2025-05-28 08:47:23,,True,admin
2438,الرياضة,2025-05-28 08:47:23,,True,admin
2438,الرسم,2025-05-28 08:47:23,,True,admin
2439,الرياضة,2025-05-28 08:48:25,,True,admin
2439,الرسم,2025-05-28 08:48:25,,True,admin
2439,أشغال يدويّة,2025-05-28 08:48:25,,True,admin
2440,الترتيل,2025-05-28 08:51:55,,True,admin
2440,تأدية حركات التراتيل,2025-05-28 08:51:55,,True,admin
2440,القراءة,2025-05-28 08:51:55,,True,admin
2441,أشغال يدويّة,2025-05-28 08:52:09,,True,admin
2441,الطبخ,2025-05-28 08:52:09,,True,admin
2441,القراءة,2025-05-28 08:52:09,,True,admin
2441,Florist,2025-05-28 08:52:09,,True,admin
2442,الرياضة,2025-05-28 08:54:49,,True,admin
2443,الرسم,2025-05-28 08:55:01,,True,admin
2444,التمثيل,2025-05-28 08:56:32,,True,admin
2445,تأدية حركات التراتيل,2025-05-28 08:57:10,,True,admin
2445,الغناء,2025-05-28 08:57:10,,True,admin
2446,القراءة,2025-05-28 08:57:38,,True,admin
2446,مهارات التواصل,2025-05-28 08:57:38,,True,admin
2446,التنظيم لأعمال تطوعيّة,2025-05-28 08:57:38,,True,admin
2448,الدبكة والرقصات الفولكلوريّة,2025-05-28 09:55:14,,True,admin
2449,الرياضة,2025-05-28 10:03:30,,True,admin
2450,الرياضة,2025-05-28 10:05:22,,True,admin
2451,الترتيل,2025-05-28 10:22:00,,True,admin
2451,التمثيل,2025-05-28 10:22:00,,True,admin
2451,تأدية حركات التراتيل,2025-05-28 10:22:00,,True,admin
2451,القراءة,2025-05-28 10:22:00,,True,admin
2451,أشغال يدويّة,2025-05-28 10:22:00,,True,admin
2451,الدبكة والرقصات الفولكلوريّة,2025-05-28 10:22:00,,True,admin
2451,الغناء,2025-05-28 10:22:00,,True,admin
2452,العزف,2025-05-28 10:25:16,,True,admin
2452,الترتيل,2025-05-28 10:25:16,,True,admin
2452,الرياضة,2025-05-28 10:25:16,,True,admin
2452,تأدية حركات التراتيل,2025-05-28 10:25:16,,True,admin
2452,الرسم,2025-05-28 10:25:16,,True,admin
2452,القراءة,2025-05-28 10:25:16,,True,admin
2452,أشغال يدويّة,2025-05-28 10:25:16,,True,admin
2452,الدبكة والرقصات الفولكلوريّة,2025-05-28 10:25:16,,True,admin
2452,الغناء,2025-05-28 10:25:16,,True,admin
2453,الرسم,2025-05-28 14:01:06,,True,admin
2454,الترتيل,2025-05-28 14:04:53,,True,admin
2454,تأدية حركات التراتيل,2025-05-28 14:04:53,,True,admin
2454,القراءة,2025-05-28 14:04:53,,True,admin
2455,الرياضة,2025-05-28 14:11:39,,True,admin
2455,الرسم,2025-05-28 14:11:39,,True,admin
2455,القراءة,2025-05-28 14:11:39,,True,admin
2456,الرسم,2025-05-28 14:14:17,,True,admin
2456,القراءة,2025-05-28 14:14:17,,True,admin
2457,العزف,2025-05-28 16:42:01,,True,admin
2457,الترتيل,2025-05-28 16:42:01,,True,admin
2457,الرياضة,2025-05-28 16:42:01,,True,admin
2457,التمثيل,2025-05-28 16:42:01,,True,admin
2457,القراءة,2025-05-28 16:42:01,,True,admin
2457,الدبكة والرقصات الفولكلوريّة,2025-05-28 16:42:01,,True,admin
2457,الغناء,2025-05-28 16:42:01,,True,admin
2458,الترتيل,2025-05-28 17:33:09,,True,admin
2458,أشغال يدويّة,2025-05-28 17:33:09,,True,admin
2459,الرياضة,2025-05-28 17:41:02,,True,admin
2459,مهارات العمل الجماعي,2025-05-28 17:41:02,,True,admin
2459,تحضير الألعاب,2025-05-28 17:41:02,,True,admin
2459,التنظيم لأعمال تطوعيّة,2025-05-28 17:41:02,,True,admin
2459,الدبكة والرقصات الفولكلوريّة,2025-05-28 17:41:02,,True,admin
2459,تأدية حركات التراتيل,2025-05-28 17:41:02,,True,admin
2460,التصوير الفوتوغرافي,2025-05-28 17:47:09,,True,admin
2460,تصوير فيديو,2025-05-28 17:47:09,,True,admin
2460,مونتاج فيديو,2025-05-28 17:47:09,,True,admin
2461,الرياضة,2025-05-28 20:29:09,,True,admin
2462,التنظيم لأعمال تطوعيّة,2025-05-28 20:39:15,,True,admin
2462,أشغال يدويّة,2025-05-28 20:39:15,,True,admin
2463,الرسم,2025-05-28 21:17:59,,True,admin
2464,الرياضة,2025-05-29 11:32:41,,True,admin
2464,الرسم,2025-05-29 11:32:41,,True,admin
2464,الدبكة والرقصات الفولكلوريّة,2025-05-29 11:32:41,,True,admin
2465,الرسم,2025-05-29 17:01:44,,True,admin
2466,القراءة,2025-05-30 22:15:34,,True,admin
2467,الرياضة,2025-05-30 22:17:48,,True,admin
2468,التصوير,2025-06-04 11:22:31,,True,admin
2469,الرياضة,2025-06-04 12:47:16,,True,admin
2469,تأدية حركات التراتيل,2025-06-04 12:47:16,,True,admin
2469,الرسم,2025-06-04 12:47:16,,True,admin
2469,أشغال يدويّة,2025-06-04 12:47:16,,True,admin
2469,الدبكة والرقصات الفولكلوريّة,2025-06-04 12:47:16,,True,admin
2470,الغناء,2025-06-07 22:29:46,,True,admin
2471,الرياضة,2025-06-07 22:31:07,,True,admin
2472,العزف,2025-06-07 22:37:24,,True,admin
2472,الغناء,2025-06-07 22:37:24,,True,admin
2473,الترتيل,2025-06-09 13:20:44,,True,admin
2473,القراءة,2025-06-09 13:20:44,,True,admin
2474,العزف,2025-06-09 13:20:47,,True,admin
2474,الرياضة,2025-06-09 13:20:47,,True,admin
2474,الرسم,2025-06-09 13:20:47,,True,admin
2474,أشغال يدويّة,2025-06-09 13:20:47,,True,admin
2474,الدبكة والرقصات الفولكلوريّة,2025-06-09 13:20:47,,True,admin
2475,العزف,2025-06-09 13:21:57,,True,admin
2475,الرياضة,2025-06-09 13:21:57,,True,admin
2475,الرسم,2025-06-09 13:21:57,,True,admin
2476,الرياضة,2025-06-09 13:22:55,,True,admin
2477,الترتيل,2025-06-09 13:27:19,,True,admin
2477,الرسم,2025-06-09 13:27:19,,True,admin
2477,القراءة,2025-06-09 13:27:19,,True,admin
2477,أشغال يدويّة,2025-06-09 13:27:19,,True,admin
2478,العزف,2025-06-09 13:36:54,,True,admin
2478,الرياضة,2025-06-09 13:36:54,,True,admin
2479,العزف,2025-06-09 14:13:53,,True,admin
2479,الترتيل,2025-06-09 14:13:53,,True,admin
2479,الرياضة,2025-06-09 14:13:53,,True,admin
2479,التمثيل,2025-06-09 14:13:53,,True,admin
2479,تأدية حركات التراتيل,2025-06-09 14:13:53,,True,admin
2479,الرسم,2025-06-09 14:13:53,,True,admin
2479,القراءة,2025-06-09 14:13:53,,True,admin
2479,أشغال يدويّة,2025-06-09 14:13:53,,True,admin
2479,الدبكة والرقصات الفولكلوريّة,2025-06-09 14:13:53,,True,admin
2479,الغناء,2025-06-09 14:13:53,,True,admin
2483,العزف,2025-06-10 14:33:47,,True,admin
2483,الترتيل,2025-06-10 14:33:47,,True,admin
2483,الرياضة,2025-06-10 14:33:47,,True,admin
2483,تأدية حركات التراتيل,2025-06-10 14:33:47,,True,admin
2483,القراءة,2025-06-10 14:33:47,,True,admin
2483,الدبكة والرقصات الفولكلوريّة,2025-06-10 14:33:47,,True,admin
2483,الغناء,2025-06-10 14:33:47,,True,admin
2484,القراءة,2025-06-10 14:34:05,,True,admin
2486,الترتيل,2025-06-10 14:40:27,,True,admin
2486,الرياضة,2025-06-10 14:40:27,,True,admin
2486,الرسم,2025-06-10 14:40:27,,True,admin
2486,الدبكة والرقصات الفولكلوريّة,2025-06-10 14:40:27,,True,admin
2486,الغناء,2025-06-10 14:40:27,,True,admin
2487,الرياضة,2025-06-10 14:40:40,,True,admin
2490,أشغال يدويّة,2025-06-10 15:58:23,,True,admin
2493,الرياضة,2025-06-10 19:21:25,,True,admin
2494,الرياضة,2025-06-10 20:15:19,,True,admin
2494,التمثيل,2025-06-10 20:15:19,,True,admin
2494,الرسم,2025-06-10 20:15:19,,True,admin
2494,الدبكة والرقصات الفولكلوريّة,2025-06-10 20:15:19,,True,admin
2494,الغناء,2025-06-10 20:15:19,,True,admin
2495,الرياضة,2025-06-10 20:17:31,,True,admin
2495,التمثيل,2025-06-10 20:17:31,,True,admin
2495,الرسم,2025-06-10 20:17:31,,True,admin
2496,أشغال يدويّة,2025-06-11 11:36:23,,True,admin
2497,الدبكة والرقصات الفولكلوريّة,2025-06-11 11:46:58,,True,admin
2498,الرياضة,2025-06-11 11:49:20,,True,admin
2499,الرياضة,2025-06-11 15:20:56,,True,admin
2499,كرة القدم,2025-06-11 15:20:56,,True,admin
2500,الغناء,2025-06-14 17:33:04,,True,admin
2500,الترتيل,2025-06-14 17:33:04,,True,admin
2500,الرسم,2025-06-14 17:33:04,,True,admin
2501,الترتيل,2025-06-14 17:35:32,,True,admin
2501,الرسم,2025-06-14 17:35:32,,True,admin
2501,القراءة,2025-06-14 17:35:32,,True,admin
2501,الغناء,2025-06-14 17:35:32,,True,admin
2502,الرياضة,2025-06-14 17:36:35,,True,admin
2503,الترتيل,2025-06-14 17:37:20,,True,admin
2503,الرياضة,2025-06-14 17:37:20,,True,admin
2503,التصوير الفوتوغرافي,2025-06-14 17:37:20,,True,admin
2503,تصوير فيديو,2025-06-14 17:37:20,,True,admin
2503,مونتاج فيديو,2025-06-14 17:37:20,,True,admin
2503,مهارات إداريّة,2025-06-14 17:37:20,,True,admin
2503,مهارات العمل الجماعي,2025-06-14 17:37:20,,True,admin
2503,مهارات التخطيط,2025-06-14 17:37:20,,True,admin
2503,تحضير الألعاب,2025-06-14 17:37:20,,True,admin
2503,التنظيم لأعمال تطوعيّة,2025-06-14 17:37:20,,True,admin
2503,أجهزة الصوت (صوتيّات ومِكسرات),2025-06-14 17:37:20,,True,admin
2503,أشغال يدويّة,2025-06-14 17:37:20,,True,admin
2504,الترتيل,2025-06-14 17:37:36,,True,admin
2504,الرياضة,2025-06-14 17:37:36,,True,admin
2504,الدبكة والرقصات الفولكلوريّة,2025-06-14 17:37:36,,True,admin
2504,الغناء,2025-06-14 17:37:36,,True,admin
2505,الرياضة,2025-06-14 17:39:50,,True,admin
2505,التصوير الفوتوغرافي,2025-06-14 17:39:50,,True,admin
2505,التصميم الجرافيكي,2025-06-14 17:39:50,,True,admin
2505,تصوير فيديو,2025-06-14 17:39:50,,True,admin
2505,كتابة نصوص,2025-06-14 17:39:50,,True,admin
2505,مونتاج فيديو,2025-06-14 17:39:50,,True,admin
2505,القراءة,2025-06-14 17:39:50,,True,admin
2505,مهارات التواصل,2025-06-14 17:39:50,,True,admin
2505,مهارات العمل الجماعي,2025-06-14 17:39:50,,True,admin
2506,العزف,2025-06-14 17:40:29,,True,admin
2506,الرياضة,2025-06-14 17:40:29,,True,admin
2507,الترتيل,2025-06-14 17:44:36,,True,admin
2507,الرسم,2025-06-14 17:44:36,,True,admin
2508,مهارات إداريّة,2025-06-14 17:50:37,,True,admin
2508,أشغال يدويّة,2025-06-14 17:50:37,,True,admin
2509,الترتيل,2025-06-14 18:33:22,,True,admin
2509,الرياضة,2025-06-14 18:33:22,,True,admin
2509,التصوير الفوتوغرافي,2025-06-14 18:33:22,,True,admin
2509,التصميم الجرافيكي,2025-06-14 18:33:22,,True,admin
2509,كتابة نصوص,2025-06-14 18:33:22,,True,admin
2509,مهارات التواصل,2025-06-14 18:33:22,,True,admin
2509,تحضير الألعاب,2025-06-14 18:33:22,,True,admin
2509,التنظيم لأعمال تطوعيّة,2025-06-14 18:33:22,,True,admin
2509,الدبكة والرقصات الفولكلوريّة,2025-06-14 18:33:22,,True,admin
2510,كتابة نصوص,2025-06-14 20:12:33,,True,admin
2510,القراءة,2025-06-14 20:12:33,,True,admin
2511,العزف,2025-06-14 20:42:45,,True,admin
2512,الغناء,2025-06-14 20:48:52,,True,admin
2512,كتابة نصوص,2025-06-14 20:48:52,,True,admin
2512,القراءة,2025-06-14 20:48:52,,True,admin
2514,الترتيل,2025-06-15 20:38:34,,True,admin
2514,الرياضة,2025-06-15 20:38:34,,True,admin
2514,الغناء,2025-06-15 20:38:34,,True,admin
2515,العزف,2025-06-16 13:39:21,,True,admin
2516,العزف,2025-06-16 13:41:06,,True,admin
2517,الرسم,2025-06-16 15:09:35,,True,admin
2518,أشغال يدويّة,2025-06-16 15:11:12,,True,admin
2519,الترتيل,2025-06-16 17:21:22,,True,admin
2520,الرياضة,2025-06-16 17:21:49,,True,admin
2520,مهارات العمل الجماعي,2025-06-16 17:21:49,,True,admin
2520,مهارات التخطيط,2025-06-16 17:21:49,,True,admin
2520,تحضير الألعاب,2025-06-16 17:21:49,,True,admin
2521,مهارات التواصل,2025-06-16 17:23:20,,True,admin
2521,مهارات إداريّة,2025-06-16 17:23:20,,True,admin
2521,مهارات العمل الجماعي,2025-06-16 17:23:20,,True,admin
2521,التنظيم لأعمال تطوعيّة,2025-06-16 17:23:20,,True,admin
2522,العزف,2025-06-16 17:38:52,,True,admin
2523,الرسم,2025-06-16 17:40:40,,True,admin
2523,تحضير الألعاب,2025-06-16 17:40:40,,True,admin
2523,أشغال يدويّة,2025-06-16 17:40:40,,True,admin
2524,الرياضة,2025-06-16 18:11:59,,True,admin
2525,أشغال يدويّة,2025-06-16 18:15:35,,True,admin
2526,الرسم,2025-06-16 18:29:04,,True,admin
2526,مهارات العمل الجماعي,2025-06-16 18:29:04,,True,admin
2527,العزف,2025-06-16 18:52:45,,True,admin
2528,العزف,2025-06-16 19:05:35,,True,admin
2528,الغناء,2025-06-16 19:05:35,,True,admin
2528,الترتيل,2025-06-16 19:05:35,,True,admin
2528,الرياضة,2025-06-16 19:05:35,,True,admin
2528,التصوير الفوتوغرافي,2025-06-16 19:05:35,,True,admin
2530,الغناء,2025-06-18 17:03:38,,True,admin
2530,الرياضة,2025-06-18 17:03:38,,True,admin
2530,التمثيل,2025-06-18 17:03:38,,True,admin
2530,مهارات العمل الجماعي,2025-06-18 17:03:38,,True,admin
2530,أشغال يدويّة,2025-06-18 17:03:38,,True,admin
2531,التصوير الفوتوغرافي,2025-06-18 21:13:55,,True,admin
2531,التمثيل,2025-06-18 21:13:55,,True,admin
2531,مهارات التواصل,2025-06-18 21:13:55,,True,admin
2531,مهارات العمل الجماعي,2025-06-18 21:13:55,,True,admin
2531,مهارات التخطيط,2025-06-18 21:13:55,,True,admin
2531,التنظيم لأعمال تطوعيّة,2025-06-18 21:13:55,,True,admin
2531,الدبكة والرقصات الفولكلوريّة,2025-06-18 21:13:55,,True,admin
2532,العزف,2025-06-18 21:29:15,,True,admin
2532,الرياضة,2025-06-18 21:29:15,,True,admin
2533,الرسم,2025-06-18 21:54:51,,True,admin
2534,العزف,2025-06-19 00:50:52,,True,admin
2534,القراءة,2025-06-19 00:50:52,,True,admin
2534,Gaming and Film Criticism,2025-06-19 00:50:52,,True,admin
2535,مهارات التواصل,2025-06-19 07:46:18,,True,admin
2535,مهارات إداريّة,2025-06-19 07:46:18,,True,admin
2535,مهارات العمل الجماعي,2025-06-19 07:46:18,,True,admin
2535,مهارات التخطيط,2025-06-19 07:46:18,,True,admin
2536,الغناء,2025-06-19 14:15:51,,True,admin
2536,الترتيل,2025-06-19 14:15:51,,True,admin
2536,الرياضة,2025-06-19 14:15:51,,True,admin
2536,التصوير الفوتوغرافي,2025-06-19 14:15:51,,True,admin
2536,التمثيل,2025-06-19 14:15:51,,True,admin
2536,التصميم الداخلي/ ديكور,2025-06-19 14:15:51,,True,admin
2536,مهارات التواصل,2025-06-19 14:15:51,,True,admin
2536,مهارات إداريّة,2025-06-19 14:15:51,,True,admin
2536,مهارات العمل الجماعي,2025-06-19 14:15:51,,True,admin
2536,مهارات التخطيط,2025-06-19 14:15:51,,True,admin
2536,تحضير الألعاب,2025-06-19 14:15:51,,True,admin
2536,التنظيم لأعمال تطوعيّة,2025-06-19 14:15:51,,True,admin
2538,الرياضة,2025-06-19 16:33:51,,True,admin
2538,التصوير الفوتوغرافي,2025-06-19 16:33:51,,True,admin
2538,تصوير فيديو,2025-06-19 16:33:51,,True,admin
2538,مونتاج فيديو,2025-06-19 16:33:51,,True,admin
2538,التنظيم لأعمال تطوعيّة,2025-06-19 16:33:51,,True,admin
2539,الرياضة,2025-06-19 17:30:55,,True,admin
2539,مهارات العمل الجماعي,2025-06-19 17:30:55,,True,admin
2539,تحضير الألعاب,2025-06-19 17:30:55,,True,admin
2540,الرياضة,2025-06-20 12:11:59,,True,admin
2540,مهارات التواصل,2025-06-20 12:11:59,,True,admin
2541,الترتيل,2025-06-20 14:04:05,,True,admin
2541,الرياضة,2025-06-20 14:04:05,,True,admin
2541,تأدية حركات التراتيل,2025-06-20 14:04:05,,True,admin
2541,الرسم,2025-06-20 14:04:05,,True,admin
2542,الرياضة,2025-06-21 13:09:15,,True,admin
2542,التمثيل,2025-06-21 13:09:15,,True,admin
2542,تأدية حركات التراتيل,2025-06-21 13:09:15,,True,admin
2542,القراءة,2025-06-21 13:09:15,,True,admin
2542,أشغال يدويّة,2025-06-21 13:09:15,,True,admin
2543,الترتيل,2025-06-22 14:46:22,,True,admin
2543,الرياضة,2025-06-22 14:46:22,,True,admin
2543,القراءة,2025-06-22 14:46:22,,True,admin
2543,أشغال يدويّة,2025-06-22 14:46:22,,True,admin
2544,التصوير الفوتوغرافي,2025-06-24 15:39:04,,True,admin
2544,التمثيل,2025-06-24 15:39:04,,True,admin
2544,الرسم,2025-06-24 15:39:04,,True,admin
2544,القراءة,2025-06-24 15:39:04,,True,admin
2544,مهارات التواصل,2025-06-24 15:39:04,,True,admin
2544,مهارات العمل الجماعي,2025-06-24 15:39:04,,True,admin
2545,الرياضة,2025-06-24 21:37:10,,True,admin
2546,الرياضة,2025-06-24 21:38:50,,True,admin
2546,تأدية حركات التراتيل,2025-06-24 21:38:50,,True,admin
2546,الدبكة والرقصات الفولكلوريّة,2025-06-24 21:38:50,,True,admin
2547,الترتيل,2025-06-24 21:46:54,,True,admin
2547,الرياضة,2025-06-24 21:46:54,,True,admin
2547,الرسم,2025-06-24 21:46:54,,True,admin
2547,القراءة,2025-06-24 21:46:54,,True,admin
2548,الرياضة,2025-06-24 22:04:39,,True,admin
2548,تأدية حركات التراتيل,2025-06-24 22:04:39,,True,admin
2548,الرسم,2025-06-24 22:04:39,,True,admin
2548,القراءة,2025-06-24 22:04:39,,True,admin
2549,العزف,2025-06-24 22:54:34,,True,admin
2549,الترتيل,2025-06-24 22:54:34,,True,admin
2549,الرياضة,2025-06-24 22:54:34,,True,admin
2549,الغناء,2025-06-24 22:54:34,,True,admin
2550,العزف,2025-06-24 23:04:31,,True,admin
2550,الرياضة,2025-06-24 23:04:31,,True,admin
2551,الرسم,2025-06-25 11:53:01,,True,admin
2552,العزف,2025-06-25 12:59:08,,True,admin
2552,الإخراج (السينمائي/ المسرحي),2025-06-25 12:59:08,,True,admin
2552,كتابة نصوص,2025-06-25 12:59:08,,True,admin
2552,مهارات إداريّة,2025-06-25 12:59:08,,True,admin
2552,مهارات التخطيط,2025-06-25 12:59:08,,True,admin
2552,تحضير الألعاب,2025-06-25 12:59:08,,True,admin
2552,التنظيم لأعمال تطوعيّة,2025-06-25 12:59:08,,True,admin
2553,الرياضة,2025-06-26 09:52:09,,True,admin
2554,الترتيل,2025-06-26 10:01:07,,True,admin
2554,التنظيم لأعمال تطوعيّة,2025-06-26 10:01:07,,True,admin
2555,الرياضة,2025-06-26 10:52:14,,True,admin
2556,الرياضة,2025-06-26 10:55:11,,True,admin
2558,الرياضة,2025-06-26 12:10:00,,True,admin
2558,التصوير الفوتوغرافي,2025-06-26 12:10:00,,True,admin
2558,مهارات التواصل,2025-06-26 12:10:00,,True,admin
2558,مهارات العمل الجماعي,2025-06-26 12:10:00,,True,admin
2558,التكنولوجيا,2025-06-26 12:10:00,,True,admin
2559,الرياضة,2025-06-26 15:07:34,,True,admin
2559,تأدية حركات التراتيل,2025-06-26 15:07:34,,True,admin
2559,الرسم,2025-06-26 15:07:34,,True,admin
2560,الرياضة,2025-06-26 21:12:05,,True,admin
2561,الرياضة,2025-06-26 23:08:30,,True,admin
2562,الرسم,2025-06-27 00:38:15,,True,admin
2562,الدبكة والرقصات الفولكلوريّة,2025-06-27 00:38:15,,True,admin
2563,التصميم الداخلي/ ديكور,2025-06-27 03:51:21,,True,admin
2563,الرسم,2025-06-27 03:51:21,,True,admin
2563,تحضير الألعاب,2025-06-27 03:51:21,,True,admin
2563,أشغال يدويّة,2025-06-27 03:51:21,,True,admin
2564,الرياضة,2025-06-29 14:27:09,,True,admin
2564,الرسم,2025-06-29 14:27:09,,True,admin
2564,القراءة,2025-06-29 14:27:09,,True,admin
2565,العزف,2025-06-30 14:20:43,,True,admin
2565,الرياضة,2025-06-30 14:20:43,,True,admin
2565,تأدية حركات التراتيل,2025-06-30 14:20:43,,True,admin
2565,الرسم,2025-06-30 14:20:43,,True,admin
2565,أشغال يدويّة,2025-06-30 14:20:43,,True,admin
2565,الدبكة والرقصات الفولكلوريّة,2025-06-30 14:20:43,,True,admin
2565,الغناء,2025-06-30 14:20:43,,True,admin
2565,الترتيل,2025-06-30 14:20:43,,True,admin
2565,القراءة,2025-06-30 14:20:43,,True,admin
2566,العزف,2025-07-04 16:20:31,,True,admin
2566,الرياضة,2025-07-04 16:20:31,,True,admin
2566,القراءة,2025-07-04 16:20:31,,True,admin
2566,الدبكة والرقصات الفولكلوريّة,2025-07-04 16:20:31,,True,admin
2567,العزف,2025-07-04 16:23:40,,True,admin
2567,الرياضة,2025-07-04 16:23:40,,True,admin
2567,الرسم,2025-07-04 16:23:40,,True,admin
2567,الدبكة والرقصات الفولكلوريّة,2025-07-04 16:23:40,,True,admin
2567,الغناء,2025-07-04 16:23:40,,True,admin
2568,الرسم,2025-07-08 18:51:25,,True,admin
2569,الترتيل,2025-07-08 22:42:46,,True,admin
2570,الطبلة,2025-07-08 22:46:29,,True,admin
2571,العزف,2025-07-08 22:49:07,,True,admin
2571,الترتيل,2025-07-08 22:49:07,,True,admin
2571,التمثيل,2025-07-08 22:49:07,,True,admin
2572,الرياضة,2025-07-09 19:42:17,,True,admin
2574,الرياضة,2025-07-13 22:47:18,,True,admin
2575,الرياضة,2025-07-15 11:24:30,,True,admin
2575,كرة القدم,2025-07-15 11:24:30,,True,admin
2577,الرياضة,2025-07-15 12:04:53,,True,admin
2578,الرياضة,2025-07-15 16:06:27,,True,admin
2578,التمثيل,2025-07-15 16:06:27,,True,admin
2578,السباحة,2025-07-15 16:06:27,,True,admin
2579,القراءة,2025-07-16 10:40:31,,True,admin
2600,الرسم,2025-08-09 19:50:00,,True,admin
2601,الدبكة والرقصات الفولكلوريّة,2025-08-09 19:52:20,,True,admin
2603,الرسم,2025-08-09 20:50:47,,True,admin
2603,الغناء,2025-08-09 20:50:47,,True,admin
2604,الرسم,2025-08-09 20:53:52,,True,admin
2604,أشغال يدويّة,2025-08-09 20:53:52,,True,admin
2605,الغناء,2025-08-09 20:55:17,,True,admin
2607,الرياضة,2025-08-09 20:57:37,,True,admin
2608,الترتيل,2025-08-09 21:02:37,,True,admin
2608,الرسم,2025-08-09 21:02:37,,True,admin
2609,الترتيل,2025-08-09 21:03:23,,True,admin
2609,التمثيل,2025-08-09 21:03:23,,True,admin
2609,الرسم,2025-08-09 21:03:23,,True,admin
2609,أشغال يدويّة,2025-08-09 21:03:23,,True,admin
2609,الغناء,2025-08-09 21:03:23,,True,admin
2610,العزف,2025-08-09 21:03:54,,True,admin
2610,الرسم,2025-08-09 21:03:54,,True,admin
2611,الترتيل,2025-08-09 21:05:51,,True,admin
2611,الرياضة,2025-08-09 21:05:51,,True,admin
2611,التمثيل,2025-08-09 21:05:51,,True,admin
2611,الرسم,2025-08-09 21:05:51,,True,admin
2611,أشغال يدويّة,2025-08-09 21:05:51,,True,admin
2611,الغناء,2025-08-09 21:05:51,,True,admin
2612,الرسم,2025-08-09 21:07:30,,True,admin
2612,الغناء,2025-08-09 21:07:30,,True,admin
2613,الترتيل,2025-08-09 21:08:12,,True,admin
2613,الرياضة,2025-08-09 21:08:12,,True,admin
2613,تأدية حركات التراتيل,2025-08-09 21:08:12,,True,admin
2613,الرسم,2025-08-09 21:08:12,,True,admin
2613,أشغال يدويّة,2025-08-09 21:08:12,,True,admin
2613,الدبكة والرقصات الفولكلوريّة,2025-08-09 21:08:12,,True,admin
2614,الترتيل,2025-08-09 21:28:55,,True,admin
2614,الرياضة,2025-08-09 21:28:55,,True,admin
2614,الرسم,2025-08-09 21:28:55,,True,admin
2614,أشغال يدويّة,2025-08-09 21:28:55,,True,admin
2616,الرياضة,2025-08-09 22:29:54,,True,admin
2616,الرسم,2025-08-09 22:29:54,,True,admin
2616,أشغال يدويّة,2025-08-09 22:29:54,,True,admin
2617,العزف,2025-08-09 23:00:32,,True,admin
2617,الرياضة,2025-08-09 23:00:32,,True,admin
2617,التمثيل,2025-08-09 23:00:32,,True,admin
2617,الرسم,2025-08-09 23:00:32,,True,admin
2617,الدبكة والرقصات الفولكلوريّة,2025-08-09 23:00:32,,True,admin
2617,الغناء,2025-08-09 23:00:32,,True,admin
2618,العزف,2025-08-12 13:19:31,,True,admin
2618,الرياضة,2025-08-12 13:19:31,,True,admin
2618,القراءة,2025-08-12 13:19:31,,True,admin
2618,الدبكة والرقصات الفولكلوريّة,2025-08-12 13:19:31,,True,admin
2618,شرح وتعليم الآيات والنصوص من الكتاب المقدس,2025-08-12 13:19:31,,True,admin
2619,الرياضة,2025-08-12 14:19:53,,True,admin
2620,الترتيل,2025-09-09 16:58:08,,True,admin
2620,الرسم,2025-09-09 16:58:08,,True,admin
2621,الرياضة,2025-09-10 20:47:49,,True,admin
2621,الرسم,2025-09-10 20:47:49,,True,admin
2621,أشغال يدويّة,2025-09-10 20:47:49,,True,admin
2622,الترتيل,2025-09-10 20:51:45,,True,admin
2622,الرياضة,2025-09-10 20:51:45,,True,admin
2622,الرسم,2025-09-10 20:51:45,,True,admin
2622,الدبكة والرقصات الفولكلوريّة,2025-09-10 20:51:45,,True,admin
2622,الغناء,2025-09-10 20:51:45,,True,admin
2623,القراءة,2025-09-10 20:53:09,,True,admin
2624,الترتيل,2025-09-10 20:53:20,,True,admin
2624,الرياضة,2025-09-10 20:53:20,,True,admin
2624,الرسم,2025-09-10 20:53:20,,True,admin
2624,الغناء,2025-09-10 20:53:20,,True,admin
2625,العزف,2025-09-10 20:55:06,,True,admin
2625,الترتيل,2025-09-10 20:55:06,,True,admin
2625,الرياضة,2025-09-10 20:55:06,,True,admin
2625,التمثيل,2025-09-10 20:55:06,,True,admin
2625,تأدية حركات التراتيل,2025-09-10 20:55:06,,True,admin
2625,الرسم,2025-09-10 20:55:06,,True,admin
2625,الدبكة والرقصات الفولكلوريّة,2025-09-10 20:55:06,,True,admin
2625,الغناء,2025-09-10 20:55:06,,True,admin
2626,العزف,2025-09-10 20:56:18,,True,admin
2626,الرسم,2025-09-10 20:56:18,,True,admin
2626,أشغال يدويّة,2025-09-10 20:56:18,,True,admin
2626,الغناء,2025-09-10 20:56:18,,True,admin
2627,الترتيل,2025-09-10 20:56:36,,True,admin
2627,الرياضة,2025-09-10 20:56:36,,True,admin
2627,التمثيل,2025-09-10 20:56:36,,True,admin
2627,تأدية حركات التراتيل,2025-09-10 20:56:36,,True,admin
2627,الرسم,2025-09-10 20:56:36,,True,admin
2627,القراءة,2025-09-10 20:56:36,,True,admin
2627,الغناء,2025-09-10 20:56:36,,True,admin
2628,الترتيل,2025-09-10 20:58:31,,True,admin
2628,الرياضة,2025-09-10 20:58:31,,True,admin
2628,التمثيل,2025-09-10 20:58:31,,True,admin
2628,تأدية حركات التراتيل,2025-09-10 20:58:31,,True,admin
2628,الرسم,2025-09-10 20:58:31,,True,admin
2628,الدبكة والرقصات الفولكلوريّة,2025-09-10 20:58:31,,True,admin
2628,الغناء,2025-09-10 20:58:31,,True,admin
2629,الرياضة,2025-09-10 21:01:56,,True,admin
2629,الدبكة والرقصات الفولكلوريّة,2025-09-10 21:01:56,,True,admin
2630,الرسم,2025-09-10 21:19:54,,True,admin
2630,أشغال يدويّة,2025-09-10 21:19:54,,True,admin
2631,الرياضة,2025-09-10 21:23:02,,True,admin
2631,الرسم,2025-09-10 21:23:02,,True,admin
2631,أشغال يدويّة,2025-09-10 21:23:02,,True,admin
2632,مهارات إداريّة,2025-09-10 21:48:08,,True,admin
2633,العزف,2025-09-10 22:45:43,,True,admin
2634,الرياضة,2025-09-10 22:51:51,,True,admin
2634,التصميم الداخلي/ ديكور,2025-09-10 22:51:51,,True,admin
2634,رسوم متحركة Animation,2025-09-10 22:51:51,,True,admin
2634,تحضير الألعاب,2025-09-10 22:51:51,,True,admin
2634,أشغال يدويّة,2025-09-10 22:51:51,,True,admin
2635,تأدية حركات التراتيل,2025-09-10 22:54:52,,True,admin
2635,الرسم,2025-09-10 22:54:52,,True,admin
2635,أشغال يدويّة,2025-09-10 22:54:52,,True,admin
2636,العزف,2025-09-10 23:10:27,,True,admin
2636,الرياضة,2025-09-10 23:10:27,,True,admin
2636,الرسم,2025-09-10 23:10:27,,True,admin
2636,القراءة,2025-09-10 23:10:27,,True,admin
2636,أشغال يدويّة,2025-09-10 23:10:27,,True,admin
2637,العزف,2025-09-12 07:53:42,,True,admin
2637,الرياضة,2025-09-12 07:53:42,,True,admin
2637,أشغال يدويّة,2025-09-12 07:53:42,,True,admin
2638,الرياضة,2025-09-12 07:54:59,,True,admin
2638,الرسم,2025-09-12 07:54:59,,True,admin
2638,أشغال يدويّة,2025-09-12 07:54:59,,True,admin
2639,العزف,2025-09-12 09:46:57,,True,admin
2640,الرياضة,2025-09-12 13:31:51,,True,admin
2640,الرسم,2025-09-12 13:31:51,,True,admin
2640,الغناء,2025-09-12 13:31:51,,True,admin
2641,الترتيل,2025-09-12 17:06:30,,True,admin
2641,الرياضة,2025-09-12 17:06:30,,True,admin
2641,التمثيل,2025-09-12 17:06:30,,True,admin
2641,تأدية حركات التراتيل,2025-09-12 17:06:30,,True,admin
2641,الرسم,2025-09-12 17:06:30,,True,admin
2641,القراءة,2025-09-12 17:06:30,,True,admin
2641,الدبكة والرقصات الفولكلوريّة,2025-09-12 17:06:30,,True,admin
2641,الغناء,2025-09-12 17:06:30,,True,admin
2642,العزف,2025-09-12 17:07:46,,True,admin
2642,الترتيل,2025-09-12 17:07:46,,True,admin
2642,الرياضة,2025-09-12 17:07:46,,True,admin
2642,التمثيل,2025-09-12 17:07:46,,True,admin
2642,تأدية حركات التراتيل,2025-09-12 17:07:46,,True,admin
2642,القراءة,2025-09-12 17:07:46,,True,admin
2642,الرسم,2025-09-12 17:07:46,,True,admin
2642,الدبكة والرقصات الفولكلوريّة,2025-09-12 17:07:46,,True,admin
2642,الغناء,2025-09-12 17:07:46,,True,admin
2642,Gymnastics,2025-09-12 17:07:46,,True,admin
2643,الرسم,2025-09-12 18:32:40,,True,admin
2644,الرياضة,2025-09-13 14:30:38,,True,admin
2644,الترتيل,2025-09-13 14:30:38,,True,admin
2644,التمثيل,2025-09-13 14:30:38,,True,admin
2644,الرسم,2025-09-13 14:30:38,,True,admin
2644,أشغال يدويّة,2025-09-13 14:30:38,,True,admin
2644,الغناء,2025-09-13 14:30:38,,True,admin
2645,مهارات العمل الجماعي,2025-09-13 14:42:50,,True,admin
2646,الدبكة والرقصات الفولكلوريّة,2025-09-13 15:33:35,,True,admin
2647,الترتيل,2025-09-13 21:54:05,,True,admin
2647,الرياضة,2025-09-13 21:54:05,,True,admin
2647,تأدية حركات التراتيل,2025-09-13 21:54:05,,True,admin
2647,الرسم,2025-09-13 21:54:05,,True,admin
2647,الدبكة والرقصات الفولكلوريّة,2025-09-13 21:54:05,,True,admin
2647,الغناء,2025-09-13 21:54:05,,True,admin
2648,الرياضة,2025-09-14 17:30:30,,True,admin
2649,الرياضة,2025-09-15 21:57:49,,True,admin
2649,الرسم,2025-09-15 21:57:49,,True,admin
2649,مهارات التواصل,2025-09-15 21:57:49,,True,admin
2649,مهارات العمل الجماعي,2025-09-15 21:57:49,,True,admin
2649,أشغال يدويّة,2025-09-15 21:57:49,,True,admin
2650,القراءة,2025-09-15 22:15:16,,True,admin
2650,مهارات التواصل,2025-09-15 22:15:16,,True,admin
2650,مهارات إداريّة,2025-09-15 22:15:16,,True,admin
2650,مهارات العمل الجماعي,2025-09-15 22:15:16,,True,admin
2650,مهارات التخطيط,2025-09-15 22:15:16,,True,admin
2650,تحضير الألعاب,2025-09-15 22:15:16,,True,admin
2650,أشغال يدويّة,2025-09-15 22:15:16,,True,admin
2651,الرياضة,2025-09-19 13:24:01,,True,admin
2652,الرياضة,2025-09-21 18:40:13,,True,admin
2652,التمثيل,2025-09-21 18:40:13,,True,admin
2653,الرياضة,2025-09-21 18:44:38,,True,admin
2653,التمثيل,2025-09-21 18:44:38,,True,admin
2653,الرسم,2025-09-21 18:44:38,,True,admin
2653,أشغال يدويّة,2025-09-21 18:44:38,,True,admin
2653,الغناء,2025-09-21 18:44:38,,True,admin
2655,الرياضة,2025-09-24 07:33:41,,True,admin
2655,Kick Boxing,2025-09-24 07:33:41,,True,admin
2658,الرياضة,2025-09-24 07:40:30,,True,admin
2659,الرياضة,2025-09-24 07:41:43,,True,admin
2661,الترتيل,2025-09-24 08:22:40,,True,admin
2661,الرياضة,2025-09-24 08:22:40,,True,admin
2661,تأدية حركات التراتيل,2025-09-24 08:22:40,,True,admin
2661,الرسم,2025-09-24 08:22:40,,True,admin
2661,أشغال يدويّة,2025-09-24 08:22:40,,True,admin
2661,الغناء,2025-09-24 08:22:40,,True,admin
2662,الترتيل,2025-09-24 08:25:12,,True,admin
2664,الرياضة,2025-09-24 09:37:27,,True,admin
2664,الرسم,2025-09-24 09:37:27,,True,admin
2664,القراءة,2025-09-24 09:37:27,,True,admin
2665,الترتيل,2025-09-24 10:12:20,,True,admin
2665,الرياضة,2025-09-24 10:12:20,,True,admin
2665,التمثيل,2025-09-24 10:12:20,,True,admin
2665,تأدية حركات التراتيل,2025-09-24 10:12:20,,True,admin
2665,الرسم,2025-09-24 10:12:20,,True,admin
2665,أشغال يدويّة,2025-09-24 10:12:20,,True,admin
2665,الدبكة والرقصات الفولكلوريّة,2025-09-24 10:12:20,,True,admin
2665,الغناء,2025-09-24 10:12:20,,True,admin
2666,العزف,2025-09-24 11:00:50,,True,admin
2666,الرياضة,2025-09-24 11:00:50,,True,admin
2666,الغناء,2025-09-24 11:00:50,,True,admin
2668,العزف,2025-09-25 07:40:19,,True,admin
2668,الرياضة,2025-09-25 07:40:19,,True,admin
2669,العزف,2025-09-26 14:48:07,,True,admin
2671,الرسم,2025-09-27 17:35:49,,True,admin
2672,الرسم,2025-09-27 17:38:42,,True,admin
2673,الرياضة,2025-09-27 17:50:01,,True,admin
2674,الترتيل,2025-09-27 17:50:30,,True,admin
2674,التمثيل,2025-09-27 17:50:30,,True,admin
2674,الغناء,2025-09-27 17:50:30,,True,admin
2675,التمثيل,2025-09-27 18:08:23,,True,admin
2675,تأدية حركات التراتيل,2025-09-27 18:08:23,,True,admin
2675,الرسم,2025-09-27 18:08:23,,True,admin
2675,أشغال يدويّة,2025-09-27 18:08:23,,True,admin
2677,العزف,2025-09-27 18:37:42,,True,admin
2677,الترتيل,2025-09-27 18:37:42,,True,admin
2677,الرياضة,2025-09-27 18:37:42,,True,admin
2677,الرسم,2025-09-27 18:37:42,,True,admin
2677,الغناء,2025-09-27 18:37:42,,True,admin
2678,العزف,2025-09-27 18:40:17,,True,admin
2678,الرسم,2025-09-27 18:40:17,,True,admin
2678,الدبكة والرقصات الفولكلوريّة,2025-09-27 18:40:17,,True,admin
2678,الغناء,2025-09-27 18:40:17,,True,admin
2680,الرياضة,2025-09-27 20:53:04,,True,admin
2681,العزف,2025-09-27 20:55:51,,True,admin
2681,الترتيل,2025-09-27 20:55:51,,True,admin
2681,الرسم,2025-09-27 20:55:51,,True,admin
2681,الدبكة والرقصات الفولكلوريّة,2025-09-27 20:55:51,,True,admin
2681,الغناء,2025-09-27 20:55:51,,True,admin
2682,الغناء,2025-09-27 20:56:29,,True,admin
2683,العزف,2025-09-27 20:58:28,,True,admin
2683,الترتيل,2025-09-27 20:58:28,,True,admin
2683,التمثيل,2025-09-27 20:58:28,,True,admin
2683,تأدية حركات التراتيل,2025-09-27 20:58:28,,True,admin
2683,الرسم,2025-09-27 20:58:28,,True,admin
2683,الغناء,2025-09-27 20:58:28,,True,admin
2684,الترتيل,2025-09-27 21:08:01,,True,admin
2684,الرياضة,2025-09-27 21:08:01,,True,admin
2684,تأدية حركات التراتيل,2025-09-27 21:08:01,,True,admin
2684,الدبكة والرقصات الفولكلوريّة,2025-09-27 21:08:01,,True,admin
2687,العزف,2025-09-27 22:17:48,,True,admin
2687,الرسم,2025-09-27 22:17:48,,True,admin
2687,الدبكة والرقصات الفولكلوريّة,2025-09-27 22:17:48,,True,admin
2688,الترتيل,2025-09-28 10:22:30,,True,admin
2688,الرياضة,2025-09-28 10:22:30,,True,admin
2688,القراءة,2025-09-28 10:22:30,,True,admin
2688,Gymnastics,2025-09-28 10:22:30,,True,admin
2689,العزف,2025-09-28 10:58:36,,True,admin
2689,الترتيل,2025-09-28 10:58:36,,True,admin
2689,الرياضة,2025-09-28 10:58:36,,True,admin
2689,التمثيل,2025-09-28 10:58:36,,True,admin
2689,تأدية حركات التراتيل,2025-09-28 10:58:36,,True,admin
2689,الرسم,2025-09-28 10:58:36,,True,admin
2689,القراءة,2025-09-28 10:58:36,,True,admin
2689,أشغال يدويّة,2025-09-28 10:58:36,,True,admin
2689,الدبكة والرقصات الفولكلوريّة,2025-09-28 10:58:36,,True,admin
2689,الغناء,2025-09-28 10:58:36,,True,admin
2690,العزف,2025-09-28 10:58:37,,True,admin
2690,الترتيل,2025-09-28 10:58:37,,True,admin
2690,الرياضة,2025-09-28 10:58:37,,True,admin
2690,التمثيل,2025-09-28 10:58:37,,True,admin
2690,تأدية حركات التراتيل,2025-09-28 10:58:37,,True,admin
2690,الرسم,2025-09-28 10:58:37,,True,admin
2690,القراءة,2025-09-28 10:58:37,,True,admin
2690,أشغال يدويّة,2025-09-28 10:58:37,,True,admin
2690,الدبكة والرقصات الفولكلوريّة,2025-09-28 10:58:37,,True,admin
2690,الغناء,2025-09-28 10:58:37,,True,admin
2692,تأدية حركات التراتيل,2025-09-28 14:37:40,,True,admin
2692,الرسم,2025-09-28 14:37:40,,True,admin
2693,الرياضة,2025-09-28 14:38:46,,True,admin
2693,الرسم,2025-09-28 14:38:46,,True,admin
2694,الرسم,2025-09-28 14:40:58,,True,admin
2694,أشغال يدويّة,2025-09-28 14:40:58,,True,admin
2695,الرسم,2025-10-09 10:12:01,,True,admin
2695,أشغال يدويّة,2025-10-09 10:12:01,,True,admin
2695,الدبكة والرقصات الفولكلوريّة,2025-10-09 10:12:01,,True,admin
2696,الترتيل,2025-10-09 10:14:14,,True,admin
2696,الرياضة,2025-10-09 10:14:14,,True,admin
2696,الرسم,2025-10-09 10:14:14,,True,admin
2696,أشغال يدويّة,2025-10-09 10:14:14,,True,admin
2696,الدبكة والرقصات الفولكلوريّة,2025-10-09 10:14:14,,True,admin
2697,الرياضة,2025-10-10 10:17:40,,True,admin
2698,الرياضة,2025-10-10 10:20:23,,True,admin
2698,الرسم,2025-10-10 10:20:23,,True,admin
2698,القراءة,2025-10-10 10:20:23,,True,admin
2701,الرياضة,2025-10-15 09:14:10,,True,admin
2702,الرسم,2025-10-15 09:17:13,,True,admin
2703,الترتيل,2025-10-15 09:17:26,,True,admin
2703,الرياضة,2025-10-15 09:17:26,,True,admin
2704,الترتيل,2025-10-15 11:02:54,,True,admin
2704,التمثيل,2025-10-15 11:02:54,,True,admin
2704,الغناء,2025-10-15 11:02:54,,True,admin
2705,الرياضة,2025-10-15 15:20:34,,True,admin
2705,الغناء,2025-10-15 15:20:34,,True,admin
2706,الترتيل,2025-10-18 18:07:54,,True,admin
2706,الرياضة,2025-10-18 18:07:54,,True,admin
2706,تأدية حركات التراتيل,2025-10-18 18:07:54,,True,admin
2706,القراءة,2025-10-18 18:07:54,,True,admin
2707,الرياضة,2025-10-18 18:09:42,,True,admin
2713,الرياضة,2025-10-28 18:13:52,,True,admin
2713,القراءة,2025-10-28 18:13:52,,True,admin
2714,العزف,2025-10-28 18:15:39,,True,admin
2714,الترتيل,2025-10-28 18:15:39,,True,admin
2714,التمثيل,2025-10-28 18:15:39,,True,admin
2714,الرسم,2025-10-28 18:15:39,,True,admin
2714,أشغال يدويّة,2025-10-28 18:15:39,,True,admin
2714,الدبكة والرقصات الفولكلوريّة,2025-10-28 18:15:39,,True,admin
2714,الغناء,2025-10-28 18:15:39,,True,admin
2715,الرياضة,2025-10-28 18:33:54,,True,admin
2716,القراءة,2025-10-28 21:22:24,,True,admin
2716,مهارات التواصل,2025-10-28 21:22:24,,True,admin
2716,مهارات العمل الجماعي,2025-10-28 21:22:24,,True,admin
2716,مهارات التخطيط,2025-10-28 21:22:24,,True,admin
2717,العزف,2025-10-29 09:08:18,,True,admin
2717,الرياضة,2025-10-29 09:08:18,,True,admin
2718,العزف,2025-10-29 09:10:43,,True,admin
2718,الترتيل,2025-10-29 09:10:43,,True,admin
2718,الرياضة,2025-10-29 09:10:43,,True,admin
2718,التمثيل,2025-10-29 09:10:43,,True,admin
2718,تأدية حركات التراتيل,2025-10-29 09:10:43,,True,admin
2718,الرسم,2025-10-29 09:10:43,,True,admin
2718,الدبكة والرقصات الفولكلوريّة,2025-10-29 09:10:43,,True,admin
2718,الغناء,2025-10-29 09:10:43,,True,admin
2719,الرسم,2025-10-29 09:30:49,,True,admin
2719,باليه,2025-10-29 09:30:49,,True,admin
2721,الرياضة,2025-10-29 10:53:48,,True,admin
2722,تأدية حركات التراتيل,2025-10-29 11:04:54,,True,admin
2722,أشغال يدويّة,2025-10-29 11:04:54,,True,admin
2722,الدبكة والرقصات الفولكلوريّة,2025-10-29 11:04:54,,True,admin
2723,العزف,2025-10-29 12:13:13,,True,admin
2723,الترتيل,2025-10-29 12:13:13,,True,admin
2723,الرسم,2025-10-29 12:13:13,,True,admin
2723,أشغال يدويّة,2025-10-29 12:13:13,,True,admin
2724,العزف,2025-10-29 12:15:45,,True,admin
2724,الترتيل,2025-10-29 12:15:45,,True,admin
2724,الرياضة,2025-10-29 12:15:45,,True,admin
2724,التمثيل,2025-10-29 12:15:45,,True,admin
2724,تأدية حركات التراتيل,2025-10-29 12:15:45,,True,admin
2724,الرسم,2025-10-29 12:15:45,,True,admin
2724,أشغال يدويّة,2025-10-29 12:15:45,,True,admin
2724,الدبكة والرقصات الفولكلوريّة,2025-10-29 12:15:45,,True,admin
2725,الترتيل,2025-10-29 13:27:07,,True,admin
2725,الرياضة,2025-10-29 13:27:07,,True,admin
2725,التمثيل,2025-10-29 13:27:07,,True,admin
2725,تأدية حركات التراتيل,2025-10-29 13:27:07,,True,admin
2725,الدبكة والرقصات الفولكلوريّة,2025-10-29 13:27:07,,True,admin
2725,الغناء,2025-10-29 13:27:07,,True,admin
2727,العزف,2025-10-29 21:39:43,,True,admin
2729,العزف,2025-10-30 14:05:04,,True,admin
2729,الترتيل,2025-10-30 14:05:04,,True,admin
2730,العزف,2025-10-30 14:37:52,,True,admin
2730,الغناء,2025-10-30 14:37:52,,True,admin
2730,الترتيل,2025-10-30 14:37:52,,True,admin
2731,الغناء,2025-10-30 14:48:03,,True,admin
2731,الترتيل,2025-10-30 14:48:03,,True,admin
2731,التمثيل,2025-10-30 14:48:03,,True,admin
2731,الرسم,2025-10-30 14:48:03,,True,admin
2731,تحضير الألعاب,2025-10-30 14:48:03,,True,admin
2731,أشغال يدويّة,2025-10-30 14:48:03,,True,admin
2731,الدبكة والرقصات الفولكلوريّة,2025-10-30 14:48:03,,True,admin
2732,الترتيل,2025-10-30 21:16:39,,True,admin
2733,الرسم,2025-10-31 15:02:56,,True,admin
2734,الترتيل,2025-10-31 15:19:51,,True,admin
2735,الرياضة,2025-10-31 15:32:44,,True,admin
2735,أشغال يدويّة,2025-10-31 15:32:44,,True,admin
2735,الدبكة والرقصات الفولكلوريّة,2025-10-31 15:32:44,,True,admin
2735,Gymnastics,2025-10-31 15:32:44,,True,admin
2736,الدبكة والرقصات الفولكلوريّة,2025-10-31 15:41:22,,True,admin
2737,الطبلة,2025-10-31 15:46:20,,True,admin
2738,الرسم,2025-10-31 16:01:21,,True,admin
2738,مهارات التواصل,2025-10-31 16:01:21,,True,admin
2738,مهارات إداريّة,2025-10-31 16:01:21,,True,admin
2738,مهارات العمل الجماعي,2025-10-31 16:01:21,,True,admin
2738,مهارات التخطيط,2025-10-31 16:01:21,,True,admin
2738,التنظيم لأعمال تطوعيّة,2025-10-31 16:01:21,,True,admin
2738,الدبكة والرقصات الفولكلوريّة,2025-10-31 16:01:21,,True,admin
2739,الرياضة,2025-10-31 16:23:51,,True,admin
2740,الرياضة,2025-10-31 16:51:34,,True,admin
2741,الرسم,2025-10-31 16:54:07,,True,admin
2742,الرياضة,2025-10-31 19:49:34,,True,admin
2742,أشغال يدويّة,2025-10-31 19:49:34,,True,admin
2743,الترتيل,2025-10-31 19:51:23,,True,admin
2743,الرياضة,2025-10-31 19:51:23,,True,admin
2743,أشغال يدويّة,2025-10-31 19:51:23,,True,admin
2744,الغناء,2025-10-31 20:58:23,,True,admin
2744,الترتيل,2025-10-31 20:58:23,,True,admin
2744,الرياضة,2025-10-31 20:58:23,,True,admin
2744,الرسم,2025-10-31 20:58:23,,True,admin
2744,القراءة,2025-10-31 20:58:23,,True,admin
2744,مهارات إداريّة,2025-10-31 20:58:23,,True,admin
2744,مهارات العمل الجماعي,2025-10-31 20:58:23,,True,admin
2744,مهارات التخطيط,2025-10-31 20:58:23,,True,admin
2744,التنظيم لأعمال تطوعيّة,2025-10-31 20:58:23,,True,admin
2744,أشغال يدويّة,2025-10-31 20:58:23,,True,admin
2744,الدبكة والرقصات الفولكلوريّة,2025-10-31 20:58:23,,True,admin
2744,تأدية حركات التراتيل,2025-10-31 20:58:23,,True,admin
2745,العزف,2025-10-31 21:14:49,,True,admin
2745,الرياضة,2025-10-31 21:14:49,,True,admin
2745,ركوب الخيل,2025-10-31 21:14:49,,True,admin
2746,الرسم,2025-10-31 21:21:07,,True,admin
2746,أشغال يدويّة,2025-10-31 21:21:07,,True,admin
2747,الرياضة,2025-10-31 21:22:40,,True,admin
2748,عمل الحلويات,2025-10-31 21:25:44,,True,admin
2749,الترتيل,2025-10-31 21:26:26,,True,admin
2749,الدبكة والرقصات الفولكلوريّة,2025-10-31 21:26:26,,True,admin
2750,الترتيل,2025-10-31 23:56:06,,True,admin
2750,الرسم,2025-10-31 23:56:06,,True,admin
2750,الغناء,2025-10-31 23:56:06,,True,admin
2751,الترتيل,2025-10-31 23:58:22,,True,admin
2751,الرياضة,2025-10-31 23:58:22,,True,admin
2752,تأدية حركات التراتيل,2025-11-01 00:06:32,,True,admin
2752,الرسم,2025-11-01 00:06:32,,True,admin
2752,أشغال يدويّة,2025-11-01 00:06:32,,True,admin
2754,الرياضة,2025-11-01 00:09:59,,True,admin
2756,الرياضة,2025-11-01 12:53:22,,True,admin
2757,الرياضة,2025-11-01 12:54:57,,True,admin
2758,تأدية حركات التراتيل,2025-11-01 12:56:39,,True,admin
2758,الغناء,2025-11-01 12:56:39,,True,admin
2759,الترتيل,2025-11-01 12:57:35,,True,admin
2759,الرياضة,2025-11-01 12:57:35,,True,admin
2759,تأدية حركات التراتيل,2025-11-01 12:57:35,,True,admin
2759,القراءة,2025-11-01 12:57:35,,True,admin
2760,الرياضة,2025-11-01 13:04:27,,True,admin
2761,الرياضة,2025-11-01 13:04:58,,True,admin
2762,الرياضة,2025-11-01 13:07:30,,True,admin
2763,الرياضة,2025-11-01 13:09:55,,True,admin
2763,أشغال يدويّة,2025-11-01 13:09:55,,True,admin
2763,الدبكة والرقصات الفولكلوريّة,2025-11-01 13:09:55,,True,admin
2764,الرياضة,2025-11-01 13:10:42,,True,admin
2765,الرياضة,2025-11-01 13:10:43,,True,admin
2767,الغناء,2025-11-01 13:38:15,,True,admin
2767,الترتيل,2025-11-01 13:38:15,,True,admin
2767,كتابة نصوص,2025-11-01 13:38:15,,True,admin
2768,العزف,2025-11-01 13:42:24,,True,admin
2768,الرياضة,2025-11-01 13:42:24,,True,admin
2768,الرسم,2025-11-01 13:42:24,,True,admin
2768,أشغال يدويّة,2025-11-01 13:42:24,,True,admin
2769,الرياضة,2025-11-01 13:45:21,,True,admin
2770,الرياضة,2025-11-01 13:47:48,,True,admin
2772,الترتيل,2025-11-01 13:54:51,,True,admin
2772,الغناء,2025-11-01 13:54:51,,True,admin
2773,الرياضة,2025-11-01 14:14:31,,True,admin
2774,الرياضة,2025-11-01 14:14:33,,True,admin
2774,القراءة,2025-11-01 14:14:33,,True,admin
2775,الرياضة,2025-11-01 14:16:46,,True,admin
2777,الترتيل,2025-11-01 14:22:07,,True,admin
2777,الرياضة,2025-11-01 14:22:07,,True,admin
2777,الرسم,2025-11-01 14:22:07,,True,admin
2777,القراءة,2025-11-01 14:22:07,,True,admin
2779,الرسم,2025-11-01 14:23:33,,True,admin
2780,الرياضة,2025-11-01 14:26:49,,True,admin
2781,الرياضة,2025-11-01 14:30:32,,True,admin
2782,الترتيل,2025-11-01 14:32:39,,True,admin
2782,الغناء,2025-11-01 14:32:39,,True,admin
2784,الرياضة,2025-11-01 14:37:23,,True,admin
2784,القراءة,2025-11-01 14:37:23,,True,admin
2785,القراءة,2025-11-01 14:38:41,,True,admin
2786,العزف,2025-11-01 14:39:55,,True,admin
2786,الرياضة,2025-11-01 14:39:55,,True,admin
2787,الرياضة,2025-11-01 14:44:21,,True,admin
2787,أشغال يدويّة,2025-11-01 14:44:21,,True,admin
2787,الدبكة والرقصات الفولكلوريّة,2025-11-01 14:44:21,,True,admin
2788,الرياضة,2025-11-01 14:55:13,,True,admin
2788,الرسم,2025-11-01 14:55:13,,True,admin
2788,القراءة,2025-11-01 14:55:13,,True,admin
2789,الرياضة,2025-11-01 14:56:14,,True,admin
2790,الرياضة,2025-11-01 15:16:15,,True,admin
2792,الرسم,2025-11-01 15:30:17,,True,admin
2793,الرياضة,2025-11-01 15:31:36,,True,admin
2793,السباحة,2025-11-01 15:31:36,,True,admin
2794,العزف,2025-11-01 15:36:24,,True,admin
2795,العزف,2025-11-01 15:36:39,,True,admin
2795,الترتيل,2025-11-01 15:36:39,,True,admin
2795,الغناء,2025-11-01 15:36:39,,True,admin
2796,الرياضة,2025-11-01 15:39:14,,True,admin
2797,تأدية حركات التراتيل,2025-11-01 15:40:51,,True,admin
2798,التمثيل,2025-11-01 15:42:04,,True,admin
2799,الرياضة,2025-11-01 15:44:04,,True,admin
2800,التمثيل,2025-11-01 15:44:27,,True,admin
2800,الرسم,2025-11-01 15:44:27,,True,admin
2800,أشغال يدويّة,2025-11-01 15:44:27,,True,admin
2800,الدبكة والرقصات الفولكلوريّة,2025-11-01 15:44:27,,True,admin
2800,الغناء,2025-11-01 15:44:27,,True,admin
2801,الرياضة,2025-11-01 15:45:23,,True,admin
2802,العزف,2025-11-01 15:46:54,,True,admin
2802,الرياضة,2025-11-01 15:46:54,,True,admin
2802,الرسم,2025-11-01 15:46:54,,True,admin
2802,الدبكة والرقصات الفولكلوريّة,2025-11-01 15:46:54,,True,admin
2803,العزف,2025-11-01 15:50:56,,True,admin
2803,الترتيل,2025-11-01 15:50:56,,True,admin
2803,تأدية حركات التراتيل,2025-11-01 15:50:56,,True,admin
2803,الرسم,2025-11-01 15:50:56,,True,admin
2803,الدبكة والرقصات الفولكلوريّة,2025-11-01 15:50:56,,True,admin
2804,الرياضة,2025-11-01 15:57:39,,True,admin
2804,الرسم,2025-11-01 15:57:39,,True,admin
2804,السباحة,2025-11-01 15:57:39,,True,admin
2805,الرسم,2025-11-01 16:01:30,,True,admin
2805,الغناء,2025-11-01 16:01:30,,True,admin
2806,الرياضة,2025-11-01 16:21:38,,True,admin
2807,العزف,2025-11-01 16:25:41,,True,admin
2807,الرسم,2025-11-01 16:25:41,,True,admin
2807,القراءة,2025-11-01 16:25:41,,True,admin
2808,تأدية حركات التراتيل,2025-11-01 17:19:07,,True,admin
2808,القراءة,2025-11-01 17:19:07,,True,admin
2808,الدبكة والرقصات الفولكلوريّة,2025-11-01 17:19:07,,True,admin
2809,الرياضة,2025-11-01 17:19:44,,True,admin
2809,التمثيل,2025-11-01 17:19:44,,True,admin
2810,الرياضة,2025-11-01 17:22:02,,True,admin
2811,التمثيل,2025-11-01 17:31:29,,True,admin
2811,القراءة,2025-11-01 17:31:29,,True,admin
2812,الترتيل,2025-11-01 17:44:14,,True,admin
2812,مهارات العمل الجماعي,2025-11-01 17:44:14,,True,admin
2812,مهارات التخطيط,2025-11-01 17:44:14,,True,admin
2812,التنظيم لأعمال تطوعيّة,2025-11-01 17:44:14,,True,admin
2812,الرياضة,2025-11-01 17:44:14,,True,admin
2813,الرياضة,2025-11-01 18:36:01,,True,admin
2813,أشغال يدويّة,2025-11-01 18:36:01,,True,admin
2814,الرياضة,2025-11-01 18:54:11,,True,admin
2814,أشغال يدويّة,2025-11-01 18:54:11,,True,admin
2815,الرياضة,2025-11-01 18:59:46,,True,admin
2817,العزف,2025-11-01 19:21:29,,True,admin
2818,العزف,2025-11-01 19:26:29,,True,admin
2819,الرياضة,2025-11-01 20:03:05,,True,admin
2820,العزف,2025-11-01 20:04:12,,True,admin
2821,الرياضة,2025-11-01 20:20:26,,True,admin
2822,أشغال يدويّة,2025-11-01 20:50:17,,True,admin
2823,الرياضة,2025-11-01 21:21:30,,True,admin
2824,العزف,2025-11-01 22:08:22,,True,admin
2825,الرياضة,2025-11-01 22:12:46,,True,admin
2826,الرياضة,2025-11-01 22:25:46,,True,admin
2827,الرياضة,2025-11-01 22:36:54,,True,admin
2828,الرياضة,2025-11-01 23:31:58,,True,admin
2829,القراءة,2025-11-01 23:34:04,,True,admin
2830,الترتيل,2025-11-02 02:32:53,,True,admin
2830,الرياضة,2025-11-02 02:32:53,,True,admin
2830,التمثيل,2025-11-02 02:32:53,,True,admin
2830,تأدية حركات التراتيل,2025-11-02 02:32:53,,True,admin
2830,الرسم,2025-11-02 02:32:53,,True,admin
2830,أشغال يدويّة,2025-11-02 02:32:53,,True,admin
2830,الدبكة والرقصات الفولكلوريّة,2025-11-02 02:32:53,,True,admin
2831,الرياضة,2025-11-02 07:36:54,,True,admin
2832,مهارات التواصل,2025-11-02 09:06:38,,True,admin
2832,مهارات العمل الجماعي,2025-11-02 09:06:38,,True,admin
2832,مهارات التخطيط,2025-11-02 09:06:38,,True,admin
2833,العزف,2025-11-02 09:59:02,,True,admin
2833,الرسم,2025-11-02 09:59:02,,True,admin
2834,الترتيل,2025-11-02 11:10:16,,True,admin
2834,التمثيل,2025-11-02 11:10:16,,True,admin
2836,مهارات العمل الجماعي,2025-11-02 15:31:58,,True,admin
2837,الترتيل,2025-11-02 15:32:31,,True,admin
2837,التمثيل,2025-11-02 15:32:31,,True,admin
2837,تصوير فيديو,2025-11-02 15:32:31,,True,admin
2838,العزف,2025-11-02 15:36:25,,True,admin
2838,الرسم,2025-11-02 15:36:25,,True,admin
2838,الدبكة والرقصات الفولكلوريّة,2025-11-02 15:36:25,,True,admin
2839,الرياضة,2025-11-02 15:45:41,,True,admin
2840,أشغال يدويّة,2025-11-02 15:47:15,,True,admin
2841,أشغال يدويّة,2025-11-02 15:47:19,,True,admin
2842,التصوير الفوتوغرافي,2025-11-02 15:49:59,,True,admin
2842,تصوير فيديو,2025-11-02 15:49:59,,True,admin
2842,التصميم الداخلي/ ديكور,2025-11-02 15:49:59,,True,admin
2842,الرسم,2025-11-02 15:49:59,,True,admin
2843,الرياضة,2025-11-02 15:57:35,,True,admin
2844,العزف,2025-11-02 16:07:15,,True,admin
2844,الرياضة,2025-11-02 16:07:15,,True,admin
2844,الرسم,2025-11-02 16:07:15,,True,admin
2844,الغناء,2025-11-02 16:07:15,,True,admin
2845,الرياضة,2025-11-02 18:02:40,,True,admin
2847,الرياضة,2025-11-02 22:51:00,,True,admin
2848,الدبكة والرقصات الفولكلوريّة,2025-11-02 22:59:14,,True,admin
2849,الرياضة,2025-11-02 23:06:10,,True,admin
2849,الرسم,2025-11-02 23:06:10,,True,admin
2849,أشغال يدويّة,2025-11-02 23:06:10,,True,admin
2849,الغناء,2025-11-02 23:06:10,,True,admin
2850,العزف,2025-11-02 23:28:35,,True,admin
2850,الرياضة,2025-11-02 23:28:35,,True,admin
2852,الرياضة,2025-11-03 11:44:49,,True,admin
2853,القراءة,2025-11-03 11:47:05,,True,admin
2853,أشغال يدويّة,2025-11-03 11:47:05,,True,admin
2854,الترتيل,2025-11-03 11:48:14,,True,admin
2854,الرياضة,2025-11-03 11:48:14,,True,admin
2855,الرياضة,2025-11-03 15:20:43,,True,admin
2856,الرياضة,2025-11-03 15:21:27,,True,admin
2857,الترتيل,2025-11-03 15:21:39,,True,admin
2857,الرياضة,2025-11-03 15:21:39,,True,admin
2857,أشغال يدويّة,2025-11-03 15:21:39,,True,admin
2857,الدبكة والرقصات الفولكلوريّة,2025-11-03 15:21:39,,True,admin
2858,الرسم,2025-11-03 15:29:03,,True,admin
2858,أشغال يدويّة,2025-11-03 15:29:03,,True,admin
2858,عمل مجسمات ثلاثية الابعاد,2025-11-03 15:29:03,,True,admin
2860,العزف,2025-11-03 15:34:19,,True,admin
2860,الدبكة والرقصات الفولكلوريّة,2025-11-03 15:34:19,,True,admin
2861,الرسم,2025-11-03 16:41:36,,True,admin
2862,التمثيل,2025-11-03 17:48:53,,True,admin
2862,الدبكة والرقصات الفولكلوريّة,2025-11-03 17:48:53,,True,admin
2863,الرياضة,2025-11-03 18:11:29,,True,admin
2863,التمثيل,2025-11-03 18:11:29,,True,admin
2864,الرياضة,2025-11-03 18:13:36,,True,admin
2864,التمثيل,2025-11-03 18:13:36,,True,admin
2864,الدبكة والرقصات الفولكلوريّة,2025-11-03 18:13:36,,True,admin
2865,الرياضة,2025-11-03 18:15:43,,True,admin
2865,التمثيل,2025-11-03 18:15:43,,True,admin
2865,الرسم,2025-11-03 18:15:43,,True,admin
2865,أشغال يدويّة,2025-11-03 18:15:43,,True,admin
2866,العزف,2025-11-03 19:02:59,,True,admin
2867,الغناء,2025-11-03 19:20:56,,True,admin
2867,القراءة,2025-11-03 19:20:56,,True,admin
2868,الرياضة,2025-11-03 19:55:34,,True,admin
2871,القراءة,2025-11-03 23:43:39,,True,admin
2872,الرياضة,2025-11-03 23:57:42,,True,admin
2872,الرسم,2025-11-03 23:57:42,,True,admin
2873,العزف,2025-11-03 23:59:22,,True,admin
2874,الترتيل,2025-11-04 00:17:50,,True,admin
2874,مهارات إداريّة,2025-11-04 00:17:50,,True,admin
2874,التنظيم لأعمال تطوعيّة,2025-11-04 00:17:50,,True,admin
2875,الغناء,2025-11-04 01:12:23,,True,admin
2876,الرسم,2025-11-04 03:52:51,,True,admin
2876,أشغال يدويّة,2025-11-04 03:52:51,,True,admin
2877,مهارات التواصل,2025-11-04 08:13:58,,True,admin
2877,مهارات العمل الجماعي,2025-11-04 08:13:58,,True,admin
2877,تحضير الألعاب,2025-11-04 08:13:58,,True,admin
2877,أشغال يدويّة,2025-11-04 08:13:58,,True,admin
2878,القراءة,2025-11-04 10:39:05,,True,admin
2878,مهارات التواصل,2025-11-04 10:39:05,,True,admin
2878,مهارات العمل الجماعي,2025-11-04 10:39:05,,True,admin
2879,الغناء,2025-11-04 10:45:12,,True,admin
2879,الترتيل,2025-11-04 10:45:12,,True,admin
2879,الرياضة,2025-11-04 10:45:12,,True,admin
2879,التمثيل,2025-11-04 10:45:12,,True,admin
2879,التنظيم لأعمال تطوعيّة,2025-11-04 10:45:12,,True,admin
2879,الدبكة والرقصات الفولكلوريّة,2025-11-04 10:45:12,,True,admin
2880,العزف,2025-11-04 10:48:33,,True,admin
2880,الغناء,2025-11-04 10:48:33,,True,admin
2880,الترتيل,2025-11-04 10:48:33,,True,admin
2880,الرياضة,2025-11-04 10:48:33,,True,admin
2880,التمثيل,2025-11-04 10:48:33,,True,admin
2880,تصوير فيديو,2025-11-04 10:48:33,,True,admin
2880,مونتاج فيديو,2025-11-04 10:48:33,,True,admin
2880,تأدية حركات التراتيل,2025-11-04 10:48:33,,True,admin
2881,تحضير الألعاب,2025-11-04 10:49:25,,True,admin
2881,أشغال يدويّة,2025-11-04 10:49:25,,True,admin
2881,الدبكة والرقصات الفولكلوريّة,2025-11-04 10:49:25,,True,admin
2882,العزف,2025-11-04 12:44:13,,True,admin
2883,التمثيل,2025-11-04 12:48:22,,True,admin
2883,الإخراج (السينمائي/ المسرحي),2025-11-04 12:48:22,,True,admin
2883,الرسم,2025-11-04 12:48:22,,True,admin
2884,الرياضة,2025-11-04 12:53:27,,True,admin
2884,التصميم الجرافيكي,2025-11-04 12:53:27,,True,admin
2884,التصميم الداخلي/ ديكور,2025-11-04 12:53:27,,True,admin
2884,مهارات التواصل,2025-11-04 12:53:27,,True,admin
2884,مهارات العمل الجماعي,2025-11-04 12:53:27,,True,admin
2884,مهارات التخطيط,2025-11-04 12:53:27,,True,admin
2884,تحضير الألعاب,2025-11-04 12:53:27,,True,admin
2885,الرياضة,2025-11-04 13:26:56,,True,admin
2885,التمثيل,2025-11-04 13:26:56,,True,admin
2885,التنظيم لأعمال تطوعيّة,2025-11-04 13:26:56,,True,admin
2886,العزف,2025-11-04 13:36:14,,True,admin
2886,مهارات إداريّة,2025-11-04 13:36:14,,True,admin
2887,مهارات التواصل,2025-11-04 14:12:03,,True,admin
2887,مهارات التخطيط,2025-11-04 14:12:03,,True,admin
2887,أشغال يدويّة,2025-11-04 14:12:03,,True,admin
2887,الدبكة والرقصات الفولكلوريّة,2025-11-04 14:12:03,,True,admin
2888,القراءة,2025-11-04 18:53:40,,True,admin
2888,أشغال يدويّة,2025-11-04 18:53:40,,True,admin
2889,العزف,2025-11-04 19:16:47,,True,admin
2890,الرياضة,2025-11-04 21:01:49,,True,admin
2891,العزف,2025-11-04 21:32:50,,True,admin
2891,الرياضة,2025-11-04 21:32:50,,True,admin
2892,الرياضة,2025-11-04 22:46:01,,True,admin
2892,كرة القدم,2025-11-04 22:46:01,,True,admin
2893,مهارات التواصل,2025-11-05 07:25:13,,True,admin
2893,مهارات التخطيط,2025-11-05 07:25:13,,True,admin
2894,أشغال يدويّة,2025-11-05 07:27:01,,True,admin
2895,الرياضة,2025-11-05 07:31:11,,True,admin
2896,مهارات إداريّة,2025-11-05 07:32:51,,True,admin
2897,الترتيل,2025-11-05 07:36:03,,True,admin
2898,تأدية حركات التراتيل,2025-11-05 07:38:50,,True,admin
2899,أشغال يدويّة,2025-11-05 07:40:38,,True,admin
2900,كرة القدم,2025-11-05 07:42:21,,True,admin
2901,الرياضة,2025-11-05 07:44:46,,True,admin
2902,الرسم,2025-11-05 07:46:10,,True,admin
2903,القراءة,2025-11-05 07:49:01,,True,admin
2904,الرياضة,2025-11-05 07:50:22,,True,admin
2905,الرياضة,2025-11-05 07:51:40,,True,admin
2906,الرياضة,2025-11-05 07:56:59,,True,admin
2907,الرياضة,2025-11-05 07:57:55,,True,admin
2908,أشغال يدويّة,2025-11-05 07:59:10,,True,admin
2909,الرياضة,2025-11-05 08:00:35,,True,admin
2910,الدبكة والرقصات الفولكلوريّة,2025-11-05 10:53:05,,True,admin
2911,باليه,2025-11-05 10:58:40,,True,admin
2913,الرياضة,2025-11-05 13:11:33,,True,admin
2914,الرياضة,2025-11-05 13:44:21,,True,admin
2914,أشغال يدويّة,2025-11-05 13:44:21,,True,admin
2915,الرياضة,2025-11-05 13:59:04,,True,admin
2915,الرسم,2025-11-05 13:59:04,,True,admin
2915,القراءة,2025-11-05 13:59:04,,True,admin
2916,الترتيل,2025-11-05 14:00:41,,True,admin
2916,التمثيل,2025-11-05 14:00:41,,True,admin
2916,الرسم,2025-11-05 14:00:41,,True,admin
2916,القراءة,2025-11-05 14:00:41,,True,admin
2916,أشغال يدويّة,2025-11-05 14:00:41,,True,admin
2917,الترتيل,2025-11-05 14:02:40,,True,admin
2917,التمثيل,2025-11-05 14:02:40,,True,admin
2917,الرسم,2025-11-05 14:02:40,,True,admin
2917,القراءة,2025-11-05 14:02:40,,True,admin
2917,أشغال يدويّة,2025-11-05 14:02:40,,True,admin
2918,الرياضة,2025-11-05 15:13:06,,True,admin
2918,الدبكة والرقصات الفولكلوريّة,2025-11-05 15:13:06,,True,admin
2919,الغناء,2025-11-05 19:24:23,,True,admin
2920,العزف,2025-11-05 19:24:56,,True,admin
2920,الترتيل,2025-11-05 19:24:56,,True,admin
2920,الرياضة,2025-11-05 19:24:56,,True,admin
2920,التمثيل,2025-11-05 19:24:56,,True,admin
2920,الرسم,2025-11-05 19:24:56,,True,admin
2920,القراءة,2025-11-05 19:24:56,,True,admin
2920,أشغال يدويّة,2025-11-05 19:24:56,,True,admin
2920,الغناء,2025-11-05 19:24:56,,True,admin
2921,الرياضة,2025-11-05 20:28:11,,True,admin
2921,التمثيل,2025-11-05 20:28:11,,True,admin
2921,أشغال يدويّة,2025-11-05 20:28:11,,True,admin
2922,الرياضة,2025-11-05 21:21:05,,True,admin
2922,مهارات التواصل,2025-11-05 21:21:05,,True,admin
2922,مهارات إداريّة,2025-11-05 21:21:05,,True,admin
2922,مهارات التخطيط,2025-11-05 21:21:05,,True,admin
2923,الرسم,2025-11-06 08:16:31,,True,admin
2923,القراءة,2025-11-06 08:16:31,,True,admin
2924,مهارات إداريّة,2025-11-06 20:13:22,,True,admin
2924,مهارات التخطيط,2025-11-06 20:13:22,,True,admin
2925,العزف,2025-11-06 20:15:02,,True,admin
2925,الرياضة,2025-11-06 20:15:02,,True,admin
2926,كرة القدم,2025-11-06 20:19:41,,True,admin
2927,الرياضة,2025-11-06 20:29:08,,True,admin
2928,الرياضة,2025-11-06 20:42:16,,True,admin
2929,العزف,2025-11-06 21:08:17,,True,admin
2929,الرياضة,2025-11-06 21:08:17,,True,admin
2929,القراءة,2025-11-06 21:08:17,,True,admin
2930,الرياضة,2025-11-06 22:34:57,,True,admin
2930,القراءة,2025-11-06 22:34:57,,True,admin
2931,الرياضة,2025-11-07 14:15:50,,True,admin
2931,تأدية حركات التراتيل,2025-11-07 14:15:50,,True,admin
2932,الرياضة,2025-11-07 14:26:50,,True,admin
2933,الرياضة,2025-11-07 14:28:07,,True,admin
2934,العزف,2025-11-07 15:37:58,,True,admin
2934,الرياضة,2025-11-07 15:37:58,,True,admin
2935,الرياضة,2025-11-07 16:29:29,,True,admin
2935,تأدية حركات التراتيل,2025-11-07 16:29:29,,True,admin
2936,الترتيل,2025-11-07 16:31:32,,True,admin
2936,الرياضة,2025-11-07 16:31:32,,True,admin
2937,الرياضة,2025-11-07 19:30:19,,True,admin
2939,الرياضة,2025-11-07 23:26:35,,True,admin
2940,التصوير الفوتوغرافي,2025-11-07 23:40:26,,True,admin
2940,الإخراج (السينمائي/ المسرحي),2025-11-07 23:40:26,,True,admin
2940,تصوير فيديو,2025-11-07 23:40:26,,True,admin
2940,أجهزة الصوت (صوتيّات ومِكسرات),2025-11-07 23:40:26,,True,admin
2941,الرياضة,2025-11-08 10:52:17,,True,admin
2942,الرياضة,2025-11-08 11:56:50,,True,admin
2942,القراءة,2025-11-08 11:56:50,,True,admin
2942,السباحة,2025-11-08 11:56:50,,True,admin
2943,الترتيل,2025-11-08 13:49:07,,True,admin
2943,الرياضة,2025-11-08 13:49:07,,True,admin
2943,الرسم,2025-11-08 13:49:07,,True,admin
2944,السباحة,2025-11-08 17:28:43,,True,admin
2945,الترتيل,2025-11-08 17:41:23,,True,admin
2945,الرياضة,2025-11-08 17:41:23,,True,admin
2945,تصوير فيديو,2025-11-08 17:41:23,,True,admin
2945,مهارات إداريّة,2025-11-08 17:41:23,,True,admin
2945,التنظيم لأعمال تطوعيّة,2025-11-08 17:41:23,,True,admin
2945,تأدية حركات التراتيل,2025-11-08 17:41:23,,True,admin
2946,الرياضة,2025-11-08 20:22:41,,True,admin
2946,أشغال يدويّة,2025-11-08 20:22:41,,True,admin
2947,الرياضة,2025-11-08 20:25:06,,True,admin
2947,الرسم,2025-11-08 20:25:06,,True,admin
2948,العزف,2025-11-08 20:29:36,,True,admin
2948,الرياضة,2025-11-08 20:29:36,,True,admin
2948,الرسم,2025-11-08 20:29:36,,True,admin
2949,الرياضة,2025-11-08 20:32:35,,True,admin
2950,الترتيل,2025-11-08 22:12:28,,True,admin
2950,الرياضة,2025-11-08 22:12:28,,True,admin
2951,الترتيل,2025-11-08 22:17:09,,True,admin
2952,الترتيل,2025-11-08 22:18:55,,True,admin
2952,الرياضة,2025-11-08 22:18:55,,True,admin
2953,الترتيل,2025-11-08 22:21:19,,True,admin
2953,تأدية حركات التراتيل,2025-11-08 22:21:19,,True,admin
2954,الترتيل,2025-11-08 22:23:43,,True,admin
2954,تأدية حركات التراتيل,2025-11-08 22:23:43,,True,admin
2955,الرياضة,2025-11-08 22:25:56,,True,admin
2955,القراءة,2025-11-08 22:25:56,,True,admin
2956,الترتيل,2025-11-08 22:28:03,,True,admin
2956,الرسم,2025-11-08 22:28:03,,True,admin
2957,الترتيل,2025-11-08 22:32:43,,True,admin
2958,الترتيل,2025-11-08 22:34:43,,True,admin
2958,الرياضة,2025-11-08 22:34:43,,True,admin
2958,الرسم,2025-11-08 22:34:43,,True,admin
2959,الترتيل,2025-11-08 22:37:14,,True,admin
2960,الترتيل,2025-11-08 22:38:59,,True,admin
2960,الرياضة,2025-11-08 22:38:59,,True,admin
2961,الرسم,2025-11-09 15:19:41,,True,admin
2962,الرسم,2025-11-09 15:21:48,,True,admin
2963,الرسم,2025-11-09 15:23:17,,True,admin
2963,السباحة,2025-11-09 15:23:17,,True,admin
2964,أشغال يدويّة,2025-11-09 15:26:22,,True,admin
2965,القراءة,2025-11-09 15:27:57,,True,admin
2966,الرسم,2025-11-09 15:29:40,,True,admin
2967,الرسم,2025-11-09 15:31:05,,True,admin
2969,الرياضة,2025-11-09 18:08:18,,True,admin
2969,الغناء,2025-11-09 18:08:18,,True,admin
2969,السباحة,2025-11-09 18:08:18,,True,admin
2970,الرياضة,2025-11-09 18:10:53,,True,admin
2970,السباحة,2025-11-09 18:10:53,,True,admin
2971,الرياضة,2025-11-09 18:12:33,,True,admin
2972,العزف,2025-11-09 18:14:45,,True,admin
2973,الرياضة,2025-11-10 12:40:38,,True,admin
2973,أشغال يدويّة,2025-11-10 12:40:38,,True,admin
2974,الرسم,2025-11-10 12:42:39,,True,admin
2974,أشغال يدويّة,2025-11-10 12:42:39,,True,admin
2975,الرسم,2025-11-10 12:44:35,,True,admin
2975,أشغال يدويّة,2025-11-10 12:44:35,,True,admin
2978,الترتيل,2025-11-10 19:08:37,,True,admin
2978,الرياضة,2025-11-10 19:08:37,,True,admin
2979,الرياضة,2025-11-11 12:43:57,,True,admin
2979,تأدية حركات التراتيل,2025-11-11 12:43:57,,True,admin
2980,الرياضة,2025-11-11 12:45:29,,True,admin
2980,تأدية حركات التراتيل,2025-11-11 12:45:29,,True,admin
2981,العزف,2025-11-11 13:37:24,,True,admin
2981,الرياضة,2025-11-11 13:37:24,,True,admin
2981,التمثيل,2025-11-11 13:37:24,,True,admin
2982,العزف,2025-11-11 13:39:32,,True,admin
2982,الترتيل,2025-11-11 13:39:32,,True,admin
2983,الرسم,2025-11-11 13:42:41,,True,admin
2983,أشغال يدويّة,2025-11-11 13:42:41,,True,admin
2984,الرسم,2025-11-11 13:49:25,,True,admin
2984,القراءة,2025-11-11 13:49:25,,True,admin
2985,أشغال يدويّة,2025-11-11 14:18:59,,True,admin
2986,الرياضة,2025-11-11 15:09:21,,True,admin
2987,العزف,2025-11-11 16:54:22,,True,admin
2987,الرسم,2025-11-11 16:54:22,,True,admin
2987,أشغال يدويّة,2025-11-11 16:54:22,,True,admin
2988,العزف,2025-11-11 18:21:19,,True,admin
2988,الرياضة,2025-11-11 18:21:19,,True,admin
2988,تأدية حركات التراتيل,2025-11-11 18:21:19,,True,admin
2989,الرياضة,2025-11-13 07:06:23,,True,admin
2990,العزف,2025-11-13 13:58:35,,True,admin
2990,الرياضة,2025-11-13 13:58:35,,True,admin
2990,الدبكة والرقصات الفولكلوريّة,2025-11-13 13:58:35,,True,admin
2991,الرياضة,2025-11-13 19:12:49,,True,admin
2991,أشغال يدويّة,2025-11-13 19:12:49,,True,admin
2992,كرة السلّة,2025-11-13 19:25:10,,True,admin
2994,رسوم متحركة Animation,2025-11-13 22:42:51,,True,admin
2994,الرسم,2025-11-13 22:42:51,,True,admin
2994,تحضير الألعاب,2025-11-13 22:42:51,,True,admin
2995,الترتيل,2025-12-09 16:52:39,,True,admin
2995,الرياضة,2025-12-09 16:52:39,,True,admin
2995,الرسم,2025-12-09 16:52:39,,True,admin
2995,الدبكة والرقصات الفولكلوريّة,2025-12-09 16:52:39,,True,admin
2995,الغناء,2025-12-09 16:52:39,,True,admin
2996,الرياضة,2025-12-09 17:00:15,,True,admin
2996,الدبكة والرقصات الفولكلوريّة,2025-12-09 17:00:15,,True,admin
2996,الرسم,2025-12-09 17:00:15,,True,admin
2996,القراءة,2025-12-09 17:00:15,,True,admin
2996,أشغال يدويّة,2025-12-09 17:00:15,,True,admin
2997,الترتيل,2025-12-09 17:06:58,,True,admin
2997,الرياضة,2025-12-09 17:06:58,,True,admin
2997,الرسم,2025-12-09 17:06:58,,True,admin
2997,القراءة,2025-12-09 17:06:58,,True,admin
2998,الترتيل,2025-12-09 17:09:25,,True,admin
2998,الرياضة,2025-12-09 17:09:25,,True,admin
2998,التمثيل,2025-12-09 17:09:25,,True,admin
2999,الرياضة,2025-12-09 17:33:39,,True,admin
2999,تأدية حركات التراتيل,2025-12-09 17:33:39,,True,admin
2999,الرسم,2025-12-09 17:33:39,,True,admin
2999,الغناء,2025-12-09 17:33:39,,True,admin
3000,الرياضة,2025-12-09 17:45:26,,True,admin
3000,تأدية حركات التراتيل,2025-12-09 17:45:26,,True,admin
3000,أشغال يدويّة,2025-12-09 17:45:26,,True,admin
3000,الدبكة والرقصات الفولكلوريّة,2025-12-09 17:45:26,,True,admin
3001,الرياضة,2025-12-09 17:50:51,,True,admin
3001,تأدية حركات التراتيل,2025-12-09 17:50:51,,True,admin
3001,الرسم,2025-12-09 17:50:51,,True,admin
3001,أشغال يدويّة,2025-12-09 17:50:51,,True,admin
3003,الرياضة,2025-12-09 18:08:01,,True,admin
3003,التمثيل,2025-12-09 18:08:01,,True,admin
3003,الرسم,2025-12-09 18:08:01,,True,admin
3003,القراءة,2025-12-09 18:08:01,,True,admin
3003,الدبكة والرقصات الفولكلوريّة,2025-12-09 18:08:01,,True,admin
3003,الغناء,2025-12-09 18:08:01,,True,admin
3004,الترتيل,2025-12-09 20:51:52,,True,admin
3004,الرياضة,2025-12-09 20:51:52,,True,admin
3004,تأدية حركات التراتيل,2025-12-09 20:51:52,,True,admin
3005,الترتيل,2025-12-09 20:56:37,,True,admin
3005,الرياضة,2025-12-09 20:56:37,,True,admin
3005,التمثيل,2025-12-09 20:56:37,,True,admin
3005,تأدية حركات التراتيل,2025-12-09 20:56:37,,True,admin
3005,الرسم,2025-12-09 20:56:37,,True,admin
3005,القراءة,2025-12-09 20:56:37,,True,admin
3005,الغناء,2025-12-09 20:56:37,,True,admin
3006,الرياضة,2025-12-10 15:43:56,,True,admin
3006,التمثيل,2025-12-10 15:43:56,,True,admin
3006,الدبكة والرقصات الفولكلوريّة,2025-12-10 15:43:56,,True,admin
3007,الرياضة,2026-01-23 12:08:47,,True,admin
3008,الرياضة,2026-01-23 12:21:47,,True,admin
3008,التصوير الفوتوغرافي,2026-01-23 12:21:47,,True,admin
3008,التمثيل,2026-01-23 12:21:47,,True,admin
3008,مهارات التواصل,2026-01-23 12:21:47,,True,admin
3008,مهارات إداريّة,2026-01-23 12:21:47,,True,admin
3008,مهارات العمل الجماعي,2026-01-23 12:21:47,,True,admin
3008,مهارات التخطيط,2026-01-23 12:21:47,,True,admin
3008,التنظيم لأعمال تطوعيّة,2026-01-23 12:21:47,,True,admin
3009,تصوير فيديو,2026-01-23 12:38:16,,True,admin
3010,الرياضة,2026-01-23 14:52:14,,True,admin
3010,مهارات إداريّة,2026-01-23 14:52:14,,True,admin
3010,مهارات التخطيط,2026-01-23 14:52:14,,True,admin
3012,الرياضة,2026-01-23 15:00:55,,True,admin
3013,الترتيل,2026-01-23 15:12:44,,True,admin
3013,الرياضة,2026-01-23 15:12:44,,True,admin
3014,العزف,2026-01-23 15:17:51,,True,admin
3014,الرياضة,2026-01-23 15:17:51,,True,admin
3014,تحضير الألعاب,2026-01-23 15:17:51,,True,admin
3015,الرسم,2026-01-23 16:47:13,,True,admin
3016,الرسم,2026-01-23 19:49:32,,True,admin
3017,الرسم,2026-01-23 19:50:03,,True,admin
3018,الغناء,2026-01-23 20:05:22,,True,admin
3018,الترتيل,2026-01-23 20:05:22,,True,admin
3018,التمثيل,2026-01-23 20:05:22,,True,admin
3018,تأدية حركات التراتيل,2026-01-23 20:05:22,,True,admin
3019,الترتيل,2026-01-23 20:07:40,,True,admin
3019,الرياضة,2026-01-23 20:07:40,,True,admin
3019,التمثيل,2026-01-23 20:07:40,,True,admin
3019,تأدية حركات التراتيل,2026-01-23 20:07:40,,True,admin
3019,الرسم,2026-01-23 20:07:40,,True,admin
3019,الغناء,2026-01-23 20:07:40,,True,admin
3020,الترتيل,2026-01-23 20:09:28,,True,admin
3020,تأدية حركات التراتيل,2026-01-23 20:09:28,,True,admin
3020,القراءة,2026-01-23 20:09:28,,True,admin
3020,أشغال يدويّة,2026-01-23 20:09:28,,True,admin
3020,الدبكة والرقصات الفولكلوريّة,2026-01-23 20:09:28,,True,admin
3021,العزف,2026-01-23 20:11:40,,True,admin
3021,الترتيل,2026-01-23 20:11:40,,True,admin
3021,الرياضة,2026-01-23 20:11:40,,True,admin
3021,تأدية حركات التراتيل,2026-01-23 20:11:40,,True,admin
3021,الغناء,2026-01-23 20:11:40,,True,admin
3022,العزف,2026-01-23 20:47:52,,True,admin
3022,الرسم,2026-01-23 20:47:52,,True,admin
3022,أشغال يدويّة,2026-01-23 20:47:52,,True,admin
3023,تصوير فيديو,2026-01-23 20:57:49,,True,admin
3023,مونتاج فيديو,2026-01-23 20:57:49,,True,admin
3023,مهارات التواصل,2026-01-23 20:57:49,,True,admin
3023,مهارات إداريّة,2026-01-23 20:57:49,,True,admin
3023,مهارات العمل الجماعي,2026-01-23 20:57:49,,True,admin
3024,الرسم,2026-01-23 20:57:51,,True,admin
3025,التمثيل,2026-01-24 05:39:15,,True,admin
3025,الإخراج (السينمائي/ المسرحي),2026-01-24 05:39:15,,True,admin
3025,مهارات التواصل,2026-01-24 05:39:15,,True,admin
3025,مهارات إداريّة,2026-01-24 05:39:15,,True,admin
3025,مهارات العمل الجماعي,2026-01-24 05:39:15,,True,admin
3025,مهارات التخطيط,2026-01-24 05:39:15,,True,admin
3026,الترتيل,2026-01-24 16:17:17,,True,admin
3026,الرياضة,2026-01-24 16:17:17,,True,admin
3026,مونتاج فيديو,2026-01-24 16:17:17,,True,admin
3026,القراءة,2026-01-24 16:17:17,,True,admin
3026,مهارات التواصل,2026-01-24 16:17:17,,True,admin
3026,مهارات العمل الجماعي,2026-01-24 16:17:17,,True,admin
3026,مهارات التخطيط,2026-01-24 16:17:17,,True,admin
3026,التنظيم لأعمال تطوعيّة,2026-01-24 16:17:17,,True,admin
3026,أجهزة الصوت (صوتيّات ومِكسرات),2026-01-24 16:17:17,,True,admin
3027,الترتيل,2026-01-24 16:26:57,,True,admin
3027,الرياضة,2026-01-24 16:26:57,,True,admin
3027,الرسم,2026-01-24 16:26:57,,True,admin
3027,القراءة,2026-01-24 16:26:57,,True,admin
3027,أشغال يدويّة,2026-01-24 16:26:57,,True,admin
3028,الرياضة,2026-01-24 16:29:53,,True,admin
3028,التصميم الداخلي/ ديكور,2026-01-24 16:29:53,,True,admin
3028,مهارات التخطيط,2026-01-24 16:29:53,,True,admin
3028,تحضير الألعاب,2026-01-24 16:29:53,,True,admin
3028,التنظيم لأعمال تطوعيّة,2026-01-24 16:29:53,,True,admin
3028,أشغال يدويّة,2026-01-24 16:29:53,,True,admin
3029,الترتيل,2026-01-24 16:29:56,,True,admin
3029,القراءة,2026-01-24 16:29:56,,True,admin
3030,الرياضة,2026-01-24 17:04:22,,True,admin
3030,الرسم,2026-01-24 17:04:22,,True,admin
3030,مهارات التواصل,2026-01-24 17:04:22,,True,admin
3030,تحضير الألعاب,2026-01-24 17:04:22,,True,admin
3030,أشغال يدويّة,2026-01-24 17:04:22,,True,admin
3031,الرسم,2026-01-24 17:09:23,,True,admin
3033,أشغال يدويّة,2026-01-24 18:00:12,,True,admin
3034,السباحة,2026-01-24 18:10:14,,True,admin
3036,الغناء,2026-01-24 19:22:00,,True,admin
3036,الترتيل,2026-01-24 19:22:00,,True,admin
3036,مهارات التواصل,2026-01-24 19:22:00,,True,admin
3036,أشغال يدويّة,2026-01-24 19:22:00,,True,admin
3037,أشغال يدويّة,2026-01-24 19:54:01,,True,admin
3038,العزف,2026-01-24 20:00:53,,True,admin
3038,مهارات العمل الجماعي,2026-01-24 20:00:53,,True,admin
3038,الدبكة والرقصات الفولكلوريّة,2026-01-24 20:00:53,,True,admin
3039,مهارات التواصل,2026-01-24 20:30:17,,True,admin
3040,مهارات إداريّة,2026-01-24 21:33:30,,True,admin
3041,الرياضة,2026-01-24 21:46:57,,True,admin
3041,التمثيل,2026-01-24 21:46:57,,True,admin
3041,تصوير فيديو,2026-01-24 21:46:57,,True,admin
3041,مونتاج فيديو,2026-01-24 21:46:57,,True,admin
3041,الرسم,2026-01-24 21:46:57,,True,admin
3041,تحضير الألعاب,2026-01-24 21:46:57,,True,admin
3042,القراءة,2026-01-24 22:05:52,,True,admin
3043,أشغال يدويّة,2026-01-24 22:36:22,,True,admin
3044,الرياضة,2026-01-24 23:16:10,,True,admin
3044,التصميم الجرافيكي,2026-01-24 23:16:10,,True,admin
3044,التمثيل,2026-01-24 23:16:10,,True,admin
3044,كتابة نصوص,2026-01-24 23:16:10,,True,admin
3044,مهارات إداريّة,2026-01-24 23:16:10,,True,admin
3044,تحضير الألعاب,2026-01-24 23:16:10,,True,admin
3044,التنظيم لأعمال تطوعيّة,2026-01-24 23:16:10,,True,admin
3044,أشغال يدويّة,2026-01-24 23:16:10,,True,admin
3044,الدبكة والرقصات الفولكلوريّة,2026-01-24 23:16:10,,True,admin
3044,تغذية الأفكار التجاريّة وتطبيقها,2026-01-24 23:16:10,,True,admin
3044,التصوير الفوتوغرافي,2026-01-24 23:16:10,,True,admin
3044,التصميم والطباعة,2026-01-24 23:16:10,,True,admin
3045,الرياضة,2026-01-25 10:34:04,,True,admin
3046,الرياضة,2026-01-25 10:51:02,,True,admin
3047,الترتيل,2026-01-25 11:40:53,,True,admin
3047,التمثيل,2026-01-25 11:40:53,,True,admin
3047,كتابة نصوص,2026-01-25 11:40:53,,True,admin
3047,مهارات التواصل,2026-01-25 11:40:53,,True,admin
3047,مهارات العمل الجماعي,2026-01-25 11:40:53,,True,admin
3048,مهارات إداريّة,2026-01-25 11:47:17,,True,admin
3049,تصوير فيديو,2026-01-25 11:49:16,,True,admin
3049,مونتاج فيديو,2026-01-25 11:49:16,,True,admin
3049,القراءة,2026-01-25 11:49:16,,True,admin
3049,مهارات التخطيط,2026-01-25 11:49:16,,True,admin
3049,تحضير الألعاب,2026-01-25 11:49:16,,True,admin
3049,التنظيم لأعمال تطوعيّة,2026-01-25 11:49:16,,True,admin
3050,العزف,2026-01-25 13:44:59,,True,admin
3051,الرياضة,2026-01-25 13:54:04,,True,admin
3051,تصوير فيديو,2026-01-25 13:54:04,,True,admin
3051,مونتاج فيديو,2026-01-25 13:54:04,,True,admin
3051,مهارات إداريّة,2026-01-25 13:54:04,,True,admin
3051,التنظيم لأعمال تطوعيّة,2026-01-25 13:54:04,,True,admin
3052,الرياضة,2026-01-25 13:59:29,,True,admin
3053,الرياضة,2026-01-25 14:16:28,,True,admin
3053,تصوير فيديو,2026-01-25 14:16:28,,True,admin
3053,الرسم,2026-01-25 14:16:28,,True,admin
3053,مهارات التواصل,2026-01-25 14:16:28,,True,admin
3053,مهارات العمل الجماعي,2026-01-25 14:16:28,,True,admin
3053,تحضير الألعاب,2026-01-25 14:16:28,,True,admin
3053,التنظيم لأعمال تطوعيّة,2026-01-25 14:16:28,,True,admin
3053,الدبكة والرقصات الفولكلوريّة,2026-01-25 14:16:28,,True,admin
3053,تأدية حركات التراتيل,2026-01-25 14:16:28,,True,admin
3054,الرياضة,2026-01-25 14:20:21,,True,admin
3055,العزف,2026-01-25 14:26:11,,True,admin
3055,الغناء,2026-01-25 14:26:11,,True,admin
3055,الترتيل,2026-01-25 14:26:11,,True,admin
3055,التمثيل,2026-01-25 14:26:11,,True,admin
3055,الإخراج (السينمائي/ المسرحي),2026-01-25 14:26:11,,True,admin
3055,كتابة نصوص,2026-01-25 14:26:11,,True,admin
3056,الترتيل,2026-01-25 14:26:36,,True,admin
3056,القراءة,2026-01-25 14:26:36,,True,admin
3056,مهارات العمل الجماعي,2026-01-25 14:26:36,,True,admin
3059,مهارات التواصل,2026-01-25 15:19:18,,True,admin
3059,مهارات العمل الجماعي,2026-01-25 15:19:18,,True,admin
3060,العزف,2026-01-25 15:20:17,,True,admin
3060,مهارات إداريّة,2026-01-25 15:20:17,,True,admin
3060,مهارات العمل الجماعي,2026-01-25 15:20:17,,True,admin
3060,التنظيم لأعمال تطوعيّة,2026-01-25 15:20:17,,True,admin
3061,الترتيل,2026-01-25 15:47:05,,True,admin
3061,التصوير الفوتوغرافي,2026-01-25 15:47:05,,True,admin
3061,التصميم الجرافيكي,2026-01-25 15:47:05,,True,admin
3061,تصوير فيديو,2026-01-25 15:47:05,,True,admin
3061,التصميم الداخلي/ ديكور,2026-01-25 15:47:05,,True,admin
3061,مونتاج فيديو,2026-01-25 15:47:05,,True,admin
3061,الرسم,2026-01-25 15:47:05,,True,admin
3061,تحضير الألعاب,2026-01-25 15:47:05,,True,admin
3061,التنظيم لأعمال تطوعيّة,2026-01-25 15:47:05,,True,admin
3062,الرياضة,2026-01-25 16:21:37,,True,admin
3063,مهارات التواصل,2026-01-25 17:12:32,,True,admin
3064,مهارات إداريّة,2026-01-25 18:20:15,,True,admin
3065,الترتيل,2026-01-25 18:40:43,,True,admin
3065,القراءة,2026-01-25 18:40:43,,True,admin
3065,التدريس وتقديم دورات محادثة بمختلف المستويات,2026-01-25 18:40:43,,True,admin
3066,الترتيل,2026-01-25 19:57:46,,True,admin
3066,الرياضة,2026-01-25 19:57:46,,True,admin
3066,كتابة نصوص,2026-01-25 19:57:46,,True,admin
3066,القراءة,2026-01-25 19:57:46,,True,admin
3066,مهارات التخطيط,2026-01-25 19:57:46,,True,admin
3067,العزف,2026-01-25 22:47:05,,True,admin
3067,الغناء,2026-01-25 22:47:05,,True,admin
3067,الترتيل,2026-01-25 22:47:05,,True,admin
3067,الرياضة,2026-01-25 22:47:05,,True,admin
3067,التصوير الفوتوغرافي,2026-01-25 22:47:05,,True,admin
3067,تصوير فيديو,2026-01-25 22:47:05,,True,admin
3067,القراءة,2026-01-25 22:47:05,,True,admin
3067,مهارات التواصل,2026-01-25 22:47:05,,True,admin
3067,مهارات إداريّة,2026-01-25 22:47:05,,True,admin
3067,مهارات العمل الجماعي,2026-01-25 22:47:05,,True,admin
3067,مهارات التخطيط,2026-01-25 22:47:05,,True,admin
3067,التنظيم لأعمال تطوعيّة,2026-01-25 22:47:05,,True,admin
3068,أشغال يدويّة,2026-01-25 22:51:28,,True,admin
3069,التصوير الفوتوغرافي,2026-01-25 22:59:13,,True,admin
3069,التصميم الجرافيكي,2026-01-25 22:59:13,,True,admin
3069,تصوير فيديو,2026-01-25 22:59:13,,True,admin
3069,التصميم الداخلي/ ديكور,2026-01-25 22:59:13,,True,admin
3069,الرسم,2026-01-25 22:59:13,,True,admin
3069,مهارات التواصل,2026-01-25 22:59:13,,True,admin
3069,مهارات إداريّة,2026-01-25 22:59:13,,True,admin
3070,التصوير الفوتوغرافي,2026-01-26 13:57:47,,True,admin
3070,الدبكة والرقصات الفولكلوريّة,2026-01-26 13:57:47,,True,admin
3071,الإخراج (السينمائي/ المسرحي),2026-01-26 14:16:17,,True,admin
3071,التصميم الداخلي/ ديكور,2026-01-26 14:16:17,,True,admin
3071,مهارات إداريّة,2026-01-26 14:16:17,,True,admin
3071,أشغال يدويّة,2026-01-26 14:16:17,,True,admin
3072,التصوير الفوتوغرافي,2026-01-26 14:26:47,,True,admin
3072,تصوير فيديو,2026-01-26 14:26:47,,True,admin
3072,مونتاج فيديو,2026-01-26 14:26:47,,True,admin
3072,القراءة,2026-01-26 14:26:47,,True,admin
3073,الرياضة,2026-01-26 14:47:06,,True,admin
3074,مهارات التواصل,2026-01-26 15:58:12,,True,admin
3074,مهارات إداريّة,2026-01-26 15:58:12,,True,admin
3074,مهارات العمل الجماعي,2026-01-26 15:58:12,,True,admin
3074,مهارات التخطيط,2026-01-26 15:58:12,,True,admin
3075,التصميم الداخلي/ ديكور,2026-01-26 16:18:16,,True,admin
3076,القراءة,2026-01-26 16:26:28,,True,admin
3076,مهارات إداريّة,2026-01-26 16:26:28,,True,admin
3076,مهارات العمل الجماعي,2026-01-26 16:26:28,,True,admin
3076,مهارات التخطيط,2026-01-26 16:26:28,,True,admin
3076,التنظيم لأعمال تطوعيّة,2026-01-26 16:26:28,,True,admin
3076,أشغال يدويّة,2026-01-26 16:26:28,,True,admin
3078,الرياضة,2026-01-26 17:31:54,,True,admin
3078,تصوير فيديو,2026-01-26 17:31:54,,True,admin
3078,التصميم الداخلي/ ديكور,2026-01-26 17:31:54,,True,admin
3078,الرسم,2026-01-26 17:31:54,,True,admin
3078,مهارات التواصل,2026-01-26 17:31:54,,True,admin
3078,مهارات العمل الجماعي,2026-01-26 17:31:54,,True,admin
3078,مهارات التخطيط,2026-01-26 17:31:54,,True,admin
3078,تحضير الألعاب,2026-01-26 17:31:54,,True,admin
3078,تأدية حركات التراتيل,2026-01-26 17:31:54,,True,admin
3079,مهارات التواصل,2026-01-26 18:05:39,,True,admin
3079,مهارات العمل الجماعي,2026-01-26 18:05:39,,True,admin
3080,القراءة,2026-01-26 19:00:27,,True,admin
3080,مهارات التواصل,2026-01-26 19:00:27,,True,admin
3081,الرياضة,2026-01-26 19:04:09,,True,admin
3082,الرياضة,2026-01-26 19:07:22,,True,admin
3083,الغناء,2026-01-26 19:09:21,,True,admin
3083,الترتيل,2026-01-26 19:09:21,,True,admin
3083,الرسم,2026-01-26 19:09:21,,True,admin
3083,تحضير الألعاب,2026-01-26 19:09:21,,True,admin
3083,أشغال يدويّة,2026-01-26 19:09:21,,True,admin
3083,تأدية حركات التراتيل,2026-01-26 19:09:21,,True,admin
3084,الترتيل,2026-01-26 21:24:35,,True,admin
3085,الترتيل,2026-01-26 22:58:56,,True,admin
3085,الرياضة,2026-01-26 22:58:56,,True,admin
3086,الترتيل,2026-01-26 23:24:59,,True,admin
3086,التصوير الفوتوغرافي,2026-01-26 23:24:59,,True,admin
3086,مونتاج فيديو,2026-01-26 23:24:59,,True,admin
3086,القراءة,2026-01-26 23:24:59,,True,admin
3086,مهارات التواصل,2026-01-26 23:24:59,,True,admin
3086,مهارات العمل الجماعي,2026-01-26 23:24:59,,True,admin
3086,مهارات التخطيط,2026-01-26 23:24:59,,True,admin
3086,تحضير الألعاب,2026-01-26 23:24:59,,True,admin
3087,التنظيم لأعمال تطوعيّة,2026-01-27 07:47:13,,True,admin
3088,الغناء,2026-01-29 00:17:18,,True,admin
3088,تصوير فيديو,2026-01-29 00:17:18,,True,admin
3088,مونتاج فيديو,2026-01-29 00:17:18,,True,admin
3088,صانع محتوى تقنيّ,2026-01-29 00:17:18,,True,admin
3089,تصوير فيديو,2026-01-29 12:23:50,,True,admin
3090,التنظيم لأعمال تطوعيّة,2026-01-30 08:18:05,,True,admin
3011,العزف,2026-01-23 14:59:38,,True,admin
3011,تأدية حركات التراتيل,2026-01-23 14:59:38,,True,admin
3011,الدبكة والرقصات الفولكلوريّة,2026-01-23 14:59:38,,True,admin
597,العزف,2025-02-01 23:13:34,,True,admin
597,الرياضة,2025-02-01 23:13:34,,True,admin
597,تأدية حركات التراتيل,2025-02-01 23:13:34,,True,admin
597,أشغال يدويّة,2025-02-01 23:13:34,,True,admin
597,التمثيل,2025-02-01 23:13:34,,True,admin
2191,الرياضة,2025-03-31 14:16:09,,True,admin
598,الرياضة,2025-02-01 23:15:04,,True,admin
598,الترتيل,2025-02-01 23:15:04,,True,admin
598,تأدية حركات التراتيل,2025-02-01 23:15:04,,True,admin
598,الرسم,2025-02-01 23:15:04,,True,admin
805,الغناء,2025-02-06 13:23:06,2026-05-29 16:15:56,False,admin
805,الترتيل,2025-02-06 13:23:06,2026-05-29 16:15:56,False,admin
805,التمثيل,2025-02-06 13:23:06,2026-05-29 16:15:56,False,admin
805,مهارات التواصل,2025-02-06 13:23:06,2026-05-29 16:15:56,False,admin
805,مهارات إداريّة,2025-02-06 13:23:06,2026-05-29 16:15:56,False,admin
805,مهارات العمل الجماعي,2025-02-06 13:23:06,2026-05-29 16:15:56,False,admin
805,مهارات التخطيط,2025-02-06 13:23:06,2026-05-29 16:15:56,False,admin
805,تحضير الألعاب,2025-02-06 13:23:06,2026-05-29 16:15:56,False,admin
805,التنظيم لأعمال تطوعيّة,2025-02-06 13:23:06,2026-05-29 16:15:56,False,admin
1255,الرسم,2025-03-01 14:25:20,,True,admin
1255,القراءة,2025-03-01 14:25:20,,True,admin
1255,مهارات إداريّة,2025-03-01 14:25:20,,True,admin
1255,مهارات العمل الجماعي,2025-03-01 14:25:20,,True,admin
90,الرياضة,2025-01-31 11:14:24,,True,admin
90,الرسم,2025-01-31 11:14:24,,True,admin
90,تحضير الألعاب,2025-01-31 11:14:24,,True,admin
271,الرياضة,2025-01-31 11:17:40,,True,admin
271,التمثيل,2025-01-31 11:17:40,,True,admin
271,القراءة,2025-01-31 11:17:40,,True,admin
2363,التمثيل,2025-05-02 21:54:16,,True,admin
2363,الرسم,2025-05-02 21:54:16,,True,admin
2363,أشغال يدويّة,2025-05-02 21:54:16,,True,admin
2363,الغناء,2025-05-02 21:54:16,,True,admin
2776,الرياضة,2025-11-01 14:20:17,,True,admin
2776,التمثيل,2025-11-01 14:20:17,,True,admin
2776,الدبكة والرقصات الفولكلوريّة,2025-11-01 14:20:17,,True,admin
2912,الرياضة,2025-11-05 12:50:56,,True,admin
2778,الرياضة,2025-11-01 14:23:22,,True,admin
245,مهارات إداريّة,2025-01-31 11:16:48,2026-05-29 15:54:36,False,admin
245,مهارات العمل الجماعي,2025-01-31 11:16:48,2026-05-29 15:54:36,False,admin
245,مهارات التخطيط,2025-01-31 11:16:48,2026-05-29 15:54:36,False,admin
245,تحضير الألعاب,2025-01-31 11:16:48,2026-05-29 15:54:36,False,admin
245,التنظيم لأعمال تطوعيّة,2025-01-31 11:16:48,2026-05-29 15:54:36,False,admin
141,التصميم الجرافيكي,2025-01-31 11:14:59,2026-05-29 16:27:17,False,admin
141,مهارات إداريّة,2025-01-31 11:14:59,2026-05-29 16:27:17,False,admin
141,التنظيم لأعمال تطوعيّة,2025-01-31 11:14:59,2026-05-29 16:27:17,False,admin
1281,مهارات التواصل,2025-03-05 08:22:07,,True,admin
1281,مهارات إداريّة,2025-03-05 08:22:07,,True,admin
1281,مهارات العمل الجماعي,2025-03-05 08:22:07,,True,admin
1281,مهارات التخطيط,2025-03-05 08:22:07,,True,admin
1281,تحضير الألعاب,2025-03-05 08:22:07,,True,admin
1253,الرياضة,2025-03-01 12:50:05,2026-05-29 16:10:42,False,admin
1253,التمثيل,2025-03-01 12:50:05,2026-05-29 16:10:42,False,admin
1253,التصميم الداخلي/ ديكور,2025-03-01 12:50:05,2026-05-29 16:10:42,False,admin
1253,مهارات العمل الجماعي,2025-03-01 12:50:05,2026-05-29 16:10:42,False,admin
1253,أجهزة الصوت (صوتيّات ومِكسرات),2025-03-01 12:50:05,2026-05-29 16:10:42,False,admin
1272,كتابة نصوص,2025-03-04 12:51:54,2026-05-29 15:37:15,False,admin
1272,القراءة,2025-03-04 12:51:54,2026-05-29 15:37:15,False,admin
1272,مهارات إداريّة,2025-03-04 12:51:54,2026-05-29 15:37:15,False,admin
1272,مهارات العمل الجماعي,2025-03-04 12:51:54,2026-05-29 15:37:15,False,admin
1272,مهارات التخطيط,2025-03-04 12:51:54,2026-05-29 15:37:15,False,admin
1272,تحضير الألعاب,2025-03-04 12:51:54,2026-05-29 15:37:15,False,admin
1272,التنظيم لأعمال تطوعيّة,2025-03-04 12:51:54,2026-05-29 15:37:15,False,admin
1272,أشغال يدويّة,2025-03-04 12:51:54,2026-05-29 15:37:15,False,admin
1272,الدبكة والرقصات الفولكلوريّة,2025-03-04 12:51:54,2026-05-29 15:37:15,False,admin
1272,تأدية حركات التراتيل,2025-03-04 12:51:54,2026-05-29 15:37:15,False,admin
254,الترتيل,2025-01-31 11:17:01,2026-05-29 16:34:50,False,admin
254,التصميم الداخلي/ ديكور,2025-01-31 11:17:01,2026-05-29 16:34:50,False,admin
254,الرسم,2025-01-31 11:17:01,2026-05-29 16:34:50,False,admin
254,القراءة,2025-01-31 11:17:01,2026-05-29 16:34:50,False,admin
254,أشغال يدويّة,2025-01-31 11:17:01,2026-05-29 16:34:50,False,admin
254,تأدية حركات التراتيل,2025-01-31 11:17:01,2026-05-29 16:34:50,False,admin
680,العزف,2025-02-03 02:09:11,,True,admin
635,العزف,2025-02-02 11:15:34,,True,admin
635,الرياضة,2025-02-02 11:15:34,,True,admin
635,تأدية حركات التراتيل,2025-02-02 11:15:34,,True,admin
1391,الترتيل,2025-03-11 10:52:37,,True,admin
1391,التصميم الجرافيكي,2025-03-11 10:52:37,,True,admin
1391,التمثيل,2025-03-11 10:52:37,,True,admin
1391,كتابة نصوص,2025-03-11 10:52:37,,True,admin
1391,التصميم الداخلي/ ديكور,2025-03-11 10:52:37,,True,admin
1391,مهارات إداريّة,2025-03-11 10:52:37,,True,admin
1391,مهارات العمل الجماعي,2025-03-11 10:52:37,,True,admin
1391,تحضير الألعاب,2025-03-11 10:52:37,,True,admin
1391,التنظيم لأعمال تطوعيّة,2025-03-11 10:52:37,,True,admin
1391,أشغال يدويّة,2025-03-11 10:52:37,,True,admin
1391,الدبكة والرقصات الفولكلوريّة,2025-03-11 10:52:37,,True,admin
1391,تأدية حركات التراتيل,2025-03-11 10:52:37,,True,admin
1126,الترتيل,2025-02-23 14:17:18,,True,admin
1126,التمثيل,2025-02-23 14:17:18,,True,admin
1126,الإخراج (السينمائي/ المسرحي),2025-02-23 14:17:18,,True,admin
1126,تصوير فيديو,2025-02-23 14:17:18,,True,admin
1126,كتابة نصوص,2025-02-23 14:17:18,,True,admin
1126,مونتاج فيديو,2025-02-23 14:17:18,,True,admin
1126,القراءة,2025-02-23 14:17:18,,True,admin
1126,مهارات التواصل,2025-02-23 14:17:18,,True,admin
1126,مهارات إداريّة,2025-02-23 14:17:18,,True,admin
1126,مهارات العمل الجماعي,2025-02-23 14:17:18,,True,admin
1126,مهارات التخطيط,2025-02-23 14:17:18,,True,admin
1126,التنظيم لأعمال تطوعيّة,2025-02-23 14:17:18,,True,admin
0,العزف,2025-01-31 11:12:11,,True,admin
364,الرياضة,2025-01-31 19:56:06,,True,admin
364,الرسم,2025-01-31 19:56:06,,True,admin
364,القراءة,2025-01-31 19:56:06,,True,admin
1405,الترتيل,2025-03-11 11:43:48,,True,admin
1405,الرياضة,2025-03-11 11:43:48,,True,admin
1405,الرسم,2025-03-11 11:43:48,,True,admin
1405,القراءة,2025-03-11 11:43:48,,True,admin
1405,مهارات إداريّة,2025-03-11 11:43:48,,True,admin
1405,مهارات العمل الجماعي,2025-03-11 11:43:48,,True,admin
1405,مهارات التخطيط,2025-03-11 11:43:48,,True,admin
1405,تحضير الألعاب,2025-03-11 11:43:48,,True,admin
1405,التنظيم لأعمال تطوعيّة,2025-03-11 11:43:48,,True,admin
1405,أشغال يدويّة,2025-03-11 11:43:48,,True,admin
1405,الدبكة والرقصات الفولكلوريّة,2025-03-11 11:43:48,,True,admin
1405,تأدية حركات التراتيل,2025-03-11 11:43:48,,True,admin
594,التمثيل,2025-02-01 22:59:31,,True,admin
594,كتابة نصوص,2025-02-01 22:59:31,,True,admin
594,مهارات التواصل,2025-02-01 22:59:31,,True,admin
594,مهارات العمل الجماعي,2025-02-01 22:59:31,,True,admin
594,تحضير الألعاب,2025-02-01 22:59:31,,True,admin
594,الدبكة والرقصات الفولكلوريّة,2025-02-01 22:59:31,,True,admin
594,تأدية حركات التراتيل,2025-02-01 22:59:31,,True,admin
857,العزف,2025-02-10 23:06:04,,True,admin
857,الرياضة,2025-02-10 23:06:04,,True,admin
2581,الرياضة,2025-08-09 09:45:05,,True,admin
2580,الرياضة,2025-08-09 09:44:53,,True,admin
2580,الدبكة والرقصات الفولكلوريّة,2025-08-09 09:44:53,,True,admin
2582,العزف,2025-08-09 09:46:00,,True,admin
2582,الترتيل,2025-08-09 09:46:00,,True,admin
2582,الرياضة,2025-08-09 09:46:00,,True,admin
2582,التمثيل,2025-08-09 09:46:00,,True,admin
2582,تأدية حركات التراتيل,2025-08-09 09:46:00,,True,admin
2582,الرسم,2025-08-09 09:46:00,,True,admin
2582,القراءة,2025-08-09 09:46:00,,True,admin
2582,أشغال يدويّة,2025-08-09 09:46:00,,True,admin
2582,الدبكة والرقصات الفولكلوريّة,2025-08-09 09:46:00,,True,admin
2582,الغناء,2025-08-09 09:46:00,,True,admin
2583,الرياضة,2025-08-09 09:46:25,,True,admin
2583,الرسم,2025-08-09 09:46:25,,True,admin
2584,الرياضة,2025-08-09 09:47:19,,True,admin
2584,الطبلة,2025-08-09 09:47:19,,True,admin
2585,الغناء,2025-08-09 09:47:23,,True,admin
2586,الرياضة,2025-08-09 09:48:06,,True,admin
2586,الرسم,2025-08-09 09:48:06,,True,admin
2586,أشغال يدويّة,2025-08-09 09:48:06,,True,admin
2587,الترتيل,2025-08-09 09:48:12,,True,admin
2587,التمثيل,2025-08-09 09:48:12,,True,admin
2587,تأدية حركات التراتيل,2025-08-09 09:48:12,,True,admin
2587,الرسم,2025-08-09 09:48:12,,True,admin
2587,القراءة,2025-08-09 09:48:12,,True,admin
2587,أشغال يدويّة,2025-08-09 09:48:12,,True,admin
2588,الرياضة,2025-08-09 09:49:00,,True,admin
2589,الترتيل,2025-08-09 09:49:26,,True,admin
2589,الرياضة,2025-08-09 09:49:26,,True,admin
2589,التمثيل,2025-08-09 09:49:26,,True,admin
2589,تأدية حركات التراتيل,2025-08-09 09:49:26,,True,admin
2589,الرسم,2025-08-09 09:49:26,,True,admin
2589,القراءة,2025-08-09 09:49:26,,True,admin
2589,أشغال يدويّة,2025-08-09 09:49:26,,True,admin
2590,الرياضة,2025-08-09 09:49:28,,True,admin
2590,الرسم,2025-08-09 09:49:28,,True,admin
2591,العزف,2025-08-09 09:53:03,,True,admin
2591,الترتيل,2025-08-09 09:53:03,,True,admin
2591,الرياضة,2025-08-09 09:53:03,,True,admin
2591,التمثيل,2025-08-09 09:53:03,,True,admin
2591,تأدية حركات التراتيل,2025-08-09 09:53:03,,True,admin
2591,الرسم,2025-08-09 09:53:03,,True,admin
2591,القراءة,2025-08-09 09:53:03,,True,admin
2591,أشغال يدويّة,2025-08-09 09:53:03,,True,admin
2591,الدبكة والرقصات الفولكلوريّة,2025-08-09 09:53:03,,True,admin
2591,الغناء,2025-08-09 09:53:03,,True,admin
2592,الرسم,2025-08-09 09:53:16,,True,admin
2592,أشغال يدويّة,2025-08-09 09:53:16,,True,admin
2593,الرياضة,2025-08-09 09:55:00,,True,admin
2594,الترتيل,2025-08-09 09:55:42,,True,admin
2594,الرياضة,2025-08-09 09:55:42,,True,admin
2594,تأدية حركات التراتيل,2025-08-09 09:55:42,,True,admin
2594,الرسم,2025-08-09 09:55:42,,True,admin
2594,القراءة,2025-08-09 09:55:42,,True,admin
2594,أشغال يدويّة,2025-08-09 09:55:42,,True,admin
2595,الرياضة,2025-08-09 10:05:38,,True,admin
2596,الترتيل,2025-08-09 10:11:35,,True,admin
2596,تأدية حركات التراتيل,2025-08-09 10:11:35,,True,admin
2596,الرسم,2025-08-09 10:11:35,,True,admin
2596,أشغال يدويّة,2025-08-09 10:11:35,,True,admin
2597,الرياضة,2025-08-09 10:14:02,,True,admin
2597,الرسم,2025-08-09 10:14:02,,True,admin
2597,الدبكة والرقصات الفولكلوريّة,2025-08-09 10:14:02,,True,admin
2598,الرياضة,2025-08-09 10:24:10,,True,admin
724,الرياضة,2025-02-03 16:42:55,,True,admin
724,الرسم,2025-02-03 16:42:55,,True,admin
724,أشغال يدويّة,2025-02-03 16:42:55,,True,admin
682,الرياضة,2025-02-03 12:12:02,,True,admin
682,القراءة,2025-02-03 12:12:02,,True,admin
682,البرمجة,2025-02-03 12:12:02,,True,admin
2686,التمثيل,2025-09-27 21:24:55,,True,admin
2686,الرسم,2025-09-27 21:24:55,,True,admin
2670,الرسم,2025-09-27 17:35:35,,True,admin
2670,الدبكة والرقصات الفولكلوريّة,2025-09-27 17:35:35,,True,admin
2482,العزف,2025-06-10 14:31:43,,True,admin
2482,الرياضة,2025-06-10 14:31:43,,True,admin
2488,الترتيل,2025-06-10 14:49:40,,True,admin
2488,الرياضة,2025-06-10 14:49:40,,True,admin
2488,التمثيل,2025-06-10 14:49:40,,True,admin
2488,الدبكة والرقصات الفولكلوريّة,2025-06-10 14:49:40,,True,admin
2488,الغناء,2025-06-10 14:49:40,,True,admin
2615,العزف,2025-08-09 22:27:02,,True,admin
2615,الترتيل,2025-08-09 22:27:02,,True,admin
2615,الرياضة,2025-08-09 22:27:02,,True,admin
2615,التمثيل,2025-08-09 22:27:02,,True,admin
2615,تأدية حركات التراتيل,2025-08-09 22:27:02,,True,admin
2615,الرسم,2025-08-09 22:27:02,,True,admin
2615,القراءة,2025-08-09 22:27:02,,True,admin
2615,أشغال يدويّة,2025-08-09 22:27:02,,True,admin
2615,الدبكة والرقصات الفولكلوريّة,2025-08-09 22:27:02,,True,admin
2615,الغناء,2025-08-09 22:27:02,,True,admin
2656,الرياضة,2025-09-24 07:35:26,,True,admin
2656,القراءة,2025-09-24 07:35:26,,True,admin
2656,الدبكة والرقصات الفولكلوريّة,2025-09-24 07:35:26,,True,admin
2654,العزف,2025-09-24 07:31:20,,True,admin
2654,الرياضة,2025-09-24 07:31:20,,True,admin
2654,القراءة,2025-09-24 07:31:20,,True,admin
2663,العزف,2025-09-24 09:09:59,,True,admin
2663,الرسم,2025-09-24 09:09:59,,True,admin
2663,أشغال يدويّة,2025-09-24 09:09:59,,True,admin
2663,الغناء,2025-09-24 09:09:59,,True,admin
748,الرياضة,2025-02-04 00:17:11,,True,admin
748,التمثيل,2025-02-04 00:17:11,,True,admin
2667,الرياضة,2025-09-24 22:13:22,,True,admin
2667,الغناء,2025-09-24 22:13:22,,True,admin
746,أشغال يدويّة,2025-02-03 22:17:59,,True,admin
2691,تأدية حركات التراتيل,2025-09-28 11:59:52,,True,admin
2489,الترتيل,2025-06-10 14:57:28,,True,admin
2489,الرياضة,2025-06-10 14:57:28,,True,admin
2489,الرسم,2025-06-10 14:57:28,,True,admin
2491,الرسم,2025-06-10 16:59:59,,True,admin
2699,الرياضة,2025-10-10 10:51:59,,True,admin
2699,الرسم,2025-10-10 10:51:59,,True,admin
2711,الترتيل,2025-10-25 20:09:51,,True,admin
2711,الرياضة,2025-10-25 20:09:51,,True,admin
2712,الرياضة,2025-10-25 20:39:50,,True,admin
2660,الرياضة,2025-09-24 07:44:17,,True,admin
760,الترتيل,2025-02-04 11:26:40,,True,admin
760,الرياضة,2025-02-04 11:26:40,,True,admin
728,العزف,2025-02-03 17:06:59,,True,admin
728,أشغال يدويّة,2025-02-03 17:06:59,,True,admin
728,الدبكة والرقصات الفولكلوريّة,2025-02-03 17:06:59,,True,admin
1441,الرياضة,2025-03-11 17:15:49,,True,admin
1441,كرة القدم,2025-03-11 17:15:49,,True,admin
1441,الشطرنج,2025-03-11 17:15:49,,True,admin
2728,الترتيل,2025-10-30 10:57:12,,True,admin
2728,الرياضة,2025-10-30 10:57:12,,True,admin
2728,تأدية حركات التراتيل,2025-10-30 10:57:12,,True,admin
2728,الدبكة والرقصات الفولكلوريّة,2025-10-30 10:57:12,,True,admin
2938,الرياضة,2025-11-07 22:52:58,,True,admin
2938,تأدية حركات التراتيل,2025-11-07 22:52:58,,True,admin
2938,الدبكة والرقصات الفولكلوريّة,2025-11-07 22:52:58,,True,admin
703,الرياضة,2025-02-03 14:14:32,,True,admin
703,القراءة,2025-02-03 14:14:32,,True,admin
565,الرياضة,2025-02-01 21:24:12,,True,admin
683,الترتيل,2025-02-03 12:13:16,,True,admin
683,الرسم,2025-02-03 12:13:16,,True,admin
686,الترتيل,2025-02-03 12:21:05,,True,admin
686,الرياضة,2025-02-03 12:21:05,,True,admin
686,الرسم,2025-02-03 12:21:05,,True,admin
686,أشغال يدويّة,2025-02-03 12:21:05,,True,admin
686,الدبكة والرقصات الفولكلوريّة,2025-02-03 12:21:05,,True,admin
687,الترتيل,2025-02-03 12:23:56,,True,admin
687,الرياضة,2025-02-03 12:23:56,,True,admin
687,الرسم,2025-02-03 12:23:56,,True,admin
687,أشغال يدويّة,2025-02-03 12:23:56,,True,admin
687,الدبكة والرقصات الفولكلوريّة,2025-02-03 12:23:56,,True,admin
2859,العزف,2025-11-03 15:29:59,,True,admin
2859,الترتيل,2025-11-03 15:29:59,,True,admin
2859,الرياضة,2025-11-03 15:29:59,,True,admin
2859,الرسم,2025-11-03 15:29:59,,True,admin
2859,أشغال يدويّة,2025-11-03 15:29:59,,True,admin
2859,الدبكة والرقصات الفولكلوريّة,2025-11-03 15:29:59,,True,admin
2859,القراءة,2025-11-03 15:29:59,,True,admin
533,التمثيل,2025-02-01 20:45:18,,True,admin
533,تأدية حركات التراتيل,2025-02-01 20:45:18,,True,admin
533,أشغال يدويّة,2025-02-01 20:45:18,,True,admin
580,الرياضة,2025-02-01 22:10:49,,True,admin
581,الترتيل,2025-02-01 22:16:10,,True,admin
581,التمثيل,2025-02-01 22:16:10,,True,admin
581,تأدية حركات التراتيل,2025-02-01 22:16:10,,True,admin
581,أشغال يدويّة,2025-02-01 22:16:10,,True,admin
581,الدبكة والرقصات الفولكلوريّة,2025-02-01 22:16:10,,True,admin
581,الغناء,2025-02-01 22:16:10,,True,admin
535,الدبكة والرقصات الفولكلوريّة,2025-02-01 20:47:03,,True,admin
2720,الترتيل,2025-10-29 10:39:31,,True,admin
2720,الرياضة,2025-10-29 10:39:31,,True,admin
2720,تأدية حركات التراتيل,2025-10-29 10:39:31,,True,admin
2720,الرسم,2025-10-29 10:39:31,,True,admin
2720,أشغال يدويّة,2025-10-29 10:39:31,,True,admin
2720,الدبكة والرقصات الفولكلوريّة,2025-10-29 10:39:31,,True,admin
2816,الترتيل,2025-11-01 19:10:35,,True,admin
2816,الرياضة,2025-11-01 19:10:35,,True,admin
2816,أشغال يدويّة,2025-11-01 19:10:35,,True,admin
685,العزف,2025-02-03 12:17:32,,True,admin
685,الترتيل,2025-02-03 12:17:32,,True,admin
685,الرياضة,2025-02-03 12:17:32,,True,admin
685,التمثيل,2025-02-03 12:17:32,,True,admin
685,الدبكة والرقصات الفولكلوريّة,2025-02-03 12:17:32,,True,admin
685,الغناء,2025-02-03 12:17:32,,True,admin
2121,الرياضة,2025-03-29 19:03:14,,True,admin
525,العزف,2025-02-01 20:43:02,,True,admin
525,الرياضة,2025-02-01 20:43:02,,True,admin
2870,الرياضة,2025-11-03 22:29:57,,True,admin
2870,الدبكة والرقصات الفولكلوريّة,2025-11-03 22:29:57,,True,admin
2235,التمثيل,2025-04-05 19:41:37,,True,admin
2235,أشغال يدويّة,2025-04-05 19:41:37,,True,admin
731,الدبكة والرقصات الفولكلوريّة,2025-02-03 18:02:45,,True,admin
698,العزف,2025-02-03 13:12:10,,True,admin
698,الرياضة,2025-02-03 13:12:10,,True,admin
718,الرياضة,2025-02-03 15:40:24,,True,admin
718,التمثيل,2025-02-03 15:40:24,,True,admin
718,القراءة,2025-02-03 15:40:24,,True,admin
2846,الرياضة,2025-11-02 21:38:50,,True,admin
1426,الرياضة,2025-03-11 15:01:15,,True,admin
1426,الدبكة والرقصات الفولكلوريّة,2025-03-11 15:01:15,,True,admin
727,الترتيل,2025-02-03 16:58:29,,True,admin
692,الترتيل,2025-02-03 12:46:04,,True,admin
692,الرياضة,2025-02-03 12:46:04,,True,admin
692,التمثيل,2025-02-03 12:46:04,,True,admin
692,تأدية حركات التراتيل,2025-02-03 12:46:04,,True,admin
692,أشغال يدويّة,2025-02-03 12:46:04,,True,admin
692,الدبكة والرقصات الفولكلوريّة,2025-02-03 12:46:04,,True,admin
743,الرياضة,2025-02-03 20:49:37,,True,admin
743,أشغال يدويّة,2025-02-03 20:49:37,,True,admin
743,الدبكة والرقصات الفولكلوريّة,2025-02-03 20:49:37,,True,admin
2657,الترتيل,2025-09-24 07:39:52,,True,admin
2657,الرياضة,2025-09-24 07:39:52,,True,admin
2657,تأدية حركات التراتيل,2025-09-24 07:39:52,,True,admin
2657,الرسم,2025-09-24 07:39:52,,True,admin
2657,Kick Boxing,2025-09-24 07:39:52,,True,admin
1393,مهارات إداريّة,2025-03-11 10:55:00,,True,admin
1393,أجهزة الصوت (صوتيّات ومِكسرات),2025-03-11 10:55:00,,True,admin
1393,الدبكة والرقصات الفولكلوريّة,2025-03-11 10:55:00,,True,admin
2700,الترتيل,2025-10-10 10:53:48,,True,admin
2700,الرسم,2025-10-10 10:53:48,,True,admin
2685,الترتيل,2025-09-27 21:17:46,,True,admin
2685,الرسم,2025-09-27 21:17:46,,True,admin
2481,الترتيل,2025-06-10 14:24:30,,True,admin
2481,الدبكة والرقصات الفولكلوريّة,2025-06-10 14:24:30,,True,admin
2481,الغناء,2025-06-10 14:24:30,,True,admin
776,الرياضة,2025-02-04 18:21:59,,True,admin
776,تأدية حركات التراتيل,2025-02-04 18:21:59,,True,admin
776,الرسم,2025-02-04 18:21:59,,True,admin
776,الدبكة والرقصات الفولكلوريّة,2025-02-04 18:21:59,,True,admin
779,الترتيل,2025-02-04 18:53:28,,True,admin
779,الدبكة والرقصات الفولكلوريّة,2025-02-04 18:53:28,,True,admin
779,الرياضة,2025-02-04 18:53:28,,True,admin
779,الغناء,2025-02-04 18:53:28,,True,admin
1437,العزف,2025-03-11 16:14:12,,True,admin
1437,الرياضة,2025-03-11 16:14:12,,True,admin
2122,العزف,2025-03-29 21:47:52,,True,admin
2122,الرياضة,2025-03-29 21:47:52,,True,admin
2238,الرسم,2025-04-05 20:07:12,,True,admin
3058,الطبخ,2026-01-25 15:18:01,,True,admin
1056,تأدية حركات التراتيل,2025-02-21 17:47:04,,True,admin
1056,الرسم,2025-02-21 17:47:04,,True,admin
1056,الغناء,2025-02-21 17:47:04,,True,admin
1056,الرياضة,2025-02-21 17:47:04,,True,admin
602,الترتيل,2025-02-01 23:40:39,,True,admin
602,الرسم,2025-02-01 23:40:39,,True,admin
602,القراءة,2025-02-01 23:40:39,,True,admin
2835,الرياضة,2025-11-02 13:45:07,,True,admin
754,الترتيل,2025-02-04 11:20:51,,True,admin
754,الغناء,2025-02-04 11:20:51,,True,admin
754,الرياضة,2025-02-04 11:20:51,,True,admin
754,أشغال يدويّة,2025-02-04 11:20:51,,True,admin
754,الدبكة والرقصات الفولكلوريّة,2025-02-04 11:20:51,,True,admin
756,الترتيل,2025-02-04 11:23:29,,True,admin
756,الرياضة,2025-02-04 11:23:29,,True,admin
756,الرسم,2025-02-04 11:23:29,,True,admin
756,القراءة,2025-02-04 11:23:29,,True,admin
756,الغناء,2025-02-04 11:23:29,,True,admin
758,الترتيل,2025-02-04 11:25:43,,True,admin
758,أشغال يدويّة,2025-02-04 11:25:43,,True,admin
3113,الترتيل,2025-11-17 15:13:05,,True,admin
3113,الرياضة,2025-11-17 15:13:05,,True,admin
3113,الدبكة والرقصات الفولكلوريّة,2025-11-17 15:13:05,,True,admin
3113,الغناء,2025-11-17 15:13:05,,True,admin
3114,الرسم,2025-11-17 15:42:44,,True,admin
3115,الرسم,2025-11-17 15:44:46,,True,admin
3115,أشغال يدويّة,2025-11-17 15:44:46,,True,admin
3115,الدبكة والرقصات الفولكلوريّة,2025-11-17 15:44:46,,True,admin
3116,الرسم,2025-11-18 09:24:38,,True,admin
3117,الترتيل,2025-11-18 09:28:54,,True,admin
3118,الرياضة,2025-11-18 09:31:17,,True,admin
3119,العزف,2025-11-18 09:44:27,,True,admin
3119,الرياضة,2025-11-18 09:44:27,,True,admin
3119,الرسم,2025-11-18 09:44:27,,True,admin
3119,أشغال يدويّة,2025-11-18 09:44:27,,True,admin
3120,الرياضة,2025-11-18 10:50:41,,True,admin
3120,الغناء,2025-11-18 10:50:41,,True,admin
3121,الترتيل,2025-11-19 08:52:39,,True,admin
3121,الرياضة,2025-11-19 08:52:39,,True,admin
3121,تأدية حركات التراتيل,2025-11-19 08:52:39,,True,admin
3121,الرسم,2025-11-19 08:52:39,,True,admin
3121,الدبكة والرقصات الفولكلوريّة,2025-11-19 08:52:39,,True,admin
3121,ميداليه الفضيه في المصارعه الحره/والرومانيه مركز تاني على المملكة,2025-11-19 08:52:39,,True,admin
3122,التمثيل,2025-11-19 08:56:52,,True,admin
3122,الرسم,2025-11-19 08:56:52,,True,admin
3122,الدبكة والرقصات الفولكلوريّة,2025-11-19 08:56:52,,True,admin
3123,الترتيل,2025-11-19 10:22:46,,True,admin
3123,الرياضة,2025-11-19 10:22:46,,True,admin
3123,الرسم,2025-11-19 10:22:46,,True,admin
3123,أشغال يدويّة,2025-11-19 10:22:46,,True,admin
3124,الترتيل,2025-11-19 10:28:12,,True,admin
3124,الرياضة,2025-11-19 10:28:12,,True,admin
3124,التمثيل,2025-11-19 10:28:12,,True,admin
3124,الغناء,2025-11-19 10:28:12,,True,admin
3125,الرياضة,2025-11-19 14:31:23,,True,admin
3125,الرسم,2025-11-19 14:31:23,,True,admin
3125,أشغال يدويّة,2025-11-19 14:31:23,,True,admin
3126,الرياضة,2025-11-19 17:01:11,,True,admin
3126,التمثيل,2025-11-19 17:01:11,,True,admin
3127,الترتيل,2025-11-19 22:48:46,,True,admin
3127,التمثيل,2025-11-19 22:48:46,,True,admin
3127,تأدية حركات التراتيل,2025-11-19 22:48:46,,True,admin
3127,أشغال يدويّة,2025-11-19 22:48:46,,True,admin
3127,الدبكة والرقصات الفولكلوريّة,2025-11-19 22:48:46,,True,admin
3127,الغناء,2025-11-19 22:48:46,,True,admin
3128,الرياضة,2025-11-19 23:23:59,,True,admin
3129,الرسم,2025-11-19 23:41:23,,True,admin
3129,القراءة,2025-11-19 23:41:23,,True,admin
3130,الترتيل,2025-11-20 07:00:47,,True,admin
3130,الرسم,2025-11-20 07:00:47,,True,admin
3130,أشغال يدويّة,2025-11-20 07:00:47,,True,admin
3130,الدبكة والرقصات الفولكلوريّة,2025-11-20 07:00:47,,True,admin
3131,الرسم,2025-11-20 08:54:25,,True,admin
3133,الرسم,2025-11-20 15:44:45,,True,admin
3134,الترتيل,2025-11-27 12:59:52,,True,admin
3134,الرياضة,2025-11-27 12:59:52,,True,admin
3134,التمثيل,2025-11-27 12:59:52,,True,admin
3134,الغناء,2025-11-27 12:59:52,,True,admin
3135,الترتيل,2025-11-27 15:58:01,,True,admin
3135,الرسم,2025-11-27 15:58:01,,True,admin
3135,أشغال يدويّة,2025-11-27 15:58:01,,True,admin
3136,الرسم,2025-11-27 16:00:34,,True,admin
3136,أشغال يدويّة,2025-11-27 16:00:34,,True,admin
3136,الدبكة والرقصات الفولكلوريّة,2025-11-27 16:00:34,,True,admin
3137,الترتيل,2025-11-27 16:11:52,,True,admin
3137,تأدية حركات التراتيل,2025-11-27 16:11:52,,True,admin
3137,الرسم,2025-11-27 16:11:52,,True,admin
3137,الغناء,2025-11-27 16:11:52,,True,admin
3138,الرسم,2025-11-27 17:25:05,,True,admin
3138,أشغال يدويّة,2025-11-27 17:25:05,,True,admin
3139,العزف,2025-11-27 17:42:57,,True,admin
3139,الترتيل,2025-11-27 17:42:57,,True,admin
3140,العزف,2025-11-27 17:44:59,,True,admin
3140,الترتيل,2025-11-27 17:44:59,,True,admin
3141,العزف,2025-11-27 21:24:48,,True,admin
3141,أشغال يدويّة,2025-11-27 21:24:48,,True,admin
3142,التمثيل,2025-11-27 21:40:48,,True,admin
3143,الترتيل,2025-11-27 21:44:38,,True,admin
3143,التمثيل,2025-11-27 21:44:38,,True,admin
3143,الرسم,2025-11-27 21:44:38,,True,admin
3143,أشغال يدويّة,2025-11-27 21:44:38,,True,admin
3143,الغناء,2025-11-27 21:44:38,,True,admin
3144,العزف,2025-11-27 21:47:34,,True,admin
3144,الرياضة,2025-11-27 21:47:34,,True,admin
3144,أشغال يدويّة,2025-11-27 21:47:34,,True,admin
3145,العزف,2025-11-27 21:50:37,,True,admin
3145,الرياضة,2025-11-27 21:50:37,,True,admin
3145,الرسم,2025-11-27 21:50:37,,True,admin
3145,الغناء,2025-11-27 21:50:37,,True,admin
3146,الرياضة,2025-11-27 21:56:59,,True,admin
3146,أشغال يدويّة,2025-11-27 21:56:59,,True,admin
3147,الترتيل,2025-11-27 22:15:22,,True,admin
3147,الرياضة,2025-11-27 22:15:22,,True,admin
3147,التمثيل,2025-11-27 22:15:22,,True,admin
3147,الرسم,2025-11-27 22:15:22,,True,admin
3147,القراءة,2025-11-27 22:15:22,,True,admin
3147,أشغال يدويّة,2025-11-27 22:15:22,,True,admin
3147,الدبكة والرقصات الفولكلوريّة,2025-11-27 22:15:22,,True,admin
3148,الرسم,2025-11-27 22:15:25,,True,admin
3149,الرسم,2025-11-28 08:40:52,,True,admin
3149,أشغال يدويّة,2025-11-28 08:40:52,,True,admin
3150,الرياضة,2025-11-28 15:13:17,,True,admin
3151,الرياضة,2025-11-28 15:18:48,,True,admin
3152,الرياضة,2025-11-28 21:19:57,,True,admin
3153,الترتيل,2026-02-22 17:33:46,,True,admin
3153,الرياضة,2026-02-22 17:33:46,,True,admin
3153,الدبكة والرقصات الفولكلوريّة,2026-02-22 17:33:46,,True,admin
3154,الترتيل,2026-03-05 15:37:36,,True,admin
3154,الرسم,2026-03-05 15:37:36,,True,admin
3155,الترتيل,2026-03-14 19:21:16,,True,admin
3155,الرياضة,2026-03-14 19:21:16,,True,admin
3155,أشغال يدويّة,2026-03-14 19:21:16,,True,admin
3155,الدبكة والرقصات الفولكلوريّة,2026-03-14 19:21:16,,True,admin
3155,الغناء,2026-03-14 19:21:16,,True,admin
2485,الترتيل,2025-06-10 14:36:18,,True,admin
2485,التمثيل,2025-06-10 14:36:18,,True,admin
2485,الرسم,2025-06-10 14:36:18,,True,admin
2485,الدبكة والرقصات الفولكلوريّة,2025-06-10 14:36:18,,True,admin
2485,الغناء,2025-06-10 14:36:18,,True,admin
3002,العزف,2025-12-09 18:03:22,,True,admin
3002,الترتيل,2025-12-09 18:03:22,,True,admin
3002,الرياضة,2025-12-09 18:03:22,,True,admin
3002,التمثيل,2025-12-09 18:03:22,,True,admin
3002,الرسم,2025-12-09 18:03:22,,True,admin
3002,القراءة,2025-12-09 18:03:22,,True,admin
3002,الدبكة والرقصات الفولكلوريّة,2025-12-09 18:03:22,,True,admin
3002,الغناء,2025-12-09 18:03:22,,True,admin
2676,الترتيل,2025-09-27 18:32:17,,True,admin
2676,الرياضة,2025-09-27 18:32:17,,True,admin
2676,التمثيل,2025-09-27 18:32:17,,True,admin
2676,الرسم,2025-09-27 18:32:17,,True,admin
2676,القراءة,2025-09-27 18:32:17,,True,admin
2726,الرياضة,2025-10-29 15:22:42,,True,admin
2599,العزف,2025-08-09 10:25:25,,True,admin
2599,الترتيل,2025-08-09 10:25:25,,True,admin
2599,الرياضة,2025-08-09 10:25:25,,True,admin
2599,التمثيل,2025-08-09 10:25:25,,True,admin
2599,الرسم,2025-08-09 10:25:25,,True,admin
2602,الرسم,2025-08-09 20:50:26,,True,admin
526,الرياضة,2025-02-01 20:43:09,,True,admin
526,تأدية حركات التراتيل,2025-02-01 20:43:09,,True,admin
526,أشغال يدويّة,2025-02-01 20:43:09,,True,admin
526,الدبكة والرقصات الفولكلوريّة,2025-02-01 20:43:09,,True,admin
526,خدمة الهيكل,2025-02-01 20:43:09,,True,admin
2606,الرياضة,2025-08-09 20:57:29,,True,admin
2606,تأدية حركات التراتيل,2025-08-09 20:57:29,,True,admin
2606,الدبكة والرقصات الفولكلوريّة,2025-08-09 20:57:29,,True,admin
2606,أشغال يدويّة,2025-08-09 20:57:29,,True,admin
2606,كرة القدم,2025-08-09 20:57:29,,True,admin
2708,الترتيل,2025-10-19 19:15:44,,True,admin
2708,الرياضة,2025-10-19 19:15:44,,True,admin
2708,الرسم,2025-10-19 19:15:44,,True,admin
2708,أشغال يدويّة,2025-10-19 19:15:44,,True,admin
2709,الرياضة,2025-10-19 19:21:05,,True,admin
2709,الرسم,2025-10-19 19:21:05,,True,admin
2709,أشغال يدويّة,2025-10-19 19:21:05,,True,admin
3132,الرياضة,2025-11-20 14:00:34,,True,admin
3132,الرسم,2025-11-20 14:00:34,,True,admin
2679,الرياضة,2025-09-27 20:52:33,,True,admin
2679,الرسم,2025-09-27 20:52:33,,True,admin
2679,الدبكة والرقصات الفولكلوريّة,2025-09-27 20:52:33,,True,admin
2679,الغناء,2025-09-27 20:52:33,,True,admin
2492,الرياضة,2025-06-10 17:37:39,,True,admin
2573,الرياضة,2025-07-10 05:07:41,,True,admin
1050,الرياضة,2025-02-20 16:54:29,,True,admin
1050,التمثيل,2025-02-20 16:54:29,,True,admin
1050,الإخراج (السينمائي/ المسرحي),2025-02-20 16:54:29,,True,admin
1050,مهارات العمل الجماعي,2025-02-20 16:54:29,,True,admin
1050,التنظيم لأعمال تطوعيّة,2025-02-20 16:54:29,,True,admin
2447,الرياضة,2025-05-28 09:08:20,,True,admin
2447,تأدية حركات التراتيل,2025-05-28 09:08:20,,True,admin
1833,الرياضة,2025-03-19 15:15:48,,True,admin
1833,التمثيل,2025-03-19 15:15:48,,True,admin
194,مهارات إداريّة,2025-01-31 11:15:47,,True,admin
194,مهارات التخطيط,2025-01-31 11:15:47,,True,admin
19,الرياضة,2025-01-31 11:13:04,,True,admin
483,القراءة,2025-02-01 15:39:32,,True,admin
483,مهارات التواصل,2025-02-01 15:39:32,,True,admin
483,مهارات إداريّة,2025-02-01 15:39:32,,True,admin
483,مهارات العمل الجماعي,2025-02-01 15:39:32,,True,admin
483,مهارات التخطيط,2025-02-01 15:39:32,,True,admin
483,تحضير الألعاب,2025-02-01 15:39:32,,True,admin
483,التنظيم لأعمال تطوعيّة,2025-02-01 15:39:32,,True,admin
483,الدبكة والرقصات الفولكلوريّة,2025-02-01 15:39:32,,True,admin
71,كتابة نصوص,2025-01-31 11:13:56,,True,admin
71,القراءة,2025-01-31 11:13:56,,True,admin
71,مهارات التواصل,2025-01-31 11:13:56,,True,admin
71,مهارات إداريّة,2025-01-31 11:13:56,,True,admin
71,مهارات العمل الجماعي,2025-01-31 11:13:56,,True,admin
71,مهارات التخطيط,2025-01-31 11:13:56,,True,admin
71,التنظيم لأعمال تطوعيّة,2025-01-31 11:13:56,,True,admin
197,مهارات التواصل,2025-01-31 11:15:50,,True,admin
197,مهارات إداريّة,2025-01-31 11:15:50,,True,admin
412,مهارات التواصل,2025-02-01 13:19:33,,True,admin
412,مهارات إداريّة,2025-02-01 13:19:33,,True,admin
43,الرياضة,2025-01-31 11:13:28,,True,admin
43,تصوير فيديو,2025-01-31 11:13:28,,True,admin
43,القراءة,2025-01-31 11:13:28,,True,admin
43,مهارات التواصل,2025-01-31 11:13:28,,True,admin
43,مهارات إداريّة,2025-01-31 11:13:28,,True,admin
43,مهارات العمل الجماعي,2025-01-31 11:13:28,,True,admin
43,مهارات التخطيط,2025-01-31 11:13:28,,True,admin
43,تحضير الألعاب,2025-01-31 11:13:28,,True,admin
43,التنظيم لأعمال تطوعيّة,2025-01-31 11:13:28,,True,admin
258,مهارات التواصل,2025-01-31 11:17:10,,True,admin
258,مهارات العمل الجماعي,2025-01-31 11:17:10,,True,admin
258,مهارات التخطيط,2025-01-31 11:17:10,,True,admin
258,تحضير الألعاب,2025-01-31 11:17:10,,True,admin
258,التنظيم لأعمال تطوعيّة,2025-01-31 11:17:10,,True,admin
1058,كتابة نصوص,2025-02-21 20:59:58,,True,admin
1058,القراءة,2025-02-21 20:59:58,,True,admin
1058,مهارات التواصل,2025-02-21 20:59:58,,True,admin
1058,مهارات إداريّة,2025-02-21 20:59:58,,True,admin
1058,مهارات العمل الجماعي,2025-02-21 20:59:58,,True,admin
1058,مهارات التخطيط,2025-02-21 20:59:58,,True,admin
1274,مهارات التواصل,2025-03-04 13:01:58,,True,admin
1274,مهارات إداريّة,2025-03-04 13:01:58,,True,admin
1274,مهارات العمل الجماعي,2025-03-04 13:01:58,,True,admin
1274,مهارات التخطيط,2025-03-04 13:01:58,,True,admin
1274,التنظيم لأعمال تطوعيّة,2025-03-04 13:01:58,,True,admin
1274,أشغال يدويّة,2025-03-04 13:01:58,,True,admin
169,القراءة,2025-01-31 11:15:32,,True,admin
169,تحضير الألعاب,2025-01-31 11:15:32,,True,admin
169,أشغال يدويّة,2025-01-31 11:15:32,,True,admin
1621,الرياضة,2025-03-15 20:14:08,,True,admin
1061,القراءة,2025-02-21 21:32:01,,True,admin
1061,مهارات إداريّة,2025-02-21 21:32:01,,True,admin
1061,مهارات التخطيط,2025-02-21 21:32:01,,True,admin
1061,مهارات البحث,2025-02-21 21:32:01,,True,admin
1061,الكتابة,2025-02-21 21:32:01,,True,admin
81,الرياضة,2025-01-31 11:14:13,,True,admin
66,التصوير الفوتوغرافي,2025-01-31 11:13:50,,True,admin
66,التصميم الجرافيكي,2025-01-31 11:13:50,,True,admin
66,مهارات التواصل,2025-01-31 11:13:50,,True,admin
66,مهارات إداريّة,2025-01-31 11:13:50,,True,admin
66,مهارات العمل الجماعي,2025-01-31 11:13:50,,True,admin
66,مهارات التخطيط,2025-01-31 11:13:50,,True,admin
66,التنظيم لأعمال تطوعيّة,2025-01-31 11:13:50,,True,admin
498,الترتيل,2025-02-01 16:05:19,,True,admin
498,أشغال يدويّة,2025-02-01 16:05:19,,True,admin
1851,الرياضة,2025-03-20 12:51:00,,True,admin
1851,تحضير الألعاب,2025-03-20 12:51:00,,True,admin
590,الرياضة,2025-02-01 22:43:40,,True,admin
590,مهارات التواصل,2025-02-01 22:43:40,,True,admin
590,مهارات إداريّة,2025-02-01 22:43:40,,True,admin
590,مهارات العمل الجماعي,2025-02-01 22:43:40,,True,admin
590,مهارات التخطيط,2025-02-01 22:43:40,,True,admin
590,التنظيم لأعمال تطوعيّة,2025-02-01 22:43:40,,True,admin
590,أجهزة الصوت (صوتيّات ومِكسرات),2025-02-01 22:43:40,,True,admin
37,مهارات العمل الجماعي,2025-01-31 11:13:23,,True,admin
37,مهارات التخطيط,2025-01-31 11:13:23,,True,admin
105,الرياضة,2025-01-31 11:14:35,,True,admin
105,التنظيم لأعمال تطوعيّة,2025-01-31 11:14:35,,True,admin
1584,تصوير فيديو,2025-03-14 18:13:40,,True,admin
1584,مهارات التواصل,2025-03-14 18:13:40,,True,admin
1584,مهارات العمل الجماعي,2025-03-14 18:13:40,,True,admin
101,القراءة,2025-01-31 11:14:32,,True,admin
101,مهارات التواصل,2025-01-31 11:14:32,,True,admin
101,مهارات إداريّة,2025-01-31 11:14:32,,True,admin
101,مهارات العمل الجماعي,2025-01-31 11:14:32,,True,admin
101,مهارات التخطيط,2025-01-31 11:14:32,,True,admin
101,تحضير الألعاب,2025-01-31 11:14:32,,True,admin
101,التنظيم لأعمال تطوعيّة,2025-01-31 11:14:32,,True,admin
112,الرسم,2025-01-31 11:14:40,,True,admin
1577,تصوير فيديو,2025-03-14 16:51:29,,True,admin
187,مهارات التخطيط,2025-01-31 11:15:44,,True,admin
2217,مهارات إداريّة,2025-04-02 20:56:43,,True,admin
2217,مهارات التخطيط,2025-04-02 20:56:43,,True,admin
98,الرياضة,2025-01-31 11:14:28,,True,admin
98,مهارات التواصل,2025-01-31 11:14:28,,True,admin
128,الغناء,2025-01-31 11:14:50,,True,admin
128,الرياضة,2025-01-31 11:14:50,,True,admin
128,التمثيل,2025-01-31 11:14:50,,True,admin
128,تصوير فيديو,2025-01-31 11:14:50,,True,admin
128,مونتاج فيديو,2025-01-31 11:14:50,,True,admin
128,القراءة,2025-01-31 11:14:50,,True,admin
128,تحضير الألعاب,2025-01-31 11:14:50,,True,admin
128,التنظيم لأعمال تطوعيّة,2025-01-31 11:14:50,,True,admin
1826,الرياضة,2025-03-19 12:42:41,,True,admin
1826,القراءة,2025-03-19 12:42:41,,True,admin
1826,مهارات العمل الجماعي,2025-03-19 12:42:41,,True,admin
1826,التنظيم لأعمال تطوعيّة,2025-03-19 12:42:41,,True,admin
1310,الغناء,2025-03-09 22:09:10,2026-05-29 15:42:49,False,admin
1310,الترتيل,2025-03-09 22:09:10,2026-05-29 15:42:49,False,admin
1310,الرسم,2025-03-09 22:09:10,2026-05-29 15:42:49,False,admin
1310,أشغال يدويّة,2025-03-09 22:09:10,2026-05-29 15:42:49,False,admin
205,العزف,2025-01-31 11:15:57,,True,admin
205,الغناء,2025-01-31 11:15:57,,True,admin
205,الترتيل,2025-01-31 11:15:57,,True,admin
205,الرياضة,2025-01-31 11:15:57,,True,admin
205,التمثيل,2025-01-31 11:15:57,,True,admin
205,القراءة,2025-01-31 11:15:57,,True,admin
205,مهارات التواصل,2025-01-31 11:15:57,,True,admin
205,مهارات إداريّة,2025-01-31 11:15:57,,True,admin
205,مهارات التخطيط,2025-01-31 11:15:57,,True,admin
205,التنظيم لأعمال تطوعيّة,2025-01-31 11:15:57,,True,admin
205,أشغال يدويّة,2025-01-31 11:15:57,,True,admin
205,الدبكة والرقصات الفولكلوريّة,2025-01-31 11:15:57,,True,admin
205,تأدية حركات التراتيل,2025-01-31 11:15:57,,True,admin
77,العزف,2025-01-31 11:14:09,,True,admin
77,الغناء,2025-01-31 11:14:09,,True,admin
77,الترتيل,2025-01-31 11:14:09,,True,admin
77,الرياضة,2025-01-31 11:14:09,,True,admin
77,التصوير الفوتوغرافي,2025-01-31 11:14:09,,True,admin
77,التصميم الجرافيكي,2025-01-31 11:14:09,,True,admin
77,التمثيل,2025-01-31 11:14:09,,True,admin
77,الإخراج (السينمائي/ المسرحي),2025-01-31 11:14:09,,True,admin
77,تصوير فيديو,2025-01-31 11:14:09,,True,admin
77,كتابة نصوص,2025-01-31 11:14:09,,True,admin
77,التصميم الداخلي/ ديكور,2025-01-31 11:14:09,,True,admin
77,مونتاج فيديو,2025-01-31 11:14:09,,True,admin
77,رسوم متحركة Animation,2025-01-31 11:14:09,,True,admin
77,الرسم,2025-01-31 11:14:09,,True,admin
77,القراءة,2025-01-31 11:14:09,,True,admin
77,مهارات التواصل,2025-01-31 11:14:09,,True,admin
77,مهارات إداريّة,2025-01-31 11:14:09,,True,admin
77,مهارات العمل الجماعي,2025-01-31 11:14:09,,True,admin
77,مهارات التخطيط,2025-01-31 11:14:09,,True,admin
77,تحضير الألعاب,2025-01-31 11:14:09,,True,admin
77,التنظيم لأعمال تطوعيّة,2025-01-31 11:14:09,,True,admin
77,أجهزة الصوت (صوتيّات ومِكسرات),2025-01-31 11:14:09,,True,admin
77,أشغال يدويّة,2025-01-31 11:14:09,,True,admin
77,الدبكة والرقصات الفولكلوريّة,2025-01-31 11:14:09,,True,admin
77,تأدية حركات التراتيل,2025-01-31 11:14:09,,True,admin
77,الرقص الشرقي,2025-01-31 11:14:09,,True,admin
110,القراءة,2025-01-31 11:14:39,,True,admin
15,مهارات إداريّة,2025-01-31 11:13:01,,True,admin
15,مهارات العمل الجماعي,2025-01-31 11:13:01,,True,admin
15,مهارات التخطيط,2025-01-31 11:13:01,,True,admin
15,الرياضة,2025-01-31 11:13:01,,True,admin
167,مهارات إداريّة,2025-01-31 11:15:27,,True,admin
480,الرياضة,2025-02-01 15:25:08,,True,admin
480,التصوير الفوتوغرافي,2025-02-01 15:25:08,,True,admin
480,مهارات التواصل,2025-02-01 15:25:08,,True,admin
480,مهارات العمل الجماعي,2025-02-01 15:25:08,,True,admin
480,تحضير الألعاب,2025-02-01 15:25:08,,True,admin
480,أجهزة الصوت (صوتيّات ومِكسرات),2025-02-01 15:25:08,,True,admin
195,مهارات العمل الجماعي,2025-01-31 11:15:47,,True,admin
195,مهارات التخطيط,2025-01-31 11:15:47,,True,admin
272,الترتيل,2025-01-31 11:17:41,,True,admin
272,التصوير الفوتوغرافي,2025-01-31 11:17:41,,True,admin
272,مهارات إداريّة,2025-01-31 11:17:41,,True,admin
298,مهارات التواصل,2025-01-31 11:18:44,2026-05-29 16:26:30,False,admin
298,مهارات إداريّة,2025-01-31 11:18:44,2026-05-29 16:26:30,False,admin
298,مهارات العمل الجماعي,2025-01-31 11:18:44,2026-05-29 16:26:30,False,admin
298,مهارات التخطيط,2025-01-31 11:18:44,2026-05-29 16:26:30,False,admin
298,تحضير الألعاب,2025-01-31 11:18:44,2026-05-29 16:26:30,False,admin
298,التنظيم لأعمال تطوعيّة,2025-01-31 11:18:44,2026-05-29 16:26:30,False,admin
221,الرياضة,2025-01-31 11:16:14,,True,admin
221,مهارات التخطيط,2025-01-31 11:16:14,,True,admin
221,التنظيم لأعمال تطوعيّة,2025-01-31 11:16:14,,True,admin
91,الرياضة,2025-01-31 11:14:25,,True,admin
91,تحضير الألعاب,2025-01-31 11:14:25,,True,admin
91,التنظيم لأعمال تطوعيّة,2025-01-31 11:14:25,,True,admin
91,أشغال يدويّة,2025-01-31 11:14:25,,True,admin
91,الدبكة والرقصات الفولكلوريّة,2025-01-31 11:14:25,,True,admin
151,الرياضة,2025-01-31 11:15:07,,True,admin
151,التنظيم لأعمال تطوعيّة,2025-01-31 11:15:07,,True,admin
76,الرياضة,2025-01-31 11:14:05,,True,admin
76,القراءة,2025-01-31 11:14:05,,True,admin
76,مهارات التواصل,2025-01-31 11:14:05,,True,admin
76,مهارات العمل الجماعي,2025-01-31 11:14:05,,True,admin
76,تحضير الألعاب,2025-01-31 11:14:05,,True,admin
2303,الرياضة,2025-04-28 00:04:55,,True,admin
1988,العزف,2025-03-22 19:24:12,,True,admin
1988,الترتيل,2025-03-22 19:24:12,,True,admin
1988,الرياضة,2025-03-22 19:24:12,,True,admin
264,تركيب وصيانة الساتالايت وأجهزة الريسيفر والكاميرات,2025-01-31 11:17:17,,True,admin
1264,مهارات إداريّة,2025-03-01 19:37:37,,True,admin
1264,مهارات العمل الجماعي,2025-03-01 19:37:37,,True,admin
1264,مهارات التخطيط,2025-03-01 19:37:37,,True,admin
1264,تحضير الألعاب,2025-03-01 19:37:37,,True,admin
1855,القراءة,2025-03-20 14:44:03,,True,admin
1855,مهارات العمل الجماعي,2025-03-20 14:44:03,,True,admin
145,الرسم,2025-01-31 11:15:01,,True,admin
145,أشغال يدويّة,2025-01-31 11:15:01,,True,admin
315,الغناء,2025-01-31 11:22:37,,True,admin
315,الترتيل,2025-01-31 11:22:37,,True,admin
315,الرياضة,2025-01-31 11:22:37,,True,admin
315,كتابة نصوص,2025-01-31 11:22:37,,True,admin
315,القراءة,2025-01-31 11:22:37,,True,admin
315,مهارات العمل الجماعي,2025-01-31 11:22:37,,True,admin
315,مهارات التخطيط,2025-01-31 11:22:37,,True,admin
315,تحضير الألعاب,2025-01-31 11:22:37,,True,admin
315,تأدية حركات التراتيل,2025-01-31 11:22:37,,True,admin
310,الترتيل,2025-01-31 11:20:08,,True,admin
310,تحضير الألعاب,2025-01-31 11:20:08,,True,admin
310,التنظيم لأعمال تطوعيّة,2025-01-31 11:20:08,,True,admin
310,تأدية حركات التراتيل,2025-01-31 11:20:08,,True,admin
310,تقديم الإسعافات الأوليّة,2025-01-31 11:20:08,,True,admin
391,الرياضة,2025-02-01 08:43:18,,True,admin
1315,الرسم,2025-03-10 14:29:55,,True,admin
1315,القراءة,2025-03-10 14:29:55,,True,admin
1315,مهارات العمل الجماعي,2025-03-10 14:29:55,,True,admin
1315,تأدية حركات التراتيل,2025-03-10 14:29:55,,True,admin
2306,التصوير الفوتوغرافي,2025-04-30 14:40:21,,True,admin
137,العزف,2025-01-31 11:14:57,,True,admin
137,الغناء,2025-01-31 11:14:57,,True,admin
137,الترتيل,2025-01-31 11:14:57,,True,admin
137,التمثيل,2025-01-31 11:14:57,,True,admin
137,الرسم,2025-01-31 11:14:57,,True,admin
137,القراءة,2025-01-31 11:14:57,,True,admin
137,مهارات العمل الجماعي,2025-01-31 11:14:57,,True,admin
263,مهارات إداريّة,2025-01-31 11:17:16,2026-05-29 16:31:43,False,admin
263,مهارات العمل الجماعي,2025-01-31 11:17:16,2026-05-29 16:31:43,False,admin
263,تحضير الألعاب,2025-01-31 11:17:16,2026-05-29 16:31:43,False,admin
263,التنظيم لأعمال تطوعيّة,2025-01-31 11:17:16,2026-05-29 16:31:43,False,admin
263,أشغال يدويّة,2025-01-31 11:17:16,2026-05-29 16:31:43,False,admin
263,تأدية حركات التراتيل,2025-01-31 11:17:16,2026-05-29 16:31:43,False,admin
611,مهارات إداريّة,2025-02-02 10:18:23,,True,admin
611,أشغال يدويّة,2025-02-02 10:18:23,,True,admin
1982,العزف,2025-03-22 19:04:27,,True,admin
1982,الغناء,2025-03-22 19:04:27,,True,admin
1982,الترتيل,2025-03-22 19:04:27,,True,admin
1982,التصوير الفوتوغرافي,2025-03-22 19:04:27,,True,admin
1982,التمثيل,2025-03-22 19:04:27,,True,admin
1982,كتابة نصوص,2025-03-22 19:04:27,,True,admin
1982,التصميم الداخلي/ ديكور,2025-03-22 19:04:27,,True,admin
1982,القراءة,2025-03-22 19:04:27,,True,admin
1982,مهارات التواصل,2025-03-22 19:04:27,,True,admin
1982,مهارات إداريّة,2025-03-22 19:04:27,,True,admin
1982,مهارات العمل الجماعي,2025-03-22 19:04:27,,True,admin
1982,مهارات التخطيط,2025-03-22 19:04:27,,True,admin
1982,أشغال يدويّة,2025-03-22 19:04:27,,True,admin
163,التصوير الفوتوغرافي,2025-01-31 11:15:20,,True,admin
163,الإخراج (السينمائي/ المسرحي),2025-01-31 11:15:20,,True,admin
163,تصوير فيديو,2025-01-31 11:15:20,,True,admin
163,مونتاج فيديو,2025-01-31 11:15:20,,True,admin
163,مهارات إداريّة,2025-01-31 11:15:20,,True,admin
163,مهارات العمل الجماعي,2025-01-31 11:15:20,,True,admin
2869,العزف,2025-11-03 21:06:45,,True,admin
2869,أشغال يدويّة,2025-11-03 21:06:45,,True,admin
2869,الدبكة والرقصات الفولكلوريّة,2025-11-03 21:06:45,,True,admin
3156,العزف,2024-03-23 22:26:10,,True,admin
3156,الغناء,2024-03-23 22:26:10,,True,admin
1737,العزف,2025-03-16 22:26:54,,True,admin
1737,الرياضة,2025-03-16 22:26:54,,True,admin
2210,الرياضة,2025-04-01 18:35:47,,True,admin
2210,التمثيل,2025-04-01 18:35:47,,True,admin
1143,الرياضة,2025-02-23 16:48:58,,True,admin
1547,الرياضة,2025-03-14 09:05:49,,True,admin
1547,التمثيل,2025-03-14 09:05:49,,True,admin
1547,تأدية حركات التراتيل,2025-03-14 09:05:49,,True,admin
705,مهارات التواصل,2025-02-03 14:23:56,,True,admin
705,مهارات إداريّة,2025-02-03 14:23:56,,True,admin
705,مهارات العمل الجماعي,2025-02-03 14:23:56,,True,admin
705,مهارات التخطيط,2025-02-03 14:23:56,,True,admin
705,التنظيم لأعمال تطوعيّة,2025-02-03 14:23:56,,True,admin
186,الرياضة,2025-01-31 11:15:44,,True,admin
186,التمثيل,2025-01-31 11:15:44,,True,admin
186,الدبكة والرقصات الفولكلوريّة,2025-01-31 11:15:44,,True,admin
1479,القراءة,2025-03-12 20:35:46,,True,admin
1479,أشغال يدويّة,2025-03-12 20:35:46,,True,admin
1507,الرياضة,2025-03-13 16:39:21,,True,admin
1427,العزف,2025-03-11 15:01:54,,True,admin
1427,الرياضة,2025-03-11 15:01:54,,True,admin
1427,الرسم,2025-03-11 15:01:54,,True,admin
1464,التمثيل,2025-03-12 17:28:51,,True,admin
1464,التصوير الفوتوغرافي,2025-03-12 17:28:51,,True,admin
1649,أشغال يدويّة,2025-03-16 09:34:01,,True,admin
1245,الرياضة,2025-02-28 03:21:59,,True,admin
946,الرياضة,2025-02-16 23:34:41,,True,admin
946,تصوير فيديو,2025-02-16 23:34:41,,True,admin
946,مهارات التواصل,2025-02-16 23:34:41,,True,admin
946,الدبكة والرقصات الفولكلوريّة,2025-02-16 23:34:41,,True,admin
2007,الغناء,2025-03-22 20:51:25,,True,admin
2007,الترتيل,2025-03-22 20:51:25,,True,admin
2007,الرياضة,2025-03-22 20:51:25,,True,admin
2007,مهارات التواصل,2025-03-22 20:51:25,,True,admin
2007,مهارات العمل الجماعي,2025-03-22 20:51:25,,True,admin
2007,مهارات التخطيط,2025-03-22 20:51:25,,True,admin
2007,تحضير الألعاب,2025-03-22 20:51:25,,True,admin
2007,التنظيم لأعمال تطوعيّة,2025-03-22 20:51:25,,True,admin
2007,أشغال يدويّة,2025-03-22 20:51:25,,True,admin
2007,الدبكة والرقصات الفولكلوريّة,2025-03-22 20:51:25,,True,admin
2007,تأدية حركات التراتيل,2025-03-22 20:51:25,,True,admin
1582,الرياضة,2025-03-14 17:26:25,,True,admin
1582,مهارات العمل الجماعي,2025-03-14 17:26:25,,True,admin
1144,الرياضة,2025-02-23 16:48:59,,True,admin
1144,الرسم,2025-02-23 16:48:59,,True,admin
293,تصوير فيديو,2025-01-31 11:18:33,,True,admin
293,مونتاج فيديو,2025-01-31 11:18:33,,True,admin
293,تأدية حركات التراتيل,2025-01-31 11:18:33,,True,admin
293,الترتيل,2025-01-31 11:18:33,,True,admin
538,الرياضة,2025-02-01 20:49:57,,True,admin
538,الدبكة والرقصات الفولكلوريّة,2025-02-01 20:49:57,,True,admin
538,الرسم,2025-02-01 20:49:57,,True,admin
693,العزف,2025-02-03 12:49:04,,True,admin
693,الرياضة,2025-02-03 12:49:04,,True,admin
541,القراءة,2025-02-01 20:51:51,,True,admin
541,أشغال يدويّة,2025-02-01 20:51:51,,True,admin
541,الدبكة والرقصات الفولكلوريّة,2025-02-01 20:51:51,,True,admin
541,الرياضة,2025-02-01 20:51:51,,True,admin
541,تصوير فيديو,2025-02-01 20:51:51,,True,admin
541,التصميم الداخلي/ ديكور,2025-02-01 20:51:51,,True,admin
541,مونتاج فيديو,2025-02-01 20:51:51,,True,admin
541,مهارات إداريّة,2025-02-01 20:51:51,,True,admin
541,مهارات العمل الجماعي,2025-02-01 20:51:51,,True,admin
541,مهارات التخطيط,2025-02-01 20:51:51,,True,admin
541,تحضير الألعاب,2025-02-01 20:51:51,,True,admin
541,التنظيم لأعمال تطوعيّة,2025-02-01 20:51:51,,True,admin
2234,التمثيل,2025-04-05 19:39:30,,True,admin
2234,الرياضة,2025-04-05 19:39:30,,True,admin
2234,مهارات العمل الجماعي,2025-04-05 19:39:30,,True,admin
690,تأدية حركات التراتيل,2025-02-03 12:38:06,,True,admin
690,الدبكة والرقصات الفولكلوريّة,2025-02-03 12:38:06,,True,admin
690,خدمة الهيكل,2025-02-03 12:38:06,,True,admin
690,الرياضة,2025-02-03 12:38:06,,True,admin
690,مهارات إداريّة,2025-02-03 12:38:06,,True,admin
690,تحضير الألعاب,2025-02-03 12:38:06,,True,admin
690,مهارات التواصل,2025-02-03 12:38:06,,True,admin
690,أشغال يدويّة,2025-02-03 12:38:06,,True,admin
612,الترتيل,2025-02-02 10:19:52,,True,admin
612,الرياضة,2025-02-02 10:19:52,,True,admin
612,الرسم,2025-02-02 10:19:52,,True,admin
612,أشغال يدويّة,2025-02-02 10:19:52,,True,admin
612,الدبكة والرقصات الفولكلوريّة,2025-02-02 10:19:52,,True,admin
612,تصوير فيديو,2025-02-02 10:19:52,,True,admin
612,كتابة نصوص,2025-02-02 10:19:52,,True,admin
612,مهارات التواصل,2025-02-02 10:19:52,,True,admin
612,مهارات العمل الجماعي,2025-02-02 10:19:52,,True,admin
612,تحضير الألعاب,2025-02-02 10:19:52,,True,admin
612,التنظيم لأعمال تطوعيّة,2025-02-02 10:19:52,,True,admin
233,الرسم,2025-01-31 11:16:28,,True,admin
233,التنظيم لأعمال تطوعيّة,2025-01-31 11:16:28,,True,admin
233,أشغال يدويّة,2025-01-31 11:16:28,,True,admin
233,التصوير الفوتوغرافي,2025-01-31 11:16:28,,True,admin
233,مهارات التواصل,2025-01-31 11:16:28,,True,admin
233,مهارات التخطيط,2025-01-31 11:16:28,,True,admin
233,تحضير الألعاب,2025-01-31 11:16:28,,True,admin
223,التصوير الفوتوغرافي,2025-01-31 11:16:16,,True,admin
223,تصوير فيديو,2025-01-31 11:16:16,,True,admin
223,مهارات العمل الجماعي,2025-01-31 11:16:16,,True,admin
223,التنظيم لأعمال تطوعيّة,2025-01-31 11:16:16,,True,admin
223,الدبكة والرقصات الفولكلوريّة,2025-01-31 11:16:16,,True,admin
223,تأدية حركات التراتيل,2025-01-31 11:16:16,,True,admin
223,مهارات التواصل,2025-01-31 11:16:16,,True,admin
223,مهارات إداريّة,2025-01-31 11:16:16,,True,admin
2304,العزف,2025-04-28 18:12:07,,True,admin
2304,الترتيل,2025-04-28 18:12:07,,True,admin
2304,الرياضة,2025-04-28 18:12:07,,True,admin
2304,التمثيل,2025-04-28 18:12:07,,True,admin
2304,الرسم,2025-04-28 18:12:07,,True,admin
2304,مهارات التواصل,2025-04-28 18:12:07,,True,admin
2304,مهارات إداريّة,2025-04-28 18:12:07,,True,admin
2304,مهارات العمل الجماعي,2025-04-28 18:12:07,,True,admin
2304,الدبكة والرقصات الفولكلوريّة,2025-04-28 18:12:07,,True,admin
1400,أجهزة الصوت (صوتيّات ومِكسرات),2025-03-11 11:25:56,,True,admin
1400,كتابة نصوص,2025-03-11 11:25:56,,True,admin
1400,مونتاج فيديو,2025-03-11 11:25:56,,True,admin
241,القراءة,2025-01-31 11:16:43,,True,admin
241,مهارات التواصل,2025-01-31 11:16:43,,True,admin
241,مهارات العمل الجماعي,2025-01-31 11:16:43,,True,admin
241,مهارات التخطيط,2025-01-31 11:16:43,,True,admin
241,تحضير الألعاب,2025-01-31 11:16:43,,True,admin
241,التنظيم لأعمال تطوعيّة,2025-01-31 11:16:43,,True,admin
1256,التصوير الفوتوغرافي,2025-03-01 14:46:42,,True,admin
1256,التصميم الجرافيكي,2025-03-01 14:46:42,,True,admin
1256,مهارات التواصل,2025-03-01 14:46:42,,True,admin
1256,مهارات العمل الجماعي,2025-03-01 14:46:42,,True,admin
1256,أشغال يدويّة,2025-03-01 14:46:42,,True,admin
1256,الدبكة والرقصات الفولكلوريّة,2025-03-01 14:46:42,,True,admin
762,الرياضة,2025-02-04 13:52:51,,True,admin
762,مونتاج فيديو,2025-02-04 13:52:51,,True,admin
762,تحضير الألعاب,2025-02-04 13:52:51,,True,admin
762,التصوير الفوتوغرافي,2025-02-04 13:52:51,,True,admin
762,تصوير فيديو,2025-02-04 13:52:51,,True,admin
762,مهارات التواصل,2025-02-04 13:52:51,,True,admin
762,مهارات العمل الجماعي,2025-02-04 13:52:51,,True,admin
762,مهارات التخطيط,2025-02-04 13:52:51,,True,admin
762,التنظيم لأعمال تطوعيّة,2025-02-04 13:52:51,,True,admin
762,أشغال يدويّة,2025-02-04 13:52:51,,True,admin
1630,العزف,2025-03-15 22:12:45,,True,admin
1630,الترتيل,2025-03-15 22:12:45,,True,admin
1630,الغناء,2025-03-15 22:12:45,,True,admin
1466,الرياضة,2025-03-12 17:46:20,,True,admin
1466,التمثيل,2025-03-12 17:46:20,,True,admin
1466,الرسم,2025-03-12 17:46:20,,True,admin
1466,القراءة,2025-03-12 17:46:20,,True,admin
1466,أشغال يدويّة,2025-03-12 17:46:20,,True,admin
1466,الدبكة والرقصات الفولكلوريّة,2025-03-12 17:46:20,,True,admin
1466,تأدية حركات التراتيل,2025-03-12 17:46:20,,True,admin
404,مهارات التواصل,2025-02-01 12:23:59,,True,admin
404,مهارات إداريّة,2025-02-01 12:23:59,,True,admin
404,مهارات التخطيط,2025-02-01 12:23:59,,True,admin
404,التنظيم لأعمال تطوعيّة,2025-02-01 12:23:59,,True,admin
404,مهارات العمل الجماعي,2025-02-01 12:23:59,,True,admin
540,الرياضة,2025-02-01 20:50:47,,True,admin
529,العزف,2025-02-01 20:43:43,,True,admin
529,الترتيل,2025-02-01 20:43:43,,True,admin
529,التمثيل,2025-02-01 20:43:43,,True,admin
529,تأدية حركات التراتيل,2025-02-01 20:43:43,,True,admin
529,الرسم,2025-02-01 20:43:43,,True,admin
529,أشغال يدويّة,2025-02-01 20:43:43,,True,admin
529,الغناء,2025-02-01 20:43:43,,True,admin
529,الرقص الغربي,2025-02-01 20:43:43,,True,admin
542,القراءة,2025-02-01 20:56:13,,True,admin
966,مهارات العمل الجماعي,2025-02-18 13:31:59,,True,admin
966,تحضير الألعاب,2025-02-18 13:31:59,,True,admin
966,مونتاج فيديو,2025-02-18 13:31:59,,True,admin
966,التصميم الداخلي/ ديكور,2025-02-18 13:31:59,,True,admin
124,الغناء,2025-01-31 11:14:47,,True,admin
124,الترتيل,2025-01-31 11:14:47,,True,admin
124,الرياضة,2025-01-31 11:14:47,,True,admin
124,مهارات التخطيط,2025-01-31 11:14:47,,True,admin
124,تأدية حركات التراتيل,2025-01-31 11:14:47,,True,admin
1408,أشغال يدويّة,2025-03-11 11:51:10,,True,admin
1408,الرسم,2025-03-11 11:51:10,,True,admin
1622,التصوير الفوتوغرافي,2025-03-15 20:32:02,,True,admin
1622,التمثيل,2025-03-15 20:32:02,,True,admin
1622,تحضير الألعاب,2025-03-15 20:32:02,,True,admin
1622,مهارات التخطيط,2025-03-15 20:32:02,,True,admin
1622,التنظيم لأعمال تطوعيّة,2025-03-15 20:32:02,,True,admin
1622,الرياضة,2025-03-15 20:32:02,,True,admin
929,الرياضة,2025-02-16 23:03:25,,True,admin
929,ألعاب الفيديو,2025-02-16 23:03:25,,True,admin
929,القراءة,2025-02-16 23:03:25,,True,admin
929,مهارات التواصل,2025-02-16 23:03:25,,True,admin
929,مهارات إداريّة,2025-02-16 23:03:25,,True,admin
929,مهارات العمل الجماعي,2025-02-16 23:03:25,,True,admin
929,مهارات التخطيط,2025-02-16 23:03:25,,True,admin
929,التنظيم لأعمال تطوعيّة,2025-02-16 23:03:25,,True,admin
2480,الرياضة,2025-06-09 17:38:08,,True,admin
1214,الرسم,2025-02-25 20:28:35,,True,admin
1214,القراءة,2025-02-25 20:28:35,,True,admin
1214,الغناء,2025-02-25 20:28:35,,True,admin
1214,الترتيل,2025-02-25 20:28:35,,True,admin
791,الرياضة,2025-02-05 17:12:40,,True,admin
791,التمثيل,2025-02-05 17:12:40,,True,admin
791,مهارات التواصل,2025-02-05 17:12:40,,True,admin
791,مهارات إداريّة,2025-02-05 17:12:40,,True,admin
791,مهارات العمل الجماعي,2025-02-05 17:12:40,,True,admin
791,مهارات التخطيط,2025-02-05 17:12:40,,True,admin
791,تحضير الألعاب,2025-02-05 17:12:40,,True,admin
791,التنظيم لأعمال تطوعيّة,2025-02-05 17:12:40,,True,admin
791,أشغال يدويّة,2025-02-05 17:12:40,,True,admin
278,التمثيل,2025-01-31 11:18:02,,True,admin
278,أجهزة الصوت (صوتيّات ومِكسرات),2025-01-31 11:18:02,,True,admin
278,الدبكة والرقصات الفولكلوريّة,2025-01-31 11:18:02,,True,admin
278,الترتيل,2025-01-31 11:18:02,,True,admin
1569,الترتيل,2025-03-14 12:41:23,,True,admin
1569,الرياضة,2025-03-14 12:41:23,,True,admin
1569,القراءة,2025-03-14 12:41:23,,True,admin
1569,مهارات التواصل,2025-03-14 12:41:23,,True,admin
1569,مهارات العمل الجماعي,2025-03-14 12:41:23,,True,admin
1569,مهارات التخطيط,2025-03-14 12:41:23,,True,admin
2277,العزف,2025-04-21 15:15:50,,True,admin
2277,الرسم,2025-04-21 15:15:50,,True,admin
59,التمثيل,2025-01-31 11:13:46,,True,admin
59,مهارات التواصل,2025-01-31 11:13:46,,True,admin
59,مهارات إداريّة,2025-01-31 11:13:46,,True,admin
59,التنظيم لأعمال تطوعيّة,2025-01-31 11:13:46,,True,admin
59,أشغال يدويّة,2025-01-31 11:13:46,,True,admin
59,الترتيل,2025-01-31 11:13:46,,True,admin
59,مهارات العمل الجماعي,2025-01-31 11:13:46,,True,admin
267,التمثيل,2025-01-31 11:17:21,,True,admin
267,مهارات إداريّة,2025-01-31 11:17:21,,True,admin
267,مهارات التخطيط,2025-01-31 11:17:21,,True,admin
267,التنظيم لأعمال تطوعيّة,2025-01-31 11:17:21,,True,admin
267,مهارات العمل الجماعي,2025-01-31 11:17:21,,True,admin
2851,كتابة نصوص,2025-11-03 00:02:06,,True,admin
2851,التصوير الفوتوغرافي,2025-11-03 00:02:06,,True,admin
2851,التمثيل,2025-11-03 00:02:06,,True,admin
2851,تأدية حركات التراتيل,2025-11-03 00:02:06,,True,admin
2851,مهارات التواصل,2025-11-03 00:02:06,,True,admin
2851,مهارات العمل الجماعي,2025-11-03 00:02:06,,True,admin
2851,أشغال يدويّة,2025-11-03 00:02:06,,True,admin
1308,العزف,2025-03-09 20:05:01,2026-05-29 15:23:22,False,admin
1308,أجهزة الصوت (صوتيّات ومِكسرات),2025-03-09 20:05:01,2026-05-29 15:23:22,False,admin
1308,مهارات التواصل,2025-03-09 20:05:01,2026-05-29 15:23:22,False,admin
1165,الرياضة,2025-02-23 19:35:32,,True,admin
1165,التمثيل,2025-02-23 19:35:32,,True,admin
1165,أشغال يدويّة,2025-02-23 19:35:32,,True,admin
1165,تأدية حركات التراتيل,2025-02-23 19:35:32,,True,admin
1165,مهارات التواصل,2025-02-23 19:35:32,,True,admin
1165,مهارات إداريّة,2025-02-23 19:35:32,,True,admin
1165,مهارات العمل الجماعي,2025-02-23 19:35:32,,True,admin
1314,مهارات التواصل,2025-03-10 14:23:29,,True,admin
1314,مهارات إداريّة,2025-03-10 14:23:29,,True,admin
1314,مهارات العمل الجماعي,2025-03-10 14:23:29,,True,admin
1314,مهارات التخطيط,2025-03-10 14:23:29,,True,admin
1314,تحضير الألعاب,2025-03-10 14:23:29,,True,admin
400,العزف,2025-02-01 12:13:29,,True,admin
400,الرياضة,2025-02-01 12:13:29,,True,admin
400,مهارات التواصل,2025-02-01 12:13:29,,True,admin
400,مهارات إداريّة,2025-02-01 12:13:29,,True,admin
400,مهارات العمل الجماعي,2025-02-01 12:13:29,,True,admin
400,مهارات التخطيط,2025-02-01 12:13:29,,True,admin
400,الدبكة والرقصات الفولكلوريّة,2025-02-01 12:13:29,,True,admin
400,التمثيل,2025-02-01 12:13:29,,True,admin
400,تحضير الألعاب,2025-02-01 12:13:29,,True,admin
400,التنظيم لأعمال تطوعيّة,2025-02-01 12:13:29,,True,admin
587,التمثيل,2025-02-01 22:40:21,,True,admin
587,تحضير الألعاب,2025-02-01 22:40:21,,True,admin
587,التنظيم لأعمال تطوعيّة,2025-02-01 22:40:21,,True,admin
587,الدبكة والرقصات الفولكلوريّة,2025-02-01 22:40:21,,True,admin
587,تأدية حركات التراتيل,2025-02-01 22:40:21,,True,admin
587,التصميم الداخلي/ ديكور,2025-02-01 22:40:21,,True,admin
2080,الرياضة,2025-03-27 20:53:21,,True,admin
2080,التصوير الفوتوغرافي,2025-03-27 20:53:21,,True,admin
2080,تصوير فيديو,2025-03-27 20:53:21,,True,admin
2080,الرسم,2025-03-27 20:53:21,,True,admin
2080,القراءة,2025-03-27 20:53:21,,True,admin
2080,مهارات التواصل,2025-03-27 20:53:21,,True,admin
2080,مهارات إداريّة,2025-03-27 20:53:21,,True,admin
2080,مهارات التخطيط,2025-03-27 20:53:21,,True,admin
2080,تحضير الألعاب,2025-03-27 20:53:21,,True,admin
2080,التنظيم لأعمال تطوعيّة,2025-03-27 20:53:21,,True,admin
2080,مونتاج فيديو,2025-03-27 20:53:21,,True,admin
1518,العزف,2025-03-13 18:23:57,,True,admin
1518,الرسم,2025-03-13 18:23:57,,True,admin
1518,القراءة,2025-03-13 18:23:57,,True,admin
1518,الدبكة والرقصات الفولكلوريّة,2025-03-13 18:23:57,,True,admin
1518,الرياضة,2025-03-13 18:23:57,,True,admin
2576,الرياضة,2025-07-15 11:53:26,,True,admin
2576,كتابة نصوص,2025-07-15 11:53:26,,True,admin
2576,مهارات التواصل,2025-07-15 11:53:26,,True,admin
2576,مهارات العمل الجماعي,2025-07-15 11:53:26,,True,admin
2576,تحضير الألعاب,2025-07-15 11:53:26,,True,admin
871,الرسم,2025-02-12 23:16:47,,True,admin
203,الرياضة,2025-01-31 11:15:55,,True,admin
203,الرسم,2025-01-31 11:15:55,,True,admin
203,مهارات التواصل,2025-01-31 11:15:55,,True,admin
203,مهارات إداريّة,2025-01-31 11:15:55,,True,admin
203,مهارات العمل الجماعي,2025-01-31 11:15:55,,True,admin
203,مهارات التخطيط,2025-01-31 11:15:55,,True,admin
203,التنظيم لأعمال تطوعيّة,2025-01-31 11:15:55,,True,admin
203,أجهزة الصوت (صوتيّات ومِكسرات),2025-01-31 11:15:55,,True,admin
2230,الرياضة,2025-04-04 22:09:12,,True,admin
318,القراءة,2025-01-31 11:23:15,,True,admin
318,مهارات العمل الجماعي,2025-01-31 11:23:15,,True,admin
318,تحضير الألعاب,2025-01-31 11:23:15,,True,admin
318,أشغال يدويّة,2025-01-31 11:23:15,,True,admin
280,كتابة نصوص,2025-01-31 11:18:06,,True,admin
280,الرسم,2025-01-31 11:18:06,,True,admin
280,القراءة,2025-01-31 11:18:06,,True,admin
2231,تأدية حركات التراتيل,2025-04-04 22:09:38,,True,admin
401,تصليح الأشياء الإلكترونية,2025-02-01 12:19:50,,True,admin
406,الترتيل,2025-02-01 12:34:29,,True,admin
406,الرسم,2025-02-01 12:34:29,,True,admin
406,مهارات التواصل,2025-02-01 12:34:29,,True,admin
406,مهارات إداريّة,2025-02-01 12:34:29,,True,admin
406,مهارات العمل الجماعي,2025-02-01 12:34:29,,True,admin
406,مهارات التخطيط,2025-02-01 12:34:29,,True,admin
406,تحضير الألعاب,2025-02-01 12:34:29,,True,admin
406,التنظيم لأعمال تطوعيّة,2025-02-01 12:34:29,,True,admin
406,أشغال يدويّة,2025-02-01 12:34:29,,True,admin
406,الدبكة والرقصات الفولكلوريّة,2025-02-01 12:34:29,,True,admin
204,أشغال يدويّة,2025-01-31 11:15:55,,True,admin
965,التصوير الفوتوغرافي,2025-02-18 13:29:59,,True,admin
965,التصميم الجرافيكي,2025-02-18 13:29:59,,True,admin
965,التمثيل,2025-02-18 13:29:59,,True,admin
965,الإخراج (السينمائي/ المسرحي),2025-02-18 13:29:59,,True,admin
965,تصوير فيديو,2025-02-18 13:29:59,,True,admin
965,مونتاج فيديو,2025-02-18 13:29:59,,True,admin
965,مهارات التواصل,2025-02-18 13:29:59,,True,admin
965,مهارات إداريّة,2025-02-18 13:29:59,,True,admin
965,مهارات العمل الجماعي,2025-02-18 13:29:59,,True,admin
965,تحضير الألعاب,2025-02-18 13:29:59,,True,admin
965,التنظيم لأعمال تطوعيّة,2025-02-18 13:29:59,,True,admin
313,القراءة,2025-01-31 11:21:26,,True,admin
313,مهارات التواصل,2025-01-31 11:21:26,,True,admin
313,مهارات العمل الجماعي,2025-01-31 11:21:26,,True,admin
313,مهارات التخطيط,2025-01-31 11:21:26,,True,admin
375,الرياضة,2025-01-31 21:34:04,,True,admin
375,التمثيل,2025-01-31 21:34:04,,True,admin
269,الترتيل,2025-01-31 11:17:34,,True,admin
269,تصوير فيديو,2025-01-31 11:17:34,,True,admin
269,القراءة,2025-01-31 11:17:34,,True,admin
604,الترتيل,2025-02-02 00:11:15,,True,admin
604,أشغال يدويّة,2025-02-02 00:11:15,,True,admin
604,الغناء,2025-02-02 00:11:15,,True,admin
604,الطبخ,2025-02-02 00:11:15,,True,admin
954,العزف,2025-02-17 15:34:07,,True,admin
954,التمثيل,2025-02-17 15:34:07,,True,admin
954,السباحة,2025-02-17 15:34:07,,True,admin
843,العزف,2025-02-10 14:23:55,,True,admin
2065,التمثيل,2025-03-27 17:33:02,,True,admin
1531,الرياضة,2025-03-13 18:29:05,,True,admin
1531,القراءة,2025-03-13 18:29:05,,True,admin
323,الغناء,2025-01-31 11:29:09,,True,admin
323,الترتيل,2025-01-31 11:29:09,,True,admin
323,كتابة نصوص,2025-01-31 11:29:09,,True,admin
323,القراءة,2025-01-31 11:29:09,,True,admin
323,مهارات التواصل,2025-01-31 11:29:09,,True,admin
323,مهارات إداريّة,2025-01-31 11:29:09,,True,admin
323,مهارات العمل الجماعي,2025-01-31 11:29:09,,True,admin
323,مهارات التخطيط,2025-01-31 11:29:09,,True,admin
323,تحضير الألعاب,2025-01-31 11:29:09,,True,admin
323,التنظيم لأعمال تطوعيّة,2025-01-31 11:29:09,,True,admin
323,التمثيل,2025-01-31 11:29:09,,True,admin
323,التصميم الداخلي/ ديكور,2025-01-31 11:29:09,,True,admin
323,أشغال يدويّة,2025-01-31 11:29:09,,True,admin
2229,الرسم,2025-04-04 20:38:24,,True,admin
2229,القراءة,2025-04-04 20:38:24,,True,admin
2229,الرياضة,2025-04-04 20:38:24,,True,admin
465,الرياضة,2025-02-01 14:59:02,,True,admin
465,الدبكة والرقصات الفولكلوريّة,2025-02-01 14:59:02,,True,admin
790,الرياضة,2025-02-05 16:55:37,,True,admin
1201,أشغال يدويّة,2025-02-24 21:13:12,,True,admin
1201,الرياضة,2025-02-24 21:13:12,,True,admin
1201,تصوير فيديو,2025-02-24 21:13:12,,True,admin
1201,مهارات التواصل,2025-02-24 21:13:12,,True,admin
1201,مهارات العمل الجماعي,2025-02-24 21:13:12,,True,admin
1385,الترتيل,2025-03-11 07:47:15,,True,admin
1385,الدبكة والرقصات الفولكلوريّة,2025-03-11 07:47:15,,True,admin
1385,الغناء,2025-03-11 07:47:15,,True,admin
956,السباحة,2025-02-17 15:39:54,,True,admin
956,الرسم,2025-02-17 15:39:54,,True,admin
1232,العزف,2025-02-27 18:03:13,,True,admin
1232,الترتيل,2025-02-27 18:03:13,,True,admin
1232,الرياضة,2025-02-27 18:03:13,,True,admin
1232,التمثيل,2025-02-27 18:03:13,,True,admin
1232,تأدية حركات التراتيل,2025-02-27 18:03:13,,True,admin
1232,الرسم,2025-02-27 18:03:13,,True,admin
1232,القراءة,2025-02-27 18:03:13,,True,admin
1232,أشغال يدويّة,2025-02-27 18:03:13,,True,admin
1232,الدبكة والرقصات الفولكلوريّة,2025-02-27 18:03:13,,True,admin
1232,الغناء,2025-02-27 18:03:13,,True,admin
1232,مهارات العمل الجماعي,2025-02-27 18:03:13,,True,admin
1232,تحضير الألعاب,2025-02-27 18:03:13,,True,admin
1232,التنظيم لأعمال تطوعيّة,2025-02-27 18:03:13,,True,admin
1424,الرياضة,2025-03-11 14:45:00,,True,admin
1424,الدبكة والرقصات الفولكلوريّة,2025-03-11 14:45:00,,True,admin
1424,الرسم,2025-03-11 14:45:00,,True,admin
1495,العزف,2025-03-13 01:31:19,,True,admin
1495,الرياضة,2025-03-13 01:31:19,,True,admin
1495,الدبكة والرقصات الفولكلوريّة,2025-03-13 01:31:19,,True,admin
253,العزف,2025-01-31 11:17:01,2026-05-29 15:58:15,False,admin
253,الرياضة,2025-01-31 11:17:01,2026-05-29 15:58:15,False,admin
206,الرياضة,2025-01-31 11:15:57,,True,admin
206,التصوير الفوتوغرافي,2025-01-31 11:15:57,,True,admin
206,التصميم الجرافيكي,2025-01-31 11:15:57,,True,admin
206,القراءة,2025-01-31 11:15:57,,True,admin
206,مهارات التواصل,2025-01-31 11:15:57,,True,admin
206,الغناء,2025-01-31 11:15:57,,True,admin
206,تصوير فيديو,2025-01-31 11:15:57,,True,admin
206,الرسم,2025-01-31 11:15:57,,True,admin
206,مهارات إداريّة,2025-01-31 11:15:57,,True,admin
206,مهارات العمل الجماعي,2025-01-31 11:15:57,,True,admin
206,مهارات التخطيط,2025-01-31 11:15:57,,True,admin
206,أشغال يدويّة,2025-01-31 11:15:57,,True,admin
206,الدبكة والرقصات الفولكلوريّة,2025-01-31 11:15:57,,True,admin
3032,مهارات العمل الجماعي,2026-01-24 17:45:48,,True,admin
3032,مهارات التخطيط,2026-01-24 17:45:48,,True,admin
3032,تحضير الألعاب,2026-01-24 17:45:48,,True,admin
1347,التصوير الفوتوغرافي,2025-03-10 15:59:32,,True,admin
1347,تصوير فيديو,2025-03-10 15:59:32,,True,admin
3157,العزف,2024-11-02 15:18:54,,True,admin
3157,الترتيل,2024-11-02 15:18:54,,True,admin
3157,التمثيل,2024-11-02 15:18:54,,True,admin
3158,الرياضة,2024-03-01 12:12:39,,True,admin
3159,مهارات العمل الجماعي,2024-02-28 23:04:44,,True,admin
3159,التنظيم لأعمال تطوعيّة,2024-02-28 23:04:44,,True,admin
3160,العزف,2024-03-02 01:00:18,,True,admin
3160,الرياضة,2024-03-02 01:00:18,,True,admin
3160,مهارات إداريّة,2024-03-02 01:00:18,,True,admin
870,الرياضة,2025-02-12 23:15:02,,True,admin
918,التصميم الجرافيكي,2025-02-16 15:32:27,2026-05-29 16:38:55,False,admin
918,التمثيل,2025-02-16 15:32:27,2026-05-29 16:38:55,False,admin
918,التصميم الداخلي/ ديكور,2025-02-16 15:32:27,2026-05-29 16:38:55,False,admin
918,مونتاج فيديو,2025-02-16 15:32:27,2026-05-29 16:38:55,False,admin
918,الرسم,2025-02-16 15:32:27,2026-05-29 16:38:55,False,admin
918,مهارات التواصل,2025-02-16 15:32:27,2026-05-29 16:38:55,False,admin
918,مهارات إداريّة,2025-02-16 15:32:27,2026-05-29 16:38:55,False,admin
918,تحضير الألعاب,2025-02-16 15:32:27,2026-05-29 16:38:55,False,admin
918,أشغال يدويّة,2025-02-16 15:32:27,2026-05-29 16:38:55,False,admin
918,تأدية حركات التراتيل,2025-02-16 15:32:27,2026-05-29 16:38:55,False,admin
918,التنظيم لأعمال تطوعيّة,2025-02-16 15:32:27,2026-05-29 16:38:55,False,admin
713,العزف,2025-02-03 15:28:18,,True,admin
713,الدبكة والرقصات الفولكلوريّة,2025-02-03 15:28:18,,True,admin
713,الرياضة,2025-02-03 15:28:18,,True,admin
721,الرياضة,2025-02-03 15:57:39,,True,admin
721,أشغال يدويّة,2025-02-03 15:57:39,,True,admin
721,الإخراج (السينمائي/ المسرحي),2025-02-03 15:57:39,,True,admin
138,كتابة نصوص,2025-01-31 11:14:58,,True,admin
138,مهارات التواصل,2025-01-31 11:14:58,,True,admin
138,مهارات العمل الجماعي,2025-01-31 11:14:58,,True,admin
138,مهارات التخطيط,2025-01-31 11:14:58,,True,admin
138,التنظيم لأعمال تطوعيّة,2025-01-31 11:14:58,,True,admin
138,التصميم الجرافيكي,2025-01-31 11:14:58,,True,admin
138,الرسم,2025-01-31 11:14:58,,True,admin
3161,التصميم الداخلي/ ديكور,2024-04-15 19:59:12,,True,admin
3161,الدبكة والرقصات الفولكلوريّة,2024-04-15 19:59:12,,True,admin
592,الرياضة,2025-02-01 22:58:19,,True,admin
232,التصوير الفوتوغرافي,2025-01-31 11:16:27,2026-05-29 16:30:14,False,admin
232,التصميم الجرافيكي,2025-01-31 11:16:27,2026-05-29 16:30:14,False,admin
232,التصميم الداخلي/ ديكور,2025-01-31 11:16:27,2026-05-29 16:30:14,False,admin
232,الرسم,2025-01-31 11:16:27,2026-05-29 16:30:14,False,admin
232,مهارات التواصل,2025-01-31 11:16:27,2026-05-29 16:30:14,False,admin
232,تحضير الألعاب,2025-01-31 11:16:27,2026-05-29 16:30:14,False,admin
232,أشغال يدويّة,2025-01-31 11:16:27,2026-05-29 16:30:14,False,admin
232,القراءة,2025-01-31 11:16:27,2026-05-29 16:30:14,False,admin
716,العزف,2025-02-03 15:34:05,,True,admin
716,الرياضة,2025-02-03 15:34:05,,True,admin
716,الترتيل,2025-02-03 15:34:05,,True,admin
716,تأدية حركات التراتيل,2025-02-03 15:34:05,,True,admin
716,مهارات العمل الجماعي,2025-02-03 15:34:05,,True,admin
3057,مهارات إداريّة,2026-01-25 15:16:45,,True,admin
3057,العزف,2026-01-25 15:16:45,,True,admin
3057,الرياضة,2026-01-25 15:16:45,,True,admin
3057,التمثيل,2026-01-25 15:16:45,,True,admin
3057,كتابة نصوص,2026-01-25 15:16:45,,True,admin
3057,القراءة,2026-01-25 15:16:45,,True,admin
3057,مهارات التواصل,2026-01-25 15:16:45,,True,admin
3057,مهارات العمل الجماعي,2026-01-25 15:16:45,,True,admin
3057,الدبكة والرقصات الفولكلوريّة,2026-01-25 15:16:45,,True,admin
2120,الرسم,2025-03-29 18:07:08,,True,admin
2120,القراءة,2025-03-29 18:07:08,,True,admin
2120,أشغال يدويّة,2025-03-29 18:07:08,,True,admin
2120,التنظيم لأعمال تطوعيّة,2025-03-29 18:07:08,,True,admin
689,الرياضة,2025-02-03 12:34:52,,True,admin
708,الرياضة,2025-02-03 14:48:20,,True,admin
708,التمثيل,2025-02-03 14:48:20,,True,admin
708,مهارات العمل الجماعي,2025-02-03 14:48:20,,True,admin
708,تحضير الألعاب,2025-02-03 14:48:20,,True,admin
708,أشغال يدويّة,2025-02-03 14:48:20,,True,admin
708,التنظيم لأعمال تطوعيّة,2025-02-03 14:48:20,,True,admin
674,الرسم,2025-02-02 21:06:35,,True,admin
674,أشغال يدويّة,2025-02-02 21:06:35,,True,admin
2119,تايكواندو,2025-03-29 18:07:06,,True,admin
2119,الرياضة,2025-03-29 18:07:06,,True,admin
1442,العزف,2025-03-11 17:50:00,,True,admin
1442,الرياضة,2025-03-11 17:50:00,,True,admin
1442,التمثيل,2025-03-11 17:50:00,,True,admin
1442,الرسم,2025-03-11 17:50:00,,True,admin
1442,الدبكة والرقصات الفولكلوريّة,2025-03-11 17:50:00,,True,admin
1442,تصوير فيديو,2025-03-11 17:50:00,,True,admin
1442,تحضير الألعاب,2025-03-11 17:50:00,,True,admin
3162,الرياضة,2024-04-15 20:09:38,,True,admin
3163,الرياضة,2024-11-07 20:39:56,,True,admin
3164,العزف,2024-04-15 20:11:25,,True,admin
3164,الدبكة والرقصات الفولكلوريّة,2024-04-15 20:11:25,,True,admin
211,القراءة,2025-01-31 11:16:02,,True,admin
211,مهارات العمل الجماعي,2025-01-31 11:16:02,,True,admin
211,التنظيم لأعمال تطوعيّة,2025-01-31 11:16:02,,True,admin
211,أشغال يدويّة,2025-01-31 11:16:02,,True,admin
211,الرياضة,2025-01-31 11:16:02,,True,admin
211,تصوير فيديو,2025-01-31 11:16:02,,True,admin
211,الرسم,2025-01-31 11:16:02,,True,admin
211,مهارات التواصل,2025-01-31 11:16:02,,True,admin
211,تحضير الألعاب,2025-01-31 11:16:02,,True,admin
948,التصميم الجرافيكي,2025-02-17 13:17:50,,True,admin
948,التمثيل,2025-02-17 13:17:50,,True,admin
948,مونتاج فيديو,2025-02-17 13:17:50,,True,admin
948,مهارات التواصل,2025-02-17 13:17:50,,True,admin
948,مهارات إداريّة,2025-02-17 13:17:50,,True,admin
948,مهارات العمل الجماعي,2025-02-17 13:17:50,,True,admin
948,مهارات التخطيط,2025-02-17 13:17:50,,True,admin
948,تحضير الألعاب,2025-02-17 13:17:50,,True,admin
948,أجهزة الصوت (صوتيّات ومِكسرات),2025-02-17 13:17:50,,True,admin
948,أشغال يدويّة,2025-02-17 13:17:50,,True,admin
948,تأدية حركات التراتيل,2025-02-17 13:17:50,,True,admin
1,الرياضة,2025-01-31 11:12:21,2026-05-29 16:21:47,False,admin
2537,الترتيل,2025-06-19 15:42:54,,True,admin
3077,التمثيل,2026-01-26 16:51:49,,True,admin
3077,الإخراج (السينمائي/ المسرحي),2026-01-26 16:51:49,,True,admin
3077,كتابة نصوص,2026-01-26 16:51:49,,True,admin
3077,التصميم الداخلي/ ديكور,2026-01-26 16:51:49,,True,admin
3077,أجهزة الصوت (صوتيّات ومِكسرات),2026-01-26 16:51:49,,True,admin
1399,القراءة,2025-03-11 11:15:24,,True,admin
1399,مهارات التواصل,2025-03-11 11:15:24,,True,admin
1399,مهارات إداريّة,2025-03-11 11:15:24,,True,admin
1399,مهارات العمل الجماعي,2025-03-11 11:15:24,,True,admin
1399,مهارات التخطيط,2025-03-11 11:15:24,,True,admin
1399,التنظيم لأعمال تطوعيّة,2025-03-11 11:15:24,,True,admin
1187,العزف,2026-05-27 19:47:34,,True,admin
1187,الرياضة,2026-05-27 19:47:34,,True,admin
1187,التصميم الجرافيكي,2026-05-27 19:47:34,,True,admin
1187,مونتاج فيديو,2026-05-27 19:47:34,,True,admin
1187,الرسم,2026-05-27 19:47:34,,True,admin
942,الطبخ,2026-05-27 19:53:45,,True,admin
942,الترتيل,2026-05-27 19:53:45,,True,admin
942,التصوير الفوتوغرافي,2026-05-27 19:53:45,,True,admin
942,الرسم,2026-05-27 19:53:45,,True,admin
1481,الرسم,2026-05-27 19:55:41,,True,admin
1481,الرياضة,2026-05-27 19:55:41,,True,admin
1481,القراءة,2026-05-27 19:55:41,,True,admin
102,الغناء,2026-05-27 20:28:08,,True,admin
102,الترتيل,2026-05-27 20:28:08,,True,admin
102,القراءة,2026-05-27 20:28:08,,True,admin
102,مهارات التخطيط,2026-05-27 20:28:08,,True,admin
102,أشغال يدويّة,2026-05-27 20:28:08,,True,admin
102,تأدية حركات التراتيل,2026-05-27 20:28:08,,True,admin
102,الرسم,2026-05-27 20:28:08,,True,admin
102,مهارات إداريّة,2026-05-27 20:28:08,,True,admin
102,مهارات العمل الجماعي,2026-05-27 20:28:08,,True,admin
102,تحضير الألعاب,2026-05-27 20:28:08,,True,admin
102,الدبكة والرقصات الفولكلوريّة,2026-05-27 20:28:08,,True,admin
3174,الترتيل,2026-05-28 19:42:09,,True,admin
3102,الرياضة,2026-05-28 20:21:02,,True,admin
3184,الرياضة,2026-05-28 20:23:50,,True,admin
3188,الرياضة,2026-05-29 13:40:34,,True,admin
3188,التمثيل,2026-05-29 13:40:34,,True,admin
3188,الإخراج (السينمائي/ المسرحي),2026-05-29 13:40:34,,True,admin
3188,كتابة نصوص,2026-05-29 13:40:34,,True,admin
3188,القراءة,2026-05-29 13:40:34,,True,admin
3188,مهارات إداريّة,2026-05-29 13:40:34,,True,admin
3189,تحضير الألعاب,2026-05-29 13:44:42,2026-05-29 15:45:34,False,admin
3189,التنظيم لأعمال تطوعيّة,2026-05-29 13:44:42,2026-05-29 15:45:34,False,admin
3191,التنظيم لأعمال تطوعيّة,2026-05-29 14:00:26,,True,admin
3191,Microsoft Excel,2026-05-29 14:00:26,,True,admin
3192,أشغال يدويّة,2026-05-29 14:02:58,,True,admin
3193,مهارات التخطيط,2026-05-29 14:05:15,,True,admin
25,التصوير الفوتوغرافي,2026-05-29 15:05:12,,True,admin
25,التصميم الجرافيكي,2026-05-29 15:05:12,,True,admin
25,التصميم الداخلي/ ديكور,2026-05-29 15:05:12,,True,admin
25,Microsoft Excel,2026-05-29 15:05:12,,True,admin
25,التصميم والطباعة,2026-05-29 15:05:12,,True,admin
25,Photoshop,2026-05-29 15:05:12,,True,admin
25,عمل بوسترات بشكل جيّد,2026-05-29 15:05:12,,True,admin
25,مونتاج فيديو,2026-05-29 15:05:12,,True,admin
25,تحضير الألعاب,2026-05-29 15:05:12,,True,admin
148,الرياضة,2026-05-29 15:21:56,2026-05-29 16:03:54,False,admin
148,الرسم,2026-05-29 15:21:56,2026-05-29 16:03:54,False,admin
148,مهارات التواصل,2026-05-29 15:21:56,2026-05-29 16:03:54,False,admin
148,مهارات إداريّة,2026-05-29 15:21:56,2026-05-29 16:03:54,False,admin
148,مهارات العمل الجماعي,2026-05-29 15:21:56,2026-05-29 16:03:54,False,admin
148,مهارات التخطيط,2026-05-29 15:21:56,2026-05-29 16:03:54,False,admin
148,تحضير الألعاب,2026-05-29 15:21:56,2026-05-29 16:03:54,False,admin
148,التنظيم لأعمال تطوعيّة,2026-05-29 15:21:56,2026-05-29 16:03:54,False,admin
148,تأدية حركات التراتيل,2026-05-29 15:21:56,2026-05-29 16:03:54,False,admin
148,التنظيم والتخطيط,2026-05-29 15:21:56,2026-05-29 16:03:54,False,admin
449,مهارات العمل الجماعي,2026-05-29 15:22:29,2026-05-29 16:36:51,False,admin
449,التنظيم لأعمال تطوعيّة,2026-05-29 15:22:29,2026-05-29 16:36:51,False,admin
449,ألعاب الخفة,2026-05-29 15:22:29,2026-05-29 16:36:51,False,admin
56,مهارات التواصل,2026-05-29 15:23:00,2026-05-29 16:15:13,False,admin
56,مهارات إداريّة,2026-05-29 15:23:00,2026-05-29 16:15:13,False,admin
56,مهارات العمل الجماعي,2026-05-29 15:23:00,2026-05-29 16:15:13,False,admin
56,مهارات التخطيط,2026-05-29 15:23:00,2026-05-29 16:15:13,False,admin
56,التمكين,2026-05-29 15:23:00,2026-05-29 16:15:13,False,admin
1308,العزف,2026-05-29 15:23:22,2026-05-29 15:23:32,False,admin
1308,أجهزة الصوت (صوتيّات ومِكسرات),2026-05-29 15:23:22,2026-05-29 15:23:32,False,admin
1308,مهارات التواصل,2026-05-29 15:23:22,2026-05-29 15:23:32,False,admin
1308,DJ,2026-05-29 15:23:22,2026-05-29 15:23:32,False,admin
1308,العزف,2026-05-29 15:23:32,,True,admin
1308,أجهزة الصوت (صوتيّات ومِكسرات),2026-05-29 15:23:32,,True,admin
1308,مهارات التواصل,2026-05-29 15:23:32,,True,admin
1308,DJ,2026-05-29 15:23:32,,True,admin
1308,Percussion,2026-05-29 15:23:32,,True,admin
67,التنظيم لأعمال تطوعيّة,2026-05-29 15:23:53,,True,admin
67,أشغال يدويّة,2026-05-29 15:23:53,,True,admin
67,الطبخ,2026-05-29 15:23:53,,True,admin
1289,العزف,2026-05-29 15:24:19,2026-05-29 15:40:27,False,admin
1289,كتابة الترانيم والألحان,2026-05-29 15:24:19,2026-05-29 15:40:27,False,admin
574,القراءة,2026-05-29 15:33:13,,True,admin
574,مهارات التواصل,2026-05-29 15:33:13,,True,admin
574,مهارات إداريّة,2026-05-29 15:33:13,,True,admin
574,مهارات العمل الجماعي,2026-05-29 15:33:13,,True,admin
574,مهارات التخطيط,2026-05-29 15:33:13,,True,admin
574,التنظيم لأعمال تطوعيّة,2026-05-29 15:33:13,,True,admin
574,التمثيل,2026-05-29 15:33:13,,True,admin
574,التصوير,2026-05-29 15:33:13,,True,admin
574,الطباعة,2026-05-29 15:33:13,,True,admin
574,عمل بوسترات بشكل جيّد,2026-05-29 15:33:13,,True,admin
968,التمثيل,2026-05-29 15:34:32,,True,admin
968,الرسم,2026-05-29 15:34:32,,True,admin
968,مهارات إداريّة,2026-05-29 15:34:32,,True,admin
968,مهارات العمل الجماعي,2026-05-29 15:34:32,,True,admin
968,تحضير الألعاب,2026-05-29 15:34:32,,True,admin
968,التنظيم لأعمال تطوعيّة,2026-05-29 15:34:32,,True,admin
968,أشغال يدويّة,2026-05-29 15:34:32,,True,admin
968,تأدية حركات التراتيل,2026-05-29 15:34:32,,True,admin
968,التصميم الداخلي/ ديكور,2026-05-29 15:34:32,,True,admin
968,Microsoft Excel,2026-05-29 15:34:32,,True,admin
968,الطباعة,2026-05-29 15:34:32,,True,admin
1272,كتابة نصوص,2026-05-29 15:37:15,,True,admin
1272,القراءة,2026-05-29 15:37:15,,True,admin
1272,مهارات إداريّة,2026-05-29 15:37:15,,True,admin
1272,مهارات العمل الجماعي,2026-05-29 15:37:15,,True,admin
1272,مهارات التخطيط,2026-05-29 15:37:15,,True,admin
1272,تحضير الألعاب,2026-05-29 15:37:15,,True,admin
1272,التنظيم لأعمال تطوعيّة,2026-05-29 15:37:15,,True,admin
1272,أشغال يدويّة,2026-05-29 15:37:15,,True,admin
1272,الدبكة والرقصات الفولكلوريّة,2026-05-29 15:37:15,,True,admin
1272,تأدية حركات التراتيل,2026-05-29 15:37:15,,True,admin
1272,التمثيل,2026-05-29 15:37:15,,True,admin
1272,التصميم الداخلي/ ديكور,2026-05-29 15:37:15,,True,admin
1289,العزف,2026-05-29 15:40:27,,True,admin
1289,كتابة الترانيم والألحان,2026-05-29 15:40:27,,True,admin
1289,أجهزة الصوت (صوتيّات ومِكسرات),2026-05-29 15:40:27,,True,admin
1311,العزف,2026-05-29 15:41:29,,True,admin
1311,التمثيل,2026-05-29 15:41:29,,True,admin
1311,الرياضة,2026-05-29 15:41:29,,True,admin
1311,أجهزة الصوت (صوتيّات ومِكسرات),2026-05-29 15:41:29,,True,admin
1310,الغناء,2026-05-29 15:42:49,,True,admin
1310,الترتيل,2026-05-29 15:42:49,,True,admin
1310,الرسم,2026-05-29 15:42:49,,True,admin
1310,أشغال يدويّة,2026-05-29 15:42:49,,True,admin
1310,القراءة,2026-05-29 15:42:49,,True,admin
1310,التصميم الداخلي/ ديكور,2026-05-29 15:42:49,,True,admin
1310,Microsoft Excel,2026-05-29 15:42:49,,True,admin
1309,الغناء,2026-05-29 15:43:48,,True,admin
1309,الترتيل,2026-05-29 15:43:48,,True,admin
1309,Microsoft Excel,2026-05-29 15:43:48,,True,admin
1309,الطباعة,2026-05-29 15:43:48,,True,admin
1292,العزف,2026-05-29 15:44:45,,True,admin
1292,الغناء,2026-05-29 15:44:45,,True,admin
1292,الترتيل,2026-05-29 15:44:45,,True,admin
1292,مهارات التواصل,2026-05-29 15:44:45,,True,admin
1292,التنظيم لأعمال تطوعيّة,2026-05-29 15:44:45,,True,admin
1292,التصوير,2026-05-29 15:44:45,,True,admin
3189,تحضير الألعاب,2026-05-29 15:45:34,,True,admin
3189,التنظيم لأعمال تطوعيّة,2026-05-29 15:45:34,,True,admin
3189,الترتيل,2026-05-29 15:45:34,,True,admin
3189,الغناء,2026-05-29 15:45:34,,True,admin
3189,العزف,2026-05-29 15:45:34,,True,admin
3189,الرياضة,2026-05-29 15:45:34,,True,admin
1294,العزف,2026-05-29 15:46:28,,True,admin
1294,الغناء,2026-05-29 15:46:28,,True,admin
1294,الترتيل,2026-05-29 15:46:28,,True,admin
1294,التصوير الفوتوغرافي,2026-05-29 15:46:28,,True,admin
1294,مونتاج فيديو,2026-05-29 15:46:28,,True,admin
1294,التصوير,2026-05-29 15:46:28,,True,admin
1293,العزف,2026-05-29 15:47:48,,True,admin
1293,التصوير الفوتوغرافي,2026-05-29 15:47:48,,True,admin
1293,التمثيل,2026-05-29 15:47:48,,True,admin
1293,تصوير فيديو,2026-05-29 15:47:48,,True,admin
1293,مونتاج فيديو,2026-05-29 15:47:48,,True,admin
1293,مهارات التواصل,2026-05-29 15:47:48,,True,admin
1293,مهارات العمل الجماعي,2026-05-29 15:47:48,,True,admin
1293,مهارات التخطيط,2026-05-29 15:47:48,,True,admin
1293,التنظيم لأعمال تطوعيّة,2026-05-29 15:47:48,,True,admin
1293,الدبكة والرقصات الفولكلوريّة,2026-05-29 15:47:48,,True,admin
1293,تأدية حركات التراتيل,2026-05-29 15:47:48,,True,admin
1293,التصوير,2026-05-29 15:47:48,,True,admin
1293,Microsoft Excel,2026-05-29 15:47:48,,True,admin
1307,التدريس,2026-05-29 15:50:39,,True,admin
1307,حل المشكلات التقنية,2026-05-29 15:50:39,,True,admin
1307,الدعم الفني,2026-05-29 15:50:39,,True,admin
1307,معالجة الأعطال,2026-05-29 15:50:39,,True,admin
1307,دعم المستخدمين,2026-05-29 15:50:39,,True,admin
1307,Microsoft Excel,2026-05-29 15:50:39,,True,admin
1307,الطباعة,2026-05-29 15:50:39,,True,admin
48,العزف,2026-05-29 15:51:58,,True,admin
48,القراءة,2026-05-29 15:51:58,,True,admin
48,التنظيم لأعمال تطوعيّة,2026-05-29 15:51:58,,True,admin
127,مهارات إداريّة,2026-05-29 15:52:53,,True,admin
127,تحضير الألعاب,2026-05-29 15:52:53,,True,admin
127,التنظيم لأعمال تطوعيّة,2026-05-29 15:52:53,,True,admin
127,أجهزة الصوت (صوتيّات ومِكسرات),2026-05-29 15:52:53,,True,admin
245,مهارات إداريّة,2026-05-29 15:54:36,,True,admin
245,مهارات العمل الجماعي,2026-05-29 15:54:36,,True,admin
245,مهارات التخطيط,2026-05-29 15:54:36,,True,admin
245,تحضير الألعاب,2026-05-29 15:54:36,,True,admin
245,التنظيم لأعمال تطوعيّة,2026-05-29 15:54:36,,True,admin
245,التمثيل,2026-05-29 15:54:36,,True,admin
245,كتابة نصوص,2026-05-29 15:54:36,,True,admin
245,الدبكة والرقصات الفولكلوريّة,2026-05-29 15:54:36,,True,admin
245,أشغال يدويّة,2026-05-29 15:54:36,,True,admin
245,Microsoft Excel,2026-05-29 15:54:36,,True,admin
1132,الرياضة,2026-05-29 15:57:18,,True,admin
1132,مهارات إداريّة,2026-05-29 15:57:18,,True,admin
1132,التمثيل,2026-05-29 15:57:18,,True,admin
1132,الدبكة والرقصات الفولكلوريّة,2026-05-29 15:57:18,,True,admin
1132,الطباعة,2026-05-29 15:57:18,,True,admin
1132,Microsoft Excel,2026-05-29 15:57:18,,True,admin
253,العزف,2026-05-29 15:58:15,,True,admin
253,الرياضة,2026-05-29 15:58:15,,True,admin
253,القراءة,2026-05-29 15:58:15,,True,admin
253,الطباعة,2026-05-29 15:58:15,,True,admin
253,التنظيم لأعمال تطوعيّة,2026-05-29 15:58:15,,True,admin
253,Microsoft Excel,2026-05-29 15:58:15,,True,admin
55,الرياضة,2026-05-29 15:59:09,,True,admin
55,الدبكة والرقصات الفولكلوريّة,2026-05-29 15:59:09,,True,admin
55,تحضير الألعاب,2026-05-29 15:59:09,,True,admin
1072,الرياضة,2026-05-29 16:00:40,,True,admin
1072,التصميم الجرافيكي,2026-05-29 16:00:40,,True,admin
1072,الرسم,2026-05-29 16:00:40,,True,admin
1072,مهارات العمل الجماعي,2026-05-29 16:00:40,,True,admin
1072,عمل بوسترات بشكل جيّد,2026-05-29 16:00:40,,True,admin
1285,الرياضة,2026-05-29 16:02:13,,True,admin
1285,الترتيل,2026-05-29 16:02:13,,True,admin
1285,الغناء,2026-05-29 16:02:13,,True,admin
1285,التنظيم لأعمال تطوعيّة,2026-05-29 16:02:13,,True,admin
148,الرياضة,2026-05-29 16:03:54,,True,admin
148,الرسم,2026-05-29 16:03:54,,True,admin
148,مهارات التواصل,2026-05-29 16:03:54,,True,admin
148,مهارات إداريّة,2026-05-29 16:03:54,,True,admin
148,مهارات العمل الجماعي,2026-05-29 16:03:54,,True,admin
148,مهارات التخطيط,2026-05-29 16:03:54,,True,admin
148,تحضير الألعاب,2026-05-29 16:03:54,,True,admin
148,التنظيم لأعمال تطوعيّة,2026-05-29 16:03:54,,True,admin
148,تأدية حركات التراتيل,2026-05-29 16:03:54,,True,admin
148,التنظيم والتخطيط,2026-05-29 16:03:54,,True,admin
148,التمثيل,2026-05-29 16:03:54,,True,admin
148,التصميم الداخلي/ ديكور,2026-05-29 16:03:54,,True,admin
148,أشغال يدويّة,2026-05-29 16:03:54,,True,admin
148,عمل بوسترات بشكل جيّد,2026-05-29 16:03:54,,True,admin
1306,التمثيل,2026-05-29 16:04:54,,True,admin
1306,التنظيم,2026-05-29 16:04:54,,True,admin
1306,الرياضة,2026-05-29 16:04:54,,True,admin
1306,التصميم الداخلي/ ديكور,2026-05-29 16:04:54,,True,admin
1306,الطباعة,2026-05-29 16:04:54,,True,admin
1306,تحضير الألعاب,2026-05-29 16:04:54,,True,admin
1306,التنظيم لأعمال تطوعيّة,2026-05-29 16:04:54,,True,admin
1279,الرياضة,2026-05-29 16:08:20,,True,admin
1279,القراءة,2026-05-29 16:08:20,,True,admin
1279,مهارات العمل الجماعي,2026-05-29 16:08:20,,True,admin
1279,مهارات التخطيط,2026-05-29 16:08:20,,True,admin
1279,تحضير الألعاب,2026-05-29 16:08:20,,True,admin
1279,التصوير,2026-05-29 16:08:20,,True,admin
1279,الطباعة,2026-05-29 16:08:20,,True,admin
1279,Microsoft Excel,2026-05-29 16:08:20,,True,admin
363,القراءة,2026-05-29 16:09:08,,True,admin
363,مهارات التواصل,2026-05-29 16:09:08,,True,admin
363,التنظيم لأعمال تطوعيّة,2026-05-29 16:09:08,,True,admin
363,كتابة نصوص,2026-05-29 16:09:08,,True,admin
363,الطباعة,2026-05-29 16:09:08,,True,admin
363,تحضير الألعاب,2026-05-29 16:09:08,,True,admin
1253,الرياضة,2026-05-29 16:10:42,,True,admin
1253,التمثيل,2026-05-29 16:10:42,,True,admin
1253,التصميم الداخلي/ ديكور,2026-05-29 16:10:42,,True,admin
1253,مهارات العمل الجماعي,2026-05-29 16:10:42,,True,admin
1253,أجهزة الصوت (صوتيّات ومِكسرات),2026-05-29 16:10:42,,True,admin
1253,تصليح وتركيب وتنسيق الأجهزة والإكترونيات,2026-05-29 16:10:42,,True,admin
265,الترتيل,2026-05-29 16:11:38,,True,admin
265,الرسم,2026-05-29 16:11:38,,True,admin
265,أشغال يدويّة,2026-05-29 16:11:38,,True,admin
265,الغناء,2026-05-29 16:11:38,,True,admin
265,التصميم الداخلي/ ديكور,2026-05-29 16:11:38,,True,admin
265,الطباعة,2026-05-29 16:11:38,,True,admin
265,عمل بوسترات بشكل جيّد,2026-05-29 16:11:38,,True,admin
1129,القراءة,2026-05-29 16:12:46,,True,admin
1129,مهارات التواصل,2026-05-29 16:12:46,,True,admin
1129,مهارات إداريّة,2026-05-29 16:12:46,,True,admin
1129,مهارات التخطيط,2026-05-29 16:12:46,,True,admin
1129,التنظيم لأعمال تطوعيّة,2026-05-29 16:12:46,,True,admin
1129,الرسم,2026-05-29 16:12:46,,True,admin
1129,الرياضة,2026-05-29 16:12:46,,True,admin
1129,الطباعة,2026-05-29 16:12:46,,True,admin
1129,تحضير الألعاب,2026-05-29 16:12:46,,True,admin
1129,Microsoft Excel,2026-05-29 16:12:46,,True,admin
224,التصوير الفوتوغرافي,2026-05-29 16:13:54,,True,admin
224,التمثيل,2026-05-29 16:13:54,,True,admin
224,مهارات العمل الجماعي,2026-05-29 16:13:54,,True,admin
224,مهارات التخطيط,2026-05-29 16:13:54,,True,admin
224,التنظيم لأعمال تطوعيّة,2026-05-29 16:13:54,,True,admin
224,التصوير,2026-05-29 16:13:54,,True,admin
224,تأدية حركات التراتيل,2026-05-29 16:13:54,,True,admin
56,مهارات التواصل,2026-05-29 16:15:13,,True,admin
56,مهارات إداريّة,2026-05-29 16:15:13,,True,admin
56,مهارات العمل الجماعي,2026-05-29 16:15:13,,True,admin
56,مهارات التخطيط,2026-05-29 16:15:13,,True,admin
56,التمكين,2026-05-29 16:15:13,,True,admin
56,القراءة,2026-05-29 16:15:13,,True,admin
56,التدريب والتطوير,2026-05-29 16:15:13,,True,admin
56,Microsoft Excel,2026-05-29 16:15:13,,True,admin
805,الغناء,2026-05-29 16:15:56,,True,admin
805,الترتيل,2026-05-29 16:15:56,,True,admin
805,التمثيل,2026-05-29 16:15:56,,True,admin
805,مهارات التواصل,2026-05-29 16:15:56,,True,admin
805,مهارات إداريّة,2026-05-29 16:15:56,,True,admin
805,مهارات العمل الجماعي,2026-05-29 16:15:56,,True,admin
805,مهارات التخطيط,2026-05-29 16:15:56,,True,admin
805,تحضير الألعاب,2026-05-29 16:15:56,,True,admin
805,التنظيم لأعمال تطوعيّة,2026-05-29 16:15:56,,True,admin
805,Microsoft Excel,2026-05-29 16:15:56,,True,admin
805,الطباعة,2026-05-29 16:15:56,,True,admin
164,الرياضة,2026-05-29 16:18:38,,True,admin
164,التمثيل,2026-05-29 16:18:38,,True,admin
164,تصوير فيديو,2026-05-29 16:18:38,,True,admin
164,مهارات التواصل,2026-05-29 16:18:38,,True,admin
164,مهارات إداريّة,2026-05-29 16:18:38,,True,admin
164,مهارات العمل الجماعي,2026-05-29 16:18:38,,True,admin
164,تحضير الألعاب,2026-05-29 16:18:38,,True,admin
164,التنظيم لأعمال تطوعيّة,2026-05-29 16:18:38,,True,admin
164,أشغال يدويّة,2026-05-29 16:18:38,,True,admin
164,الدبكة والرقصات الفولكلوريّة,2026-05-29 16:18:38,,True,admin
164,Microsoft Excel,2026-05-29 16:18:38,,True,admin
164,الطباعة,2026-05-29 16:18:38,,True,admin
164,عمل بوسترات بشكل جيّد,2026-05-29 16:18:38,,True,admin
2114,التصميم الداخلي/ ديكور,2026-05-29 16:19:45,,True,admin
2114,مهارات التواصل,2026-05-29 16:19:45,,True,admin
2114,مهارات إداريّة,2026-05-29 16:19:45,,True,admin
2114,مهارات العمل الجماعي,2026-05-29 16:19:45,,True,admin
2114,التنظيم لأعمال تطوعيّة,2026-05-29 16:19:45,,True,admin
2114,أشغال يدويّة,2026-05-29 16:19:45,,True,admin
2114,القراءة,2026-05-29 16:19:45,,True,admin
2114,التصوير,2026-05-29 16:19:45,,True,admin
2114,الطباعة,2026-05-29 16:19:45,,True,admin
2114,تحضير الألعاب,2026-05-29 16:19:45,,True,admin
2114,Microsoft Excel,2026-05-29 16:19:45,,True,admin
172,القراءة,2026-05-29 16:20:46,,True,admin
172,مهارات التواصل,2026-05-29 16:20:46,,True,admin
172,مهارات إداريّة,2026-05-29 16:20:46,,True,admin
172,مهارات العمل الجماعي,2026-05-29 16:20:46,,True,admin
172,مهارات التخطيط,2026-05-29 16:20:46,,True,admin
172,التنظيم لأعمال تطوعيّة,2026-05-29 16:20:46,,True,admin
172,تأدية حركات التراتيل,2026-05-29 16:20:46,,True,admin
172,الرياضة,2026-05-29 16:20:46,,True,admin
172,التصوير,2026-05-29 16:20:46,,True,admin
172,التصميم الداخلي/ ديكور,2026-05-29 16:20:46,,True,admin
172,أشغال يدويّة,2026-05-29 16:20:46,,True,admin
172,الطباعة,2026-05-29 16:20:46,,True,admin
172,عمل بوسترات بشكل جيّد,2026-05-29 16:20:46,,True,admin
172,تحضير الألعاب,2026-05-29 16:20:46,,True,admin
172,Microsoft Excel,2026-05-29 16:20:46,,True,admin
1,الرياضة,2026-05-29 16:21:47,,True,admin
1,التصوير,2026-05-29 16:21:47,,True,admin
1,تحضير الألعاب,2026-05-29 16:21:47,,True,admin
1,التنظيم لأعمال تطوعيّة,2026-05-29 16:21:47,,True,admin
863,الرسم,2026-05-29 16:23:30,,True,admin
863,تحضير الألعاب,2026-05-29 16:23:30,,True,admin
863,أشغال يدويّة,2026-05-29 16:23:30,,True,admin
863,تأدية حركات التراتيل,2026-05-29 16:23:30,,True,admin
863,الطباعة,2026-05-29 16:23:30,,True,admin
863,Microsoft Excel,2026-05-29 16:23:30,,True,admin
16,الترتيل,2026-05-29 16:25:16,,True,admin
16,الإخراج (السينمائي/ المسرحي),2026-05-29 16:25:16,,True,admin
16,الرسم,2026-05-29 16:25:16,,True,admin
16,مهارات إداريّة,2026-05-29 16:25:16,,True,admin
16,مهارات العمل الجماعي,2026-05-29 16:25:16,,True,admin
16,مهارات التخطيط,2026-05-29 16:25:16,,True,admin
16,تحضير الألعاب,2026-05-29 16:25:16,,True,admin
16,التنظيم لأعمال تطوعيّة,2026-05-29 16:25:16,,True,admin
16,أشغال يدويّة,2026-05-29 16:25:16,,True,admin
16,الغناء,2026-05-29 16:25:16,,True,admin
16,التصميم الداخلي/ ديكور,2026-05-29 16:25:16,,True,admin
16,الطباعة,2026-05-29 16:25:16,,True,admin
16,Microsoft Excel,2026-05-29 16:25:16,,True,admin
298,مهارات التواصل,2026-05-29 16:26:30,,True,admin
298,مهارات إداريّة,2026-05-29 16:26:30,,True,admin
298,مهارات العمل الجماعي,2026-05-29 16:26:30,,True,admin
298,مهارات التخطيط,2026-05-29 16:26:30,,True,admin
298,تحضير الألعاب,2026-05-29 16:26:30,,True,admin
298,التنظيم لأعمال تطوعيّة,2026-05-29 16:26:30,,True,admin
298,التصميم الداخلي/ ديكور,2026-05-29 16:26:30,,True,admin
298,مهارات التواصل الاجتماعي,2026-05-29 16:26:30,,True,admin
298,Microsoft Excel,2026-05-29 16:26:30,,True,admin
141,التصميم الجرافيكي,2026-05-29 16:27:17,,True,admin
141,مهارات إداريّة,2026-05-29 16:27:17,,True,admin
141,التنظيم لأعمال تطوعيّة,2026-05-29 16:27:17,,True,admin
141,القراءة,2026-05-29 16:27:17,,True,admin
141,الطباعة,2026-05-29 16:27:17,,True,admin
141,Microsoft Excel,2026-05-29 16:27:17,,True,admin
62,مهارات العمل الجماعي,2026-05-29 16:28:21,,True,admin
62,تحضير الألعاب,2026-05-29 16:28:21,,True,admin
62,التنظيم لأعمال تطوعيّة,2026-05-29 16:28:21,,True,admin
62,أشغال يدويّة,2026-05-29 16:28:21,,True,admin
62,كتابة نصوص,2026-05-29 16:28:21,,True,admin
62,التصميم الداخلي/ ديكور,2026-05-29 16:28:21,,True,admin
62,عمل بوسترات بشكل جيّد,2026-05-29 16:28:21,,True,admin
184,تصوير فيديو,2026-05-29 16:29:22,,True,admin
184,التصوير,2026-05-29 16:29:22,,True,admin
184,أشغال يدويّة,2026-05-29 16:29:22,,True,admin
184,تحضير الألعاب,2026-05-29 16:29:22,,True,admin
232,التصوير الفوتوغرافي,2026-05-29 16:30:14,,True,admin
232,التصميم الجرافيكي,2026-05-29 16:30:14,,True,admin
232,التصميم الداخلي/ ديكور,2026-05-29 16:30:14,,True,admin
232,الرسم,2026-05-29 16:30:14,,True,admin
232,مهارات التواصل,2026-05-29 16:30:14,,True,admin
232,تحضير الألعاب,2026-05-29 16:30:14,,True,admin
232,أشغال يدويّة,2026-05-29 16:30:14,,True,admin
232,القراءة,2026-05-29 16:30:14,,True,admin
232,التصوير,2026-05-29 16:30:14,,True,admin
232,Photoshop,2026-05-29 16:30:14,,True,admin
232,عمل بوسترات بشكل جيّد,2026-05-29 16:30:14,,True,admin
263,مهارات إداريّة,2026-05-29 16:31:43,,True,admin
263,مهارات العمل الجماعي,2026-05-29 16:31:43,,True,admin
263,تحضير الألعاب,2026-05-29 16:31:43,,True,admin
263,التنظيم لأعمال تطوعيّة,2026-05-29 16:31:43,,True,admin
263,أشغال يدويّة,2026-05-29 16:31:43,,True,admin
263,تأدية حركات التراتيل,2026-05-29 16:31:43,,True,admin
263,Microsoft Excel,2026-05-29 16:31:43,,True,admin
263,الطباعة,2026-05-29 16:31:43,,True,admin
273,التصوير الفوتوغرافي,2026-05-29 16:32:29,,True,admin
273,التصميم الجرافيكي,2026-05-29 16:32:29,,True,admin
273,تصوير فيديو,2026-05-29 16:32:29,,True,admin
273,مونتاج فيديو,2026-05-29 16:32:29,,True,admin
273,التصوير,2026-05-29 16:32:29,,True,admin
273,عمل بوسترات بشكل جيّد,2026-05-29 16:32:29,,True,admin
273,Photoshop,2026-05-29 16:32:29,,True,admin
647,كتابة نصوص,2026-05-29 16:33:31,,True,admin
647,التصوير,2026-05-29 16:33:31,,True,admin
647,عمل بوسترات بشكل جيّد,2026-05-29 16:33:31,,True,admin
647,مونتاج فيديو,2026-05-29 16:33:31,,True,admin
254,الترتيل,2026-05-29 16:34:50,,True,admin
254,التصميم الداخلي/ ديكور,2026-05-29 16:34:50,,True,admin
254,الرسم,2026-05-29 16:34:50,,True,admin
254,القراءة,2026-05-29 16:34:50,,True,admin
254,أشغال يدويّة,2026-05-29 16:34:50,,True,admin
254,تأدية حركات التراتيل,2026-05-29 16:34:50,,True,admin
254,كتابة نصوص,2026-05-29 16:34:50,,True,admin
254,الغناء,2026-05-29 16:34:50,,True,admin
254,التصوير,2026-05-29 16:34:50,,True,admin
254,عمل بوسترات بشكل جيّد,2026-05-29 16:34:50,,True,admin
254,مونتاج فيديو,2026-05-29 16:34:50,,True,admin
254,تحضير الألعاب,2026-05-29 16:34:50,,True,admin
1373,التصوير الفوتوغرافي,2026-05-29 16:36:10,,True,admin
1373,التصميم الجرافيكي,2026-05-29 16:36:10,,True,admin
1373,التمثيل,2026-05-29 16:36:10,,True,admin
1373,تصوير فيديو,2026-05-29 16:36:10,,True,admin
1373,كتابة نصوص,2026-05-29 16:36:10,,True,admin
1373,التصميم الداخلي/ ديكور,2026-05-29 16:36:10,,True,admin
1373,مونتاج فيديو,2026-05-29 16:36:10,,True,admin
1373,الرسم,2026-05-29 16:36:10,,True,admin
1373,القراءة,2026-05-29 16:36:10,,True,admin
1373,مهارات التواصل,2026-05-29 16:36:10,,True,admin
1373,مهارات إداريّة,2026-05-29 16:36:10,,True,admin
1373,مهارات العمل الجماعي,2026-05-29 16:36:10,,True,admin
1373,مهارات التخطيط,2026-05-29 16:36:10,,True,admin
1373,أشغال يدويّة,2026-05-29 16:36:10,,True,admin
1373,تأدية حركات التراتيل,2026-05-29 16:36:10,,True,admin
1373,التصوير,2026-05-29 16:36:10,,True,admin
1373,الطباعة,2026-05-29 16:36:10,,True,admin
1373,عمل بوسترات بشكل جيّد,2026-05-29 16:36:10,,True,admin
1373,تحضير الألعاب,2026-05-29 16:36:10,,True,admin
449,مهارات العمل الجماعي,2026-05-29 16:36:51,,True,admin
449,التنظيم لأعمال تطوعيّة,2026-05-29 16:36:51,,True,admin
449,ألعاب الخفة,2026-05-29 16:36:51,,True,admin
449,التمثيل,2026-05-29 16:36:51,,True,admin
449,تحضير الألعاب,2026-05-29 16:36:51,,True,admin
104,الترتيل,2026-05-29 16:37:46,,True,admin
104,مهارات إداريّة,2026-05-29 16:37:46,,True,admin
104,مهارات العمل الجماعي,2026-05-29 16:37:46,,True,admin
104,الدبكة والرقصات الفولكلوريّة,2026-05-29 16:37:46,,True,admin
104,تأدية حركات التراتيل,2026-05-29 16:37:46,,True,admin
104,الغناء,2026-05-29 16:37:46,,True,admin
104,تحضير الألعاب,2026-05-29 16:37:46,,True,admin
104,التنظيم لأعمال تطوعيّة,2026-05-29 16:37:46,,True,admin
918,التصميم الجرافيكي,2026-05-29 16:38:55,,True,admin
918,التمثيل,2026-05-29 16:38:55,,True,admin
918,التصميم الداخلي/ ديكور,2026-05-29 16:38:55,,True,admin
918,مونتاج فيديو,2026-05-29 16:38:55,,True,admin
918,الرسم,2026-05-29 16:38:55,,True,admin
918,مهارات التواصل,2026-05-29 16:38:55,,True,admin
918,مهارات إداريّة,2026-05-29 16:38:55,,True,admin
918,تحضير الألعاب,2026-05-29 16:38:55,,True,admin
918,أشغال يدويّة,2026-05-29 16:38:55,,True,admin
918,تأدية حركات التراتيل,2026-05-29 16:38:55,,True,admin
918,التنظيم لأعمال تطوعيّة,2026-05-29 16:38:55,,True,admin
918,Microsoft Excel,2026-05-29 16:38:55,,True,admin
918,Photoshop,2026-05-29 16:38:55,,True,admin
918,عمل بوسترات بشكل جيّد,2026-05-29 16:38:55,,True,admin
1387,التصوير الفوتوغرافي,2026-05-29 16:39:47,,True,admin
1387,التصميم الجرافيكي,2026-05-29 16:39:47,,True,admin
1387,تصوير فيديو,2026-05-29 16:39:47,,True,admin
1387,مونتاج فيديو,2026-05-29 16:39:47,,True,admin
1387,القراءة,2026-05-29 16:39:47,,True,admin
1387,التصوير,2026-05-29 16:39:47,,True,admin
1387,الطباعة,2026-05-29 16:39:47,,True,admin
1387,عمل بوسترات بشكل جيّد,2026-05-29 16:39:47,,True,admin
1387,Microsoft Excel,2026-05-29 16:39:47,,True,admin
1270,الرياضة,2026-05-29 16:40:40,,True,admin
1270,التمثيل,2026-05-29 16:40:40,,True,admin
1270,كتابة نصوص,2026-05-29 16:40:40,,True,admin
1270,القراءة,2026-05-29 16:40:40,,True,admin
1270,مهارات العمل الجماعي,2026-05-29 16:40:40,,True,admin
1270,التنظيم لأعمال تطوعيّة,2026-05-29 16:40:40,,True,admin
1270,أشغال يدويّة,2026-05-29 16:40:40,,True,admin
1270,تأدية حركات التراتيل,2026-05-29 16:40:40,,True,admin
1270,تحضير الألعاب,2026-05-29 16:40:40,,True,admin
1270,الطباعة,2026-05-29 16:40:40,,True,admin
3190,أجهزة الصوت (صوتيّات ومِكسرات),2026-05-29 15:39:50,,True,admin
3190,الترتيل,2026-05-29 15:39:50,,True,admin
3190,الغناء,2026-05-29 15:39:50,,True,admin
3190,العزف,2026-05-29 15:39:50,,True,admin
