school_record_id,grade,scd_active_from,scd_active_to,scd_currently_active_flag,scd_changed_by_user
SC000001,الصف الحادي عشر (الأول ثانوي),2025-01-31 17:12:27,,True,admin
SC000001,الصف الثاني عشر (التوجيهي),2025-01-31 17:12:27,,True,admin
SC000002,الصف الثاني عشر (التوجيهي),2025-01-31 17:22:22,,True,admin
SC000003,الصف الثامن,2025-01-31 17:27:30,,True,admin
SC000003,الصف التاسع,2025-01-31 17:27:30,,True,admin
SC000004,الصف الحادي عشر (الأول ثانوي),2025-01-31 17:27:34,,True,admin
SC000004,الصف الثاني عشر (التوجيهي),2025-01-31 17:27:34,,True,admin
SC000005,الصف الرابع,2025-01-31 19:11:47,,True,admin
SC000005,الصف الخامس,2025-01-31 19:11:47,,True,admin
SC000006,الصف العاشر,2025-01-31 19:11:54,,True,admin
SC000006,الصف الحادي عشر (الأول ثانوي),2025-01-31 19:11:54,,True,admin
SC000007,الصف الثاني عشر (التوجيهي),2025-01-31 19:11:58,,True,admin
SC000008,الصف الثالث,2025-01-31 19:13:52,,True,admin
SC000008,الصف الرابع,2025-01-31 19:13:52,,True,admin
SC000009,الصف الثاني,2025-01-31 19:15:56,,True,admin
SC000009,الصف الثالث,2025-01-31 19:15:56,,True,admin
SC000010,الصف العاشر,2025-01-31 19:18:25,,True,admin
SC000010,الصف الحادي عشر (الأول ثانوي),2025-01-31 19:18:25,,True,admin
SC000011,الصف التاسع,2025-01-31 19:19:10,,True,admin
SC000011,الصف العاشر,2025-01-31 19:19:10,,True,admin
SC000012,الصف الخامس,2025-01-31 19:50:29,,True,admin
SC000012,الصف السادس,2025-01-31 19:50:29,,True,admin
SC000013,الصف الحادي عشر (الأول ثانوي),2025-01-31 19:50:31,,True,admin
SC000013,الصف الثاني عشر (التوجيهي),2025-01-31 19:50:31,,True,admin
SC000014,الصف العاشر,2025-01-31 19:51:11,,True,admin
SC000014,الصف الحادي عشر (الأول ثانوي),2025-01-31 19:51:11,,True,admin
SC000015,الصف العاشر,2025-01-31 19:51:53,,True,admin
SC000015,الصف الحادي عشر (الأول ثانوي),2025-01-31 19:51:53,,True,admin
SC000016,الصف العاشر,2025-01-31 19:52:29,,True,admin
SC000016,الصف الحادي عشر (الأول ثانوي),2025-01-31 19:52:29,,True,admin
SC000017,الصف الثاني عشر (التوجيهي),2025-01-31 19:58:29,,True,admin
SC000018,الصف التاسع,2025-01-31 19:59:07,,True,admin
SC000018,الصف العاشر,2025-01-31 19:59:07,,True,admin
SC000019,الصف العاشر,2025-01-31 20:07:14,,True,admin
SC000019,الصف الحادي عشر (الأول ثانوي),2025-01-31 20:07:14,,True,admin
SC000020,الصف العاشر,2025-01-31 20:10:48,,True,admin
SC000020,الصف الحادي عشر (الأول ثانوي),2025-01-31 20:10:48,,True,admin
SC000021,الصف التاسع,2025-01-31 20:28:49,,True,admin
SC000021,الصف العاشر,2025-01-31 20:28:49,,True,admin
SC000022,الصف العاشر,2025-01-31 20:34:13,,True,admin
SC000022,الصف الحادي عشر (الأول ثانوي),2025-01-31 20:34:13,,True,admin
SC000023,الصف التاسع,2025-01-31 20:45:50,,True,admin
SC000023,الصف العاشر,2025-01-31 20:45:50,,True,admin
SC000025,الصف الثاني عشر (التوجيهي),2025-01-31 22:45:19,,True,admin
SC000026,الصف الأول,2025-02-01 09:51:14,,True,admin
SC000026,الصف الثاني,2025-02-01 09:51:14,,True,admin
SC000027,الروضة الصغرى (KG1),2025-02-01 09:52:53,,True,admin
SC000027,الروضة الكبرى (KG2),2025-02-01 09:52:53,,True,admin
SC000028,الروضة الكبرى (KG2),2025-02-01 10:26:32,,True,admin
SC000028,الصف الأول,2025-02-01 10:26:32,,True,admin
SC000030,الصف السادس,2025-02-01 11:51:25,,True,admin
SC000030,الصف السابع,2025-02-01 11:51:25,,True,admin
SC000031,الصف الثامن,2025-02-01 12:21:18,,True,admin
SC000031,الصف التاسع,2025-02-01 12:21:18,,True,admin
SC000032,الصف العاشر,2025-02-01 12:29:45,,True,admin
SC000032,الصف الحادي عشر (الأول ثانوي),2025-02-01 12:29:45,,True,admin
SC000033,الصف الحادي عشر (الأول ثانوي),2025-02-01 12:42:41,,True,admin
SC000033,الصف الثاني عشر (التوجيهي),2025-02-01 12:42:41,,True,admin
SC000034,الصف الثالث,2025-02-01 13:47:43,,True,admin
SC000034,الصف الرابع,2025-02-01 13:47:43,,True,admin
SC000035,الصف الثالث,2025-02-01 13:49:04,,True,admin
SC000035,الصف الرابع,2025-02-01 13:49:04,,True,admin
SC000036,الصف الثامن,2025-02-01 13:51:21,,True,admin
SC000036,الصف التاسع,2025-02-01 13:51:21,,True,admin
SC000037,الصف السادس,2025-02-01 13:55:00,,True,admin
SC000037,الصف السابع,2025-02-01 13:55:00,,True,admin
SC000038,الصف الحادي عشر (الأول ثانوي),2025-02-01 13:57:44,,True,admin
SC000038,الصف الثاني عشر (التوجيهي),2025-02-01 13:57:44,,True,admin
SC000039,الصف الأول,2025-02-01 14:11:35,,True,admin
SC000039,الصف الثاني,2025-02-01 14:11:35,,True,admin
SC000040,الصف الأول,2025-02-01 14:11:48,,True,admin
SC000040,الصف الثاني,2025-02-01 14:11:48,,True,admin
SC000041,الروضة الصغرى (KG1),2025-02-01 14:11:59,,True,admin
SC000041,الروضة الكبرى (KG2),2025-02-01 14:11:59,,True,admin
SC000042,الصف الخامس,2025-02-01 14:12:54,,True,admin
SC000042,الصف السادس,2025-02-01 14:12:54,,True,admin
SC000043,الصف الرابع,2025-02-01 14:12:57,,True,admin
SC000043,الصف الخامس,2025-02-01 14:12:57,,True,admin
SC000044,الروضة الكبرى (KG2),2025-02-01 14:13:18,,True,admin
SC000044,الصف الأول,2025-02-01 14:13:18,,True,admin
SC000045,الروضة الكبرى (KG2),2025-02-01 14:13:58,,True,admin
SC000045,الصف الأول,2025-02-01 14:13:58,,True,admin
SC000046,الصف الخامس,2025-02-01 14:15:09,,True,admin
SC000046,الصف السادس,2025-02-01 14:15:09,,True,admin
SC000047,الصف الثاني,2025-02-01 14:15:29,,True,admin
SC000047,الصف الثالث,2025-02-01 14:15:29,,True,admin
SC000048,الصف الثالث,2025-02-01 14:17:47,,True,admin
SC000048,الصف الرابع,2025-02-01 14:17:47,,True,admin
SC000049,الصف العاشر,2025-02-01 14:18:23,,True,admin
SC000049,الصف الحادي عشر (الأول ثانوي),2025-02-01 14:18:23,,True,admin
SC000050,الصف السادس,2025-02-01 14:20:11,,True,admin
SC000050,الصف السابع,2025-02-01 14:20:11,,True,admin
SC000051,الصف الرابع,2025-02-01 14:21:00,,True,admin
SC000051,الصف الخامس,2025-02-01 14:21:00,,True,admin
SC000052,الصف الثاني,2025-02-01 14:23:52,,True,admin
SC000052,الصف الثالث,2025-02-01 14:23:52,,True,admin
SC000053,الصف الأول,2025-02-01 14:25:33,,True,admin
SC000053,الصف الثاني,2025-02-01 14:25:33,,True,admin
SC000054,الصف التاسع,2025-02-01 14:30:36,,True,admin
SC000054,الصف العاشر,2025-02-01 14:30:36,,True,admin
SC000055,الصف التاسع,2025-02-01 14:30:43,,True,admin
SC000055,الصف العاشر,2025-02-01 14:30:43,,True,admin
SC000056,الصف الثالث,2025-02-01 14:30:48,,True,admin
SC000056,الصف الرابع,2025-02-01 14:30:48,,True,admin
SC000057,الصف التاسع,2025-02-01 14:30:52,,True,admin
SC000057,الصف العاشر,2025-02-01 14:30:52,,True,admin
SC000058,الصف العاشر,2025-02-01 14:30:58,,True,admin
SC000058,الصف الحادي عشر (الأول ثانوي),2025-02-01 14:30:58,,True,admin
SC000059,الصف الثاني عشر (التوجيهي),2025-02-01 14:32:46,,True,admin
SC000060,الصف العاشر,2025-02-01 14:33:36,,True,admin
SC000060,الصف الحادي عشر (الأول ثانوي),2025-02-01 14:33:36,,True,admin
SC000061,الصف السادس,2025-02-01 14:35:15,,True,admin
SC000061,الصف السابع,2025-02-01 14:35:15,,True,admin
SC000062,الصف التاسع,2025-02-01 14:42:41,,True,admin
SC000062,الصف العاشر,2025-02-01 14:42:41,,True,admin
SC000063,الصف الأول,2025-02-01 14:43:19,,True,admin
SC000063,الصف الثاني,2025-02-01 14:43:19,,True,admin
SC000064,الروضة الصغرى (KG1),2025-02-01 14:44:58,,True,admin
SC000065,الصف السادس,2025-02-01 14:46:16,,True,admin
SC000065,الصف السابع,2025-02-01 14:46:16,,True,admin
SC000066,الصف الرابع,2025-02-01 14:47:30,,True,admin
SC000066,الصف الخامس,2025-02-01 14:47:30,,True,admin
SC000067,الصف الخامس,2025-02-01 14:48:05,,True,admin
SC000067,الصف السادس,2025-02-01 14:48:05,,True,admin
SC000068,الصف الثاني,2025-02-01 14:48:16,,True,admin
SC000068,الصف الثالث,2025-02-01 14:48:16,,True,admin
SC000069,الصف الثاني,2025-02-01 14:48:00,,True,admin
SC000069,الصف الثالث,2025-02-01 14:48:00,,True,admin
SC000070,الصف الثالث,2025-02-01 14:49:21,,True,admin
SC000070,الصف الرابع,2025-02-01 14:49:21,,True,admin
SC000071,الصف الرابع,2025-02-01 14:50:27,,True,admin
SC000071,الصف الخامس,2025-02-01 14:50:27,,True,admin
SC000072,الروضة الكبرى (KG2),2025-02-01 14:50:41,,True,admin
SC000072,الصف الأول,2025-02-01 14:50:41,,True,admin
SC000073,الروضة الكبرى (KG2),2025-02-01 14:51:39,,True,admin
SC000073,الصف الأول,2025-02-01 14:51:39,,True,admin
SC000074,الروضة الصغرى (KG1),2025-02-01 14:53:03,,True,admin
SC000074,الروضة الكبرى (KG2),2025-02-01 14:53:03,,True,admin
SC000075,الروضة الكبرى (KG2),2025-02-01 14:53:11,,True,admin
SC000075,الصف الأول,2025-02-01 14:53:11,,True,admin
SC000076,الصف التاسع,2025-02-01 14:58:42,,True,admin
SC000076,الصف العاشر,2025-02-01 14:58:42,,True,admin
SC000078,الصف الثاني,2025-02-01 15:05:23,,True,admin
SC000078,الصف الثالث,2025-02-01 15:05:23,,True,admin
SC000079,الصف الرابع,2025-02-01 15:05:53,,True,admin
SC000079,الصف الخامس,2025-02-01 15:05:53,,True,admin
SC000080,الصف الرابع,2025-02-01 15:07:01,,True,admin
SC000080,الصف الخامس,2025-02-01 15:07:01,,True,admin
SC000081,الروضة الكبرى (KG2),2025-02-01 15:07:17,,True,admin
SC000081,الصف الأول,2025-02-01 15:07:17,,True,admin
SC000082,الصف الثاني,2025-02-01 15:08:56,,True,admin
SC000082,الصف الثالث,2025-02-01 15:08:56,,True,admin
SC000083,الروضة الكبرى (KG2),2025-02-01 15:09:24,,True,admin
SC000083,الصف الأول,2025-02-01 15:09:24,,True,admin
SC000084,الصف الثامن,2025-02-01 15:09:52,,True,admin
SC000084,الصف التاسع,2025-02-01 15:09:52,,True,admin
SC000085,الروضة الصغرى (KG1),2025-02-01 15:09:55,,True,admin
SC000085,الروضة الكبرى (KG2),2025-02-01 15:09:55,,True,admin
SC000086,الصف العاشر,2025-02-01 15:14:04,,True,admin
SC000086,الصف الحادي عشر (الأول ثانوي),2025-02-01 15:14:04,,True,admin
SC000087,الصف الأول,2025-02-01 15:16:26,,True,admin
SC000087,الصف الثاني,2025-02-01 15:16:26,,True,admin
SC000088,الصف الأول,2025-02-01 15:17:11,,True,admin
SC000088,الصف الثاني,2025-02-01 15:17:11,,True,admin
SC000089,الصف الثالث,2025-02-01 15:18:22,,True,admin
SC000089,الصف الرابع,2025-02-01 15:18:22,,True,admin
SC000090,الصف الخامس,2025-02-01 15:19:28,,True,admin
SC000090,الصف السادس,2025-02-01 15:19:28,,True,admin
SC000091,الصف الثاني عشر (التوجيهي),2025-02-01 15:26:29,,True,admin
SC000092,الصف الثالث,2025-02-01 15:41:12,,True,admin
SC000092,الصف الرابع,2025-02-01 15:41:12,,True,admin
SC000093,الروضة الصغرى (KG1),2025-02-01 15:42:55,,True,admin
SC000093,الروضة الكبرى (KG2),2025-02-01 15:42:55,,True,admin
SC000094,الصف الثاني,2025-02-01 15:46:03,,True,admin
SC000094,الصف الثالث,2025-02-01 15:46:03,,True,admin
SC000095,الصف الخامس,2025-02-01 15:46:18,,True,admin
SC000095,الصف السادس,2025-02-01 15:46:18,,True,admin
SC000096,الروضة الصغرى (KG1),2025-02-01 15:47:30,,True,admin
SC000097,الروضة الصغرى (KG1),2025-02-01 15:49:55,,True,admin
SC000098,الروضة الكبرى (KG2),2025-02-01 15:52:51,,True,admin
SC000098,الصف الأول,2025-02-01 15:52:51,,True,admin
SC000099,الصف الرابع,2025-02-01 15:54:37,,True,admin
SC000099,الصف الخامس,2025-02-01 15:54:37,,True,admin
SC000100,الصف السابع,2025-02-01 15:56:31,,True,admin
SC000100,الصف الثامن,2025-02-01 15:56:31,,True,admin
SC000101,الصف الرابع,2025-02-01 16:01:06,,True,admin
SC000101,الصف الخامس,2025-02-01 16:01:06,,True,admin
SC000102,الصف الأول,2025-02-01 16:03:44,,True,admin
SC000102,الصف الثاني,2025-02-01 16:03:44,,True,admin
SC000103,الصف الثامن,2025-02-01 16:04:52,,True,admin
SC000103,الصف التاسع,2025-02-01 16:04:52,,True,admin
SC000104,الصف الخامس,2025-02-01 16:05:41,,True,admin
SC000104,الصف السادس,2025-02-01 16:05:41,,True,admin
SC000105,الصف الخامس,2025-02-01 16:20:00,,True,admin
SC000105,الصف السادس,2025-02-01 16:20:00,,True,admin
SC000106,الصف الأول,2025-02-01 16:22:19,,True,admin
SC000106,الصف الثاني,2025-02-01 16:22:19,,True,admin
SC000107,الصف الثالث,2025-02-01 16:23:32,,True,admin
SC000107,الصف الرابع,2025-02-01 16:23:32,,True,admin
SC000108,الصف العاشر,2025-02-01 16:24:02,,True,admin
SC000108,الصف الحادي عشر (الأول ثانوي),2025-02-01 16:24:02,,True,admin
SC000109,الصف التاسع,2025-02-01 16:43:48,,True,admin
SC000109,الصف العاشر,2025-02-01 16:43:48,,True,admin
SC000110,الصف التاسع,2025-02-01 16:45:55,,True,admin
SC000110,الصف العاشر,2025-02-01 16:45:55,,True,admin
SC000111,الروضة الصغرى (KG1),2025-02-01 16:59:38,,True,admin
SC000112,الصف السادس,2025-02-01 17:01:04,,True,admin
SC000112,الصف السابع,2025-02-01 17:01:04,,True,admin
SC000113,الصف التاسع,2025-02-01 17:04:00,,True,admin
SC000113,الصف العاشر,2025-02-01 17:04:00,,True,admin
SC000114,الصف الثامن,2025-02-01 17:33:17,,True,admin
SC000114,الصف التاسع,2025-02-01 17:33:17,,True,admin
SC000115,الصف السابع,2025-02-01 17:35:02,,True,admin
SC000115,الصف الثامن,2025-02-01 17:35:02,,True,admin
SC000116,الصف الثالث,2025-02-01 18:09:32,,True,admin
SC000116,الصف الرابع,2025-02-01 18:09:32,,True,admin
SC000117,الصف الرابع,2025-02-01 19:08:41,,True,admin
SC000117,الصف الخامس,2025-02-01 19:08:41,,True,admin
SC000118,الصف الثالث,2025-02-01 19:11:43,,True,admin
SC000118,الصف الرابع,2025-02-01 19:11:43,,True,admin
SC000119,الصف الثاني,2025-02-01 19:14:56,,True,admin
SC000119,الصف الثالث,2025-02-01 19:14:56,,True,admin
SC000120,الروضة الكبرى (KG2),2025-02-01 19:17:13,,True,admin
SC000120,الصف الأول,2025-02-01 19:17:13,,True,admin
SC000121,الصف الثامن,2025-02-01 19:20:59,,True,admin
SC000121,الصف التاسع,2025-02-01 19:20:59,,True,admin
SC000122,الصف التاسع,2025-02-01 20:41:09,,True,admin
SC000122,الصف العاشر,2025-02-01 20:41:09,,True,admin
SC000123,الصف التاسع,2025-02-01 20:42:02,,True,admin
SC000123,الصف العاشر,2025-02-01 20:42:02,,True,admin
SC000124,الصف التاسع,2025-02-01 20:42:42,,True,admin
SC000124,الصف العاشر,2025-02-01 20:42:42,,True,admin
SC000127,الصف الحادي عشر (الأول ثانوي),2025-02-01 20:43:35,,True,admin
SC000127,الصف الثاني عشر (التوجيهي),2025-02-01 20:43:35,,True,admin
SC000128,الصف الحادي عشر (الأول ثانوي),2025-02-01 20:43:36,,True,admin
SC000128,الصف الثاني عشر (التوجيهي),2025-02-01 20:43:36,,True,admin
SC000130,الصف التاسع,2025-02-01 20:43:00,,True,admin
SC000130,الصف العاشر,2025-02-01 20:43:00,,True,admin
SC000131,الصف العاشر,2025-02-01 20:45:02,,True,admin
SC000131,الصف الحادي عشر (الأول ثانوي),2025-02-01 20:45:02,,True,admin
SC000132,الصف العاشر,2025-02-01 20:45:17,,True,admin
SC000132,الصف الحادي عشر (الأول ثانوي),2025-02-01 20:45:17,,True,admin
SC000134,الصف العاشر,2025-02-01 20:46:42,,True,admin
SC000134,الصف الحادي عشر (الأول ثانوي),2025-02-01 20:46:42,,True,admin
SC000136,الصف العاشر,2025-02-01 20:47:48,,True,admin
SC000136,الصف الحادي عشر (الأول ثانوي),2025-02-01 20:47:48,,True,admin
SC000137,الروضة الصغرى (KG1),2025-02-01 20:48:54,,True,admin
SC000137,الروضة الكبرى (KG2),2025-02-01 20:48:54,,True,admin
SC000139,الصف العاشر,2025-02-01 20:50:28,,True,admin
SC000139,الصف الحادي عشر (الأول ثانوي),2025-02-01 20:50:28,,True,admin
SC000143,الروضة الكبرى (KG2),2025-02-01 20:57:44,,True,admin
SC000143,الصف الأول,2025-02-01 20:57:44,,True,admin
SC000144,الصف الخامس,2025-02-01 20:57:58,,True,admin
SC000144,الصف السادس,2025-02-01 20:57:58,,True,admin
SC000145,الصف التاسع,2025-02-01 20:58:50,,True,admin
SC000145,الصف العاشر,2025-02-01 20:58:50,,True,admin
SC000146,الصف الثالث,2025-02-01 21:00:47,,True,admin
SC000146,الصف الرابع,2025-02-01 21:00:47,,True,admin
SC000147,الروضة الكبرى (KG2),2025-02-01 21:02:27,,True,admin
SC000147,الصف الأول,2025-02-01 21:02:27,,True,admin
SC000148,الصف العاشر,2025-02-01 21:05:33,,True,admin
SC000148,الصف الحادي عشر (الأول ثانوي),2025-02-01 21:05:33,,True,admin
SC000149,الصف الثاني,2025-02-01 21:06:06,,True,admin
SC000149,الصف الثالث,2025-02-01 21:06:06,,True,admin
SC000150,الصف الرابع,2025-02-01 21:06:11,,True,admin
SC000150,الصف الخامس,2025-02-01 21:06:11,,True,admin
SC000151,الصف الثالث,2025-02-01 21:06:53,,True,admin
SC000151,الصف الرابع,2025-02-01 21:06:53,,True,admin
SC000152,الصف الخامس,2025-02-01 21:08:56,,True,admin
SC000152,الصف السادس,2025-02-01 21:08:56,,True,admin
SC000153,الصف الأول,2025-02-01 21:10:05,,True,admin
SC000153,الصف الثاني,2025-02-01 21:10:05,,True,admin
SC000154,الصف الرابع,2025-02-01 21:10:48,,True,admin
SC000154,الصف الخامس,2025-02-01 21:10:48,,True,admin
SC000155,الصف الثامن,2025-02-01 21:12:05,,True,admin
SC000155,الصف التاسع,2025-02-01 21:12:05,,True,admin
SC000156,الصف السادس,2025-02-01 21:13:32,,True,admin
SC000156,الصف السابع,2025-02-01 21:13:32,,True,admin
SC000157,الصف السادس,2025-02-01 21:14:44,,True,admin
SC000157,الصف السابع,2025-02-01 21:14:44,,True,admin
SC000158,الصف الرابع,2025-02-01 21:14:45,,True,admin
SC000158,الصف الخامس,2025-02-01 21:14:45,,True,admin
SC000159,الصف الثاني,2025-02-01 21:14:54,,True,admin
SC000159,الصف الثالث,2025-02-01 21:14:54,,True,admin
SC000160,الصف السابع,2025-02-01 21:15:14,,True,admin
SC000160,الصف الثامن,2025-02-01 21:15:14,,True,admin
SC000161,الصف الأول,2025-02-01 21:16:36,,True,admin
SC000161,الصف الثاني,2025-02-01 21:16:36,,True,admin
SC000162,الصف الأول,2025-02-01 21:16:49,,True,admin
SC000162,الصف الثاني,2025-02-01 21:16:49,,True,admin
SC000163,الصف العاشر,2025-02-01 21:21:06,,True,admin
SC000163,الصف الحادي عشر (الأول ثانوي),2025-02-01 21:21:06,,True,admin
SC000165,الصف السادس,2025-02-01 21:42:00,,True,admin
SC000165,الصف السابع,2025-02-01 21:42:00,,True,admin
SC000166,الصف الثاني,2025-02-01 21:43:21,,True,admin
SC000166,الصف الثالث,2025-02-01 21:43:21,,True,admin
SC000167,الصف الرابع,2025-02-01 21:44:51,,True,admin
SC000167,الصف الخامس,2025-02-01 21:44:51,,True,admin
SC000168,الصف الأول,2025-02-01 21:45:20,,True,admin
SC000168,الصف الثاني,2025-02-01 21:45:20,,True,admin
SC000169,الصف الرابع,2025-02-01 21:46:43,,True,admin
SC000169,الصف الخامس,2025-02-01 21:46:43,,True,admin
SC000170,الروضة الصغرى (KG1),2025-02-01 21:49:07,,True,admin
SC000170,الروضة الكبرى (KG2),2025-02-01 21:49:07,,True,admin
SC000171,الصف الحادي عشر (الأول ثانوي),2025-02-01 21:55:58,,True,admin
SC000171,الصف الثاني عشر (التوجيهي),2025-02-01 21:55:58,,True,admin
SC000172,الصف الثاني,2025-02-01 21:59:15,,True,admin
SC000172,الصف الثالث,2025-02-01 21:59:15,,True,admin
SC000173,الصف الثالث,2025-02-01 22:03:08,,True,admin
SC000173,الصف الرابع,2025-02-01 22:03:08,,True,admin
SC000174,الصف الرابع,2025-02-01 22:07:55,,True,admin
SC000174,الصف الخامس,2025-02-01 22:07:55,,True,admin
SC000175,الصف الثالث,2025-02-01 22:09:36,,True,admin
SC000175,الصف الرابع,2025-02-01 22:09:36,,True,admin
SC000178,الصف الثاني,2025-02-01 22:42:56,,True,admin
SC000178,الصف الثالث,2025-02-01 22:42:56,,True,admin
SC000180,الصف الأول,2025-02-01 22:58:55,,True,admin
SC000180,الصف الثاني,2025-02-01 22:58:55,,True,admin
SC000181,الصف الأول,2025-02-01 23:03:48,,True,admin
SC000181,الصف الثاني,2025-02-01 23:03:48,,True,admin
SC000182,الصف الرابع,2025-02-01 23:12:18,,True,admin
SC000182,الصف الخامس,2025-02-01 23:12:18,,True,admin
SC000183,الصف الرابع,2025-02-01 23:18:24,,True,admin
SC000183,الصف الخامس,2025-02-01 23:18:24,,True,admin
SC000186,الصف التاسع,2025-02-02 00:16:32,,True,admin
SC000186,الصف العاشر,2025-02-02 00:16:32,,True,admin
SC000187,الروضة الكبرى (KG2),2025-02-02 01:27:58,,True,admin
SC000187,الصف الأول,2025-02-02 01:27:58,,True,admin
SC000188,الصف العاشر,2025-02-02 06:33:07,,True,admin
SC000188,الصف الحادي عشر (الأول ثانوي),2025-02-02 06:33:07,,True,admin
SC000189,الصف التاسع,2025-02-02 08:11:00,,True,admin
SC000189,الصف العاشر,2025-02-02 08:11:00,,True,admin
SC000191,الصف الخامس,2025-02-02 10:27:30,,True,admin
SC000191,الصف السادس,2025-02-02 10:27:30,,True,admin
SC000192,الصف الثالث,2025-02-02 10:29:17,,True,admin
SC000192,الصف الرابع,2025-02-02 10:29:17,,True,admin
SC000193,الصف الخامس,2025-02-02 10:29:38,,True,admin
SC000193,الصف السادس,2025-02-02 10:29:38,,True,admin
SC000194,الصف الثاني,2025-02-02 10:35:12,,True,admin
SC000194,الصف الثالث,2025-02-02 10:35:12,,True,admin
SC000195,الروضة الصغرى (KG1),2025-02-02 10:36:39,,True,admin
SC000195,الروضة الكبرى (KG2),2025-02-02 10:36:39,,True,admin
SC000196,الصف الثالث,2025-02-02 10:37:53,,True,admin
SC000196,الصف الرابع,2025-02-02 10:37:53,,True,admin
SC000197,الصف الخامس,2025-02-02 10:38:12,,True,admin
SC000197,الصف السادس,2025-02-02 10:38:12,,True,admin
SC000198,الصف الخامس,2025-02-02 10:39:15,,True,admin
SC000198,الصف السادس,2025-02-02 10:39:15,,True,admin
SC000199,الروضة الكبرى (KG2),2025-02-02 10:56:05,,True,admin
SC000199,الصف الأول,2025-02-02 10:56:05,,True,admin
SC000200,الصف الحادي عشر (الأول ثانوي),2025-02-02 10:59:22,,True,admin
SC000200,الصف الثاني عشر (التوجيهي),2025-02-02 10:59:22,,True,admin
SC000201,الصف التاسع,2025-02-02 11:00:53,,True,admin
SC000201,الصف العاشر,2025-02-02 11:00:53,,True,admin
SC000202,الصف العاشر,2025-02-02 11:01:33,,True,admin
SC000202,الصف الحادي عشر (الأول ثانوي),2025-02-02 11:01:33,,True,admin
SC000203,الصف الرابع,2025-02-02 11:05:34,,True,admin
SC000203,الصف الخامس,2025-02-02 11:05:34,,True,admin
SC000204,الصف العاشر,2025-02-02 11:06:08,,True,admin
SC000204,الصف الحادي عشر (الأول ثانوي),2025-02-02 11:06:08,,True,admin
SC000205,الصف الأول,2025-02-02 11:06:47,,True,admin
SC000205,الصف الثاني,2025-02-02 11:06:47,,True,admin
SC000206,الصف العاشر,2025-02-02 11:07:01,,True,admin
SC000206,الصف الحادي عشر (الأول ثانوي),2025-02-02 11:07:01,,True,admin
SC000207,الصف العاشر,2025-02-02 11:09:31,,True,admin
SC000207,الصف الحادي عشر (الأول ثانوي),2025-02-02 11:09:31,,True,admin
SC000208,الصف الأول,2025-02-02 11:10:58,,True,admin
SC000208,الصف الثاني,2025-02-02 11:10:58,,True,admin
SC000209,الصف الحادي عشر (الأول ثانوي),2025-02-02 11:11:06,,True,admin
SC000209,الصف الثاني عشر (التوجيهي),2025-02-02 11:11:06,,True,admin
SC000210,الصف العاشر,2025-02-02 11:19:03,,True,admin
SC000210,الصف الحادي عشر (الأول ثانوي),2025-02-02 11:19:03,,True,admin
SC000211,الصف العاشر,2025-02-02 11:27:35,,True,admin
SC000211,الصف الحادي عشر (الأول ثانوي),2025-02-02 11:27:35,,True,admin
SC000212,الصف الأول,2025-02-02 11:30:23,,True,admin
SC000212,الصف الثاني,2025-02-02 11:30:23,,True,admin
SC000213,الصف التاسع,2025-02-02 11:31:22,,True,admin
SC000213,الصف العاشر,2025-02-02 11:31:22,,True,admin
SC000214,الصف التاسع,2025-02-02 11:34:54,,True,admin
SC000214,الصف العاشر,2025-02-02 11:34:54,,True,admin
SC000215,الصف الخامس,2025-02-02 11:41:45,,True,admin
SC000215,الصف السادس,2025-02-02 11:41:45,,True,admin
SC000216,الصف الأول,2025-02-02 11:43:19,,True,admin
SC000216,الصف الثاني,2025-02-02 11:43:19,,True,admin
SC000217,الصف التاسع,2025-02-02 11:47:23,,True,admin
SC000217,الصف العاشر,2025-02-02 11:47:23,,True,admin
SC000218,الصف العاشر,2025-02-02 11:51:20,,True,admin
SC000218,الصف الحادي عشر (الأول ثانوي),2025-02-02 11:51:20,,True,admin
SC000219,الصف الخامس,2025-02-02 11:54:49,,True,admin
SC000219,الصف السادس,2025-02-02 11:54:49,,True,admin
SC000220,الروضة الكبرى (KG2),2025-02-02 11:56:28,,True,admin
SC000220,الصف الأول,2025-02-02 11:56:28,,True,admin
SC000221,الصف العاشر,2025-02-02 12:31:02,,True,admin
SC000221,الصف الحادي عشر (الأول ثانوي),2025-02-02 12:31:02,,True,admin
SC000222,الصف الأول,2025-02-02 12:56:04,,True,admin
SC000222,الصف الثاني,2025-02-02 12:56:04,,True,admin
SC000223,الصف الخامس,2025-02-02 13:03:43,,True,admin
SC000223,الصف السادس,2025-02-02 13:03:43,,True,admin
SC000224,الصف الثالث,2025-02-02 13:05:40,,True,admin
SC000224,الصف الرابع,2025-02-02 13:05:40,,True,admin
SC000225,الصف السابع,2025-02-02 13:15:16,,True,admin
SC000225,الصف الثامن,2025-02-02 13:15:16,,True,admin
SC000226,الصف الثامن,2025-02-02 13:16:54,,True,admin
SC000226,الصف التاسع,2025-02-02 13:16:54,,True,admin
SC000227,الصف السادس,2025-02-02 13:19:23,,True,admin
SC000227,الصف السابع,2025-02-02 13:19:23,,True,admin
SC000228,الصف العاشر,2025-02-02 13:59:05,,True,admin
SC000228,الصف الحادي عشر (الأول ثانوي),2025-02-02 13:59:05,,True,admin
SC000230,الصف السابع,2025-02-02 15:14:10,,True,admin
SC000230,الصف الثامن,2025-02-02 15:14:10,,True,admin
SC000231,الصف السابع,2025-02-02 15:18:09,,True,admin
SC000231,الصف الثامن,2025-02-02 15:18:09,,True,admin
SC000232,الصف العاشر,2025-02-02 15:23:11,,True,admin
SC000232,الصف الحادي عشر (الأول ثانوي),2025-02-02 15:23:11,,True,admin
SC000233,الصف الأول,2025-02-02 15:35:59,,True,admin
SC000233,الصف الثاني,2025-02-02 15:35:59,,True,admin
SC000234,الصف الحادي عشر (الأول ثانوي),2025-02-02 15:45:22,,True,admin
SC000234,الصف الثاني عشر (التوجيهي),2025-02-02 15:45:22,,True,admin
SC000235,الصف التاسع,2025-02-02 16:00:16,,True,admin
SC000235,الصف العاشر,2025-02-02 16:00:16,,True,admin
SC000236,الصف الثاني عشر (التوجيهي),2025-02-02 16:20:21,,True,admin
SC000238,الصف الثاني عشر (التوجيهي),2025-02-02 16:57:19,,True,admin
SC000239,الصف العاشر,2025-02-02 17:02:30,,True,admin
SC000239,الصف الحادي عشر (الأول ثانوي),2025-02-02 17:02:30,,True,admin
SC000240,الصف الثاني عشر (التوجيهي),2025-02-02 17:30:55,,True,admin
SC000241,الصف الثاني عشر (التوجيهي),2025-02-02 19:53:09,,True,admin
SC000242,الصف العاشر,2025-02-02 20:25:47,,True,admin
SC000242,الصف الحادي عشر (الأول ثانوي),2025-02-02 20:25:47,,True,admin
SC000244,الصف التاسع,2025-02-02 21:31:45,,True,admin
SC000244,الصف العاشر,2025-02-02 21:31:45,,True,admin
SC000245,الصف الأول,2025-02-02 21:47:44,,True,admin
SC000245,الصف الثاني,2025-02-02 21:47:44,,True,admin
SC000246,الروضة الكبرى (KG2),2025-02-02 21:50:25,,True,admin
SC000246,الصف الأول,2025-02-02 21:50:25,,True,admin
SC000247,الروضة الصغرى (KG1),2025-02-02 22:19:38,,True,admin
SC000247,الروضة الكبرى (KG2),2025-02-02 22:19:38,,True,admin
SC000249,الصف السادس,2025-02-03 12:13:38,,True,admin
SC000249,الصف السابع,2025-02-03 12:13:38,,True,admin
SC000253,الصف السابع,2025-02-03 12:25:06,,True,admin
SC000253,الصف الثامن,2025-02-03 12:25:06,,True,admin
SC000256,الصف السابع,2025-02-03 12:43:50,,True,admin
SC000256,الصف الثامن,2025-02-03 12:43:50,,True,admin
SC000259,الصف السادس,2025-02-03 12:51:01,,True,admin
SC000259,الصف السابع,2025-02-03 12:51:01,,True,admin
SC000260,الصف التاسع,2025-02-03 12:51:13,,True,admin
SC000260,الصف العاشر,2025-02-03 12:51:13,,True,admin
SC000261,الصف الخامس,2025-02-03 12:54:42,,True,admin
SC000261,الصف السادس,2025-02-03 12:54:42,,True,admin
SC000262,الصف الخامس,2025-02-03 12:59:56,,True,admin
SC000262,الصف السادس,2025-02-03 12:59:56,,True,admin
SC000264,الصف الثامن,2025-02-03 13:15:11,,True,admin
SC000264,الصف التاسع,2025-02-03 13:15:11,,True,admin
SC000265,الصف الثالث,2025-02-03 13:17:48,,True,admin
SC000265,الصف الرابع,2025-02-03 13:17:48,,True,admin
SC000266,الصف الأول,2025-02-03 14:14:22,,True,admin
SC000266,الصف الثاني,2025-02-03 14:14:22,,True,admin
SC000268,الروضة الصغرى (KG1),2025-02-03 14:17:22,,True,admin
SC000269,الصف السابع,2025-02-03 14:40:28,,True,admin
SC000269,الصف الثامن,2025-02-03 14:40:28,,True,admin
SC000271,الصف الثامن,2025-02-03 14:50:08,,True,admin
SC000271,الصف التاسع,2025-02-03 14:50:08,,True,admin
SC000272,الصف الثامن,2025-02-03 15:03:29,,True,admin
SC000272,الصف التاسع,2025-02-03 15:03:29,,True,admin
SC000273,الصف العاشر,2025-02-03 15:16:42,,True,admin
SC000273,الصف الحادي عشر (الأول ثانوي),2025-02-03 15:16:42,,True,admin
SC000274,الصف السابع,2025-02-03 15:23:59,,True,admin
SC000274,الصف الثامن,2025-02-03 15:23:59,,True,admin
SC000276,الصف العاشر,2025-02-03 15:29:44,,True,admin
SC000276,الصف الحادي عشر (الأول ثانوي),2025-02-03 15:29:44,,True,admin
SC000277,الصف السابع,2025-02-03 15:34:04,,True,admin
SC000277,الصف الثامن,2025-02-03 15:34:04,,True,admin
SC000279,الصف السابع,2025-02-03 15:36:43,,True,admin
SC000279,الصف الثامن,2025-02-03 15:36:43,,True,admin
SC000281,الصف الثامن,2025-02-03 15:49:30,,True,admin
SC000281,الصف التاسع,2025-02-03 15:49:30,,True,admin
SC000282,الصف الثامن,2025-02-03 15:57:31,,True,admin
SC000282,الصف التاسع,2025-02-03 15:57:31,,True,admin
SC000284,الصف السابع,2025-02-03 16:03:26,,True,admin
SC000284,الصف الثامن,2025-02-03 16:03:26,,True,admin
SC000285,الصف السادس,2025-02-03 16:11:27,,True,admin
SC000285,الصف السابع,2025-02-03 16:11:27,,True,admin
SC000286,الصف السابع,2025-02-03 16:48:48,,True,admin
SC000286,الصف الثامن,2025-02-03 16:48:48,,True,admin
SC000287,الصف السادس,2025-02-03 16:53:07,,True,admin
SC000287,الصف السابع,2025-02-03 16:53:07,,True,admin
SC000290,الصف الثامن,2025-02-03 17:50:47,,True,admin
SC000290,الصف التاسع,2025-02-03 17:50:47,,True,admin
SC000292,الصف السابع,2025-02-03 18:07:36,,True,admin
SC000292,الصف الثامن,2025-02-03 18:07:36,,True,admin
SC000293,الصف السابع,2025-02-03 18:12:54,,True,admin
SC000293,الصف الثامن,2025-02-03 18:12:54,,True,admin
SC000294,الصف الثامن,2025-02-03 18:14:43,,True,admin
SC000294,الصف التاسع,2025-02-03 18:14:43,,True,admin
SC000295,الصف السابع,2025-02-03 18:19:06,,True,admin
SC000295,الصف الثامن,2025-02-03 18:19:06,,True,admin
SC000299,الصف الثاني,2025-02-04 09:52:07,,True,admin
SC000299,الصف الثالث,2025-02-04 09:52:07,,True,admin
SC000300,الروضة الصغرى (KG1),2025-02-04 10:05:56,,True,admin
SC000300,الروضة الكبرى (KG2),2025-02-04 10:05:56,,True,admin
SC000301,الصف الأول,2025-02-04 11:15:14,,True,admin
SC000301,الصف الثاني,2025-02-04 11:15:14,,True,admin
SC000303,الصف الأول,2025-02-04 11:22:27,,True,admin
SC000303,الصف الثاني,2025-02-04 11:22:27,,True,admin
SC000305,الصف السادس,2025-02-04 11:24:44,,True,admin
SC000305,الصف السابع,2025-02-04 11:24:44,,True,admin
SC000307,الصف الثالث,2025-02-04 11:25:56,,True,admin
SC000307,الصف الرابع,2025-02-04 11:25:56,,True,admin
SC000309,الصف الرابع,2025-02-04 14:22:31,,True,admin
SC000309,الصف الخامس,2025-02-04 14:22:31,,True,admin
SC000310,الصف السادس,2025-02-04 14:24:49,,True,admin
SC000310,الصف السابع,2025-02-04 14:24:49,,True,admin
SC000311,الصف الخامس,2025-02-04 14:31:06,,True,admin
SC000311,الصف السادس,2025-02-04 14:31:06,,True,admin
SC000312,الصف الرابع,2025-02-04 14:45:34,,True,admin
SC000312,الصف الخامس,2025-02-04 14:45:34,,True,admin
SC000313,الصف الثامن,2025-02-04 16:39:41,,True,admin
SC000313,الصف التاسع,2025-02-04 16:39:41,,True,admin
SC000314,الصف التاسع,2025-02-04 18:07:40,,True,admin
SC000314,الصف العاشر,2025-02-04 18:07:40,,True,admin
SC000315,الصف الثالث,2025-02-04 18:08:17,,True,admin
SC000315,الصف الرابع,2025-02-04 18:08:17,,True,admin
SC000317,الصف السادس,2025-02-04 18:25:25,,True,admin
SC000317,الصف السابع,2025-02-04 18:25:25,,True,admin
SC000318,الصف الخامس,2025-02-04 18:26:59,,True,admin
SC000318,الصف السادس,2025-02-04 18:26:59,,True,admin
SC000320,الصف السابع,2025-02-04 20:08:04,,True,admin
SC000320,الصف الثامن,2025-02-04 20:08:04,,True,admin
SC000321,الصف الثامن,2025-02-04 21:03:59,,True,admin
SC000321,الصف التاسع,2025-02-04 21:03:59,,True,admin
SC000322,الصف السادس,2025-02-04 21:21:59,,True,admin
SC000322,الصف السابع,2025-02-04 21:21:59,,True,admin
SC000323,الصف الثاني,2025-02-04 21:25:25,,True,admin
SC000323,الصف الثالث,2025-02-04 21:25:25,,True,admin
SC000324,الصف الأول,2025-02-04 21:28:39,,True,admin
SC000324,الصف الثاني,2025-02-04 21:28:39,,True,admin
SC000325,الصف التاسع,2025-02-04 21:37:51,,True,admin
SC000325,الصف العاشر,2025-02-04 21:37:51,,True,admin
SC000326,الروضة الكبرى (KG2),2025-02-05 15:01:33,,True,admin
SC000326,الصف الأول,2025-02-05 15:01:33,,True,admin
SC000327,الصف الحادي عشر (الأول ثانوي),2025-02-05 16:51:02,,True,admin
SC000327,الصف الثاني عشر (التوجيهي),2025-02-05 16:51:02,,True,admin
SC000329,الصف السابع,2025-02-05 18:37:38,,True,admin
SC000329,الصف الثامن,2025-02-05 18:37:38,,True,admin
SC000330,الصف الثاني عشر (التوجيهي),2025-02-05 18:58:56,,True,admin
SC000331,الروضة الكبرى (KG2),2025-02-06 10:29:22,,True,admin
SC000331,الصف الأول,2025-02-06 10:29:22,,True,admin
SC000332,الصف الرابع,2025-02-06 10:42:07,,True,admin
SC000332,الصف الخامس,2025-02-06 10:42:07,,True,admin
SC000333,الصف الرابع,2025-02-06 10:45:40,,True,admin
SC000333,الصف الخامس,2025-02-06 10:45:40,,True,admin
SC000334,الصف العاشر,2025-02-06 18:11:08,,True,admin
SC000334,الصف الحادي عشر (الأول ثانوي),2025-02-06 18:11:08,,True,admin
SC000335,الصف الثالث,2025-02-06 22:36:14,,True,admin
SC000335,الصف الرابع,2025-02-06 22:36:14,,True,admin
SC000336,الصف الثاني,2025-02-07 12:08:32,,True,admin
SC000336,الصف الثالث,2025-02-07 12:08:32,,True,admin
SC000337,الصف الثالث,2025-02-07 13:33:34,,True,admin
SC000337,الصف الرابع,2025-02-07 13:33:34,,True,admin
SC000338,الروضة الكبرى (KG2),2025-02-07 13:35:18,,True,admin
SC000338,الصف الأول,2025-02-07 13:35:18,,True,admin
SC000339,الروضة الكبرى (KG2),2025-02-07 15:10:05,,True,admin
SC000339,الصف الأول,2025-02-07 15:10:05,,True,admin
SC000340,الصف الخامس,2025-02-07 17:56:30,,True,admin
SC000340,الصف السادس,2025-02-07 17:56:30,,True,admin
SC000341,الصف الثاني,2025-02-07 17:58:05,,True,admin
SC000341,الصف الثالث,2025-02-07 17:58:05,,True,admin
SC000343,الصف التاسع,2025-02-08 19:25:28,,True,admin
SC000343,الصف العاشر,2025-02-08 19:25:28,,True,admin
SC000344,الصف السابع,2025-02-08 20:39:02,,True,admin
SC000344,الصف الثامن,2025-02-08 20:39:02,,True,admin
SC000345,الصف الحادي عشر (الأول ثانوي),2025-02-09 20:15:01,,True,admin
SC000345,الصف الثاني عشر (التوجيهي),2025-02-09 20:15:01,,True,admin
SC000346,الصف الحادي عشر (الأول ثانوي),2025-02-10 14:00:14,,True,admin
SC000346,الصف الثاني عشر (التوجيهي),2025-02-10 14:00:14,,True,admin
SC000347,الصف التاسع,2025-02-10 14:03:48,,True,admin
SC000347,الصف العاشر,2025-02-10 14:03:48,,True,admin
SC000348,الصف الحادي عشر (الأول ثانوي),2025-02-10 14:04:33,,True,admin
SC000348,الصف الثاني عشر (التوجيهي),2025-02-10 14:04:33,,True,admin
SC000349,الصف الثاني عشر (التوجيهي),2025-02-10 14:08:07,,True,admin
SC000350,الصف الثاني عشر (التوجيهي),2025-02-10 14:15:44,,True,admin
SC000351,الصف الحادي عشر (الأول ثانوي),2025-02-10 14:16:01,,True,admin
SC000351,الصف الثاني عشر (التوجيهي),2025-02-10 14:16:01,,True,admin
SC000353,الصف العاشر,2025-02-10 14:28:20,,True,admin
SC000353,الصف الحادي عشر (الأول ثانوي),2025-02-10 14:28:20,,True,admin
SC000354,الصف العاشر,2025-02-10 14:31:49,,True,admin
SC000354,الصف الحادي عشر (الأول ثانوي),2025-02-10 14:31:49,,True,admin
SC000355,الصف العاشر,2025-02-10 14:34:32,,True,admin
SC000355,الصف الحادي عشر (الأول ثانوي),2025-02-10 14:34:32,,True,admin
SC000356,الصف العاشر,2025-02-10 15:48:51,,True,admin
SC000356,الصف الحادي عشر (الأول ثانوي),2025-02-10 15:48:51,,True,admin
SC000357,الصف الحادي عشر (الأول ثانوي),2025-02-10 16:00:00,,True,admin
SC000357,الصف الثاني عشر (التوجيهي),2025-02-10 16:00:00,,True,admin
SC000358,الصف التاسع,2025-02-10 16:24:43,,True,admin
SC000358,الصف العاشر,2025-02-10 16:24:43,,True,admin
SC000359,الصف الثاني عشر (التوجيهي),2025-02-10 16:48:13,,True,admin
SC000360,الصف العاشر,2025-02-10 19:17:41,,True,admin
SC000360,الصف الحادي عشر (الأول ثانوي),2025-02-10 19:17:41,,True,admin
SC000361,الصف التاسع,2025-02-10 19:38:31,,True,admin
SC000361,الصف العاشر,2025-02-10 19:38:31,,True,admin
SC000362,الصف العاشر,2025-02-10 21:29:11,,True,admin
SC000362,الصف الحادي عشر (الأول ثانوي),2025-02-10 21:29:11,,True,admin
SC000363,الصف الثاني,2025-02-10 23:08:26,,True,admin
SC000363,الصف الثالث,2025-02-10 23:08:26,,True,admin
SC000364,الصف التاسع,2025-02-11 16:46:23,,True,admin
SC000364,الصف العاشر,2025-02-11 16:46:23,,True,admin
SC000365,الصف التاسع,2025-02-11 18:00:20,,True,admin
SC000365,الصف العاشر,2025-02-11 18:00:20,,True,admin
SC000366,الصف العاشر,2025-02-12 22:46:25,,True,admin
SC000366,الصف الحادي عشر (الأول ثانوي),2025-02-12 22:46:25,,True,admin
SC000367,الصف التاسع,2025-02-12 22:52:32,,True,admin
SC000367,الصف العاشر,2025-02-12 22:52:32,,True,admin
SC000368,الصف التاسع,2025-02-12 22:55:43,,True,admin
SC000368,الصف العاشر,2025-02-12 22:55:43,,True,admin
SC000369,الصف التاسع,2025-02-12 22:57:51,,True,admin
SC000369,الصف العاشر,2025-02-12 22:57:51,,True,admin
SC000370,الصف التاسع,2025-02-12 23:09:34,,True,admin
SC000370,الصف العاشر,2025-02-12 23:09:34,,True,admin
SC000373,الصف التاسع,2025-02-12 23:18:26,,True,admin
SC000373,الصف العاشر,2025-02-12 23:18:26,,True,admin
SC000374,الصف الثالث,2025-02-13 13:27:32,,True,admin
SC000374,الصف الرابع,2025-02-13 13:27:32,,True,admin
SC000375,الروضة الكبرى (KG2),2025-02-15 12:22:06,,True,admin
SC000375,الصف الأول,2025-02-15 12:22:06,,True,admin
SC000376,الروضة الكبرى (KG2),2025-02-15 12:23:31,,True,admin
SC000376,الصف الأول,2025-02-15 12:23:31,,True,admin
SC000377,الصف الأول,2025-02-15 12:26:18,,True,admin
SC000377,الصف الثاني,2025-02-15 12:26:18,,True,admin
SC000378,الصف الخامس,2025-02-15 12:27:11,,True,admin
SC000378,الصف السادس,2025-02-15 12:27:11,,True,admin
SC000379,الروضة الصغرى (KG1),2025-02-15 12:29:18,,True,admin
SC000380,الصف الخامس,2025-02-15 12:31:02,,True,admin
SC000380,الصف السادس,2025-02-15 12:31:02,,True,admin
SC000381,الصف الثاني,2025-02-15 12:32:21,,True,admin
SC000381,الصف الثالث,2025-02-15 12:32:21,,True,admin
SC000382,الصف الرابع,2025-02-15 12:33:14,,True,admin
SC000382,الصف الخامس,2025-02-15 12:33:14,,True,admin
SC000383,الصف الأول,2025-02-15 12:33:40,,True,admin
SC000383,الصف الثاني,2025-02-15 12:33:40,,True,admin
SC000384,الصف التاسع,2025-02-15 12:51:49,,True,admin
SC000384,الصف العاشر,2025-02-15 12:51:49,,True,admin
SC000385,الصف الحادي عشر (الأول ثانوي),2025-02-15 12:55:26,,True,admin
SC000385,الصف الثاني عشر (التوجيهي),2025-02-15 12:55:26,,True,admin
SC000386,الصف الأول,2025-02-15 13:05:08,,True,admin
SC000386,الصف الثاني,2025-02-15 13:05:08,,True,admin
SC000387,الصف الرابع,2025-02-15 13:11:55,,True,admin
SC000387,الصف الخامس,2025-02-15 13:11:55,,True,admin
SC000388,الصف الثاني,2025-02-15 13:15:50,,True,admin
SC000388,الصف الثالث,2025-02-15 13:15:50,,True,admin
SC000389,الصف الحادي عشر (الأول ثانوي),2025-02-15 13:19:45,,True,admin
SC000389,الصف الثاني عشر (التوجيهي),2025-02-15 13:19:45,,True,admin
SC000390,الصف الثاني,2025-02-15 13:38:35,,True,admin
SC000390,الصف الثالث,2025-02-15 13:38:35,,True,admin
SC000391,الصف التاسع,2025-02-15 14:50:54,,True,admin
SC000391,الصف العاشر,2025-02-15 14:50:54,,True,admin
SC000392,الصف الثالث,2025-02-15 15:26:22,,True,admin
SC000392,الصف الرابع,2025-02-15 15:26:22,,True,admin
SC000393,الروضة الصغرى (KG1),2025-02-15 15:28:07,,True,admin
SC000393,الروضة الكبرى (KG2),2025-02-15 15:28:07,,True,admin
SC000394,الصف التاسع,2025-02-15 17:11:32,,True,admin
SC000394,الصف العاشر,2025-02-15 17:11:32,,True,admin
SC000395,الصف التاسع,2025-02-15 17:19:35,,True,admin
SC000395,الصف العاشر,2025-02-15 17:19:35,,True,admin
SC000396,الصف الحادي عشر (الأول ثانوي),2025-02-15 17:21:23,,True,admin
SC000396,الصف الثاني عشر (التوجيهي),2025-02-15 17:21:23,,True,admin
SC000397,الصف الحادي عشر (الأول ثانوي),2025-02-15 17:30:51,,True,admin
SC000397,الصف الثاني عشر (التوجيهي),2025-02-15 17:30:51,,True,admin
SC000398,الصف التاسع,2025-02-15 18:38:58,,True,admin
SC000398,الصف العاشر,2025-02-15 18:38:58,,True,admin
SC000399,الصف الخامس,2025-02-15 18:59:41,,True,admin
SC000399,الصف السادس,2025-02-15 18:59:41,,True,admin
SC000400,الصف الثالث,2025-02-15 19:01:05,,True,admin
SC000400,الصف الرابع,2025-02-15 19:01:05,,True,admin
SC000401,الصف العاشر,2025-02-15 19:05:12,,True,admin
SC000401,الصف الحادي عشر (الأول ثانوي),2025-02-15 19:05:12,,True,admin
SC000402,الصف الثاني,2025-02-15 19:34:17,,True,admin
SC000402,الصف الثالث,2025-02-15 19:34:17,,True,admin
SC000403,الصف التاسع,2025-02-15 20:20:24,,True,admin
SC000403,الصف العاشر,2025-02-15 20:20:24,,True,admin
SC000404,الصف العاشر,2025-02-15 20:28:54,,True,admin
SC000404,الصف الحادي عشر (الأول ثانوي),2025-02-15 20:28:54,,True,admin
SC000405,الصف العاشر,2025-02-15 20:49:32,,True,admin
SC000405,الصف الحادي عشر (الأول ثانوي),2025-02-15 20:49:32,,True,admin
SC000406,الصف التاسع,2025-02-15 20:51:14,,True,admin
SC000406,الصف العاشر,2025-02-15 20:51:14,,True,admin
SC000407,الصف التاسع,2025-02-15 20:56:17,,True,admin
SC000407,الصف العاشر,2025-02-15 20:56:17,,True,admin
SC000408,الصف العاشر,2025-02-15 21:01:43,,True,admin
SC000408,الصف الحادي عشر (الأول ثانوي),2025-02-15 21:01:43,,True,admin
SC000409,الصف الثاني,2025-02-16 08:39:42,,True,admin
SC000409,الصف الثالث,2025-02-16 08:39:42,,True,admin
SC000410,الصف الحادي عشر (الأول ثانوي),2025-02-16 10:39:38,,True,admin
SC000410,الصف الثاني عشر (التوجيهي),2025-02-16 10:39:38,,True,admin
SC000411,الصف الثاني,2025-02-16 10:42:01,,True,admin
SC000411,الصف الثالث,2025-02-16 10:42:01,,True,admin
SC000412,الصف التاسع,2025-02-16 15:04:50,,True,admin
SC000412,الصف العاشر,2025-02-16 15:04:50,,True,admin
SC000413,الصف الخامس,2025-02-16 16:17:48,,True,admin
SC000413,الصف السادس,2025-02-16 16:17:48,,True,admin
SC000414,الصف السادس,2025-02-16 22:19:52,,True,admin
SC000414,الصف السابع,2025-02-16 22:19:52,,True,admin
SC000415,الصف السابع,2025-02-16 22:22:17,,True,admin
SC000415,الصف الثامن,2025-02-16 22:22:17,,True,admin
SC000416,الصف السادس,2025-02-16 22:28:04,,True,admin
SC000416,الصف السابع,2025-02-16 22:28:04,,True,admin
SC000417,الصف الثامن,2025-02-16 22:31:46,,True,admin
SC000417,الصف التاسع,2025-02-16 22:31:46,,True,admin
SC000418,الصف الثامن,2025-02-16 22:34:36,,True,admin
SC000418,الصف التاسع,2025-02-16 22:34:36,,True,admin
SC000419,الصف السابع,2025-02-16 22:38:01,,True,admin
SC000419,الصف الثامن,2025-02-16 22:38:01,,True,admin
SC000420,الصف الثامن,2025-02-16 22:41:41,,True,admin
SC000420,الصف التاسع,2025-02-16 22:41:41,,True,admin
SC000421,الصف الثامن,2025-02-16 23:00:12,,True,admin
SC000421,الصف التاسع,2025-02-16 23:00:12,,True,admin
SC000422,الصف السابع,2025-02-16 23:01:54,,True,admin
SC000422,الصف الثامن,2025-02-16 23:01:54,,True,admin
SC000424,الصف السابع,2025-02-16 23:05:38,,True,admin
SC000424,الصف الثامن,2025-02-16 23:05:38,,True,admin
SC000425,الصف السابع,2025-02-16 23:07:31,,True,admin
SC000425,الصف الثامن,2025-02-16 23:07:31,,True,admin
SC000426,الصف السابع,2025-02-16 23:07:35,,True,admin
SC000426,الصف الثامن,2025-02-16 23:07:35,,True,admin
SC000428,الصف السادس,2025-02-16 23:11:33,,True,admin
SC000428,الصف السابع,2025-02-16 23:11:33,,True,admin
SC000429,الصف السابع,2025-02-16 23:11:37,,True,admin
SC000429,الصف الثامن,2025-02-16 23:11:37,,True,admin
SC000430,الصف السابع,2025-02-16 23:13:36,,True,admin
SC000430,الصف الثامن,2025-02-16 23:13:36,,True,admin
SC000431,الصف السادس,2025-02-16 23:14:19,,True,admin
SC000431,الصف السابع,2025-02-16 23:14:19,,True,admin
SC000432,الصف الثامن,2025-02-16 23:16:18,,True,admin
SC000432,الصف التاسع,2025-02-16 23:16:18,,True,admin
SC000433,الصف السابع,2025-02-16 23:17:02,,True,admin
SC000433,الصف الثامن,2025-02-16 23:17:02,,True,admin
SC000434,الصف السابع,2025-02-16 23:17:59,,True,admin
SC000434,الصف الثامن,2025-02-16 23:17:59,,True,admin
SC000435,الصف السابع,2025-02-16 23:19:41,,True,admin
SC000435,الصف الثامن,2025-02-16 23:19:41,,True,admin
SC000437,الصف السابع,2025-02-16 23:28:21,,True,admin
SC000437,الصف الثامن,2025-02-16 23:28:21,,True,admin
SC000438,الصف السابع,2025-02-16 23:30:48,,True,admin
SC000438,الصف الثامن,2025-02-16 23:30:48,,True,admin
SC000439,الصف الثامن,2025-02-16 23:32:38,,True,admin
SC000439,الصف التاسع,2025-02-16 23:32:38,,True,admin
SC000441,الصف الثامن,2025-02-16 23:36:28,,True,admin
SC000441,الصف التاسع,2025-02-16 23:36:28,,True,admin
SC000442,الصف الثامن,2025-02-17 15:16:36,,True,admin
SC000442,الصف التاسع,2025-02-17 15:16:36,,True,admin
SC000443,الصف السابع,2025-02-17 15:26:05,,True,admin
SC000443,الصف الثامن,2025-02-17 15:26:05,,True,admin
SC000444,الصف الثامن,2025-02-17 15:28:31,,True,admin
SC000444,الصف التاسع,2025-02-17 15:28:31,,True,admin
SC000445,الصف السابع,2025-02-17 15:30:42,,True,admin
SC000445,الصف الثامن,2025-02-17 15:30:42,,True,admin
SC000446,الصف السابع,2025-02-17 15:32:25,,True,admin
SC000446,الصف الثامن,2025-02-17 15:32:25,,True,admin
SC000448,الصف السابع,2025-02-17 15:36:16,,True,admin
SC000448,الصف الثامن,2025-02-17 15:36:16,,True,admin
SC000450,الصف السابع,2025-02-17 15:41:47,,True,admin
SC000450,الصف الثامن,2025-02-17 15:41:47,,True,admin
SC000451,الصف الثامن,2025-02-17 15:45:46,,True,admin
SC000451,الصف التاسع,2025-02-17 15:45:46,,True,admin
SC000452,الصف الخامس,2025-02-18 12:54:47,,True,admin
SC000452,الصف السادس,2025-02-18 12:54:47,,True,admin
SC000453,الصف الثاني,2025-02-18 12:56:46,,True,admin
SC000453,الصف الثالث,2025-02-18 12:56:46,,True,admin
SC000454,الصف الرابع,2025-02-18 13:05:30,,True,admin
SC000454,الصف الخامس,2025-02-18 13:05:30,,True,admin
SC000455,الصف الخامس,2025-02-18 13:15:55,,True,admin
SC000455,الصف السادس,2025-02-18 13:15:55,,True,admin
SC000456,الروضة الكبرى (KG2),2025-02-18 13:18:05,,True,admin
SC000456,الصف الأول,2025-02-18 13:18:05,,True,admin
SC000457,الصف الثاني,2025-02-18 13:20:23,,True,admin
SC000457,الصف الثالث,2025-02-18 13:20:23,,True,admin
SC000458,الصف الرابع,2025-02-18 13:36:11,,True,admin
SC000458,الصف الخامس,2025-02-18 13:36:11,,True,admin
SC000459,الروضة الكبرى (KG2),2025-02-18 13:37:37,,True,admin
SC000459,الصف الأول,2025-02-18 13:37:37,,True,admin
SC000460,الصف العاشر,2025-02-18 20:34:49,,True,admin
SC000460,الصف الحادي عشر (الأول ثانوي),2025-02-18 20:34:49,,True,admin
SC000461,الصف الثالث,2025-02-18 20:48:07,,True,admin
SC000461,الصف الرابع,2025-02-18 20:48:07,,True,admin
SC000462,الصف الأول,2025-02-18 20:50:31,,True,admin
SC000462,الصف الثاني,2025-02-18 20:50:31,,True,admin
SC000463,الصف العاشر,2025-02-18 21:04:53,,True,admin
SC000463,الصف الحادي عشر (الأول ثانوي),2025-02-18 21:04:53,,True,admin
SC000464,الروضة الكبرى (KG2),2025-02-19 21:36:11,,True,admin
SC000464,الصف الأول,2025-02-19 21:36:11,,True,admin
SC000465,الصف الثاني,2025-02-19 21:50:57,,True,admin
SC000465,الصف الثالث,2025-02-19 21:50:57,,True,admin
SC000466,الصف الخامس,2025-02-19 21:56:53,,True,admin
SC000466,الصف السادس,2025-02-19 21:56:53,,True,admin
SC000467,الصف الثالث,2025-02-19 21:57:54,,True,admin
SC000467,الصف الرابع,2025-02-19 21:57:54,,True,admin
SC000468,الصف الخامس,2025-02-19 21:59:16,,True,admin
SC000468,الصف السادس,2025-02-19 21:59:16,,True,admin
SC000469,الصف الرابع,2025-02-19 21:59:56,,True,admin
SC000469,الصف الخامس,2025-02-19 21:59:56,,True,admin
SC000470,الصف الأول,2025-02-19 22:00:04,,True,admin
SC000470,الصف الثاني,2025-02-19 22:00:04,,True,admin
SC000471,الصف الثاني,2025-02-19 22:02:28,,True,admin
SC000471,الصف الثالث,2025-02-19 22:02:28,,True,admin
SC000472,الصف الرابع,2025-02-19 22:04:12,,True,admin
SC000472,الصف الخامس,2025-02-19 22:04:12,,True,admin
SC000473,الصف الثاني,2025-02-19 22:07:07,,True,admin
SC000473,الصف الثالث,2025-02-19 22:07:07,,True,admin
SC000474,الصف الثالث,2025-02-19 22:08:11,,True,admin
SC000474,الصف الرابع,2025-02-19 22:08:11,,True,admin
SC000475,الصف الثالث,2025-02-19 22:10:16,,True,admin
SC000475,الصف الرابع,2025-02-19 22:10:16,,True,admin
SC000476,الروضة الصغرى (KG1),2025-02-19 22:11:08,,True,admin
SC000477,الصف الثاني,2025-02-19 22:11:23,,True,admin
SC000477,الصف الثالث,2025-02-19 22:11:23,,True,admin
SC000478,الروضة الكبرى (KG2),2025-02-19 22:12:53,,True,admin
SC000478,الصف الأول,2025-02-19 22:12:53,,True,admin
SC000479,الروضة الكبرى (KG2),2025-02-19 22:14:04,,True,admin
SC000479,الصف الأول,2025-02-19 22:14:04,,True,admin
SC000480,الصف الثالث,2025-02-19 22:14:15,,True,admin
SC000480,الصف الرابع,2025-02-19 22:14:15,,True,admin
SC000481,الصف الرابع,2025-02-19 22:15:52,,True,admin
SC000481,الصف الخامس,2025-02-19 22:15:52,,True,admin
SC000482,الصف الأول,2025-02-19 22:16:32,,True,admin
SC000482,الصف الثاني,2025-02-19 22:16:32,,True,admin
SC000483,الصف الثاني,2025-02-19 22:16:52,,True,admin
SC000483,الصف الثالث,2025-02-19 22:16:52,,True,admin
SC000484,الصف الثاني,2025-02-19 22:18:40,,True,admin
SC000484,الصف الثالث,2025-02-19 22:18:40,,True,admin
SC000485,الصف الثاني,2025-02-19 22:19:09,,True,admin
SC000485,الصف الثالث,2025-02-19 22:19:09,,True,admin
SC000486,الصف الثاني,2025-02-19 22:19:33,,True,admin
SC000486,الصف الثالث,2025-02-19 22:19:33,,True,admin
SC000487,الروضة الكبرى (KG2),2025-02-19 22:21:12,,True,admin
SC000487,الصف الأول,2025-02-19 22:21:12,,True,admin
SC000488,الصف الثالث,2025-02-19 22:23:46,,True,admin
SC000488,الصف الرابع,2025-02-19 22:23:46,,True,admin
SC000489,الصف الثالث,2025-02-19 22:25:05,,True,admin
SC000489,الصف الرابع,2025-02-19 22:25:05,,True,admin
SC000490,الروضة الكبرى (KG2),2025-02-19 22:31:35,,True,admin
SC000490,الصف الأول,2025-02-19 22:31:35,,True,admin
SC000491,الروضة الصغرى (KG1),2025-02-19 22:33:39,,True,admin
SC000492,الصف الأول,2025-02-19 22:33:43,,True,admin
SC000492,الصف الثاني,2025-02-19 22:33:43,,True,admin
SC000493,الروضة الكبرى (KG2),2025-02-19 22:35:34,,True,admin
SC000493,الصف الأول,2025-02-19 22:35:34,,True,admin
SC000494,الصف الأول,2025-02-19 22:37:26,,True,admin
SC000494,الصف الثاني,2025-02-19 22:37:26,,True,admin
SC000495,الصف الأول,2025-02-19 22:41:03,,True,admin
SC000495,الصف الثاني,2025-02-19 22:41:03,,True,admin
SC000496,الروضة الكبرى (KG2),2025-02-19 22:45:33,,True,admin
SC000496,الصف الأول,2025-02-19 22:45:33,,True,admin
SC000497,الروضة الصغرى (KG1),2025-02-19 23:01:19,,True,admin
SC000497,الروضة الكبرى (KG2),2025-02-19 23:01:19,,True,admin
SC000498,الصف الأول,2025-02-19 23:03:08,,True,admin
SC000498,الصف الثاني,2025-02-19 23:03:08,,True,admin
SC000499,الصف الأول,2025-02-19 23:05:39,,True,admin
SC000499,الصف الثاني,2025-02-19 23:05:39,,True,admin
SC000500,الصف الثالث,2025-02-19 23:07:03,,True,admin
SC000500,الصف الرابع,2025-02-19 23:07:03,,True,admin
SC000501,الروضة الصغرى (KG1),2025-02-19 23:08:18,,True,admin
SC000501,الروضة الكبرى (KG2),2025-02-19 23:08:18,,True,admin
SC000502,الصف الثالث,2025-02-19 23:09:59,,True,admin
SC000502,الصف الرابع,2025-02-19 23:09:59,,True,admin
SC000503,الروضة الكبرى (KG2),2025-02-20 00:02:24,,True,admin
SC000503,الصف الأول,2025-02-20 00:02:24,,True,admin
SC000504,الصف الثاني,2025-02-20 00:04:51,,True,admin
SC000504,الصف الثالث,2025-02-20 00:04:51,,True,admin
SC000505,الصف الأول,2025-02-20 00:07:28,,True,admin
SC000505,الصف الثاني,2025-02-20 00:07:28,,True,admin
SC000506,الصف الرابع,2025-02-20 00:09:17,,True,admin
SC000506,الصف الخامس,2025-02-20 00:09:17,,True,admin
SC000507,الصف الرابع,2025-02-20 00:11:13,,True,admin
SC000507,الصف الخامس,2025-02-20 00:11:13,,True,admin
SC000508,الصف الثالث,2025-02-20 00:12:35,,True,admin
SC000508,الصف الرابع,2025-02-20 00:12:35,,True,admin
SC000509,الصف الأول,2025-02-20 00:13:57,,True,admin
SC000509,الصف الثاني,2025-02-20 00:13:57,,True,admin
SC000510,الروضة الكبرى (KG2),2025-02-20 14:52:59,,True,admin
SC000510,الصف الأول,2025-02-20 14:52:59,,True,admin
SC000511,الصف الثاني,2025-02-20 14:55:11,,True,admin
SC000511,الصف الثالث,2025-02-20 14:55:11,,True,admin
SC000512,الصف الخامس,2025-02-20 15:06:12,,True,admin
SC000512,الصف السادس,2025-02-20 15:06:12,,True,admin
SC000513,الصف الثالث,2025-02-20 15:09:37,,True,admin
SC000513,الصف الرابع,2025-02-20 15:09:37,,True,admin
SC000514,الصف الثاني عشر (التوجيهي),2025-02-20 17:55:52,,True,admin
SC000515,الصف الأول,2025-02-21 16:43:02,,True,admin
SC000515,الصف الثاني,2025-02-21 16:43:02,,True,admin
SC000517,الصف السابع,2025-02-21 22:03:18,,True,admin
SC000517,الصف الثامن,2025-02-21 22:03:18,,True,admin
SC000518,الصف الحادي عشر (الأول ثانوي),2025-02-22 04:10:28,,True,admin
SC000518,الصف الثاني عشر (التوجيهي),2025-02-22 04:10:28,,True,admin
SC000519,الصف الثاني عشر (التوجيهي),2025-02-22 13:51:34,,True,admin
SC000520,الصف السادس,2025-02-22 15:35:27,,True,admin
SC000520,الصف السابع,2025-02-22 15:35:27,,True,admin
SC000521,الصف السابع,2025-02-22 15:42:22,,True,admin
SC000521,الصف الثامن,2025-02-22 15:42:22,,True,admin
SC000522,الصف السادس,2025-02-22 15:43:08,,True,admin
SC000522,الصف السابع,2025-02-22 15:43:08,,True,admin
SC000523,الصف الرابع,2025-02-22 15:46:24,,True,admin
SC000523,الصف الخامس,2025-02-22 15:46:24,,True,admin
SC000524,الصف الثاني,2025-02-22 15:48:24,,True,admin
SC000524,الصف الثالث,2025-02-22 15:48:24,,True,admin
SC000525,الصف الثامن,2025-02-22 15:48:24,,True,admin
SC000525,الصف التاسع,2025-02-22 15:48:24,,True,admin
SC000526,الصف السادس,2025-02-22 15:50:05,,True,admin
SC000526,الصف السابع,2025-02-22 15:50:05,,True,admin
SC000527,الصف السابع,2025-02-22 15:52:51,,True,admin
SC000527,الصف الثامن,2025-02-22 15:52:51,,True,admin
SC000528,الصف الأول,2025-02-22 15:57:48,,True,admin
SC000528,الصف الثاني,2025-02-22 15:57:48,,True,admin
SC000529,الصف الثالث,2025-02-22 15:59:19,,True,admin
SC000529,الصف الرابع,2025-02-22 15:59:19,,True,admin
SC000530,الصف الخامس,2025-02-22 16:03:07,,True,admin
SC000530,الصف السادس,2025-02-22 16:03:07,,True,admin
SC000531,الصف الثالث,2025-02-22 16:04:46,,True,admin
SC000531,الصف الرابع,2025-02-22 16:04:46,,True,admin
SC000532,الصف الثاني,2025-02-22 16:05:54,,True,admin
SC000532,الصف الثالث,2025-02-22 16:05:54,,True,admin
SC000533,الصف الخامس,2025-02-22 16:06:03,,True,admin
SC000533,الصف السادس,2025-02-22 16:06:03,,True,admin
SC000534,الروضة الصغرى (KG1),2025-02-22 16:07:38,,True,admin
SC000535,الصف الخامس,2025-02-22 16:13:12,,True,admin
SC000535,الصف السادس,2025-02-22 16:13:12,,True,admin
SC000536,الصف الثامن,2025-02-22 16:31:54,,True,admin
SC000536,الصف التاسع,2025-02-22 16:31:54,,True,admin
SC000537,الصف السادس,2025-02-22 16:33:18,,True,admin
SC000537,الصف السابع,2025-02-22 16:33:18,,True,admin
SC000538,الصف السادس,2025-02-22 16:34:28,,True,admin
SC000538,الصف السابع,2025-02-22 16:34:28,,True,admin
SC000539,الصف السادس,2025-02-22 16:42:54,,True,admin
SC000539,الصف السابع,2025-02-22 16:42:54,,True,admin
SC000540,الصف الخامس,2025-02-22 17:01:30,,True,admin
SC000540,الصف السادس,2025-02-22 17:01:30,,True,admin
SC000541,الصف الرابع,2025-02-22 17:03:50,,True,admin
SC000541,الصف الخامس,2025-02-22 17:03:50,,True,admin
SC000542,الصف الخامس,2025-02-22 17:09:38,,True,admin
SC000542,الصف السادس,2025-02-22 17:09:38,,True,admin
SC000543,الصف الرابع,2025-02-22 17:11:01,,True,admin
SC000543,الصف الخامس,2025-02-22 17:11:01,,True,admin
SC000544,الصف الأول,2025-02-22 17:16:12,,True,admin
SC000544,الصف الثاني,2025-02-22 17:16:12,,True,admin
SC000545,الصف الخامس,2025-02-22 17:18:50,,True,admin
SC000545,الصف السادس,2025-02-22 17:18:50,,True,admin
SC000546,الصف الخامس,2025-02-22 17:20:18,,True,admin
SC000546,الصف السادس,2025-02-22 17:20:18,,True,admin
SC000547,الروضة الصغرى (KG1),2025-02-22 17:28:46,,True,admin
SC000547,الروضة الكبرى (KG2),2025-02-22 17:28:46,,True,admin
SC000548,الصف السابع,2025-02-22 17:31:07,,True,admin
SC000548,الصف الثامن,2025-02-22 17:31:07,,True,admin
SC000549,الصف الرابع,2025-02-22 17:33:53,,True,admin
SC000549,الصف الخامس,2025-02-22 17:33:53,,True,admin
SC000550,الصف الرابع,2025-02-22 17:57:51,,True,admin
SC000550,الصف الخامس,2025-02-22 17:57:51,,True,admin
SC000551,الصف الخامس,2025-02-22 18:04:24,,True,admin
SC000551,الصف السادس,2025-02-22 18:04:24,,True,admin
SC000552,الصف السابع,2025-02-22 18:12:15,,True,admin
SC000552,الصف الثامن,2025-02-22 18:12:15,,True,admin
SC000553,الروضة الكبرى (KG2),2025-02-22 18:35:37,,True,admin
SC000553,الصف الأول,2025-02-22 18:35:37,,True,admin
SC000554,الروضة الكبرى (KG2),2025-02-22 18:37:17,,True,admin
SC000554,الصف الأول,2025-02-22 18:37:17,,True,admin
SC000555,الروضة الكبرى (KG2),2025-02-22 18:39:51,,True,admin
SC000555,الصف الأول,2025-02-22 18:39:51,,True,admin
SC000556,الصف السابع,2025-02-22 20:17:24,,True,admin
SC000556,الصف الثامن,2025-02-22 20:17:24,,True,admin
SC000557,الصف العاشر,2025-02-22 22:02:30,,True,admin
SC000557,الصف الحادي عشر (الأول ثانوي),2025-02-22 22:02:30,,True,admin
SC000558,الصف الأول,2025-02-22 22:09:13,,True,admin
SC000558,الصف الثاني,2025-02-22 22:09:13,,True,admin
SC000559,الصف الثاني,2025-02-22 22:10:51,,True,admin
SC000559,الصف الثالث,2025-02-22 22:10:51,,True,admin
SC000560,الصف الأول,2025-02-22 22:15:09,,True,admin
SC000560,الصف الثاني,2025-02-22 22:15:09,,True,admin
SC000561,الصف السابع,2025-02-23 09:41:48,,True,admin
SC000561,الصف الثامن,2025-02-23 09:41:48,,True,admin
SC000562,الصف الثالث,2025-02-23 13:00:39,,True,admin
SC000562,الصف الرابع,2025-02-23 13:00:39,,True,admin
SC000563,الروضة الصغرى (KG1),2025-02-23 14:43:51,,True,admin
SC000563,الروضة الكبرى (KG2),2025-02-23 14:43:51,,True,admin
SC000564,الروضة الصغرى (KG1),2025-02-23 14:51:06,,True,admin
SC000564,الروضة الكبرى (KG2),2025-02-23 14:51:06,,True,admin
SC000565,الصف الثالث,2025-02-23 14:51:16,,True,admin
SC000565,الصف الرابع,2025-02-23 14:51:16,,True,admin
SC000566,الصف الثالث,2025-02-23 15:17:00,,True,admin
SC000566,الصف الرابع,2025-02-23 15:17:00,,True,admin
SC000567,الصف الرابع,2025-02-23 15:19:50,,True,admin
SC000567,الصف الخامس,2025-02-23 15:19:50,,True,admin
SC000568,الصف الثاني,2025-02-23 15:23:37,,True,admin
SC000568,الصف الثالث,2025-02-23 15:23:37,,True,admin
SC000569,الصف الثاني,2025-02-23 16:08:48,,True,admin
SC000569,الصف الثالث,2025-02-23 16:08:48,,True,admin
SC000570,الصف السابع,2025-02-23 16:47:25,,True,admin
SC000570,الصف الثامن,2025-02-23 16:47:25,,True,admin
SC000571,الصف الثامن,2025-02-23 16:48:07,,True,admin
SC000571,الصف التاسع,2025-02-23 16:48:07,,True,admin
SC000574,الصف الخامس,2025-02-23 16:50:44,,True,admin
SC000574,الصف السادس,2025-02-23 16:50:44,,True,admin
SC000575,الصف السابع,2025-02-23 16:51:55,,True,admin
SC000575,الصف الثامن,2025-02-23 16:51:55,,True,admin
SC000576,الصف الرابع,2025-02-23 16:52:11,,True,admin
SC000576,الصف الخامس,2025-02-23 16:52:11,,True,admin
SC000577,الصف السادس,2025-02-23 16:54:06,,True,admin
SC000577,الصف السابع,2025-02-23 16:54:06,,True,admin
SC000578,الصف السابع,2025-02-23 16:54:10,,True,admin
SC000578,الصف الثامن,2025-02-23 16:54:10,,True,admin
SC000579,الصف السابع,2025-02-23 17:01:28,,True,admin
SC000579,الصف الثامن,2025-02-23 17:01:28,,True,admin
SC000580,الصف الثامن,2025-02-23 17:08:27,,True,admin
SC000580,الصف التاسع,2025-02-23 17:08:27,,True,admin
SC000581,الصف السابع,2025-02-23 17:34:58,,True,admin
SC000581,الصف الثامن,2025-02-23 17:34:58,,True,admin
SC000582,الصف التاسع,2025-02-23 19:23:16,,True,admin
SC000582,الصف العاشر,2025-02-23 19:23:16,,True,admin
SC000583,الصف السابع,2025-02-23 19:25:01,,True,admin
SC000583,الصف الثامن,2025-02-23 19:25:01,,True,admin
SC000584,الصف السابع,2025-02-23 19:27:22,,True,admin
SC000584,الصف الثامن,2025-02-23 19:27:22,,True,admin
SC000585,الصف الثاني عشر (التوجيهي),2025-02-23 19:27:46,,True,admin
SC000586,الصف التاسع,2025-02-23 19:27:54,,True,admin
SC000586,الصف العاشر,2025-02-23 19:27:54,,True,admin
SC000587,الصف العاشر,2025-02-23 19:29:26,,True,admin
SC000587,الصف الحادي عشر (الأول ثانوي),2025-02-23 19:29:26,,True,admin
SC000588,الصف الحادي عشر (الأول ثانوي),2025-02-23 19:29:31,,True,admin
SC000588,الصف الثاني عشر (التوجيهي),2025-02-23 19:29:31,,True,admin
SC000589,الصف العاشر,2025-02-23 19:30:23,,True,admin
SC000589,الصف الحادي عشر (الأول ثانوي),2025-02-23 19:30:23,,True,admin
SC000590,الصف التاسع,2025-02-23 19:30:44,,True,admin
SC000590,الصف العاشر,2025-02-23 19:30:44,,True,admin
SC000592,الصف الثاني عشر (التوجيهي),2025-02-23 19:37:14,,True,admin
SC000593,الصف السابع,2025-02-23 19:42:54,,True,admin
SC000593,الصف الثامن,2025-02-23 19:42:54,,True,admin
SC000594,الصف الثاني عشر (التوجيهي),2025-02-23 19:44:22,,True,admin
SC000595,الصف العاشر,2025-02-23 19:48:35,,True,admin
SC000595,الصف الحادي عشر (الأول ثانوي),2025-02-23 19:48:35,,True,admin
SC000596,الصف السابع,2025-02-23 20:07:22,,True,admin
SC000596,الصف الثامن,2025-02-23 20:07:22,,True,admin
SC000597,الصف السادس,2025-02-23 20:08:59,,True,admin
SC000597,الصف السابع,2025-02-23 20:08:59,,True,admin
SC000598,الصف السادس,2025-02-23 20:10:50,,True,admin
SC000598,الصف السابع,2025-02-23 20:10:50,,True,admin
SC000599,الصف السابع,2025-02-23 20:21:29,,True,admin
SC000599,الصف الثامن,2025-02-23 20:21:29,,True,admin
SC000600,الصف الخامس,2025-02-23 20:23:57,,True,admin
SC000600,الصف السادس,2025-02-23 20:23:57,,True,admin
SC000601,الصف التاسع,2025-02-23 20:31:32,,True,admin
SC000601,الصف العاشر,2025-02-23 20:31:32,,True,admin
SC000602,الصف الثامن,2025-02-23 20:37:15,,True,admin
SC000602,الصف التاسع,2025-02-23 20:37:15,,True,admin
SC000603,الصف الحادي عشر (الأول ثانوي),2025-02-23 20:38:52,,True,admin
SC000603,الصف الثاني عشر (التوجيهي),2025-02-23 20:38:52,,True,admin
SC000604,الصف الخامس,2025-02-23 21:25:41,,True,admin
SC000604,الصف السادس,2025-02-23 21:25:41,,True,admin
SC000605,الروضة الكبرى (KG2),2025-02-23 21:33:02,,True,admin
SC000605,الصف الأول,2025-02-23 21:33:02,,True,admin
SC000606,الصف السابع,2025-02-23 21:39:02,,True,admin
SC000606,الصف الثامن,2025-02-23 21:39:02,,True,admin
SC000607,الصف التاسع,2025-02-23 22:46:56,,True,admin
SC000607,الصف العاشر,2025-02-23 22:46:56,,True,admin
SC000608,الصف الحادي عشر (الأول ثانوي),2025-02-23 23:17:52,,True,admin
SC000608,الصف الثاني عشر (التوجيهي),2025-02-23 23:17:52,,True,admin
SC000609,الصف الثامن,2025-02-23 23:21:10,,True,admin
SC000609,الصف التاسع,2025-02-23 23:21:10,,True,admin
SC000610,الصف السابع,2025-02-23 23:23:27,,True,admin
SC000610,الصف الثامن,2025-02-23 23:23:27,,True,admin
SC000611,الصف السابع,2025-02-24 06:35:03,,True,admin
SC000611,الصف الثامن,2025-02-24 06:35:03,,True,admin
SC000613,الصف التاسع,2025-02-24 11:15:23,,True,admin
SC000613,الصف العاشر,2025-02-24 11:15:23,,True,admin
SC000614,الصف السابع,2025-02-24 14:22:58,,True,admin
SC000614,الصف الثامن,2025-02-24 14:22:58,,True,admin
SC000615,الصف التاسع,2025-02-24 14:53:59,,True,admin
SC000615,الصف العاشر,2025-02-24 14:53:59,,True,admin
SC000616,الصف التاسع,2025-02-24 15:10:53,,True,admin
SC000616,الصف العاشر,2025-02-24 15:10:53,,True,admin
SC000617,الصف السابع,2025-02-24 15:22:28,,True,admin
SC000617,الصف الثامن,2025-02-24 15:22:28,,True,admin
SC000618,الصف العاشر,2025-02-24 15:51:36,,True,admin
SC000618,الصف الحادي عشر (الأول ثانوي),2025-02-24 15:51:36,,True,admin
SC000619,الصف الثاني عشر (التوجيهي),2025-02-24 17:58:10,,True,admin
SC000621,الصف السابع,2025-02-24 21:13:28,,True,admin
SC000621,الصف الثامن,2025-02-24 21:13:28,,True,admin
SC000622,الصف الثامن,2025-02-24 21:14:37,,True,admin
SC000622,الصف التاسع,2025-02-24 21:14:37,,True,admin
SC000623,الصف التاسع,2025-02-24 21:15:22,,True,admin
SC000623,الصف العاشر,2025-02-24 21:15:22,,True,admin
SC000624,الصف الثامن,2025-02-24 21:36:34,,True,admin
SC000624,الصف التاسع,2025-02-24 21:36:34,,True,admin
SC000625,الصف السادس,2025-02-24 23:51:46,,True,admin
SC000625,الصف السابع,2025-02-24 23:51:46,,True,admin
SC000626,الصف العاشر,2025-02-25 16:37:19,,True,admin
SC000626,الصف الحادي عشر (الأول ثانوي),2025-02-25 16:37:19,,True,admin
SC000627,الصف السادس,2025-02-25 16:38:45,,True,admin
SC000627,الصف السابع,2025-02-25 16:38:45,,True,admin
SC000628,الصف الثالث,2025-02-25 16:40:35,,True,admin
SC000628,الصف الرابع,2025-02-25 16:40:35,,True,admin
SC000629,الصف الثامن,2025-02-25 17:25:36,,True,admin
SC000629,الصف التاسع,2025-02-25 17:25:36,,True,admin
SC000630,الصف السابع,2025-02-25 17:28:01,,True,admin
SC000630,الصف الثامن,2025-02-25 17:28:01,,True,admin
SC000632,الصف الثامن,2025-02-25 21:24:17,,True,admin
SC000632,الصف التاسع,2025-02-25 21:24:17,,True,admin
SC000633,الصف السادس,2025-02-25 21:27:02,,True,admin
SC000633,الصف السابع,2025-02-25 21:27:02,,True,admin
SC000634,الصف السادس,2025-02-25 21:29:01,,True,admin
SC000634,الصف السابع,2025-02-25 21:29:01,,True,admin
SC000635,الصف العاشر,2025-02-25 22:51:43,,True,admin
SC000635,الصف الحادي عشر (الأول ثانوي),2025-02-25 22:51:43,,True,admin
SC000636,الصف العاشر,2025-02-26 14:45:08,,True,admin
SC000636,الصف الحادي عشر (الأول ثانوي),2025-02-26 14:45:08,,True,admin
SC000637,الصف السابع,2025-02-26 22:27:22,,True,admin
SC000637,الصف الثامن,2025-02-26 22:27:22,,True,admin
SC000638,الصف الرابع,2025-02-27 12:33:59,,True,admin
SC000638,الصف الخامس,2025-02-27 12:33:59,,True,admin
SC000639,الصف السابع,2025-02-27 15:13:03,,True,admin
SC000639,الصف الثامن,2025-02-27 15:13:03,,True,admin
SC000640,الصف السابع,2025-02-27 15:43:20,,True,admin
SC000640,الصف الثامن,2025-02-27 15:43:20,,True,admin
SC000641,الصف الأول,2025-02-27 15:54:48,,True,admin
SC000641,الصف الثاني,2025-02-27 15:54:48,,True,admin
SC000642,الروضة الصغرى (KG1),2025-02-27 15:56:33,,True,admin
SC000642,الروضة الكبرى (KG2),2025-02-27 15:56:33,,True,admin
SC000644,الصف التاسع,2025-02-27 18:03:49,,True,admin
SC000644,الصف العاشر,2025-02-27 18:03:49,,True,admin
SC000645,الصف الثامن,2025-02-27 18:03:49,,True,admin
SC000645,الصف التاسع,2025-02-27 18:03:49,,True,admin
SC000646,الصف الثامن,2025-02-27 18:04:03,,True,admin
SC000646,الصف التاسع,2025-02-27 18:04:03,,True,admin
SC000647,الصف السادس,2025-02-27 18:04:19,,True,admin
SC000647,الصف السابع,2025-02-27 18:04:19,,True,admin
SC000648,الصف الثامن,2025-02-27 18:05:19,,True,admin
SC000648,الصف التاسع,2025-02-27 18:05:19,,True,admin
SC000649,الصف السادس,2025-02-27 18:05:53,,True,admin
SC000649,الصف السابع,2025-02-27 18:05:53,,True,admin
SC000650,الصف الثامن,2025-02-27 18:06:53,,True,admin
SC000650,الصف التاسع,2025-02-27 18:06:53,,True,admin
SC000651,الصف السادس,2025-02-27 18:07:05,,True,admin
SC000651,الصف السابع,2025-02-27 18:07:05,,True,admin
SC000652,الصف الثامن,2025-02-27 18:08:07,,True,admin
SC000652,الصف التاسع,2025-02-27 18:08:07,,True,admin
SC000653,الصف السادس,2025-02-27 18:09:04,,True,admin
SC000653,الصف السابع,2025-02-27 18:09:04,,True,admin
SC000654,الصف السادس,2025-02-27 19:58:09,,True,admin
SC000654,الصف السابع,2025-02-27 19:58:09,,True,admin
SC000656,الصف الثالث,2025-02-28 10:24:26,,True,admin
SC000656,الصف الرابع,2025-02-28 10:24:26,,True,admin
SC000657,الصف السابع,2025-02-28 11:58:58,,True,admin
SC000657,الصف الثامن,2025-02-28 11:58:58,,True,admin
SC000658,الصف السادس,2025-02-28 12:02:07,,True,admin
SC000658,الصف السابع,2025-02-28 12:02:07,,True,admin
SC000659,الصف الثاني,2025-02-28 12:05:35,,True,admin
SC000659,الصف الثالث,2025-02-28 12:05:35,,True,admin
SC000660,الصف التاسع,2025-03-01 11:14:08,,True,admin
SC000660,الصف العاشر,2025-03-01 11:14:08,,True,admin
SC000661,الصف الثاني عشر (التوجيهي),2025-03-01 13:37:50,,True,admin
SC000662,الصف الثامن,2025-03-01 15:01:24,,True,admin
SC000662,الصف التاسع,2025-03-01 15:01:24,,True,admin
SC000663,الصف الرابع,2025-03-01 16:20:56,,True,admin
SC000663,الصف الخامس,2025-03-01 16:20:56,,True,admin
SC000664,الصف الثاني عشر (التوجيهي),2025-03-01 18:30:19,,True,admin
SC000665,الصف الثاني عشر (التوجيهي),2025-03-01 19:22:23,,True,admin
SC000666,الصف الحادي عشر (الأول ثانوي),2025-03-01 19:23:29,,True,admin
SC000666,الصف الثاني عشر (التوجيهي),2025-03-01 19:23:29,,True,admin
SC000667,الصف الثاني,2025-03-01 20:50:31,,True,admin
SC000667,الصف الثالث,2025-03-01 20:50:31,,True,admin
SC000668,الروضة الكبرى (KG2),2025-03-01 20:52:06,,True,admin
SC000668,الصف الأول,2025-03-01 20:52:06,,True,admin
SC000669,الصف الثامن,2025-03-01 21:04:08,,True,admin
SC000669,الصف التاسع,2025-03-01 21:04:08,,True,admin
SC000670,الصف الثالث,2025-03-03 08:22:43,,True,admin
SC000670,الصف الرابع,2025-03-03 08:22:43,,True,admin
SC000672,الصف الثامن,2025-03-04 15:54:56,,True,admin
SC000672,الصف التاسع,2025-03-04 15:54:56,,True,admin
SC000673,الصف التاسع,2025-03-07 16:17:19,,True,admin
SC000673,الصف العاشر,2025-03-07 16:17:19,,True,admin
SC000674,الصف الثاني عشر (التوجيهي),2025-03-09 12:43:27,,True,admin
SC000675,الروضة الصغرى (KG1),2025-03-09 15:30:53,,True,admin
SC000675,الروضة الكبرى (KG2),2025-03-09 15:30:53,,True,admin
SC000676,الصف الأول,2025-03-09 15:32:58,,True,admin
SC000676,الصف الثاني,2025-03-09 15:32:58,,True,admin
SC000677,الصف الثاني,2025-03-09 15:34:26,,True,admin
SC000677,الصف الثالث,2025-03-09 15:34:26,,True,admin
SC000678,الصف الخامس,2025-03-09 15:45:22,,True,admin
SC000678,الصف السادس,2025-03-09 15:45:22,,True,admin
SC000679,الصف الأول,2025-03-09 15:46:31,,True,admin
SC000679,الصف الثاني,2025-03-09 15:46:31,,True,admin
SC000680,الروضة الكبرى (KG2),2025-03-09 15:51:15,,True,admin
SC000680,الصف الأول,2025-03-09 15:51:15,,True,admin
SC000681,الصف الثالث,2025-03-09 15:54:19,,True,admin
SC000681,الصف الرابع,2025-03-09 15:54:19,,True,admin
SC000682,الروضة الكبرى (KG2),2025-03-09 15:56:52,,True,admin
SC000682,الصف الأول,2025-03-09 15:56:52,,True,admin
SC000683,الصف التاسع,2025-03-09 16:30:38,,True,admin
SC000683,الصف العاشر,2025-03-09 16:30:38,,True,admin
SC000684,الصف الثاني عشر (التوجيهي),2025-03-10 15:26:37,,True,admin
SC000685,الصف العاشر,2025-03-10 15:26:44,,True,admin
SC000685,الصف الحادي عشر (الأول ثانوي),2025-03-10 15:26:44,,True,admin
SC000686,الصف العاشر,2025-03-10 15:26:53,,True,admin
SC000686,الصف الحادي عشر (الأول ثانوي),2025-03-10 15:26:53,,True,admin
SC000687,الصف الحادي عشر (الأول ثانوي),2025-03-10 15:27:15,,True,admin
SC000687,الصف الثاني عشر (التوجيهي),2025-03-10 15:27:15,,True,admin
SC000688,الصف الحادي عشر (الأول ثانوي),2025-03-10 15:27:42,,True,admin
SC000688,الصف الثاني عشر (التوجيهي),2025-03-10 15:27:42,,True,admin
SC000689,الصف التاسع,2025-03-10 15:27:46,,True,admin
SC000689,الصف العاشر,2025-03-10 15:27:46,,True,admin
SC000690,الصف الحادي عشر (الأول ثانوي),2025-03-10 15:27:46,,True,admin
SC000690,الصف الثاني عشر (التوجيهي),2025-03-10 15:27:46,,True,admin
SC000691,الصف التاسع,2025-03-10 15:27:47,,True,admin
SC000691,الصف العاشر,2025-03-10 15:27:47,,True,admin
SC000692,الصف التاسع,2025-03-10 15:28:18,,True,admin
SC000692,الصف العاشر,2025-03-10 15:28:18,,True,admin
SC000693,الصف الثامن,2025-03-10 15:28:19,,True,admin
SC000693,الصف التاسع,2025-03-10 15:28:19,,True,admin
SC000694,الصف الحادي عشر (الأول ثانوي),2025-03-10 15:29:32,,True,admin
SC000694,الصف الثاني عشر (التوجيهي),2025-03-10 15:29:32,,True,admin
SC000695,الصف الحادي عشر (الأول ثانوي),2025-03-10 15:29:32,,True,admin
SC000695,الصف الثاني عشر (التوجيهي),2025-03-10 15:29:32,,True,admin
SC000696,الصف الثاني عشر (التوجيهي),2025-03-10 15:29:38,,True,admin
SC000697,الصف الثاني عشر (التوجيهي),2025-03-10 15:29:39,,True,admin
SC000698,الصف التاسع,2025-03-10 15:30:29,,True,admin
SC000698,الصف العاشر,2025-03-10 15:30:29,,True,admin
SC000699,الصف العاشر,2025-03-10 15:30:42,,True,admin
SC000699,الصف الحادي عشر (الأول ثانوي),2025-03-10 15:30:42,,True,admin
SC000700,الصف العاشر,2025-03-10 15:32:55,,True,admin
SC000700,الصف الحادي عشر (الأول ثانوي),2025-03-10 15:32:55,,True,admin
SC000701,الصف التاسع,2025-03-10 15:33:39,,True,admin
SC000701,الصف العاشر,2025-03-10 15:33:39,,True,admin
SC000702,الصف الحادي عشر (الأول ثانوي),2025-03-10 15:33:43,,True,admin
SC000702,الصف الثاني عشر (التوجيهي),2025-03-10 15:33:43,,True,admin
SC000703,الصف العاشر,2025-03-10 15:33:54,,True,admin
SC000703,الصف الحادي عشر (الأول ثانوي),2025-03-10 15:33:54,,True,admin
SC000704,الصف العاشر,2025-03-10 15:36:44,,True,admin
SC000704,الصف الحادي عشر (الأول ثانوي),2025-03-10 15:36:44,,True,admin
SC000705,الصف الثاني عشر (التوجيهي),2025-03-10 15:38:14,,True,admin
SC000706,الصف الحادي عشر (الأول ثانوي),2025-03-10 15:39:39,,True,admin
SC000706,الصف الثاني عشر (التوجيهي),2025-03-10 15:39:39,,True,admin
SC000707,الصف العاشر,2025-03-10 15:43:46,,True,admin
SC000707,الصف الحادي عشر (الأول ثانوي),2025-03-10 15:43:46,,True,admin
SC000708,الصف التاسع,2025-03-10 15:47:36,,True,admin
SC000708,الصف العاشر,2025-03-10 15:47:36,,True,admin
SC000709,الصف التاسع,2025-03-10 15:51:14,,True,admin
SC000709,الصف العاشر,2025-03-10 15:51:14,,True,admin
SC000710,الصف السابع,2025-03-10 15:53:23,,True,admin
SC000710,الصف الثامن,2025-03-10 15:53:23,,True,admin
SC000711,الصف التاسع,2025-03-10 15:57:34,,True,admin
SC000711,الصف العاشر,2025-03-10 15:57:34,,True,admin
SC000712,الصف الحادي عشر (الأول ثانوي),2025-03-10 16:00:12,,True,admin
SC000712,الصف الثاني عشر (التوجيهي),2025-03-10 16:00:12,,True,admin
SC000713,الصف الثاني عشر (التوجيهي),2025-03-10 16:01:01,,True,admin
SC000714,الصف الثاني عشر (التوجيهي),2025-03-10 16:10:19,,True,admin
SC000715,الصف الحادي عشر (الأول ثانوي),2025-03-10 16:12:17,,True,admin
SC000715,الصف الثاني عشر (التوجيهي),2025-03-10 16:12:17,,True,admin
SC000716,الصف الحادي عشر (الأول ثانوي),2025-03-10 16:14:56,,True,admin
SC000716,الصف الثاني عشر (التوجيهي),2025-03-10 16:14:56,,True,admin
SC000717,الصف الحادي عشر (الأول ثانوي),2025-03-10 16:23:50,,True,admin
SC000717,الصف الثاني عشر (التوجيهي),2025-03-10 16:23:50,,True,admin
SC000718,الصف الحادي عشر (الأول ثانوي),2025-03-10 16:23:00,,True,admin
SC000718,الصف الثاني عشر (التوجيهي),2025-03-10 16:23:00,,True,admin
SC000719,الصف الحادي عشر (الأول ثانوي),2025-03-10 16:40:33,,True,admin
SC000719,الصف الثاني عشر (التوجيهي),2025-03-10 16:40:33,,True,admin
SC000720,الصف العاشر,2025-03-10 16:42:53,,True,admin
SC000720,الصف الحادي عشر (الأول ثانوي),2025-03-10 16:42:53,,True,admin
SC000721,الصف السادس,2025-03-10 16:45:08,,True,admin
SC000721,الصف السابع,2025-03-10 16:45:08,,True,admin
SC000722,الصف الحادي عشر (الأول ثانوي),2025-03-10 17:13:25,,True,admin
SC000722,الصف الثاني عشر (التوجيهي),2025-03-10 17:13:25,,True,admin
SC000723,الصف العاشر,2025-03-10 17:27:26,,True,admin
SC000723,الصف الحادي عشر (الأول ثانوي),2025-03-10 17:27:26,,True,admin
SC000724,الصف التاسع,2025-03-10 17:29:58,,True,admin
SC000724,الصف العاشر,2025-03-10 17:29:58,,True,admin
SC000725,الصف التاسع,2025-03-10 17:31:54,,True,admin
SC000725,الصف العاشر,2025-03-10 17:31:54,,True,admin
SC000726,الصف الحادي عشر (الأول ثانوي),2025-03-10 18:25:52,,True,admin
SC000726,الصف الثاني عشر (التوجيهي),2025-03-10 18:25:52,,True,admin
SC000727,الصف الحادي عشر (الأول ثانوي),2025-03-10 19:16:29,,True,admin
SC000727,الصف الثاني عشر (التوجيهي),2025-03-10 19:16:29,,True,admin
SC000728,الصف التاسع,2025-03-10 19:19:09,,True,admin
SC000728,الصف العاشر,2025-03-10 19:19:09,,True,admin
SC000729,الصف التاسع,2025-03-10 19:29:21,,True,admin
SC000729,الصف العاشر,2025-03-10 19:29:21,,True,admin
SC000730,الصف الحادي عشر (الأول ثانوي),2025-03-10 19:51:51,,True,admin
SC000730,الصف الثاني عشر (التوجيهي),2025-03-10 19:51:51,,True,admin
SC000731,الصف الثامن,2025-03-10 20:01:17,,True,admin
SC000731,الصف التاسع,2025-03-10 20:01:17,,True,admin
SC000732,الصف العاشر,2025-03-10 21:16:15,,True,admin
SC000732,الصف الحادي عشر (الأول ثانوي),2025-03-10 21:16:15,,True,admin
SC000733,الصف التاسع,2025-03-10 21:44:50,,True,admin
SC000733,الصف العاشر,2025-03-10 21:44:50,,True,admin
SC000734,الصف التاسع,2025-03-10 21:46:55,,True,admin
SC000734,الصف العاشر,2025-03-10 21:46:55,,True,admin
SC000735,الصف الرابع,2025-03-10 22:45:51,,True,admin
SC000735,الصف الخامس,2025-03-10 22:45:51,,True,admin
SC000736,الصف التاسع,2025-03-11 00:12:44,,True,admin
SC000736,الصف العاشر,2025-03-11 00:12:44,,True,admin
SC000738,الصف العاشر,2025-03-11 10:36:43,,True,admin
SC000738,الصف الحادي عشر (الأول ثانوي),2025-03-11 10:36:43,,True,admin
SC000739,الصف الثاني عشر (التوجيهي),2025-03-11 10:38:06,,True,admin
SC000740,الصف العاشر,2025-03-11 11:39:05,,True,admin
SC000740,الصف الحادي عشر (الأول ثانوي),2025-03-11 11:39:05,,True,admin
SC000743,الصف الثامن,2025-03-11 11:47:36,,True,admin
SC000743,الصف التاسع,2025-03-11 11:47:36,,True,admin
SC000744,الصف الحادي عشر (الأول ثانوي),2025-03-11 11:48:53,,True,admin
SC000744,الصف الثاني عشر (التوجيهي),2025-03-11 11:48:53,,True,admin
SC000746,الصف الحادي عشر (الأول ثانوي),2025-03-11 12:32:34,,True,admin
SC000746,الصف الثاني عشر (التوجيهي),2025-03-11 12:32:34,,True,admin
SC000747,الصف الثاني عشر (التوجيهي),2025-03-11 12:48:48,,True,admin
SC000748,الصف الحادي عشر (الأول ثانوي),2025-03-11 12:58:49,,True,admin
SC000748,الصف الثاني عشر (التوجيهي),2025-03-11 12:58:49,,True,admin
SC000749,الصف العاشر,2025-03-11 13:10:16,,True,admin
SC000749,الصف الحادي عشر (الأول ثانوي),2025-03-11 13:10:16,,True,admin
SC000750,الصف العاشر,2025-03-11 13:11:49,,True,admin
SC000750,الصف الحادي عشر (الأول ثانوي),2025-03-11 13:11:49,,True,admin
SC000751,الصف الخامس,2025-03-11 13:52:31,,True,admin
SC000751,الصف السادس,2025-03-11 13:52:31,,True,admin
SC000752,الصف التاسع,2025-03-11 14:08:48,,True,admin
SC000752,الصف العاشر,2025-03-11 14:08:48,,True,admin
SC000753,الصف العاشر,2025-03-11 14:11:14,,True,admin
SC000753,الصف الحادي عشر (الأول ثانوي),2025-03-11 14:11:14,,True,admin
SC000754,الصف التاسع,2025-03-11 14:15:27,,True,admin
SC000754,الصف العاشر,2025-03-11 14:15:27,,True,admin
SC000755,الصف العاشر,2025-03-11 14:19:12,,True,admin
SC000755,الصف الحادي عشر (الأول ثانوي),2025-03-11 14:19:12,,True,admin
SC000757,الصف العاشر,2025-03-11 14:52:56,,True,admin
SC000757,الصف الحادي عشر (الأول ثانوي),2025-03-11 14:52:56,,True,admin
SC000760,الصف العاشر,2025-03-11 15:03:15,,True,admin
SC000760,الصف الحادي عشر (الأول ثانوي),2025-03-11 15:03:15,,True,admin
SC000761,الصف الثالث,2025-03-11 15:07:35,,True,admin
SC000761,الصف الرابع,2025-03-11 15:07:35,,True,admin
SC000762,الصف التاسع,2025-03-11 15:08:40,,True,admin
SC000762,الصف العاشر,2025-03-11 15:08:40,,True,admin
SC000763,الصف التاسع,2025-03-11 15:11:01,,True,admin
SC000763,الصف العاشر,2025-03-11 15:11:01,,True,admin
SC000764,الصف العاشر,2025-03-11 15:12:51,,True,admin
SC000764,الصف الحادي عشر (الأول ثانوي),2025-03-11 15:12:51,,True,admin
SC000765,الصف التاسع,2025-03-11 15:20:01,,True,admin
SC000765,الصف العاشر,2025-03-11 15:20:01,,True,admin
SC000766,الصف الثاني عشر (التوجيهي),2025-03-11 15:30:28,,True,admin
SC000767,الصف الحادي عشر (الأول ثانوي),2025-03-11 15:42:18,,True,admin
SC000767,الصف الثاني عشر (التوجيهي),2025-03-11 15:42:18,,True,admin
SC000768,الصف الثاني عشر (التوجيهي),2025-03-11 16:08:42,,True,admin
SC000770,الصف الثاني عشر (التوجيهي),2025-03-11 16:27:24,,True,admin
SC000773,الصف الحادي عشر (الأول ثانوي),2025-03-11 18:18:59,,True,admin
SC000773,الصف الثاني عشر (التوجيهي),2025-03-11 18:18:59,,True,admin
SC000774,الصف التاسع,2025-03-11 19:50:40,,True,admin
SC000774,الصف العاشر,2025-03-11 19:50:40,,True,admin
SC000775,الصف التاسع,2025-03-11 21:18:59,,True,admin
SC000775,الصف العاشر,2025-03-11 21:18:59,,True,admin
SC000776,الصف الحادي عشر (الأول ثانوي),2025-03-11 21:26:20,,True,admin
SC000776,الصف الثاني عشر (التوجيهي),2025-03-11 21:26:20,,True,admin
SC000777,الصف التاسع,2025-03-11 21:27:22,,True,admin
SC000777,الصف العاشر,2025-03-11 21:27:22,,True,admin
SC000778,الصف التاسع,2025-03-11 21:28:43,,True,admin
SC000778,الصف العاشر,2025-03-11 21:28:43,,True,admin
SC000779,الصف السادس,2025-03-12 14:05:00,,True,admin
SC000779,الصف السابع,2025-03-12 14:05:00,,True,admin
SC000780,الصف الحادي عشر (الأول ثانوي),2025-03-12 14:57:48,,True,admin
SC000780,الصف الثاني عشر (التوجيهي),2025-03-12 14:57:48,,True,admin
SC000781,الصف السابع,2025-03-12 15:07:45,,True,admin
SC000781,الصف الثامن,2025-03-12 15:07:45,,True,admin
SC000782,الصف الثامن,2025-03-12 15:12:52,,True,admin
SC000782,الصف التاسع,2025-03-12 15:12:52,,True,admin
SC000783,الصف العاشر,2025-03-12 15:20:30,,True,admin
SC000783,الصف الحادي عشر (الأول ثانوي),2025-03-12 15:20:30,,True,admin
SC000784,الصف العاشر,2025-03-12 15:20:53,,True,admin
SC000784,الصف الحادي عشر (الأول ثانوي),2025-03-12 15:20:53,,True,admin
SC000785,الصف التاسع,2025-03-12 15:23:21,,True,admin
SC000785,الصف العاشر,2025-03-12 15:23:21,,True,admin
SC000786,الصف الثاني عشر (التوجيهي),2025-03-12 15:25:46,,True,admin
SC000787,الصف العاشر,2025-03-12 16:24:26,,True,admin
SC000787,الصف الحادي عشر (الأول ثانوي),2025-03-12 16:24:26,,True,admin
SC000788,الصف السادس,2025-03-12 16:26:25,,True,admin
SC000788,الصف السابع,2025-03-12 16:26:25,,True,admin
SC000789,الصف الثامن,2025-03-12 17:33:05,,True,admin
SC000789,الصف التاسع,2025-03-12 17:33:05,,True,admin
SC000790,الصف الثامن,2025-03-12 18:19:59,,True,admin
SC000790,الصف التاسع,2025-03-12 18:19:59,,True,admin
SC000791,الصف الثامن,2025-03-12 19:05:22,,True,admin
SC000791,الصف التاسع,2025-03-12 19:05:22,,True,admin
SC000792,الصف السادس,2025-03-12 19:13:45,,True,admin
SC000792,الصف السابع,2025-03-12 19:13:45,,True,admin
SC000793,الصف السادس,2025-03-12 19:14:55,,True,admin
SC000793,الصف السابع,2025-03-12 19:14:55,,True,admin
SC000794,الصف التاسع,2025-03-12 19:39:05,,True,admin
SC000794,الصف العاشر,2025-03-12 19:39:05,,True,admin
SC000795,الصف التاسع,2025-03-12 19:42:23,,True,admin
SC000795,الصف العاشر,2025-03-12 19:42:23,,True,admin
SC000796,الصف السادس,2025-03-12 19:57:24,,True,admin
SC000796,الصف السابع,2025-03-12 19:57:24,,True,admin
SC000797,الصف الثامن,2025-03-12 20:04:44,,True,admin
SC000797,الصف التاسع,2025-03-12 20:04:44,,True,admin
SC000798,الصف السادس,2025-03-12 20:04:52,,True,admin
SC000798,الصف السابع,2025-03-12 20:04:52,,True,admin
SC000799,الصف السابع,2025-03-12 20:06:10,,True,admin
SC000799,الصف الثامن,2025-03-12 20:06:10,,True,admin
SC000800,الصف السابع,2025-03-12 20:12:04,,True,admin
SC000800,الصف الثامن,2025-03-12 20:12:04,,True,admin
SC000801,الصف السابع,2025-03-12 20:25:23,,True,admin
SC000801,الصف الثامن,2025-03-12 20:25:23,,True,admin
SC000803,الصف السابع,2025-03-12 20:36:26,,True,admin
SC000803,الصف الثامن,2025-03-12 20:36:26,,True,admin
SC000805,الصف العاشر,2025-03-12 20:42:33,,True,admin
SC000805,الصف الحادي عشر (الأول ثانوي),2025-03-12 20:42:33,,True,admin
SC000806,الصف السادس,2025-03-12 21:25:48,,True,admin
SC000806,الصف السابع,2025-03-12 21:25:48,,True,admin
SC000807,الصف السادس,2025-03-12 22:36:11,,True,admin
SC000807,الصف السابع,2025-03-12 22:36:11,,True,admin
SC000808,الصف السادس,2025-03-12 22:42:32,,True,admin
SC000808,الصف السابع,2025-03-12 22:42:32,,True,admin
SC000809,الصف الثامن,2025-03-12 22:48:08,,True,admin
SC000809,الصف التاسع,2025-03-12 22:48:08,,True,admin
SC000810,الصف الثامن,2025-03-12 23:27:18,,True,admin
SC000810,الصف التاسع,2025-03-12 23:27:18,,True,admin
SC000811,الصف الخامس,2025-03-12 23:47:07,,True,admin
SC000811,الصف السادس,2025-03-12 23:47:07,,True,admin
SC000812,الصف الرابع,2025-03-12 23:48:28,,True,admin
SC000812,الصف الخامس,2025-03-12 23:48:28,,True,admin
SC000813,الصف الخامس,2025-03-12 23:49:46,,True,admin
SC000813,الصف السادس,2025-03-12 23:49:46,,True,admin
SC000814,الصف الثاني عشر (التوجيهي),2025-03-13 00:02:06,,True,admin
SC000816,الصف العاشر,2025-03-13 01:38:32,,True,admin
SC000816,الصف الحادي عشر (الأول ثانوي),2025-03-13 01:38:32,,True,admin
SC000817,الصف السابع,2025-03-13 01:39:46,,True,admin
SC000817,الصف الثامن,2025-03-13 01:39:46,,True,admin
SC000818,الصف السابع,2025-03-13 14:37:50,,True,admin
SC000818,الصف الثامن,2025-03-13 14:37:50,,True,admin
SC000819,الصف الثامن,2025-03-13 16:37:19,,True,admin
SC000819,الصف التاسع,2025-03-13 16:37:19,,True,admin
SC000820,الصف السادس,2025-03-13 16:38:10,,True,admin
SC000820,الصف السابع,2025-03-13 16:38:10,,True,admin
SC000822,الصف السادس,2025-03-13 16:41:40,,True,admin
SC000822,الصف السابع,2025-03-13 16:41:40,,True,admin
SC000823,الصف السابع,2025-03-13 16:41:57,,True,admin
SC000823,الصف الثامن,2025-03-13 16:41:57,,True,admin
SC000824,الصف العاشر,2025-03-13 18:15:55,,True,admin
SC000824,الصف الحادي عشر (الأول ثانوي),2025-03-13 18:15:55,,True,admin
SC000825,الصف السابع,2025-03-13 18:20:26,,True,admin
SC000825,الصف الثامن,2025-03-13 18:20:26,,True,admin
SC000826,الصف الحادي عشر (الأول ثانوي),2025-03-13 18:21:41,,True,admin
SC000826,الصف الثاني عشر (التوجيهي),2025-03-13 18:21:41,,True,admin
SC000827,الصف السادس,2025-03-13 18:22:01,,True,admin
SC000827,الصف السابع,2025-03-13 18:22:01,,True,admin
SC000828,الصف السابع,2025-03-13 18:22:14,,True,admin
SC000828,الصف الثامن,2025-03-13 18:22:14,,True,admin
SC000829,الصف السابع,2025-03-13 18:22:27,,True,admin
SC000829,الصف الثامن,2025-03-13 18:22:27,,True,admin
SC000830,الصف السابع,2025-03-13 18:22:34,,True,admin
SC000830,الصف الثامن,2025-03-13 18:22:34,,True,admin
SC000831,الصف العاشر,2025-03-13 18:23:50,,True,admin
SC000831,الصف الحادي عشر (الأول ثانوي),2025-03-13 18:23:50,,True,admin
SC000833,الصف السابع,2025-03-13 18:23:58,,True,admin
SC000833,الصف الثامن,2025-03-13 18:23:58,,True,admin
SC000834,الصف التاسع,2025-03-13 18:24:01,,True,admin
SC000834,الصف العاشر,2025-03-13 18:24:01,,True,admin
SC000835,الصف السادس,2025-03-13 18:24:13,,True,admin
SC000835,الصف السابع,2025-03-13 18:24:13,,True,admin
SC000836,الصف السابع,2025-03-13 18:24:18,,True,admin
SC000836,الصف الثامن,2025-03-13 18:24:18,,True,admin
SC000837,الصف الحادي عشر (الأول ثانوي),2025-03-13 18:24:31,,True,admin
SC000837,الصف الثاني عشر (التوجيهي),2025-03-13 18:24:31,,True,admin
SC000838,الصف التاسع,2025-03-13 18:25:11,,True,admin
SC000838,الصف العاشر,2025-03-13 18:25:11,,True,admin
SC000839,الصف السادس,2025-03-13 18:26:03,,True,admin
SC000839,الصف السابع,2025-03-13 18:26:03,,True,admin
SC000840,الصف السابع,2025-03-13 18:26:55,,True,admin
SC000840,الصف الثامن,2025-03-13 18:26:55,,True,admin
SC000841,الصف السادس,2025-03-13 18:27:04,,True,admin
SC000841,الصف السابع,2025-03-13 18:27:04,,True,admin
SC000842,الصف السادس,2025-03-13 18:28:24,,True,admin
SC000842,الصف السابع,2025-03-13 18:28:24,,True,admin
SC000843,الصف السابع,2025-03-13 18:28:45,,True,admin
SC000843,الصف الثامن,2025-03-13 18:28:45,,True,admin
SC000844,الصف السابع,2025-03-13 18:28:52,,True,admin
SC000844,الصف الثامن,2025-03-13 18:28:52,,True,admin
SC000846,الصف الثامن,2025-03-13 18:29:17,,True,admin
SC000846,الصف التاسع,2025-03-13 18:29:17,,True,admin
SC000847,الصف العاشر,2025-03-13 18:29:35,,True,admin
SC000847,الصف الحادي عشر (الأول ثانوي),2025-03-13 18:29:35,,True,admin
SC000848,الصف السابع,2025-03-13 18:30:08,,True,admin
SC000848,الصف الثامن,2025-03-13 18:30:08,,True,admin
SC000849,الصف السادس,2025-03-13 18:30:35,,True,admin
SC000849,الصف السابع,2025-03-13 18:30:35,,True,admin
SC000850,الصف السابع,2025-03-13 18:31:03,,True,admin
SC000850,الصف الثامن,2025-03-13 18:31:03,,True,admin
SC000851,الصف السادس,2025-03-13 18:31:25,,True,admin
SC000851,الصف السابع,2025-03-13 18:31:25,,True,admin
SC000852,الصف الثامن,2025-03-13 18:31:43,,True,admin
SC000852,الصف التاسع,2025-03-13 18:31:43,,True,admin
SC000853,الصف السادس,2025-03-13 19:19:47,,True,admin
SC000853,الصف السابع,2025-03-13 19:19:47,,True,admin
SC000854,الصف السادس,2025-03-13 19:33:59,,True,admin
SC000854,الصف السابع,2025-03-13 19:33:59,,True,admin
SC000855,الصف الحادي عشر (الأول ثانوي),2025-03-13 20:09:08,,True,admin
SC000855,الصف الثاني عشر (التوجيهي),2025-03-13 20:09:08,,True,admin
SC000856,الصف الحادي عشر (الأول ثانوي),2025-03-13 21:26:10,,True,admin
SC000856,الصف الثاني عشر (التوجيهي),2025-03-13 21:26:10,,True,admin
SC000857,الصف الثامن,2025-03-13 23:33:09,,True,admin
SC000857,الصف التاسع,2025-03-13 23:33:09,,True,admin
SC000858,الصف العاشر,2025-03-14 02:33:22,,True,admin
SC000858,الصف الحادي عشر (الأول ثانوي),2025-03-14 02:33:22,,True,admin
SC000859,الصف العاشر,2025-03-14 09:00:52,,True,admin
SC000859,الصف الحادي عشر (الأول ثانوي),2025-03-14 09:00:52,,True,admin
SC000860,الصف السابع,2025-03-14 09:03:46,,True,admin
SC000860,الصف الثامن,2025-03-14 09:03:46,,True,admin
SC000862,الصف السابع,2025-03-14 09:06:06,,True,admin
SC000862,الصف الثامن,2025-03-14 09:06:06,,True,admin
SC000863,الروضة الكبرى (KG2),2025-03-14 09:07:25,,True,admin
SC000863,الصف الأول,2025-03-14 09:07:25,,True,admin
SC000864,الصف العاشر,2025-03-14 09:08:09,,True,admin
SC000864,الصف الحادي عشر (الأول ثانوي),2025-03-14 09:08:09,,True,admin
SC000865,الصف السابع,2025-03-14 09:09:07,,True,admin
SC000865,الصف الثامن,2025-03-14 09:09:07,,True,admin
SC000866,الصف السابع,2025-03-14 09:09:49,,True,admin
SC000866,الصف الثامن,2025-03-14 09:09:49,,True,admin
SC000867,الصف الحادي عشر (الأول ثانوي),2025-03-14 09:11:47,,True,admin
SC000867,الصف الثاني عشر (التوجيهي),2025-03-14 09:11:47,,True,admin
SC000868,الصف التاسع,2025-03-14 09:13:07,,True,admin
SC000868,الصف العاشر,2025-03-14 09:13:07,,True,admin
SC000869,الصف السابع,2025-03-14 09:13:50,,True,admin
SC000869,الصف الثامن,2025-03-14 09:13:50,,True,admin
SC000870,الصف السابع,2025-03-14 09:16:17,,True,admin
SC000870,الصف الثامن,2025-03-14 09:16:17,,True,admin
SC000871,الصف العاشر,2025-03-14 09:17:20,,True,admin
SC000871,الصف الحادي عشر (الأول ثانوي),2025-03-14 09:17:20,,True,admin
SC000872,الصف التاسع,2025-03-14 09:17:51,,True,admin
SC000872,الصف العاشر,2025-03-14 09:17:51,,True,admin
SC000873,الصف الثامن,2025-03-14 09:20:25,,True,admin
SC000873,الصف التاسع,2025-03-14 09:20:25,,True,admin
SC000874,الصف الخامس,2025-03-14 09:21:21,,True,admin
SC000874,الصف السادس,2025-03-14 09:21:21,,True,admin
SC000875,الصف الحادي عشر (الأول ثانوي),2025-03-14 09:22:39,,True,admin
SC000875,الصف الثاني عشر (التوجيهي),2025-03-14 09:22:39,,True,admin
SC000876,الصف التاسع,2025-03-14 09:24:34,,True,admin
SC000876,الصف العاشر,2025-03-14 09:24:34,,True,admin
SC000877,الصف السابع,2025-03-14 11:52:44,,True,admin
SC000877,الصف الثامن,2025-03-14 11:52:44,,True,admin
SC000878,الصف الثامن,2025-03-14 12:21:21,,True,admin
SC000878,الصف التاسع,2025-03-14 12:21:21,,True,admin
SC000879,الصف الثامن,2025-03-14 12:41:09,,True,admin
SC000879,الصف التاسع,2025-03-14 12:41:09,,True,admin
SC000880,الصف الثامن,2025-03-14 12:43:05,,True,admin
SC000880,الصف التاسع,2025-03-14 12:43:05,,True,admin
SC000884,الصف السادس,2025-03-15 11:02:07,,True,admin
SC000884,الصف السابع,2025-03-15 11:02:07,,True,admin
SC000885,الصف السادس,2025-03-15 11:05:27,,True,admin
SC000885,الصف السابع,2025-03-15 11:05:27,,True,admin
SC000886,الروضة الصغرى (KG1),2025-03-15 15:28:27,,True,admin
SC000886,الروضة الكبرى (KG2),2025-03-15 15:28:27,,True,admin
SC000887,الروضة الصغرى (KG1),2025-03-15 15:30:13,,True,admin
SC000887,الروضة الكبرى (KG2),2025-03-15 15:30:13,,True,admin
SC000888,الصف الخامس,2025-03-15 16:16:13,,True,admin
SC000888,الصف السادس,2025-03-15 16:16:13,,True,admin
SC000889,الروضة الكبرى (KG2),2025-03-15 16:18:27,,True,admin
SC000889,الصف الأول,2025-03-15 16:18:27,,True,admin
SC000890,الصف الخامس,2025-03-15 16:30:24,,True,admin
SC000890,الصف السادس,2025-03-15 16:30:24,,True,admin
SC000891,الروضة الصغرى (KG1),2025-03-15 16:34:31,,True,admin
SC000891,الروضة الكبرى (KG2),2025-03-15 16:34:31,,True,admin
SC000892,الصف الأول,2025-03-15 16:35:33,,True,admin
SC000892,الصف الثاني,2025-03-15 16:35:33,,True,admin
SC000893,الصف الثالث,2025-03-15 16:37:10,,True,admin
SC000893,الصف الرابع,2025-03-15 16:37:10,,True,admin
SC000894,الصف الثاني,2025-03-15 16:39:45,,True,admin
SC000894,الصف الثالث,2025-03-15 16:39:45,,True,admin
SC000895,الصف الثالث,2025-03-15 16:40:04,,True,admin
SC000895,الصف الرابع,2025-03-15 16:40:04,,True,admin
SC000896,الصف الخامس,2025-03-15 16:56:20,,True,admin
SC000896,الصف السادس,2025-03-15 16:56:20,,True,admin
SC000897,الصف الثاني,2025-03-15 17:02:56,,True,admin
SC000897,الصف الثالث,2025-03-15 17:02:56,,True,admin
SC000898,الروضة الصغرى (KG1),2025-03-15 17:15:52,,True,admin
SC000898,الروضة الكبرى (KG2),2025-03-15 17:15:52,,True,admin
SC000899,الصف الرابع,2025-03-15 17:24:19,,True,admin
SC000899,الصف الخامس,2025-03-15 17:24:19,,True,admin
SC000900,الصف السادس,2025-03-15 17:26:05,,True,admin
SC000900,الصف السابع,2025-03-15 17:26:05,,True,admin
SC000901,الصف الخامس,2025-03-15 17:31:35,,True,admin
SC000901,الصف السادس,2025-03-15 17:31:35,,True,admin
SC000902,الصف الأول,2025-03-15 17:34:14,,True,admin
SC000902,الصف الثاني,2025-03-15 17:34:14,,True,admin
SC000903,الروضة الصغرى (KG1),2025-03-15 17:36:05,,True,admin
SC000903,الروضة الكبرى (KG2),2025-03-15 17:36:05,,True,admin
SC000904,الصف الخامس,2025-03-15 17:48:12,,True,admin
SC000904,الصف السادس,2025-03-15 17:48:12,,True,admin
SC000905,الصف الثاني,2025-03-15 17:50:02,,True,admin
SC000905,الصف الثالث,2025-03-15 17:50:02,,True,admin
SC000906,الصف الثالث,2025-03-15 18:09:25,,True,admin
SC000906,الصف الرابع,2025-03-15 18:09:25,,True,admin
SC000907,الصف الرابع,2025-03-15 18:19:40,,True,admin
SC000907,الصف الخامس,2025-03-15 18:19:40,,True,admin
SC000908,الروضة الصغرى (KG1),2025-03-15 21:26:57,,True,admin
SC000908,الروضة الكبرى (KG2),2025-03-15 21:26:57,,True,admin
SC000909,الصف الأول,2025-03-15 21:29:37,,True,admin
SC000909,الصف الثاني,2025-03-15 21:29:37,,True,admin
SC000910,الصف الثاني,2025-03-15 21:43:59,,True,admin
SC000910,الصف الثالث,2025-03-15 21:43:59,,True,admin
SC000911,الصف الخامس,2025-03-15 21:48:16,,True,admin
SC000911,الصف السادس,2025-03-15 21:48:16,,True,admin
SC000913,الصف الثالث,2025-03-15 22:25:10,,True,admin
SC000913,الصف الرابع,2025-03-15 22:25:10,,True,admin
SC000914,الصف الرابع,2025-03-15 22:42:42,,True,admin
SC000914,الصف الخامس,2025-03-15 22:42:42,,True,admin
SC000915,الروضة الكبرى (KG2),2025-03-15 22:44:36,,True,admin
SC000915,الصف الأول,2025-03-15 22:44:36,,True,admin
SC000916,الصف الثاني,2025-03-16 00:19:00,,True,admin
SC000916,الصف الثالث,2025-03-16 00:19:00,,True,admin
SC000917,الصف الرابع,2025-03-16 00:21:40,,True,admin
SC000917,الصف الخامس,2025-03-16 00:21:40,,True,admin
SC000918,الروضة الصغرى (KG1),2025-03-16 00:25:57,,True,admin
SC000918,الروضة الكبرى (KG2),2025-03-16 00:25:57,,True,admin
SC000919,الصف الثاني,2025-03-16 00:32:55,,True,admin
SC000919,الصف الثالث,2025-03-16 00:32:55,,True,admin
SC000920,الصف الخامس,2025-03-16 00:53:36,,True,admin
SC000920,الصف السادس,2025-03-16 00:53:36,,True,admin
SC000921,الصف الرابع,2025-03-16 07:57:18,,True,admin
SC000921,الصف الخامس,2025-03-16 07:57:18,,True,admin
SC000922,الصف الأول,2025-03-16 07:59:07,,True,admin
SC000922,الصف الثاني,2025-03-16 07:59:07,,True,admin
SC000923,الصف السادس,2025-03-16 09:34:01,,True,admin
SC000923,الصف السابع,2025-03-16 09:34:01,,True,admin
SC000924,الصف الأول,2025-03-16 09:34:01,,True,admin
SC000924,الصف الثاني,2025-03-16 09:34:01,,True,admin
SC000925,الصف الثاني,2025-03-16 09:34:01,,True,admin
SC000925,الصف الثالث,2025-03-16 09:34:01,,True,admin
SC000926,الصف الرابع,2025-03-16 09:34:01,,True,admin
SC000926,الصف الخامس,2025-03-16 09:34:01,,True,admin
SC000927,الصف الرابع,2025-03-16 09:34:01,,True,admin
SC000927,الصف الخامس,2025-03-16 09:34:01,,True,admin
SC000928,الصف السادس,2025-03-16 09:34:01,,True,admin
SC000928,الصف السابع,2025-03-16 09:34:01,,True,admin
SC000929,الصف الخامس,2025-03-16 09:34:01,,True,admin
SC000929,الصف السادس,2025-03-16 09:34:01,,True,admin
SC000930,الصف الثامن,2025-03-16 13:13:04,,True,admin
SC000930,الصف التاسع,2025-03-16 13:13:04,,True,admin
SC000931,الصف العاشر,2025-03-16 14:12:15,,True,admin
SC000931,الصف الحادي عشر (الأول ثانوي),2025-03-16 14:12:15,,True,admin
SC000932,الصف التاسع,2025-03-16 14:26:00,,True,admin
SC000932,الصف العاشر,2025-03-16 14:26:00,,True,admin
SC000933,الصف الثالث,2025-03-16 14:32:46,,True,admin
SC000933,الصف الرابع,2025-03-16 14:32:46,,True,admin
SC000934,الصف الأول,2025-03-16 14:34:30,,True,admin
SC000934,الصف الثاني,2025-03-16 14:34:30,,True,admin
SC000935,الصف التاسع,2025-03-16 14:35:09,,True,admin
SC000935,الصف العاشر,2025-03-16 14:35:09,,True,admin
SC000936,الصف التاسع,2025-03-16 14:37:35,,True,admin
SC000936,الصف العاشر,2025-03-16 14:37:35,,True,admin
SC000937,الصف السادس,2025-03-16 14:41:48,,True,admin
SC000937,الصف السابع,2025-03-16 14:41:48,,True,admin
SC000938,الصف الرابع,2025-03-16 14:42:44,,True,admin
SC000938,الصف الخامس,2025-03-16 14:42:44,,True,admin
SC000939,الصف الثاني,2025-03-16 14:43:56,,True,admin
SC000939,الصف الثالث,2025-03-16 14:43:56,,True,admin
SC000940,الصف الثاني,2025-03-16 14:45:33,,True,admin
SC000940,الصف الثالث,2025-03-16 14:45:33,,True,admin
SC000941,الروضة الصغرى (KG1),2025-03-16 14:46:08,,True,admin
SC000942,الصف السادس,2025-03-16 14:48:32,,True,admin
SC000942,الصف السابع,2025-03-16 14:48:32,,True,admin
SC000943,الصف الثاني,2025-03-16 14:50:03,,True,admin
SC000943,الصف الثالث,2025-03-16 14:50:03,,True,admin
SC000944,الصف الثالث,2025-03-16 14:50:18,,True,admin
SC000944,الصف الرابع,2025-03-16 14:50:18,,True,admin
SC000945,الصف التاسع,2025-03-16 14:53:51,,True,admin
SC000945,الصف العاشر,2025-03-16 14:53:51,,True,admin
SC000946,الصف الحادي عشر (الأول ثانوي),2025-03-16 14:54:53,,True,admin
SC000946,الصف الثاني عشر (التوجيهي),2025-03-16 14:54:53,,True,admin
SC000947,الصف الثاني,2025-03-16 14:55:29,,True,admin
SC000947,الصف الثالث,2025-03-16 14:55:29,,True,admin
SC000948,الصف الثاني,2025-03-16 14:55:30,,True,admin
SC000948,الصف الثالث,2025-03-16 14:55:30,,True,admin
SC000949,الصف الثاني,2025-03-16 14:56:28,,True,admin
SC000949,الصف الثالث,2025-03-16 14:56:28,,True,admin
SC000950,الصف الخامس,2025-03-16 14:56:39,,True,admin
SC000950,الصف السادس,2025-03-16 14:56:39,,True,admin
SC000951,الصف الأول,2025-03-16 14:58:01,,True,admin
SC000951,الصف الثاني,2025-03-16 14:58:01,,True,admin
SC000952,الصف الرابع,2025-03-16 14:59:14,,True,admin
SC000952,الصف الخامس,2025-03-16 14:59:14,,True,admin
SC000953,الصف الخامس,2025-03-16 15:06:07,,True,admin
SC000953,الصف السادس,2025-03-16 15:06:07,,True,admin
SC000954,الصف السادس,2025-03-16 15:14:46,,True,admin
SC000954,الصف السابع,2025-03-16 15:14:46,,True,admin
SC000955,الروضة الكبرى (KG2),2025-03-16 15:23:31,,True,admin
SC000955,الصف الأول,2025-03-16 15:23:31,,True,admin
SC000956,الصف السادس,2025-03-16 15:27:02,,True,admin
SC000956,الصف السابع,2025-03-16 15:27:02,,True,admin
SC000957,الصف الرابع,2025-03-16 15:28:58,,True,admin
SC000957,الصف الخامس,2025-03-16 15:28:58,,True,admin
SC000958,الصف الثاني,2025-03-16 15:34:28,,True,admin
SC000958,الصف الثالث,2025-03-16 15:34:28,,True,admin
SC000959,الصف الثاني,2025-03-16 15:36:46,,True,admin
SC000959,الصف الثالث,2025-03-16 15:36:46,,True,admin
SC000960,الروضة الكبرى (KG2),2025-03-16 15:50:00,,True,admin
SC000960,الصف الأول,2025-03-16 15:50:00,,True,admin
SC000961,الصف الرابع,2025-03-16 15:52:15,,True,admin
SC000961,الصف الخامس,2025-03-16 15:52:15,,True,admin
SC000962,الروضة الصغرى (KG1),2025-03-16 15:55:22,,True,admin
SC000962,الروضة الكبرى (KG2),2025-03-16 15:55:22,,True,admin
SC000963,الصف الثاني,2025-03-16 16:02:41,,True,admin
SC000963,الصف الثالث,2025-03-16 16:02:41,,True,admin
SC000964,الروضة الكبرى (KG2),2025-03-16 16:05:58,,True,admin
SC000964,الصف الأول,2025-03-16 16:05:58,,True,admin
SC000965,الروضة الصغرى (KG1),2025-03-16 16:15:10,,True,admin
SC000965,الروضة الكبرى (KG2),2025-03-16 16:15:10,,True,admin
SC000966,الصف الخامس,2025-03-16 16:32:27,,True,admin
SC000966,الصف السادس,2025-03-16 16:32:27,,True,admin
SC000967,الصف الرابع,2025-03-16 16:34:21,,True,admin
SC000967,الصف الخامس,2025-03-16 16:34:21,,True,admin
SC000968,الروضة الصغرى (KG1),2025-03-16 16:35:54,,True,admin
SC000969,الصف الرابع,2025-03-16 16:54:36,,True,admin
SC000969,الصف الخامس,2025-03-16 16:54:36,,True,admin
SC000970,الصف السابع,2025-03-16 16:57:21,,True,admin
SC000970,الصف الثامن,2025-03-16 16:57:21,,True,admin
SC000971,الصف الثاني,2025-03-16 16:58:15,,True,admin
SC000971,الصف الثالث,2025-03-16 16:58:15,,True,admin
SC000972,الصف الأول,2025-03-16 17:01:15,,True,admin
SC000972,الصف الثاني,2025-03-16 17:01:15,,True,admin
SC000973,الصف الخامس,2025-03-16 17:39:55,,True,admin
SC000973,الصف السادس,2025-03-16 17:39:55,,True,admin
SC000974,الصف السابع,2025-03-16 17:44:22,,True,admin
SC000974,الصف الثامن,2025-03-16 17:44:22,,True,admin
SC000975,الصف الرابع,2025-03-16 17:54:21,,True,admin
SC000975,الصف الخامس,2025-03-16 17:54:21,,True,admin
SC000976,الصف الخامس,2025-03-16 17:54:41,,True,admin
SC000976,الصف السادس,2025-03-16 17:54:41,,True,admin
SC000977,الصف التاسع,2025-03-16 18:00:50,,True,admin
SC000977,الصف العاشر,2025-03-16 18:00:50,,True,admin
SC000979,الصف الأول,2025-03-16 18:16:21,,True,admin
SC000979,الصف الثاني,2025-03-16 18:16:21,,True,admin
SC000980,الصف الخامس,2025-03-16 18:19:50,,True,admin
SC000980,الصف السادس,2025-03-16 18:19:50,,True,admin
SC000981,الصف التاسع,2025-03-16 18:20:26,,True,admin
SC000981,الصف العاشر,2025-03-16 18:20:26,,True,admin
SC000982,الصف الثامن,2025-03-16 18:28:08,,True,admin
SC000982,الصف التاسع,2025-03-16 18:28:08,,True,admin
SC000983,الصف السادس,2025-03-16 18:57:01,,True,admin
SC000983,الصف السابع,2025-03-16 18:57:01,,True,admin
SC000984,الصف الثالث,2025-03-16 19:00:22,,True,admin
SC000984,الصف الرابع,2025-03-16 19:00:22,,True,admin
SC000985,الصف الثالث,2025-03-16 19:00:55,,True,admin
SC000985,الصف الرابع,2025-03-16 19:00:55,,True,admin
SC000986,الصف السادس,2025-03-16 19:24:57,,True,admin
SC000986,الصف السابع,2025-03-16 19:24:57,,True,admin
SC000987,الصف التاسع,2025-03-16 19:26:14,,True,admin
SC000987,الصف العاشر,2025-03-16 19:26:14,,True,admin
SC000988,الروضة الكبرى (KG2),2025-03-16 19:34:14,,True,admin
SC000988,الصف الأول,2025-03-16 19:34:14,,True,admin
SC000989,الروضة الصغرى (KG1),2025-03-16 19:42:40,,True,admin
SC000990,الصف الثالث,2025-03-16 19:53:13,,True,admin
SC000990,الصف الرابع,2025-03-16 19:53:13,,True,admin
SC000991,الصف الثالث,2025-03-16 20:12:09,,True,admin
SC000991,الصف الرابع,2025-03-16 20:12:09,,True,admin
SC000992,الصف الثاني,2025-03-16 20:14:13,,True,admin
SC000992,الصف الثالث,2025-03-16 20:14:13,,True,admin
SC000993,الصف السادس,2025-03-16 20:18:24,,True,admin
SC000993,الصف السابع,2025-03-16 20:18:24,,True,admin
SC000994,الصف الأول,2025-03-16 20:30:45,,True,admin
SC000994,الصف الثاني,2025-03-16 20:30:45,,True,admin
SC000995,الصف السابع,2025-03-16 20:41:43,,True,admin
SC000995,الصف الثامن,2025-03-16 20:41:43,,True,admin
SC000996,الروضة الصغرى (KG1),2025-03-16 20:53:18,,True,admin
SC000997,الصف الرابع,2025-03-16 21:00:00,,True,admin
SC000997,الصف الخامس,2025-03-16 21:00:00,,True,admin
SC000998,الصف الأول,2025-03-16 21:00:54,,True,admin
SC000998,الصف الثاني,2025-03-16 21:00:54,,True,admin
SC000999,الصف الثاني,2025-03-16 21:02:22,,True,admin
SC000999,الصف الثالث,2025-03-16 21:02:22,,True,admin
SC001000,الصف الرابع,2025-03-16 21:02:45,,True,admin
SC001000,الصف الخامس,2025-03-16 21:02:45,,True,admin
SC001001,الصف الحادي عشر (الأول ثانوي),2025-03-16 21:06:03,,True,admin
SC001001,الصف الثاني عشر (التوجيهي),2025-03-16 21:06:03,,True,admin
SC001002,الصف السابع,2025-03-16 21:12:59,,True,admin
SC001002,الصف الثامن,2025-03-16 21:12:59,,True,admin
SC001003,الصف الثامن,2025-03-16 21:19:31,,True,admin
SC001003,الصف التاسع,2025-03-16 21:19:31,,True,admin
SC001004,الصف الحادي عشر (الأول ثانوي),2025-03-16 21:24:50,,True,admin
SC001004,الصف الثاني عشر (التوجيهي),2025-03-16 21:24:50,,True,admin
SC001005,الصف الثامن,2025-03-16 22:10:08,,True,admin
SC001005,الصف التاسع,2025-03-16 22:10:08,,True,admin
SC001006,الصف السادس,2025-03-16 22:17:37,,True,admin
SC001006,الصف السابع,2025-03-16 22:17:37,,True,admin
SC001007,الروضة الكبرى (KG2),2025-03-16 22:19:42,,True,admin
SC001007,الصف الأول,2025-03-16 22:19:42,,True,admin
SC001009,الصف الخامس,2025-03-16 22:35:20,,True,admin
SC001009,الصف السادس,2025-03-16 22:35:20,,True,admin
SC001010,الصف الرابع,2025-03-16 22:53:30,,True,admin
SC001010,الصف الخامس,2025-03-16 22:53:30,,True,admin
SC001011,الصف الأول,2025-03-16 22:55:14,,True,admin
SC001011,الصف الثاني,2025-03-16 22:55:14,,True,admin
SC001012,الصف السابع,2025-03-16 23:51:03,,True,admin
SC001012,الصف الثامن,2025-03-16 23:51:03,,True,admin
SC001013,الصف الثاني,2025-03-17 03:47:53,,True,admin
SC001013,الصف الثالث,2025-03-17 03:47:53,,True,admin
SC001014,الصف الخامس,2025-03-17 07:49:51,,True,admin
SC001014,الصف السادس,2025-03-17 07:49:51,,True,admin
SC001015,الصف السادس,2025-03-17 08:29:44,,True,admin
SC001015,الصف السابع,2025-03-17 08:29:44,,True,admin
SC001016,الصف الثالث,2025-03-17 08:36:55,,True,admin
SC001016,الصف الرابع,2025-03-17 08:36:55,,True,admin
SC001017,الروضة الصغرى (KG1),2025-03-17 08:38:12,,True,admin
SC001017,الروضة الكبرى (KG2),2025-03-17 08:38:12,,True,admin
SC001018,الصف الأول,2025-03-17 08:42:37,,True,admin
SC001018,الصف الثاني,2025-03-17 08:42:37,,True,admin
SC001019,الصف الثامن,2025-03-17 08:45:41,,True,admin
SC001019,الصف التاسع,2025-03-17 08:45:41,,True,admin
SC001020,الروضة الكبرى (KG2),2025-03-17 08:51:50,,True,admin
SC001020,الصف الأول,2025-03-17 08:51:50,,True,admin
SC001021,الروضة الكبرى (KG2),2025-03-17 08:54:17,,True,admin
SC001021,الصف الأول,2025-03-17 08:54:17,,True,admin
SC001022,الروضة الكبرى (KG2),2025-03-17 08:56:47,,True,admin
SC001022,الصف الأول,2025-03-17 08:56:47,,True,admin
SC001023,الصف الثالث,2025-03-17 09:26:23,,True,admin
SC001023,الصف الرابع,2025-03-17 09:26:23,,True,admin
SC001024,الصف الأول,2025-03-17 09:28:38,,True,admin
SC001024,الصف الثاني,2025-03-17 09:28:38,,True,admin
SC001025,الصف الثامن,2025-03-17 11:25:36,,True,admin
SC001025,الصف التاسع,2025-03-17 11:25:36,,True,admin
SC001026,الصف السابع,2025-03-17 11:28:25,,True,admin
SC001026,الصف الثامن,2025-03-17 11:28:25,,True,admin
SC001027,الصف السابع,2025-03-17 16:40:29,,True,admin
SC001027,الصف الثامن,2025-03-17 16:40:29,,True,admin
SC001028,الروضة الصغرى (KG1),2025-03-17 16:56:02,,True,admin
SC001028,الروضة الكبرى (KG2),2025-03-17 16:56:02,,True,admin
SC001029,الصف الثالث,2025-03-17 16:57:31,,True,admin
SC001029,الصف الرابع,2025-03-17 16:57:31,,True,admin
SC001030,الصف الأول,2025-03-17 17:01:26,,True,admin
SC001030,الصف الثاني,2025-03-17 17:01:26,,True,admin
SC001031,الصف الثاني,2025-03-17 17:07:59,,True,admin
SC001031,الصف الثالث,2025-03-17 17:07:59,,True,admin
SC001032,الصف الخامس,2025-03-17 17:09:34,,True,admin
SC001032,الصف السادس,2025-03-17 17:09:34,,True,admin
SC001033,الصف الخامس,2025-03-17 17:39:35,,True,admin
SC001033,الصف السادس,2025-03-17 17:39:35,,True,admin
SC001034,الصف العاشر,2025-03-17 21:28:30,,True,admin
SC001034,الصف الحادي عشر (الأول ثانوي),2025-03-17 21:28:30,,True,admin
SC001035,الصف الخامس,2025-03-17 23:04:42,,True,admin
SC001035,الصف السادس,2025-03-17 23:04:42,,True,admin
SC001036,الصف الرابع,2025-03-17 23:06:35,,True,admin
SC001036,الصف الخامس,2025-03-17 23:06:35,,True,admin
SC001037,الصف الثالث,2025-03-17 23:08:32,,True,admin
SC001037,الصف الرابع,2025-03-17 23:08:32,,True,admin
SC001038,الصف الرابع,2025-03-18 00:13:43,,True,admin
SC001038,الصف الخامس,2025-03-18 00:13:43,,True,admin
SC001039,الصف الثاني,2025-03-18 00:15:17,,True,admin
SC001039,الصف الثالث,2025-03-18 00:15:17,,True,admin
SC001040,الصف الثالث,2025-03-18 00:19:54,,True,admin
SC001040,الصف الرابع,2025-03-18 00:19:54,,True,admin
SC001041,الروضة الكبرى (KG2),2025-03-18 00:21:44,,True,admin
SC001041,الصف الأول,2025-03-18 00:21:44,,True,admin
SC001042,الصف الخامس,2025-03-18 00:24:06,,True,admin
SC001042,الصف السادس,2025-03-18 00:24:06,,True,admin
SC001043,الصف الثاني,2025-03-18 00:25:54,,True,admin
SC001043,الصف الثالث,2025-03-18 00:25:54,,True,admin
SC001044,الصف الأول,2025-03-18 00:27:38,,True,admin
SC001044,الصف الثاني,2025-03-18 00:27:38,,True,admin
SC001045,الصف الأول,2025-03-18 00:28:43,,True,admin
SC001045,الصف الثاني,2025-03-18 00:28:43,,True,admin
SC001046,الصف الخامس,2025-03-18 00:34:28,,True,admin
SC001046,الصف السادس,2025-03-18 00:34:28,,True,admin
SC001047,الصف الثالث,2025-03-18 00:40:58,,True,admin
SC001047,الصف الرابع,2025-03-18 00:40:58,,True,admin
SC001048,الصف الخامس,2025-03-18 00:55:22,,True,admin
SC001048,الصف السادس,2025-03-18 00:55:22,,True,admin
SC001049,الصف الثالث,2025-03-18 01:18:18,,True,admin
SC001049,الصف الرابع,2025-03-18 01:18:18,,True,admin
SC001050,الصف الرابع,2025-03-18 01:26:36,,True,admin
SC001050,الصف الخامس,2025-03-18 01:26:36,,True,admin
SC001051,الروضة الصغرى (KG1),2025-03-18 01:30:14,,True,admin
SC001051,الروضة الكبرى (KG2),2025-03-18 01:30:14,,True,admin
SC001052,الصف الثالث,2025-03-18 01:31:27,,True,admin
SC001052,الصف الرابع,2025-03-18 01:31:27,,True,admin
SC001054,الصف الثالث,2025-03-18 01:34:10,,True,admin
SC001054,الصف الرابع,2025-03-18 01:34:10,,True,admin
SC001055,الصف الثاني,2025-03-18 07:04:46,,True,admin
SC001055,الصف الثالث,2025-03-18 07:04:46,,True,admin
SC001056,الصف الثالث,2025-03-18 07:47:50,,True,admin
SC001056,الصف الرابع,2025-03-18 07:47:50,,True,admin
SC001057,الصف الثاني,2025-03-18 07:49:58,,True,admin
SC001057,الصف الثالث,2025-03-18 07:49:58,,True,admin
SC001058,الصف الخامس,2025-03-18 07:53:57,,True,admin
SC001058,الصف السادس,2025-03-18 07:53:57,,True,admin
SC001059,الصف السادس,2025-03-18 07:55:34,,True,admin
SC001059,الصف السابع,2025-03-18 07:55:34,,True,admin
SC001060,الصف الثاني,2025-03-18 08:20:56,,True,admin
SC001060,الصف الثالث,2025-03-18 08:20:56,,True,admin
SC001061,الصف الثالث,2025-03-18 08:32:36,,True,admin
SC001061,الصف الرابع,2025-03-18 08:32:36,,True,admin
SC001062,الصف الرابع,2025-03-18 08:59:38,,True,admin
SC001062,الصف الخامس,2025-03-18 08:59:38,,True,admin
SC001063,الروضة الصغرى (KG1),2025-03-18 09:02:04,,True,admin
SC001063,الروضة الكبرى (KG2),2025-03-18 09:02:04,,True,admin
SC001064,الصف الرابع,2025-03-18 09:52:52,,True,admin
SC001064,الصف الخامس,2025-03-18 09:52:52,,True,admin
SC001065,الصف الثالث,2025-03-18 09:54:10,,True,admin
SC001065,الصف الرابع,2025-03-18 09:54:10,,True,admin
SC001066,الصف الأول,2025-03-18 10:19:24,,True,admin
SC001066,الصف الثاني,2025-03-18 10:19:24,,True,admin
SC001067,الصف الخامس,2025-03-18 10:20:39,,True,admin
SC001067,الصف السادس,2025-03-18 10:20:39,,True,admin
SC001068,الصف الأول,2025-03-18 10:21:57,,True,admin
SC001068,الصف الثاني,2025-03-18 10:21:57,,True,admin
SC001069,الصف الخامس,2025-03-18 10:23:04,,True,admin
SC001069,الصف السادس,2025-03-18 10:23:04,,True,admin
SC001070,الروضة الكبرى (KG2),2025-03-18 10:23:11,,True,admin
SC001070,الصف الأول,2025-03-18 10:23:11,,True,admin
SC001071,الصف الأول,2025-03-18 10:24:34,,True,admin
SC001071,الصف الثاني,2025-03-18 10:24:34,,True,admin
SC001072,الروضة الصغرى (KG1),2025-03-18 10:25:00,,True,admin
SC001073,الروضة الصغرى (KG1),2025-03-18 10:25:40,,True,admin
SC001073,الروضة الكبرى (KG2),2025-03-18 10:25:40,,True,admin
SC001074,الصف الأول,2025-03-18 10:26:54,,True,admin
SC001074,الصف الثاني,2025-03-18 10:26:54,,True,admin
SC001075,الصف الأول,2025-03-18 10:29:11,,True,admin
SC001075,الصف الثاني,2025-03-18 10:29:11,,True,admin
SC001076,الصف الأول,2025-03-18 10:33:19,,True,admin
SC001076,الصف الثاني,2025-03-18 10:33:19,,True,admin
SC001077,الروضة الكبرى (KG2),2025-03-18 12:17:01,,True,admin
SC001077,الصف الأول,2025-03-18 12:17:01,,True,admin
SC001078,الصف الأول,2025-03-18 12:25:51,,True,admin
SC001078,الصف الثاني,2025-03-18 12:25:51,,True,admin
SC001079,الصف الأول,2025-03-18 12:27:11,,True,admin
SC001079,الصف الثاني,2025-03-18 12:27:11,,True,admin
SC001080,الصف الرابع,2025-03-18 12:37:11,,True,admin
SC001080,الصف الخامس,2025-03-18 12:37:11,,True,admin
SC001081,الصف السابع,2025-03-18 12:42:56,,True,admin
SC001081,الصف الثامن,2025-03-18 12:42:56,,True,admin
SC001082,الصف الأول,2025-03-18 13:00:32,,True,admin
SC001082,الصف الثاني,2025-03-18 13:00:32,,True,admin
SC001083,الروضة الصغرى (KG1),2025-03-18 13:02:49,,True,admin
SC001084,الصف الثاني,2025-03-18 13:04:53,,True,admin
SC001084,الصف الثالث,2025-03-18 13:04:53,,True,admin
SC001085,الصف العاشر,2025-03-18 16:12:24,,True,admin
SC001085,الصف الحادي عشر (الأول ثانوي),2025-03-18 16:12:24,,True,admin
SC001086,الصف الثاني,2025-03-18 17:55:02,,True,admin
SC001086,الصف الثالث,2025-03-18 17:55:02,,True,admin
SC001087,الصف الخامس,2025-03-19 09:42:00,,True,admin
SC001087,الصف السادس,2025-03-19 09:42:00,,True,admin
SC001088,الصف العاشر,2025-03-19 13:29:34,,True,admin
SC001088,الصف الحادي عشر (الأول ثانوي),2025-03-19 13:29:34,,True,admin
SC001089,الصف الثاني,2025-03-19 14:56:30,,True,admin
SC001089,الصف الثالث,2025-03-19 14:56:30,,True,admin
SC001090,الروضة الصغرى (KG1),2025-03-19 14:57:57,,True,admin
SC001090,الروضة الكبرى (KG2),2025-03-19 14:57:57,,True,admin
SC001091,الصف الرابع,2025-03-19 15:56:41,,True,admin
SC001091,الصف الخامس,2025-03-19 15:56:41,,True,admin
SC001092,الصف الرابع,2025-03-19 16:23:31,,True,admin
SC001092,الصف الخامس,2025-03-19 16:23:31,,True,admin
SC001093,الروضة الكبرى (KG2),2025-03-19 16:28:29,,True,admin
SC001093,الصف الأول,2025-03-19 16:28:29,,True,admin
SC001094,الروضة الكبرى (KG2),2025-03-19 16:30:55,,True,admin
SC001094,الصف الأول,2025-03-19 16:30:55,,True,admin
SC001095,الصف الرابع,2025-03-19 17:28:34,,True,admin
SC001095,الصف الخامس,2025-03-19 17:28:34,,True,admin
SC001096,الصف الثاني,2025-03-19 17:30:27,,True,admin
SC001096,الصف الثالث,2025-03-19 17:30:27,,True,admin
SC001097,الصف الرابع,2025-03-19 20:14:02,,True,admin
SC001097,الصف الخامس,2025-03-19 20:14:02,,True,admin
SC001098,الروضة الكبرى (KG2),2025-03-19 20:16:43,,True,admin
SC001098,الصف الأول,2025-03-19 20:16:43,,True,admin
SC001099,الروضة الصغرى (KG1),2025-03-20 11:40:28,,True,admin
SC001099,الروضة الكبرى (KG2),2025-03-20 11:40:28,,True,admin
SC001100,الصف الثاني عشر (التوجيهي),2025-03-20 14:25:10,,True,admin
SC001101,الصف السادس,2025-03-20 14:31:11,,True,admin
SC001101,الصف السابع,2025-03-20 14:31:11,,True,admin
SC001102,الصف الأول,2025-03-20 14:33:43,,True,admin
SC001102,الصف الثاني,2025-03-20 14:33:43,,True,admin
SC001103,الصف الرابع,2025-03-20 15:10:38,,True,admin
SC001103,الصف الخامس,2025-03-20 15:10:38,,True,admin
SC001104,الروضة الكبرى (KG2),2025-03-20 15:37:16,,True,admin
SC001104,الصف الأول,2025-03-20 15:37:16,,True,admin
SC001105,الصف الخامس,2025-03-20 15:57:32,,True,admin
SC001105,الصف السادس,2025-03-20 15:57:32,,True,admin
SC001106,الصف الثالث,2025-03-20 16:28:15,,True,admin
SC001106,الصف الرابع,2025-03-20 16:28:15,,True,admin
SC001107,الصف الخامس,2025-03-20 16:44:48,,True,admin
SC001107,الصف السادس,2025-03-20 16:44:48,,True,admin
SC001108,الصف الرابع,2025-03-20 16:47:20,,True,admin
SC001108,الصف الخامس,2025-03-20 16:47:20,,True,admin
SC001109,الصف الثاني,2025-03-20 16:48:19,,True,admin
SC001109,الصف الثالث,2025-03-20 16:48:19,,True,admin
SC001110,الروضة الكبرى (KG2),2025-03-20 16:49:54,,True,admin
SC001110,الصف الأول,2025-03-20 16:49:54,,True,admin
SC001111,الروضة الكبرى (KG2),2025-03-20 16:51:45,,True,admin
SC001111,الصف الأول,2025-03-20 16:51:45,,True,admin
SC001112,الروضة الكبرى (KG2),2025-03-20 16:55:31,,True,admin
SC001112,الصف الأول,2025-03-20 16:55:31,,True,admin
SC001113,الصف الثاني,2025-03-20 16:57:10,,True,admin
SC001113,الصف الثالث,2025-03-20 16:57:10,,True,admin
SC001114,الصف الثاني,2025-03-20 16:59:42,,True,admin
SC001114,الصف الثالث,2025-03-20 16:59:42,,True,admin
SC001115,الصف الثاني,2025-03-20 17:06:59,,True,admin
SC001115,الصف الثالث,2025-03-20 17:06:59,,True,admin
SC001116,الصف الثاني,2025-03-20 17:12:24,,True,admin
SC001116,الصف الثالث,2025-03-20 17:12:24,,True,admin
SC001117,الصف الخامس,2025-03-20 17:12:36,,True,admin
SC001117,الصف السادس,2025-03-20 17:12:36,,True,admin
SC001118,الصف الثاني,2025-03-20 17:16:51,,True,admin
SC001118,الصف الثالث,2025-03-20 17:16:51,,True,admin
SC001119,الصف الرابع,2025-03-20 17:17:29,,True,admin
SC001119,الصف الخامس,2025-03-20 17:17:29,,True,admin
SC001120,الصف الثاني,2025-03-20 17:19:12,,True,admin
SC001120,الصف الثالث,2025-03-20 17:19:12,,True,admin
SC001121,الصف الرابع,2025-03-20 17:47:33,,True,admin
SC001121,الصف الخامس,2025-03-20 17:47:33,,True,admin
SC001122,الصف الثاني,2025-03-20 17:48:45,,True,admin
SC001122,الصف الثالث,2025-03-20 17:48:45,,True,admin
SC001123,الصف الرابع,2025-03-20 17:51:51,,True,admin
SC001123,الصف الخامس,2025-03-20 17:51:51,,True,admin
SC001124,الروضة الكبرى (KG2),2025-03-20 17:52:55,,True,admin
SC001124,الصف الأول,2025-03-20 17:52:55,,True,admin
SC001125,الصف الثاني,2025-03-20 17:58:13,,True,admin
SC001125,الصف الثالث,2025-03-20 17:58:13,,True,admin
SC001126,الصف الثاني,2025-03-20 17:59:51,,True,admin
SC001126,الصف الثالث,2025-03-20 17:59:51,,True,admin
SC001127,الصف الرابع,2025-03-20 18:01:54,,True,admin
SC001127,الصف الخامس,2025-03-20 18:01:54,,True,admin
SC001128,الصف الثاني,2025-03-20 18:01:54,,True,admin
SC001128,الصف الثالث,2025-03-20 18:01:54,,True,admin
SC001129,الصف الرابع,2025-03-20 18:04:55,,True,admin
SC001129,الصف الخامس,2025-03-20 18:04:55,,True,admin
SC001130,الصف الرابع,2025-03-20 18:07:03,,True,admin
SC001130,الصف الخامس,2025-03-20 18:07:03,,True,admin
SC001131,الصف الثاني,2025-03-20 18:11:59,,True,admin
SC001131,الصف الثالث,2025-03-20 18:11:59,,True,admin
SC001132,الروضة الصغرى (KG1),2025-03-20 18:14:38,,True,admin
SC001132,الروضة الكبرى (KG2),2025-03-20 18:14:38,,True,admin
SC001133,الروضة الكبرى (KG2),2025-03-20 18:17:01,,True,admin
SC001133,الصف الأول,2025-03-20 18:17:01,,True,admin
SC001134,الروضة الصغرى (KG1),2025-03-20 18:20:39,,True,admin
SC001135,الروضة الصغرى (KG1),2025-03-20 18:29:04,,True,admin
SC001135,الروضة الكبرى (KG2),2025-03-20 18:29:04,,True,admin
SC001136,الروضة الكبرى (KG2),2025-03-20 18:30:55,,True,admin
SC001136,الصف الأول,2025-03-20 18:30:55,,True,admin
SC001137,الروضة الصغرى (KG1),2025-03-20 18:31:31,,True,admin
SC001137,الروضة الكبرى (KG2),2025-03-20 18:31:31,,True,admin
SC001138,الصف الثاني,2025-03-20 18:31:46,,True,admin
SC001138,الصف الثالث,2025-03-20 18:31:46,,True,admin
SC001139,الروضة الكبرى (KG2),2025-03-20 18:32:32,,True,admin
SC001139,الصف الأول,2025-03-20 18:32:32,,True,admin
SC001140,الصف الأول,2025-03-20 18:33:27,,True,admin
SC001140,الصف الثاني,2025-03-20 18:33:27,,True,admin
SC001141,الروضة الكبرى (KG2),2025-03-20 18:34:24,,True,admin
SC001141,الصف الأول,2025-03-20 18:34:24,,True,admin
SC001142,الروضة الكبرى (KG2),2025-03-20 18:36:08,,True,admin
SC001142,الصف الأول,2025-03-20 18:36:08,,True,admin
SC001143,الروضة الكبرى (KG2),2025-03-20 18:38:13,,True,admin
SC001143,الصف الأول,2025-03-20 18:38:13,,True,admin
SC001144,الروضة الصغرى (KG1),2025-03-20 18:40:07,,True,admin
SC001144,الروضة الكبرى (KG2),2025-03-20 18:40:07,,True,admin
SC001145,الروضة الكبرى (KG2),2025-03-20 18:44:47,,True,admin
SC001145,الصف الأول,2025-03-20 18:44:47,,True,admin
SC001146,الصف الثالث,2025-03-20 18:45:03,,True,admin
SC001146,الصف الرابع,2025-03-20 18:45:03,,True,admin
SC001147,الروضة الكبرى (KG2),2025-03-20 18:47:07,,True,admin
SC001147,الصف الأول,2025-03-20 18:47:07,,True,admin
SC001148,الروضة الصغرى (KG1),2025-03-20 18:52:05,,True,admin
SC001148,الروضة الكبرى (KG2),2025-03-20 18:52:05,,True,admin
SC001149,الصف الثالث,2025-03-20 18:53:49,,True,admin
SC001149,الصف الرابع,2025-03-20 18:53:49,,True,admin
SC001150,الصف الثالث,2025-03-20 18:55:37,,True,admin
SC001150,الصف الرابع,2025-03-20 18:55:37,,True,admin
SC001151,الروضة الكبرى (KG2),2025-03-20 19:39:58,,True,admin
SC001151,الصف الأول,2025-03-20 19:39:58,,True,admin
SC001152,الصف الخامس,2025-03-20 19:43:18,,True,admin
SC001152,الصف السادس,2025-03-20 19:43:18,,True,admin
SC001153,الصف الثالث,2025-03-20 19:45:03,,True,admin
SC001153,الصف الرابع,2025-03-20 19:45:03,,True,admin
SC001154,الصف الخامس,2025-03-20 19:53:16,,True,admin
SC001154,الصف السادس,2025-03-20 19:53:16,,True,admin
SC001155,الصف الثامن,2025-03-20 19:57:16,,True,admin
SC001155,الصف التاسع,2025-03-20 19:57:16,,True,admin
SC001156,الصف السادس,2025-03-20 19:58:27,,True,admin
SC001156,الصف السابع,2025-03-20 19:58:27,,True,admin
SC001157,الصف السابع,2025-03-20 19:58:41,,True,admin
SC001157,الصف الثامن,2025-03-20 19:58:41,,True,admin
SC001158,الصف السادس,2025-03-20 19:59:49,,True,admin
SC001158,الصف السابع,2025-03-20 19:59:49,,True,admin
SC001159,الصف السادس,2025-03-20 20:07:58,,True,admin
SC001159,الصف السابع,2025-03-20 20:07:58,,True,admin
SC001160,الصف السادس,2025-03-20 20:14:15,,True,admin
SC001160,الصف السابع,2025-03-20 20:14:15,,True,admin
SC001161,الصف الرابع,2025-03-20 20:43:09,,True,admin
SC001161,الصف الخامس,2025-03-20 20:43:09,,True,admin
SC001162,الصف السابع,2025-03-20 21:11:50,,True,admin
SC001162,الصف الثامن,2025-03-20 21:11:50,,True,admin
SC001163,الصف السابع,2025-03-20 21:19:35,,True,admin
SC001163,الصف الثامن,2025-03-20 21:19:35,,True,admin
SC001164,الصف التاسع,2025-03-20 21:36:46,,True,admin
SC001164,الصف العاشر,2025-03-20 21:36:46,,True,admin
SC001165,الصف العاشر,2025-03-20 21:40:38,,True,admin
SC001165,الصف الحادي عشر (الأول ثانوي),2025-03-20 21:40:38,,True,admin
SC001166,الصف السادس,2025-03-20 21:44:45,,True,admin
SC001166,الصف السابع,2025-03-20 21:44:45,,True,admin
SC001167,الصف الأول,2025-03-20 23:01:39,,True,admin
SC001167,الصف الثاني,2025-03-20 23:01:39,,True,admin
SC001168,الصف التاسع,2025-03-20 23:03:22,,True,admin
SC001168,الصف العاشر,2025-03-20 23:03:22,,True,admin
SC001169,الصف السابع,2025-03-20 23:49:35,,True,admin
SC001169,الصف الثامن,2025-03-20 23:49:35,,True,admin
SC001170,الروضة الكبرى (KG2),2025-03-20 23:55:40,,True,admin
SC001170,الصف الأول,2025-03-20 23:55:40,,True,admin
SC001171,الصف الأول,2025-03-21 01:52:03,,True,admin
SC001171,الصف الثاني,2025-03-21 01:52:03,,True,admin
SC001172,الصف الثالث,2025-03-21 10:15:00,,True,admin
SC001172,الصف الرابع,2025-03-21 10:15:00,,True,admin
SC001173,الروضة الصغرى (KG1),2025-03-21 11:06:17,,True,admin
SC001174,الروضة الكبرى (KG2),2025-03-21 11:07:00,,True,admin
SC001174,الصف الأول,2025-03-21 11:07:00,,True,admin
SC001175,الصف الخامس,2025-03-21 12:09:47,,True,admin
SC001175,الصف السادس,2025-03-21 12:09:47,,True,admin
SC001176,الصف الثاني,2025-03-21 12:13:26,,True,admin
SC001176,الصف الثالث,2025-03-21 12:13:26,,True,admin
SC001177,الروضة الكبرى (KG2),2025-03-21 12:15:41,,True,admin
SC001177,الصف الأول,2025-03-21 12:15:41,,True,admin
SC001178,الصف السادس,2025-03-21 13:04:24,,True,admin
SC001178,الصف السابع,2025-03-21 13:04:24,,True,admin
SC001179,الصف السادس,2025-03-21 17:59:29,,True,admin
SC001179,الصف السابع,2025-03-21 17:59:29,,True,admin
SC001180,الصف السابع,2025-03-21 18:00:33,,True,admin
SC001180,الصف الثامن,2025-03-21 18:00:33,,True,admin
SC001181,الصف الثاني,2025-03-21 22:41:30,,True,admin
SC001181,الصف الثالث,2025-03-21 22:41:30,,True,admin
SC001182,الصف الخامس,2025-03-21 23:10:27,,True,admin
SC001182,الصف السادس,2025-03-21 23:10:27,,True,admin
SC001183,الصف الثالث,2025-03-22 08:15:47,,True,admin
SC001183,الصف الرابع,2025-03-22 08:15:47,,True,admin
SC001184,الصف الأول,2025-03-22 08:18:09,,True,admin
SC001184,الصف الثاني,2025-03-22 08:18:09,,True,admin
SC001185,الروضة الكبرى (KG2),2025-03-22 10:50:59,,True,admin
SC001185,الصف الأول,2025-03-22 10:50:59,,True,admin
SC001186,الصف الثالث,2025-03-22 13:39:49,,True,admin
SC001186,الصف الرابع,2025-03-22 13:39:49,,True,admin
SC001187,الصف الرابع,2025-03-22 14:18:27,,True,admin
SC001187,الصف الخامس,2025-03-22 14:18:27,,True,admin
SC001188,الصف الأول,2025-03-22 14:20:08,,True,admin
SC001188,الصف الثاني,2025-03-22 14:20:08,,True,admin
SC001189,الصف العاشر,2025-03-22 14:28:09,,True,admin
SC001189,الصف الحادي عشر (الأول ثانوي),2025-03-22 14:28:09,,True,admin
SC001190,الصف العاشر,2025-03-22 14:37:52,,True,admin
SC001190,الصف الحادي عشر (الأول ثانوي),2025-03-22 14:37:52,,True,admin
SC001191,الصف السادس,2025-03-22 15:31:18,,True,admin
SC001191,الصف السابع,2025-03-22 15:31:18,,True,admin
SC001192,الصف الخامس,2025-03-22 15:33:53,,True,admin
SC001192,الصف السادس,2025-03-22 15:33:53,,True,admin
SC001193,الصف الثالث,2025-03-22 15:36:52,,True,admin
SC001193,الصف الرابع,2025-03-22 15:36:52,,True,admin
SC001195,الصف الخامس,2025-03-22 15:46:37,,True,admin
SC001195,الصف السادس,2025-03-22 15:46:37,,True,admin
SC001196,الصف الثالث,2025-03-22 15:52:12,,True,admin
SC001196,الصف الرابع,2025-03-22 15:52:12,,True,admin
SC001197,الصف الثالث,2025-03-22 15:57:52,,True,admin
SC001197,الصف الرابع,2025-03-22 15:57:52,,True,admin
SC001198,الروضة الصغرى (KG1),2025-03-22 15:59:19,,True,admin
SC001199,الصف الثالث,2025-03-22 16:03:47,,True,admin
SC001199,الصف الرابع,2025-03-22 16:03:47,,True,admin
SC001200,الصف الخامس,2025-03-22 16:08:46,,True,admin
SC001200,الصف السادس,2025-03-22 16:08:46,,True,admin
SC001201,الصف التاسع,2025-03-22 16:11:51,,True,admin
SC001201,الصف العاشر,2025-03-22 16:11:51,,True,admin
SC001202,الصف الثاني عشر (التوجيهي),2025-03-22 16:12:24,,True,admin
SC001203,الصف الثاني,2025-03-22 16:12:46,,True,admin
SC001203,الصف الثالث,2025-03-22 16:12:46,,True,admin
SC001204,الصف التاسع,2025-03-22 16:12:53,,True,admin
SC001204,الصف العاشر,2025-03-22 16:12:53,,True,admin
SC001205,الصف الخامس,2025-03-22 16:13:58,,True,admin
SC001205,الصف السادس,2025-03-22 16:13:58,,True,admin
SC001206,الروضة الكبرى (KG2),2025-03-22 16:14:12,,True,admin
SC001206,الصف الأول,2025-03-22 16:14:12,,True,admin
SC001207,الروضة الصغرى (KG1),2025-03-22 16:15:21,,True,admin
SC001207,الروضة الكبرى (KG2),2025-03-22 16:15:21,,True,admin
SC001208,الصف التاسع,2025-03-22 16:15:35,,True,admin
SC001208,الصف العاشر,2025-03-22 16:15:35,,True,admin
SC001209,الصف العاشر,2025-03-22 16:15:55,,True,admin
SC001209,الصف الحادي عشر (الأول ثانوي),2025-03-22 16:15:55,,True,admin
SC001210,الصف الحادي عشر (الأول ثانوي),2025-03-22 16:19:07,,True,admin
SC001210,الصف الثاني عشر (التوجيهي),2025-03-22 16:19:07,,True,admin
SC001211,الصف السابع,2025-03-22 16:19:23,,True,admin
SC001211,الصف الثامن,2025-03-22 16:19:23,,True,admin
SC001212,الصف الثالث,2025-03-22 16:23:01,,True,admin
SC001212,الصف الرابع,2025-03-22 16:23:01,,True,admin
SC001213,الروضة الصغرى (KG1),2025-03-22 16:23:03,,True,admin
SC001214,الصف الرابع,2025-03-22 16:25:14,,True,admin
SC001214,الصف الخامس,2025-03-22 16:25:14,,True,admin
SC001215,الصف الرابع,2025-03-22 16:26:50,,True,admin
SC001215,الصف الخامس,2025-03-22 16:26:50,,True,admin
SC001216,الصف الرابع,2025-03-22 16:28:31,,True,admin
SC001216,الصف الخامس,2025-03-22 16:28:31,,True,admin
SC001217,الصف الأول,2025-03-22 16:29:59,,True,admin
SC001217,الصف الثاني,2025-03-22 16:29:59,,True,admin
SC001218,الصف الخامس,2025-03-22 16:45:12,,True,admin
SC001218,الصف السادس,2025-03-22 16:45:12,,True,admin
SC001219,الصف الرابع,2025-03-22 17:03:04,,True,admin
SC001219,الصف الخامس,2025-03-22 17:03:04,,True,admin
SC001220,الصف الرابع,2025-03-22 17:07:21,,True,admin
SC001220,الصف الخامس,2025-03-22 17:07:21,,True,admin
SC001221,الصف الخامس,2025-03-22 17:42:15,,True,admin
SC001221,الصف السادس,2025-03-22 17:42:15,,True,admin
SC001223,الصف الخامس,2025-03-22 19:28:40,,True,admin
SC001223,الصف السادس,2025-03-22 19:28:40,,True,admin
SC001224,الروضة الصغرى (KG1),2025-03-22 19:29:40,,True,admin
SC001224,الروضة الكبرى (KG2),2025-03-22 19:29:40,,True,admin
SC001225,الصف الأول,2025-03-22 19:30:32,,True,admin
SC001225,الصف الثاني,2025-03-22 19:30:32,,True,admin
SC001226,الصف الأول,2025-03-22 19:33:48,,True,admin
SC001226,الصف الثاني,2025-03-22 19:33:48,,True,admin
SC001228,الصف الأول,2025-03-22 20:00:12,,True,admin
SC001228,الصف الثاني,2025-03-22 20:00:12,,True,admin
SC001229,الصف الثالث,2025-03-22 20:12:25,,True,admin
SC001229,الصف الرابع,2025-03-22 20:12:25,,True,admin
SC001230,الصف الخامس,2025-03-22 20:13:35,,True,admin
SC001230,الصف السادس,2025-03-22 20:13:35,,True,admin
SC001231,الصف الأول,2025-03-22 20:18:43,,True,admin
SC001231,الصف الثاني,2025-03-22 20:18:43,,True,admin
SC001232,الروضة الصغرى (KG1),2025-03-22 20:20:08,,True,admin
SC001234,الصف التاسع,2025-03-22 20:30:52,,True,admin
SC001234,الصف العاشر,2025-03-22 20:30:52,,True,admin
SC001235,الصف الأول,2025-03-22 20:40:25,,True,admin
SC001235,الصف الثاني,2025-03-22 20:40:25,,True,admin
SC001236,الصف الرابع,2025-03-22 21:08:00,,True,admin
SC001236,الصف الخامس,2025-03-22 21:08:00,,True,admin
SC001237,الصف الخامس,2025-03-22 21:10:40,,True,admin
SC001237,الصف السادس,2025-03-22 21:10:40,,True,admin
SC001238,الصف الرابع,2025-03-22 21:40:50,,True,admin
SC001238,الصف الخامس,2025-03-22 21:40:50,,True,admin
SC001239,الصف الثاني,2025-03-22 23:34:54,,True,admin
SC001239,الصف الثالث,2025-03-22 23:34:54,,True,admin
SC001240,الصف الأول,2025-03-22 23:36:37,,True,admin
SC001240,الصف الثاني,2025-03-22 23:36:37,,True,admin
SC001241,الصف الخامس,2025-03-23 03:19:33,,True,admin
SC001241,الصف السادس,2025-03-23 03:19:33,,True,admin
SC001242,الصف الخامس,2025-03-23 09:52:50,,True,admin
SC001242,الصف السادس,2025-03-23 09:52:50,,True,admin
SC001243,الصف الثاني عشر (التوجيهي),2025-03-23 11:01:06,,True,admin
SC001244,الصف الأول,2025-03-23 18:32:42,,True,admin
SC001244,الصف الثاني,2025-03-23 18:32:42,,True,admin
SC001245,الصف الثامن,2025-03-23 18:35:21,,True,admin
SC001245,الصف التاسع,2025-03-23 18:35:21,,True,admin
SC001246,الصف الثالث,2025-03-23 18:37:18,,True,admin
SC001246,الصف الرابع,2025-03-23 18:37:18,,True,admin
SC001247,الصف الأول,2025-03-24 17:13:50,,True,admin
SC001247,الصف الثاني,2025-03-24 17:13:50,,True,admin
SC001250,الروضة الكبرى (KG2),2025-03-24 17:39:35,,True,admin
SC001250,الصف الأول,2025-03-24 17:39:35,,True,admin
SC001251,الصف التاسع,2025-03-24 17:47:40,,True,admin
SC001251,الصف العاشر,2025-03-24 17:47:40,,True,admin
SC001252,الصف الثالث,2025-03-24 17:50:11,,True,admin
SC001252,الصف الرابع,2025-03-24 17:50:11,,True,admin
SC001253,الصف السادس,2025-03-24 18:01:06,,True,admin
SC001253,الصف السابع,2025-03-24 18:01:06,,True,admin
SC001254,الصف الثالث,2025-03-24 18:03:27,,True,admin
SC001254,الصف الرابع,2025-03-24 18:03:27,,True,admin
SC001255,الصف السابع,2025-03-24 18:03:29,,True,admin
SC001255,الصف الثامن,2025-03-24 18:03:29,,True,admin
SC001256,الروضة الكبرى (KG2),2025-03-24 18:06:11,,True,admin
SC001256,الصف الأول,2025-03-24 18:06:11,,True,admin
SC001257,الصف السادس,2025-03-24 18:10:01,,True,admin
SC001257,الصف السابع,2025-03-24 18:10:01,,True,admin
SC001258,الصف الحادي عشر (الأول ثانوي),2025-03-24 18:36:34,,True,admin
SC001258,الصف الثاني عشر (التوجيهي),2025-03-24 18:36:34,,True,admin
SC001259,الصف السابع,2025-03-24 18:39:58,,True,admin
SC001259,الصف الثامن,2025-03-24 18:39:58,,True,admin
SC001260,الصف الثالث,2025-03-24 18:41:29,,True,admin
SC001260,الصف الرابع,2025-03-24 18:41:29,,True,admin
SC001261,الصف السابع,2025-03-24 19:40:38,,True,admin
SC001261,الصف الثامن,2025-03-24 19:40:38,,True,admin
SC001262,الصف العاشر,2025-03-24 21:30:23,,True,admin
SC001262,الصف الحادي عشر (الأول ثانوي),2025-03-24 21:30:23,,True,admin
SC001263,الصف السادس,2025-03-24 21:33:04,,True,admin
SC001263,الصف السابع,2025-03-24 21:33:04,,True,admin
SC001264,الصف السابع,2025-03-24 21:36:38,,True,admin
SC001264,الصف الثامن,2025-03-24 21:36:38,,True,admin
SC001265,الصف الثامن,2025-03-24 21:49:41,,True,admin
SC001265,الصف التاسع,2025-03-24 21:49:41,,True,admin
SC001266,الصف الثامن,2025-03-24 22:06:32,,True,admin
SC001266,الصف التاسع,2025-03-24 22:06:32,,True,admin
SC001267,الصف الثامن,2025-03-24 22:27:16,,True,admin
SC001267,الصف التاسع,2025-03-24 22:27:16,,True,admin
SC001268,الصف السادس,2025-03-24 22:28:59,,True,admin
SC001268,الصف السابع,2025-03-24 22:28:59,,True,admin
SC001269,الصف السادس,2025-03-24 22:42:32,,True,admin
SC001269,الصف السابع,2025-03-24 22:42:32,,True,admin
SC001270,الصف الأول,2025-03-25 00:49:48,,True,admin
SC001270,الصف الثاني,2025-03-25 00:49:48,,True,admin
SC001271,الصف الثامن,2025-03-25 08:04:00,,True,admin
SC001271,الصف التاسع,2025-03-25 08:04:00,,True,admin
SC001272,الروضة الصغرى (KG1),2025-03-25 08:44:20,,True,admin
SC001273,الصف الحادي عشر (الأول ثانوي),2025-03-25 21:22:56,,True,admin
SC001273,الصف الثاني عشر (التوجيهي),2025-03-25 21:22:56,,True,admin
SC001274,الصف الثاني عشر (التوجيهي),2025-03-25 21:56:01,,True,admin
SC001275,الصف السابع,2025-03-26 21:33:19,,True,admin
SC001275,الصف الثامن,2025-03-26 21:33:19,,True,admin
SC001276,الصف الثامن,2025-03-26 21:34:45,,True,admin
SC001276,الصف التاسع,2025-03-26 21:34:45,,True,admin
SC001277,الصف الثاني,2025-03-27 09:30:38,,True,admin
SC001277,الصف الثالث,2025-03-27 09:30:38,,True,admin
SC001278,الروضة الصغرى (KG1),2025-03-27 09:31:11,,True,admin
SC001278,الروضة الكبرى (KG2),2025-03-27 09:31:11,,True,admin
SC001279,الصف الأول,2025-03-27 09:40:50,,True,admin
SC001279,الصف الثاني,2025-03-27 09:40:50,,True,admin
SC001280,الصف السابع,2025-03-27 17:32:56,,True,admin
SC001280,الصف الثامن,2025-03-27 17:32:56,,True,admin
SC001282,الصف الثامن,2025-03-27 17:34:46,,True,admin
SC001282,الصف التاسع,2025-03-27 17:34:46,,True,admin
SC001283,الصف السابع,2025-03-27 17:34:53,,True,admin
SC001283,الصف الثامن,2025-03-27 17:34:53,,True,admin
SC001284,الصف العاشر,2025-03-27 17:35:11,,True,admin
SC001284,الصف الحادي عشر (الأول ثانوي),2025-03-27 17:35:11,,True,admin
SC001285,الصف التاسع,2025-03-27 17:35:20,,True,admin
SC001285,الصف العاشر,2025-03-27 17:35:20,,True,admin
SC001286,الصف السابع,2025-03-27 17:35:23,,True,admin
SC001286,الصف الثامن,2025-03-27 17:35:23,,True,admin
SC001287,الصف الحادي عشر (الأول ثانوي),2025-03-27 17:36:10,,True,admin
SC001287,الصف الثاني عشر (التوجيهي),2025-03-27 17:36:10,,True,admin
SC001288,الصف الثامن,2025-03-27 17:37:00,,True,admin
SC001288,الصف التاسع,2025-03-27 17:37:00,,True,admin
SC001289,الصف السادس,2025-03-27 17:37:15,,True,admin
SC001289,الصف السابع,2025-03-27 17:37:15,,True,admin
SC001290,الصف السادس,2025-03-27 17:37:20,,True,admin
SC001290,الصف السابع,2025-03-27 17:37:20,,True,admin
SC001291,الصف الثامن,2025-03-27 17:38:18,,True,admin
SC001291,الصف التاسع,2025-03-27 17:38:18,,True,admin
SC001292,الصف السادس,2025-03-27 17:38:52,,True,admin
SC001292,الصف السابع,2025-03-27 17:38:52,,True,admin
SC001293,الصف العاشر,2025-03-27 17:39:58,,True,admin
SC001293,الصف الحادي عشر (الأول ثانوي),2025-03-27 17:39:58,,True,admin
SC001294,الصف السابع,2025-03-27 17:41:04,,True,admin
SC001294,الصف الثامن,2025-03-27 17:41:04,,True,admin
SC001295,الصف التاسع,2025-03-27 17:41:35,,True,admin
SC001295,الصف العاشر,2025-03-27 17:41:35,,True,admin
SC001296,الصف الخامس,2025-03-27 21:17:00,,True,admin
SC001296,الصف السادس,2025-03-27 21:17:00,,True,admin
SC001297,الصف الرابع,2025-03-27 23:22:19,,True,admin
SC001297,الصف الخامس,2025-03-27 23:22:19,,True,admin
SC001298,الصف الثاني,2025-03-27 23:26:01,,True,admin
SC001298,الصف الثالث,2025-03-27 23:26:01,,True,admin
SC001299,الصف الثاني,2025-03-27 23:39:42,,True,admin
SC001299,الصف الثالث,2025-03-27 23:39:42,,True,admin
SC001300,الروضة الكبرى (KG2),2025-03-28 09:49:04,,True,admin
SC001300,الصف الأول,2025-03-28 09:49:04,,True,admin
SC001301,الصف السادس,2025-03-28 11:17:39,,True,admin
SC001301,الصف السابع,2025-03-28 11:17:39,,True,admin
SC001302,الصف الرابع,2025-03-28 16:28:02,,True,admin
SC001302,الصف الخامس,2025-03-28 16:28:02,,True,admin
SC001303,الروضة الكبرى (KG2),2025-03-28 16:30:02,,True,admin
SC001303,الصف الأول,2025-03-28 16:30:02,,True,admin
SC001304,الصف التاسع,2025-03-28 17:30:30,,True,admin
SC001304,الصف العاشر,2025-03-28 17:30:30,,True,admin
SC001305,الصف الثاني,2025-03-28 21:24:04,,True,admin
SC001305,الصف الثالث,2025-03-28 21:24:04,,True,admin
SC001306,الصف الثاني,2025-03-28 21:27:45,,True,admin
SC001306,الصف الثالث,2025-03-28 21:27:45,,True,admin
SC001307,الصف الرابع,2025-03-28 21:28:30,,True,admin
SC001307,الصف الخامس,2025-03-28 21:28:30,,True,admin
SC001308,الصف الثالث,2025-03-28 21:28:56,,True,admin
SC001308,الصف الرابع,2025-03-28 21:28:56,,True,admin
SC001309,الروضة الصغرى (KG1),2025-03-28 21:30:16,,True,admin
SC001309,الروضة الكبرى (KG2),2025-03-28 21:30:16,,True,admin
SC001310,الصف الثاني,2025-03-28 21:41:46,,True,admin
SC001310,الصف الثالث,2025-03-28 21:41:46,,True,admin
SC001311,الروضة الكبرى (KG2),2025-03-28 21:44:43,,True,admin
SC001311,الصف الأول,2025-03-28 21:44:43,,True,admin
SC001312,الصف الحادي عشر (الأول ثانوي),2025-03-28 23:12:14,,True,admin
SC001312,الصف الثاني عشر (التوجيهي),2025-03-28 23:12:14,,True,admin
SC001313,الصف العاشر,2025-03-28 23:14:03,,True,admin
SC001313,الصف الحادي عشر (الأول ثانوي),2025-03-28 23:14:03,,True,admin
SC001314,الصف العاشر,2025-03-28 23:14:16,,True,admin
SC001314,الصف الحادي عشر (الأول ثانوي),2025-03-28 23:14:16,,True,admin
SC001315,الصف العاشر,2025-03-28 23:15:18,,True,admin
SC001315,الصف الحادي عشر (الأول ثانوي),2025-03-28 23:15:18,,True,admin
SC001316,الصف العاشر,2025-03-28 23:16:58,,True,admin
SC001316,الصف الحادي عشر (الأول ثانوي),2025-03-28 23:16:58,,True,admin
SC001317,الصف العاشر,2025-03-28 23:18:01,,True,admin
SC001317,الصف الحادي عشر (الأول ثانوي),2025-03-28 23:18:01,,True,admin
SC001318,الصف العاشر,2025-03-28 23:19:12,,True,admin
SC001318,الصف الحادي عشر (الأول ثانوي),2025-03-28 23:19:12,,True,admin
SC001319,الصف التاسع,2025-03-28 23:28:32,,True,admin
SC001319,الصف العاشر,2025-03-28 23:28:32,,True,admin
SC001320,الصف الثاني عشر (التوجيهي),2025-03-28 23:28:53,,True,admin
SC001321,الصف العاشر,2025-03-28 23:35:36,,True,admin
SC001321,الصف الحادي عشر (الأول ثانوي),2025-03-28 23:35:36,,True,admin
SC001322,الصف العاشر,2025-03-28 23:38:17,,True,admin
SC001322,الصف الحادي عشر (الأول ثانوي),2025-03-28 23:38:17,,True,admin
SC001323,الصف العاشر,2025-03-28 23:42:09,,True,admin
SC001323,الصف الحادي عشر (الأول ثانوي),2025-03-28 23:42:09,,True,admin
SC001324,الصف الثالث,2025-03-29 00:39:34,,True,admin
SC001324,الصف الرابع,2025-03-29 00:39:34,,True,admin
SC001325,الصف الأول,2025-03-29 00:41:57,,True,admin
SC001325,الصف الثاني,2025-03-29 00:41:57,,True,admin
SC001326,الصف التاسع,2025-03-29 01:02:53,,True,admin
SC001326,الصف العاشر,2025-03-29 01:02:53,,True,admin
SC001327,الصف الثالث,2025-03-29 09:33:31,,True,admin
SC001327,الصف الرابع,2025-03-29 09:33:31,,True,admin
SC001328,الصف الثاني,2025-03-29 14:52:45,,True,admin
SC001328,الصف الثالث,2025-03-29 14:52:45,,True,admin
SC001329,الصف العاشر,2025-03-29 15:50:14,,True,admin
SC001329,الصف الحادي عشر (الأول ثانوي),2025-03-29 15:50:14,,True,admin
SC001330,الصف السابع,2025-03-29 18:06:48,,True,admin
SC001330,الصف الثامن,2025-03-29 18:06:48,,True,admin
SC001334,الصف التاسع,2025-03-29 22:29:52,,True,admin
SC001334,الصف العاشر,2025-03-29 22:29:52,,True,admin
SC001335,الصف السابع,2025-03-29 23:21:08,,True,admin
SC001335,الصف الثامن,2025-03-29 23:21:08,,True,admin
SC001336,الروضة الصغرى (KG1),2025-03-29 23:46:28,,True,admin
SC001337,الصف الأول,2025-03-30 10:01:36,,True,admin
SC001337,الصف الثاني,2025-03-30 10:01:36,,True,admin
SC001338,الصف السادس,2025-03-30 10:06:37,,True,admin
SC001338,الصف السابع,2025-03-30 10:06:37,,True,admin
SC001339,الروضة الصغرى (KG1),2025-03-30 10:57:48,,True,admin
SC001340,الروضة الصغرى (KG1),2025-03-30 10:58:55,,True,admin
SC001341,الصف العاشر,2025-03-30 11:22:01,,True,admin
SC001341,الصف الحادي عشر (الأول ثانوي),2025-03-30 11:22:01,,True,admin
SC001342,الصف التاسع,2025-03-30 12:00:41,,True,admin
SC001342,الصف العاشر,2025-03-30 12:00:41,,True,admin
SC001343,الصف الخامس,2025-03-30 12:20:28,,True,admin
SC001343,الصف السادس,2025-03-30 12:20:28,,True,admin
SC001344,الروضة الكبرى (KG2),2025-03-30 12:22:56,,True,admin
SC001344,الصف الأول,2025-03-30 12:22:56,,True,admin
SC001345,الصف الأول,2025-03-30 12:40:49,,True,admin
SC001345,الصف الثاني,2025-03-30 12:40:49,,True,admin
SC001346,الصف الثالث,2025-03-30 12:44:04,,True,admin
SC001346,الصف الرابع,2025-03-30 12:44:04,,True,admin
SC001347,الروضة الصغرى (KG1),2025-03-30 12:45:30,,True,admin
SC001347,الروضة الكبرى (KG2),2025-03-30 12:45:30,,True,admin
SC001348,الصف السابع,2025-03-30 12:45:55,,True,admin
SC001348,الصف الثامن,2025-03-30 12:45:55,,True,admin
SC001349,الصف العاشر,2025-03-30 14:33:32,,True,admin
SC001349,الصف الحادي عشر (الأول ثانوي),2025-03-30 14:33:32,,True,admin
SC001350,الصف التاسع,2025-03-30 14:34:59,,True,admin
SC001350,الصف العاشر,2025-03-30 14:34:59,,True,admin
SC001351,الصف الثاني,2025-03-30 14:54:53,,True,admin
SC001351,الصف الثالث,2025-03-30 14:54:53,,True,admin
SC001352,الصف الثاني,2025-03-30 15:05:26,,True,admin
SC001352,الصف الثالث,2025-03-30 15:05:26,,True,admin
SC001353,الصف الخامس,2025-03-30 15:06:30,,True,admin
SC001353,الصف السادس,2025-03-30 15:06:30,,True,admin
SC001354,الروضة الكبرى (KG2),2025-03-30 15:06:49,,True,admin
SC001354,الصف الأول,2025-03-30 15:06:49,,True,admin
SC001355,الصف الثاني,2025-03-30 15:13:10,,True,admin
SC001355,الصف الثالث,2025-03-30 15:13:10,,True,admin
SC001356,الروضة الصغرى (KG1),2025-03-30 15:15:18,,True,admin
SC001356,الروضة الكبرى (KG2),2025-03-30 15:15:18,,True,admin
SC001357,الصف الثالث,2025-03-30 15:18:20,,True,admin
SC001357,الصف الرابع,2025-03-30 15:18:20,,True,admin
SC001358,الصف الرابع,2025-03-30 15:20:55,,True,admin
SC001358,الصف الخامس,2025-03-30 15:20:55,,True,admin
SC001359,الروضة الكبرى (KG2),2025-03-30 15:21:26,,True,admin
SC001359,الصف الأول,2025-03-30 15:21:26,,True,admin
SC001360,الصف الخامس,2025-03-30 15:21:58,,True,admin
SC001360,الصف السادس,2025-03-30 15:21:58,,True,admin
SC001361,الصف الخامس,2025-03-30 15:25:48,,True,admin
SC001361,الصف السادس,2025-03-30 15:25:48,,True,admin
SC001362,الروضة الكبرى (KG2),2025-03-30 15:28:25,,True,admin
SC001362,الصف الأول,2025-03-30 15:28:25,,True,admin
SC001363,الروضة الكبرى (KG2),2025-03-30 15:29:56,,True,admin
SC001363,الصف الأول,2025-03-30 15:29:56,,True,admin
SC001365,الصف الرابع,2025-03-30 15:49:41,,True,admin
SC001365,الصف الخامس,2025-03-30 15:49:41,,True,admin
SC001366,الصف الثاني,2025-03-30 15:53:17,,True,admin
SC001366,الصف الثالث,2025-03-30 15:53:17,,True,admin
SC001367,الصف السابع,2025-03-30 16:50:29,,True,admin
SC001367,الصف الثامن,2025-03-30 16:50:29,,True,admin
SC001368,الصف السادس,2025-03-30 16:53:47,,True,admin
SC001368,الصف السابع,2025-03-30 16:53:47,,True,admin
SC001369,الصف السادس,2025-03-30 16:55:32,,True,admin
SC001369,الصف السابع,2025-03-30 16:55:32,,True,admin
SC001370,الصف السادس,2025-03-30 16:57:15,,True,admin
SC001370,الصف السابع,2025-03-30 16:57:15,,True,admin
SC001371,الصف الثامن,2025-03-30 16:57:22,,True,admin
SC001371,الصف التاسع,2025-03-30 16:57:22,,True,admin
SC001372,الروضة الصغرى (KG1),2025-03-30 17:03:08,,True,admin
SC001372,الروضة الكبرى (KG2),2025-03-30 17:03:08,,True,admin
SC001373,الصف الثاني,2025-03-30 17:05:26,,True,admin
SC001373,الصف الثالث,2025-03-30 17:05:26,,True,admin
SC001374,الصف الخامس,2025-03-30 17:05:53,,True,admin
SC001374,الصف السادس,2025-03-30 17:05:53,,True,admin
SC001375,الصف الثالث,2025-03-30 17:07:27,,True,admin
SC001375,الصف الرابع,2025-03-30 17:07:27,,True,admin
SC001376,الصف الثامن,2025-03-30 17:23:27,,True,admin
SC001376,الصف التاسع,2025-03-30 17:23:27,,True,admin
SC001377,الصف السابع,2025-03-30 17:24:35,,True,admin
SC001377,الصف الثامن,2025-03-30 17:24:35,,True,admin
SC001378,الصف السابع,2025-03-30 17:26:43,,True,admin
SC001378,الصف الثامن,2025-03-30 17:26:43,,True,admin
SC001379,الصف الخامس,2025-03-30 17:28:20,,True,admin
SC001379,الصف السادس,2025-03-30 17:28:20,,True,admin
SC001380,الصف الرابع,2025-03-30 17:32:44,,True,admin
SC001380,الصف الخامس,2025-03-30 17:32:44,,True,admin
SC001381,الروضة الكبرى (KG2),2025-03-30 17:33:48,,True,admin
SC001381,الصف الأول,2025-03-30 17:33:48,,True,admin
SC001382,الصف الثاني,2025-03-30 17:35:32,,True,admin
SC001382,الصف الثالث,2025-03-30 17:35:32,,True,admin
SC001383,الصف الخامس,2025-03-30 18:56:35,,True,admin
SC001383,الصف السادس,2025-03-30 18:56:35,,True,admin
SC001384,الروضة الصغرى (KG1),2025-03-30 19:26:55,,True,admin
SC001384,الروضة الكبرى (KG2),2025-03-30 19:26:55,,True,admin
SC001385,الروضة الصغرى (KG1),2025-03-30 19:26:55,,True,admin
SC001385,الروضة الكبرى (KG2),2025-03-30 19:26:55,,True,admin
SC001386,الصف الثامن,2025-03-30 19:28:39,,True,admin
SC001386,الصف التاسع,2025-03-30 19:28:39,,True,admin
SC001387,الصف الخامس,2025-03-30 20:42:33,,True,admin
SC001387,الصف السادس,2025-03-30 20:42:33,,True,admin
SC001388,الصف الخامس,2025-03-30 20:45:45,,True,admin
SC001388,الصف السادس,2025-03-30 20:45:45,,True,admin
SC001389,الصف الأول,2025-03-30 20:48:20,,True,admin
SC001389,الصف الثاني,2025-03-30 20:48:20,,True,admin
SC001390,الصف السابع,2025-03-30 21:22:43,,True,admin
SC001390,الصف الثامن,2025-03-30 21:22:43,,True,admin
SC001391,الصف الثاني عشر (التوجيهي),2025-03-30 21:56:44,,True,admin
SC001392,الصف الثاني,2025-03-30 22:07:17,,True,admin
SC001392,الصف الثالث,2025-03-30 22:07:17,,True,admin
SC001393,الروضة الكبرى (KG2),2025-03-30 22:12:47,,True,admin
SC001393,الصف الأول,2025-03-30 22:12:47,,True,admin
SC001394,الصف الثامن,2025-03-30 22:27:51,,True,admin
SC001394,الصف التاسع,2025-03-30 22:27:51,,True,admin
SC001395,الصف الخامس,2025-03-30 22:37:26,,True,admin
SC001395,الصف السادس,2025-03-30 22:37:26,,True,admin
SC001396,الصف الأول,2025-03-30 22:40:39,,True,admin
SC001396,الصف الثاني,2025-03-30 22:40:39,,True,admin
SC001397,الصف العاشر,2025-03-31 00:03:18,,True,admin
SC001397,الصف الحادي عشر (الأول ثانوي),2025-03-31 00:03:18,,True,admin
SC001398,الصف الخامس,2025-03-31 02:22:34,,True,admin
SC001398,الصف السادس,2025-03-31 02:22:34,,True,admin
SC001399,الصف الأول,2025-03-31 02:24:10,,True,admin
SC001399,الصف الثاني,2025-03-31 02:24:10,,True,admin
SC001400,الصف الحادي عشر (الأول ثانوي),2025-03-31 13:36:29,,True,admin
SC001400,الصف الثاني عشر (التوجيهي),2025-03-31 13:36:29,,True,admin
SC001401,الصف الأول,2025-03-31 14:05:08,,True,admin
SC001401,الصف الثاني,2025-03-31 14:05:08,,True,admin
SC001402,الصف الثاني,2025-03-31 14:18:11,,True,admin
SC001402,الصف الثالث,2025-03-31 14:18:11,,True,admin
SC001403,الصف الأول,2025-03-31 14:20:08,,True,admin
SC001403,الصف الثاني,2025-03-31 14:20:08,,True,admin
SC001404,الصف الخامس,2025-03-31 14:41:36,,True,admin
SC001404,الصف السادس,2025-03-31 14:41:36,,True,admin
SC001405,الصف التاسع,2025-03-31 14:43:56,,True,admin
SC001405,الصف العاشر,2025-03-31 14:43:56,,True,admin
SC001406,الروضة الكبرى (KG2),2025-03-31 14:44:53,,True,admin
SC001406,الصف الأول,2025-03-31 14:44:53,,True,admin
SC001407,الصف الرابع,2025-03-31 15:25:28,,True,admin
SC001407,الصف الخامس,2025-03-31 15:25:28,,True,admin
SC001408,الصف السابع,2025-03-31 16:00:00,,True,admin
SC001408,الصف الثامن,2025-03-31 16:00:00,,True,admin
SC001409,الصف الثاني عشر (التوجيهي),2025-03-31 17:51:13,,True,admin
SC001410,الصف الثامن,2025-03-31 20:35:34,,True,admin
SC001410,الصف التاسع,2025-03-31 20:35:34,,True,admin
SC001411,الصف السادس,2025-03-31 20:37:10,,True,admin
SC001411,الصف السابع,2025-03-31 20:37:10,,True,admin
SC001412,الصف السادس,2025-03-31 20:46:33,,True,admin
SC001412,الصف السابع,2025-03-31 20:46:33,,True,admin
SC001413,الصف السادس,2025-03-31 20:48:28,,True,admin
SC001413,الصف السابع,2025-03-31 20:48:28,,True,admin
SC001414,الصف الثامن,2025-03-31 22:29:52,,True,admin
SC001414,الصف التاسع,2025-03-31 22:29:52,,True,admin
SC001415,الصف الرابع,2025-03-31 22:31:30,,True,admin
SC001415,الصف الخامس,2025-03-31 22:31:30,,True,admin
SC001416,الصف السادس,2025-04-01 10:42:57,,True,admin
SC001416,الصف السابع,2025-04-01 10:42:57,,True,admin
SC001417,الصف السادس,2025-04-01 10:45:04,,True,admin
SC001417,الصف السابع,2025-04-01 10:45:04,,True,admin
SC001418,الصف العاشر,2025-04-01 13:21:32,,True,admin
SC001418,الصف الحادي عشر (الأول ثانوي),2025-04-01 13:21:32,,True,admin
SC001419,الصف التاسع,2025-04-01 15:34:50,,True,admin
SC001419,الصف العاشر,2025-04-01 15:34:50,,True,admin
SC001421,الصف الرابع,2025-04-01 21:32:26,,True,admin
SC001421,الصف الخامس,2025-04-01 21:32:26,,True,admin
SC001422,الصف الرابع,2025-04-01 21:36:24,,True,admin
SC001422,الصف الخامس,2025-04-01 21:36:24,,True,admin
SC001423,الصف الأول,2025-04-01 21:38:54,,True,admin
SC001423,الصف الثاني,2025-04-01 21:38:54,,True,admin
SC001424,الصف الثاني عشر (التوجيهي),2025-04-02 11:01:22,,True,admin
SC001425,الصف الثالث,2025-04-02 14:50:27,,True,admin
SC001425,الصف الرابع,2025-04-02 14:50:27,,True,admin
SC001426,الصف الأول,2025-04-02 14:52:13,,True,admin
SC001426,الصف الثاني,2025-04-02 14:52:13,,True,admin
SC001427,الصف السابع,2025-04-04 15:18:51,,True,admin
SC001427,الصف الثامن,2025-04-04 15:18:51,,True,admin
SC001428,الصف العاشر,2025-04-04 15:25:17,,True,admin
SC001428,الصف الحادي عشر (الأول ثانوي),2025-04-04 15:25:17,,True,admin
SC001429,الصف العاشر,2025-04-04 15:45:17,,True,admin
SC001429,الصف الحادي عشر (الأول ثانوي),2025-04-04 15:45:17,,True,admin
SC001430,الصف الحادي عشر (الأول ثانوي),2025-04-04 17:18:40,,True,admin
SC001430,الصف الثاني عشر (التوجيهي),2025-04-04 17:18:40,,True,admin
SC001431,الروضة الكبرى (KG2),2025-04-04 20:37:07,,True,admin
SC001431,الصف الأول,2025-04-04 20:37:07,,True,admin
SC001435,الصف الحادي عشر (الأول ثانوي),2025-04-05 19:39:13,,True,admin
SC001435,الصف الثاني عشر (التوجيهي),2025-04-05 19:39:13,,True,admin
SC001438,الصف الثاني عشر (التوجيهي),2025-04-05 19:44:28,,True,admin
SC001439,الصف التاسع,2025-04-05 20:02:13,,True,admin
SC001439,الصف العاشر,2025-04-05 20:02:13,,True,admin
SC001441,الصف الثاني عشر (التوجيهي),2025-04-05 20:18:37,,True,admin
SC001442,الصف الخامس,2025-04-05 22:13:43,,True,admin
SC001442,الصف السادس,2025-04-05 22:13:43,,True,admin
SC001443,الصف التاسع,2025-04-05 22:43:03,,True,admin
SC001443,الصف العاشر,2025-04-05 22:43:03,,True,admin
SC001444,الصف السابع,2025-04-06 19:09:34,,True,admin
SC001444,الصف الثامن,2025-04-06 19:09:34,,True,admin
SC001445,الصف الثامن,2025-04-06 19:11:15,,True,admin
SC001445,الصف التاسع,2025-04-06 19:11:15,,True,admin
SC001446,الصف السابع,2025-04-07 18:44:05,,True,admin
SC001446,الصف الثامن,2025-04-07 18:44:05,,True,admin
SC001447,الصف الثامن,2025-04-07 19:12:51,,True,admin
SC001447,الصف التاسع,2025-04-07 19:12:51,,True,admin
SC001448,الصف السادس,2025-04-07 19:14:26,,True,admin
SC001448,الصف السابع,2025-04-07 19:14:26,,True,admin
SC001449,الصف السابع,2025-04-07 19:17:19,,True,admin
SC001449,الصف الثامن,2025-04-07 19:17:19,,True,admin
SC001450,الصف السابع,2025-04-07 19:18:32,,True,admin
SC001450,الصف الثامن,2025-04-07 19:18:32,,True,admin
SC001451,الصف السابع,2025-04-07 19:19:48,,True,admin
SC001451,الصف الثامن,2025-04-07 19:19:48,,True,admin
SC001452,الصف السابع,2025-04-07 19:20:10,,True,admin
SC001452,الصف الثامن,2025-04-07 19:20:10,,True,admin
SC001453,الصف السابع,2025-04-07 19:21:31,,True,admin
SC001453,الصف الثامن,2025-04-07 19:21:31,,True,admin
SC001454,الصف السابع,2025-04-07 19:21:51,,True,admin
SC001454,الصف الثامن,2025-04-07 19:21:51,,True,admin
SC001455,الصف السادس,2025-04-07 19:22:31,,True,admin
SC001455,الصف السابع,2025-04-07 19:22:31,,True,admin
SC001456,الصف السادس,2025-04-07 19:23:11,,True,admin
SC001456,الصف السابع,2025-04-07 19:23:11,,True,admin
SC001457,الصف السابع,2025-04-07 19:23:50,,True,admin
SC001457,الصف الثامن,2025-04-07 19:23:50,,True,admin
SC001458,الصف السادس,2025-04-07 19:43:52,,True,admin
SC001458,الصف السابع,2025-04-07 19:43:52,,True,admin
SC001459,الصف الثامن,2025-04-07 22:49:24,,True,admin
SC001459,الصف التاسع,2025-04-07 22:49:24,,True,admin
SC001460,الصف الحادي عشر (الأول ثانوي),2025-04-08 13:34:59,,True,admin
SC001460,الصف الثاني عشر (التوجيهي),2025-04-08 13:34:59,,True,admin
SC001461,الصف العاشر,2025-04-08 16:52:15,,True,admin
SC001461,الصف الحادي عشر (الأول ثانوي),2025-04-08 16:52:15,,True,admin
SC001462,الصف السابع,2025-04-09 23:24:34,,True,admin
SC001462,الصف الثامن,2025-04-09 23:24:34,,True,admin
SC001463,الصف الأول,2025-04-10 07:56:46,,True,admin
SC001463,الصف الثاني,2025-04-10 07:56:46,,True,admin
SC001464,الصف الثالث,2025-04-10 07:58:09,,True,admin
SC001464,الصف الرابع,2025-04-10 07:58:09,,True,admin
SC001465,الروضة الكبرى (KG2),2025-04-10 07:59:27,,True,admin
SC001465,الصف الأول,2025-04-10 07:59:27,,True,admin
SC001466,الصف الخامس,2025-04-12 22:03:58,,True,admin
SC001466,الصف السادس,2025-04-12 22:03:58,,True,admin
SC001467,الصف الخامس,2025-04-12 22:04:22,,True,admin
SC001467,الصف السادس,2025-04-12 22:04:22,,True,admin
SC001468,الصف الخامس,2025-04-17 16:01:47,,True,admin
SC001468,الصف السادس,2025-04-17 16:01:47,,True,admin
SC001470,الصف العاشر,2025-04-21 14:55:58,,True,admin
SC001470,الصف الحادي عشر (الأول ثانوي),2025-04-21 14:55:58,,True,admin
SC001471,الصف العاشر,2025-04-21 14:58:51,,True,admin
SC001471,الصف الحادي عشر (الأول ثانوي),2025-04-21 14:58:51,,True,admin
SC001472,الصف التاسع,2025-04-21 14:59:55,,True,admin
SC001472,الصف العاشر,2025-04-21 14:59:55,,True,admin
SC001473,الصف التاسع,2025-04-21 15:00:37,,True,admin
SC001473,الصف العاشر,2025-04-21 15:00:37,,True,admin
SC001474,الصف التاسع,2025-04-21 15:01:45,,True,admin
SC001474,الصف العاشر,2025-04-21 15:01:45,,True,admin
SC001475,الصف العاشر,2025-04-21 15:11:51,,True,admin
SC001475,الصف الحادي عشر (الأول ثانوي),2025-04-21 15:11:51,,True,admin
SC001477,الصف التاسع,2025-04-21 15:33:42,,True,admin
SC001477,الصف العاشر,2025-04-21 15:33:42,,True,admin
SC001478,الصف العاشر,2025-04-21 16:08:58,,True,admin
SC001478,الصف الحادي عشر (الأول ثانوي),2025-04-21 16:08:58,,True,admin
SC001479,الصف العاشر,2025-04-21 16:08:59,,True,admin
SC001479,الصف الحادي عشر (الأول ثانوي),2025-04-21 16:08:59,,True,admin
SC001480,الصف الحادي عشر (الأول ثانوي),2025-04-21 16:26:05,,True,admin
SC001480,الصف الثاني عشر (التوجيهي),2025-04-21 16:26:05,,True,admin
SC001481,الصف العاشر,2025-04-21 16:35:25,,True,admin
SC001481,الصف الحادي عشر (الأول ثانوي),2025-04-21 16:35:25,,True,admin
SC001482,الصف العاشر,2025-04-21 18:05:20,,True,admin
SC001482,الصف الحادي عشر (الأول ثانوي),2025-04-21 18:05:20,,True,admin
SC001483,الصف التاسع,2025-04-21 19:46:01,,True,admin
SC001483,الصف العاشر,2025-04-21 19:46:01,,True,admin
SC001485,الصف الحادي عشر (الأول ثانوي),2025-04-22 14:40:12,,True,admin
SC001485,الصف الثاني عشر (التوجيهي),2025-04-22 14:40:12,,True,admin
SC001486,الصف الحادي عشر (الأول ثانوي),2025-04-22 17:29:07,,True,admin
SC001486,الصف الثاني عشر (التوجيهي),2025-04-22 17:29:07,,True,admin
SC001487,الصف التاسع,2025-04-22 18:50:30,,True,admin
SC001487,الصف العاشر,2025-04-22 18:50:30,,True,admin
SC001488,الصف التاسع,2025-04-22 22:49:19,,True,admin
SC001488,الصف العاشر,2025-04-22 22:49:19,,True,admin
SC001489,الصف العاشر,2025-04-23 18:28:56,,True,admin
SC001489,الصف الحادي عشر (الأول ثانوي),2025-04-23 18:28:56,,True,admin
SC001490,الصف الثاني,2025-04-23 22:17:32,,True,admin
SC001490,الصف الثالث,2025-04-23 22:17:32,,True,admin
SC001491,الصف الأول,2025-04-23 22:24:30,,True,admin
SC001491,الصف الثاني,2025-04-23 22:24:30,,True,admin
SC001492,الصف الرابع,2025-04-23 23:10:34,,True,admin
SC001492,الصف الخامس,2025-04-23 23:10:34,,True,admin
SC001493,الروضة الصغرى (KG1),2025-04-23 23:28:02,,True,admin
SC001494,الروضة الصغرى (KG1),2025-04-24 01:09:45,,True,admin
SC001494,الروضة الكبرى (KG2),2025-04-24 01:09:45,,True,admin
SC001495,الروضة الكبرى (KG2),2025-04-24 09:59:21,,True,admin
SC001495,الصف الأول,2025-04-24 09:59:21,,True,admin
SC001496,الروضة الصغرى (KG1),2025-04-24 10:03:27,,True,admin
SC001496,الروضة الكبرى (KG2),2025-04-24 10:03:27,,True,admin
SC001497,الصف الثاني,2025-04-24 12:12:31,,True,admin
SC001497,الصف الثالث,2025-04-24 12:12:31,,True,admin
SC001498,الصف السادس,2025-05-01 12:43:13,,True,admin
SC001498,الصف السابع,2025-05-01 12:43:13,,True,admin
SC001499,الصف الرابع,2025-05-01 13:42:47,,True,admin
SC001499,الصف الخامس,2025-05-01 13:42:47,,True,admin
SC001500,الصف الرابع,2025-05-01 13:45:00,,True,admin
SC001500,الصف الخامس,2025-05-01 13:45:00,,True,admin
SC001501,الصف الرابع,2025-05-01 13:48:29,,True,admin
SC001501,الصف الخامس,2025-05-01 13:48:29,,True,admin
SC001502,الصف الرابع,2025-05-01 13:49:42,,True,admin
SC001502,الصف الخامس,2025-05-01 13:49:42,,True,admin
SC001503,الصف الرابع,2025-05-01 13:51:53,,True,admin
SC001503,الصف الخامس,2025-05-01 13:51:53,,True,admin
SC001504,الصف الرابع,2025-05-01 13:53:38,,True,admin
SC001504,الصف الخامس,2025-05-01 13:53:38,,True,admin
SC001505,الصف الرابع,2025-05-01 13:55:26,,True,admin
SC001505,الصف الخامس,2025-05-01 13:55:26,,True,admin
SC001506,الصف الرابع,2025-05-01 13:56:40,,True,admin
SC001506,الصف الخامس,2025-05-01 13:56:40,,True,admin
SC001507,الصف الرابع,2025-05-01 13:57:55,,True,admin
SC001507,الصف الخامس,2025-05-01 13:57:55,,True,admin
SC001508,الصف الرابع,2025-05-01 13:59:08,,True,admin
SC001508,الصف الخامس,2025-05-01 13:59:08,,True,admin
SC001509,الصف الرابع,2025-05-01 14:00:42,,True,admin
SC001509,الصف الخامس,2025-05-01 14:00:42,,True,admin
SC001510,الصف الرابع,2025-05-01 14:01:57,,True,admin
SC001510,الصف الخامس,2025-05-01 14:01:57,,True,admin
SC001511,الصف الثاني,2025-05-01 16:10:11,,True,admin
SC001511,الصف الثالث,2025-05-01 16:10:11,,True,admin
SC001512,الصف الثاني,2025-05-01 17:05:22,,True,admin
SC001512,الصف الثالث,2025-05-01 17:05:22,,True,admin
SC001513,الصف الثاني,2025-05-01 17:08:25,,True,admin
SC001513,الصف الثالث,2025-05-01 17:08:25,,True,admin
SC001514,الصف الثاني,2025-05-01 17:10:21,,True,admin
SC001514,الصف الثالث,2025-05-01 17:10:21,,True,admin
SC001515,الصف الثاني,2025-05-01 17:14:12,,True,admin
SC001515,الصف الثالث,2025-05-01 17:14:12,,True,admin
SC001516,الصف الثاني,2025-05-01 17:17:18,,True,admin
SC001516,الصف الثالث,2025-05-01 17:17:18,,True,admin
SC001517,الصف الثاني,2025-05-01 17:19:40,,True,admin
SC001517,الصف الثالث,2025-05-01 17:19:40,,True,admin
SC001518,الصف الثاني,2025-05-01 17:21:31,,True,admin
SC001518,الصف الثالث,2025-05-01 17:21:31,,True,admin
SC001519,الصف الثاني,2025-05-01 17:23:06,,True,admin
SC001519,الصف الثالث,2025-05-01 17:23:06,,True,admin
SC001520,الصف الثاني,2025-05-01 17:24:34,,True,admin
SC001520,الصف الثالث,2025-05-01 17:24:34,,True,admin
SC001521,الصف الثاني,2025-05-01 17:26:05,,True,admin
SC001521,الصف الثالث,2025-05-01 17:26:05,,True,admin
SC001522,الصف الثاني,2025-05-01 17:27:35,,True,admin
SC001522,الصف الثالث,2025-05-01 17:27:35,,True,admin
SC001523,الصف الثاني,2025-05-01 17:29:22,,True,admin
SC001523,الصف الثالث,2025-05-01 17:29:22,,True,admin
SC001524,الصف الثاني,2025-05-01 17:31:33,,True,admin
SC001524,الصف الثالث,2025-05-01 17:31:33,,True,admin
SC001525,الصف الثاني,2025-05-01 17:32:59,,True,admin
SC001525,الصف الثالث,2025-05-01 17:32:59,,True,admin
SC001526,الصف الثاني,2025-05-01 17:34:35,,True,admin
SC001526,الصف الثالث,2025-05-01 17:34:35,,True,admin
SC001527,الصف الثاني,2025-05-01 17:35:52,,True,admin
SC001527,الصف الثالث,2025-05-01 17:35:52,,True,admin
SC001528,الصف الثاني,2025-05-01 17:37:08,,True,admin
SC001528,الصف الثالث,2025-05-01 17:37:08,,True,admin
SC001529,الصف الثاني,2025-05-01 17:38:32,,True,admin
SC001529,الصف الثالث,2025-05-01 17:38:32,,True,admin
SC001531,الصف الثاني,2025-05-01 17:41:18,,True,admin
SC001531,الصف الثالث,2025-05-01 17:41:18,,True,admin
SC001532,الصف الثاني,2025-05-01 17:42:41,,True,admin
SC001532,الصف الثالث,2025-05-01 17:42:41,,True,admin
SC001533,الصف الثاني,2025-05-01 17:44:04,,True,admin
SC001533,الصف الثالث,2025-05-01 17:44:04,,True,admin
SC001534,الصف الثاني,2025-05-01 17:45:44,,True,admin
SC001534,الصف الثالث,2025-05-01 17:45:44,,True,admin
SC001535,الصف الثاني,2025-05-01 17:47:04,,True,admin
SC001535,الصف الثالث,2025-05-01 17:47:04,,True,admin
SC001536,الصف الثاني,2025-05-01 17:48:28,,True,admin
SC001536,الصف الثالث,2025-05-01 17:48:28,,True,admin
SC001537,الصف الثاني,2025-05-02 10:59:14,,True,admin
SC001537,الصف الثالث,2025-05-02 10:59:14,,True,admin
SC001538,الصف الخامس,2025-05-02 20:56:41,,True,admin
SC001538,الصف السادس,2025-05-02 20:56:41,,True,admin
SC001539,الصف الخامس,2025-05-02 20:58:57,,True,admin
SC001539,الصف السادس,2025-05-02 20:58:57,,True,admin
SC001540,الصف الأول,2025-05-02 21:17:38,,True,admin
SC001540,الصف الثاني,2025-05-02 21:17:38,,True,admin
SC001541,الصف الأول,2025-05-02 21:19:27,,True,admin
SC001541,الصف الثاني,2025-05-02 21:19:27,,True,admin
SC001542,الصف الأول,2025-05-02 21:23:29,,True,admin
SC001542,الصف الثاني,2025-05-02 21:23:29,,True,admin
SC001543,الصف الأول,2025-05-02 21:26:50,,True,admin
SC001543,الصف الثاني,2025-05-02 21:26:50,,True,admin
SC001544,الصف الأول,2025-05-02 21:27:55,,True,admin
SC001544,الصف الثاني,2025-05-02 21:27:55,,True,admin
SC001545,الصف الأول,2025-05-02 21:31:06,,True,admin
SC001545,الصف الثاني,2025-05-02 21:31:06,,True,admin
SC001546,الصف الأول,2025-05-02 21:32:22,,True,admin
SC001546,الصف الثاني,2025-05-02 21:32:22,,True,admin
SC001547,الصف الأول,2025-05-02 21:33:07,,True,admin
SC001547,الصف الثاني,2025-05-02 21:33:07,,True,admin
SC001548,الصف الأول,2025-05-02 21:34:31,,True,admin
SC001548,الصف الثاني,2025-05-02 21:34:31,,True,admin
SC001549,الصف الأول,2025-05-02 21:36:49,,True,admin
SC001549,الصف الثاني,2025-05-02 21:36:49,,True,admin
SC001550,الصف الأول,2025-05-02 21:47:09,,True,admin
SC001550,الصف الثاني,2025-05-02 21:47:09,,True,admin
SC001551,الصف الأول,2025-05-02 21:48:22,,True,admin
SC001551,الصف الثاني,2025-05-02 21:48:22,,True,admin
SC001552,الصف الأول,2025-05-02 21:50:01,,True,admin
SC001552,الصف الثاني,2025-05-02 21:50:01,,True,admin
SC001553,الصف الثاني,2025-05-02 21:52:14,,True,admin
SC001553,الصف الثالث,2025-05-02 21:52:14,,True,admin
SC001554,الصف الأول,2025-05-02 21:55:51,,True,admin
SC001554,الصف الثاني,2025-05-02 21:55:51,,True,admin
SC001555,الصف الأول,2025-05-02 21:56:56,,True,admin
SC001555,الصف الثاني,2025-05-02 21:56:56,,True,admin
SC001556,الصف السادس,2025-05-05 19:16:35,,True,admin
SC001556,الصف السابع,2025-05-05 19:16:35,,True,admin
SC001557,الصف السادس,2025-05-06 00:02:23,,True,admin
SC001557,الصف السابع,2025-05-06 00:02:23,,True,admin
SC001558,الصف السادس,2025-05-06 00:03:37,,True,admin
SC001558,الصف السابع,2025-05-06 00:03:37,,True,admin
SC001559,الصف السادس,2025-05-07 15:39:13,,True,admin
SC001559,الصف السابع,2025-05-07 15:39:13,,True,admin
SC001560,الروضة الكبرى (KG2),2025-05-10 18:07:01,,True,admin
SC001560,الصف الأول,2025-05-10 18:07:01,,True,admin
SC001561,الصف السابع,2025-05-10 20:14:35,,True,admin
SC001561,الصف الثامن,2025-05-10 20:14:35,,True,admin
SC001562,الصف الخامس,2025-05-11 20:58:41,,True,admin
SC001562,الصف السادس,2025-05-11 20:58:41,,True,admin
SC001563,الصف الخامس,2025-05-11 21:06:38,,True,admin
SC001563,الصف السادس,2025-05-11 21:06:38,,True,admin
SC001564,الصف الخامس,2025-05-11 21:08:54,,True,admin
SC001564,الصف السادس,2025-05-11 21:08:54,,True,admin
SC001565,الصف الخامس,2025-05-11 21:12:27,,True,admin
SC001565,الصف السادس,2025-05-11 21:12:27,,True,admin
SC001566,الصف الخامس,2025-05-11 21:14:01,,True,admin
SC001566,الصف السادس,2025-05-11 21:14:01,,True,admin
SC001567,الصف الخامس,2025-05-11 21:14:57,,True,admin
SC001567,الصف السادس,2025-05-11 21:14:57,,True,admin
SC001568,الصف الخامس,2025-05-11 21:16:50,,True,admin
SC001568,الصف السادس,2025-05-11 21:16:50,,True,admin
SC001569,الصف الخامس,2025-05-11 21:18:27,,True,admin
SC001569,الصف السادس,2025-05-11 21:18:27,,True,admin
SC001570,الصف الخامس,2025-05-11 21:23:09,,True,admin
SC001570,الصف السادس,2025-05-11 21:23:09,,True,admin
SC001571,الصف الخامس,2025-05-11 21:24:27,,True,admin
SC001571,الصف السادس,2025-05-11 21:24:27,,True,admin
SC001572,الصف الخامس,2025-05-11 21:28:49,,True,admin
SC001572,الصف السادس,2025-05-11 21:28:49,,True,admin
SC001573,الصف الخامس,2025-05-11 21:30:54,,True,admin
SC001573,الصف السادس,2025-05-11 21:30:54,,True,admin
SC001574,الصف الخامس,2025-05-11 21:31:58,,True,admin
SC001574,الصف السادس,2025-05-11 21:31:58,,True,admin
SC001575,الصف الخامس,2025-05-11 21:32:51,,True,admin
SC001575,الصف السادس,2025-05-11 21:32:51,,True,admin
SC001576,الصف الخامس,2025-05-11 21:34:50,,True,admin
SC001576,الصف السادس,2025-05-11 21:34:50,,True,admin
SC001577,الصف الخامس,2025-05-11 21:35:44,,True,admin
SC001577,الصف السادس,2025-05-11 21:35:44,,True,admin
SC001578,الصف الخامس,2025-05-11 21:37:23,,True,admin
SC001578,الصف السادس,2025-05-11 21:37:23,,True,admin
SC001579,الصف الخامس,2025-05-11 21:38:44,,True,admin
SC001579,الصف السادس,2025-05-11 21:38:44,,True,admin
SC001580,الروضة الصغرى (KG1),2025-05-12 08:33:46,,True,admin
SC001580,الروضة الكبرى (KG2),2025-05-12 08:33:46,,True,admin
SC001581,الروضة الكبرى (KG2),2025-05-12 08:34:55,,True,admin
SC001581,الصف الأول,2025-05-12 08:34:55,,True,admin
SC001582,الروضة الصغرى (KG1),2025-05-12 08:38:05,,True,admin
SC001582,الروضة الكبرى (KG2),2025-05-12 08:38:05,,True,admin
SC001583,الصف الثالث,2025-05-12 09:22:51,,True,admin
SC001583,الصف الرابع,2025-05-12 09:22:51,,True,admin
SC001584,الصف الثالث,2025-05-12 09:24:53,,True,admin
SC001584,الصف الرابع,2025-05-12 09:24:53,,True,admin
SC001585,الصف الثالث,2025-05-12 09:25:43,,True,admin
SC001585,الصف الرابع,2025-05-12 09:25:43,,True,admin
SC001586,الصف الثالث,2025-05-12 09:26:41,,True,admin
SC001586,الصف الرابع,2025-05-12 09:26:41,,True,admin
SC001587,الصف الثالث,2025-05-12 09:31:46,,True,admin
SC001587,الصف الرابع,2025-05-12 09:31:46,,True,admin
SC001588,الصف الثالث,2025-05-12 09:32:52,,True,admin
SC001588,الصف الرابع,2025-05-12 09:32:52,,True,admin
SC001589,الصف الثالث,2025-05-12 09:34:14,,True,admin
SC001589,الصف الرابع,2025-05-12 09:34:14,,True,admin
SC001590,الصف الثالث,2025-05-12 09:35:07,,True,admin
SC001590,الصف الرابع,2025-05-12 09:35:07,,True,admin
SC001591,الصف الثالث,2025-05-12 09:36:15,,True,admin
SC001591,الصف الرابع,2025-05-12 09:36:15,,True,admin
SC001592,الصف الثالث,2025-05-12 09:37:10,,True,admin
SC001592,الصف الرابع,2025-05-12 09:37:10,,True,admin
SC001593,الصف الثالث,2025-05-12 09:38:09,,True,admin
SC001593,الصف الرابع,2025-05-12 09:38:09,,True,admin
SC001594,الصف الثالث,2025-05-12 09:39:06,,True,admin
SC001594,الصف الرابع,2025-05-12 09:39:06,,True,admin
SC001595,الصف الثالث,2025-05-12 09:40:19,,True,admin
SC001595,الصف الرابع,2025-05-12 09:40:19,,True,admin
SC001596,الصف الثالث,2025-05-12 09:41:25,,True,admin
SC001596,الصف الرابع,2025-05-12 09:41:25,,True,admin
SC001597,الصف الثالث,2025-05-12 09:42:15,,True,admin
SC001597,الصف الرابع,2025-05-12 09:42:15,,True,admin
SC001598,الصف الثالث,2025-05-12 09:43:06,,True,admin
SC001598,الصف الرابع,2025-05-12 09:43:06,,True,admin
SC001599,الصف الخامس,2025-05-28 08:47:23,,True,admin
SC001599,الصف السادس,2025-05-28 08:47:23,,True,admin
SC001600,الصف الأول,2025-05-28 08:48:25,,True,admin
SC001600,الصف الثاني,2025-05-28 08:48:25,,True,admin
SC001601,الصف الخامس,2025-05-28 08:51:55,,True,admin
SC001601,الصف السادس,2025-05-28 08:51:55,,True,admin
SC001602,الصف الحادي عشر (الأول ثانوي),2025-05-28 08:52:09,,True,admin
SC001602,الصف الثاني عشر (التوجيهي),2025-05-28 08:52:09,,True,admin
SC001603,الصف الرابع,2025-05-28 08:54:49,,True,admin
SC001603,الصف الخامس,2025-05-28 08:54:49,,True,admin
SC001604,الصف الرابع,2025-05-28 08:55:01,,True,admin
SC001604,الصف الخامس,2025-05-28 08:55:01,,True,admin
SC001605,الصف الثاني,2025-05-28 08:56:32,,True,admin
SC001605,الصف الثالث,2025-05-28 08:56:32,,True,admin
SC001606,الصف الأول,2025-05-28 08:57:10,,True,admin
SC001606,الصف الثاني,2025-05-28 08:57:10,,True,admin
SC001608,الصف الثاني عشر (التوجيهي),2025-05-28 09:55:14,,True,admin
SC001609,الصف الرابع,2025-05-28 10:22:00,,True,admin
SC001609,الصف الخامس,2025-05-28 10:22:00,,True,admin
SC001610,الروضة الكبرى (KG2),2025-05-28 10:25:16,,True,admin
SC001610,الصف الأول,2025-05-28 10:25:16,,True,admin
SC001611,الروضة الصغرى (KG1),2025-05-28 14:01:06,,True,admin
SC001611,الروضة الكبرى (KG2),2025-05-28 14:01:06,,True,admin
SC001612,الصف الثالث,2025-05-28 14:04:53,,True,admin
SC001612,الصف الرابع,2025-05-28 14:04:53,,True,admin
SC001613,الصف الخامس,2025-05-28 14:11:39,,True,admin
SC001613,الصف السادس,2025-05-28 14:11:39,,True,admin
SC001614,الصف الثاني,2025-05-28 14:14:17,,True,admin
SC001614,الصف الثالث,2025-05-28 14:14:17,,True,admin
SC001615,الصف الرابع,2025-05-28 16:42:01,,True,admin
SC001615,الصف الخامس,2025-05-28 16:42:01,,True,admin
SC001616,الروضة الصغرى (KG1),2025-05-28 20:29:09,,True,admin
SC001616,الروضة الكبرى (KG2),2025-05-28 20:29:09,,True,admin
SC001617,الصف الخامس,2025-05-28 21:17:59,,True,admin
SC001617,الصف السادس,2025-05-28 21:17:59,,True,admin
SC001618,الصف الثالث,2025-05-29 11:32:41,,True,admin
SC001618,الصف الرابع,2025-05-29 11:32:41,,True,admin
SC001619,الروضة الصغرى (KG1),2025-05-29 17:01:44,,True,admin
SC001619,الروضة الكبرى (KG2),2025-05-29 17:01:44,,True,admin
SC001620,الصف الثاني,2025-05-30 22:15:34,,True,admin
SC001620,الصف الثالث,2025-05-30 22:15:34,,True,admin
SC001621,الصف الرابع,2025-05-30 22:17:48,,True,admin
SC001621,الصف الخامس,2025-05-30 22:17:48,,True,admin
SC001622,الصف الثاني عشر (التوجيهي),2025-06-04 11:22:31,,True,admin
SC001623,الصف الرابع,2025-06-04 12:47:16,,True,admin
SC001623,الصف الخامس,2025-06-04 12:47:16,,True,admin
SC001624,الصف الخامس,2025-06-07 22:29:46,,True,admin
SC001624,الصف السادس,2025-06-07 22:29:46,,True,admin
SC001625,الصف الثاني,2025-06-07 22:31:07,,True,admin
SC001625,الصف الثالث,2025-06-07 22:31:07,,True,admin
SC001626,الصف الثالث,2025-06-07 22:37:24,,True,admin
SC001626,الصف الرابع,2025-06-07 22:37:24,,True,admin
SC001627,الصف الثامن,2025-06-09 13:20:44,,True,admin
SC001627,الصف التاسع,2025-06-09 13:20:44,,True,admin
SC001628,الصف السابع,2025-06-09 13:20:47,,True,admin
SC001628,الصف الثامن,2025-06-09 13:20:47,,True,admin
SC001629,الصف السادس,2025-06-09 13:21:57,,True,admin
SC001629,الصف السابع,2025-06-09 13:21:57,,True,admin
SC001630,الصف التاسع,2025-06-09 13:22:55,,True,admin
SC001630,الصف العاشر,2025-06-09 13:22:55,,True,admin
SC001631,الصف السادس,2025-06-09 13:27:19,,True,admin
SC001631,الصف السابع,2025-06-09 13:27:19,,True,admin
SC001632,الصف التاسع,2025-06-09 13:36:54,,True,admin
SC001632,الصف العاشر,2025-06-09 13:36:54,,True,admin
SC001633,الصف السادس,2025-06-09 14:13:53,,True,admin
SC001633,الصف السابع,2025-06-09 14:13:53,,True,admin
SC001637,الصف الثالث,2025-06-10 14:33:47,,True,admin
SC001637,الصف الرابع,2025-06-10 14:33:47,,True,admin
SC001638,الصف الثالث,2025-06-10 14:34:05,,True,admin
SC001638,الصف الرابع,2025-06-10 14:34:05,,True,admin
SC001640,الروضة الكبرى (KG2),2025-06-10 14:40:27,,True,admin
SC001640,الصف الأول,2025-06-10 14:40:27,,True,admin
SC001641,الروضة الصغرى (KG1),2025-06-10 14:40:40,,True,admin
SC001641,الروضة الكبرى (KG2),2025-06-10 14:40:40,,True,admin
SC001644,الصف السابع,2025-06-10 15:58:23,,True,admin
SC001644,الصف الثامن,2025-06-10 15:58:23,,True,admin
SC001647,الصف الثامن,2025-06-10 19:21:25,,True,admin
SC001647,الصف التاسع,2025-06-10 19:21:25,,True,admin
SC001648,الروضة الصغرى (KG1),2025-06-10 20:15:19,,True,admin
SC001648,الروضة الكبرى (KG2),2025-06-10 20:15:19,,True,admin
SC001649,الروضة الصغرى (KG1),2025-06-10 20:17:31,,True,admin
SC001650,الصف الثالث,2025-06-11 11:36:23,,True,admin
SC001650,الصف الرابع,2025-06-11 11:36:23,,True,admin
SC001651,الصف السادس,2025-06-11 11:46:58,,True,admin
SC001651,الصف السابع,2025-06-11 11:46:58,,True,admin
SC001652,الصف الثالث,2025-06-11 11:49:20,,True,admin
SC001652,الصف الرابع,2025-06-11 11:49:20,,True,admin
SC001653,الصف السادس,2025-06-11 15:20:56,,True,admin
SC001653,الصف السابع,2025-06-11 15:20:56,,True,admin
SC001654,الصف الثاني عشر (التوجيهي),2025-06-14 17:36:35,,True,admin
SC001656,الصف الثالث,2025-06-15 20:38:34,,True,admin
SC001656,الصف الرابع,2025-06-15 20:38:34,,True,admin
SC001657,الصف السابع,2025-06-16 13:39:21,,True,admin
SC001657,الصف الثامن,2025-06-16 13:39:21,,True,admin
SC001658,الصف السادس,2025-06-16 13:41:06,,True,admin
SC001658,الصف السابع,2025-06-16 13:41:06,,True,admin
SC001659,الصف الثالث,2025-06-16 15:09:35,,True,admin
SC001659,الصف الرابع,2025-06-16 15:09:35,,True,admin
SC001660,الصف الثالث,2025-06-16 15:11:12,,True,admin
SC001660,الصف الرابع,2025-06-16 15:11:12,,True,admin
SC001661,الصف التاسع,2025-06-20 14:04:05,,True,admin
SC001661,الصف العاشر,2025-06-20 14:04:05,,True,admin
SC001662,الصف الخامس,2025-06-21 13:09:15,,True,admin
SC001662,الصف السادس,2025-06-21 13:09:15,,True,admin
SC001663,الصف الخامس,2025-06-22 14:46:22,,True,admin
SC001663,الصف السادس,2025-06-22 14:46:22,,True,admin
SC001664,الصف الخامس,2025-06-24 21:37:10,,True,admin
SC001664,الصف السادس,2025-06-24 21:37:10,,True,admin
SC001665,الصف الخامس,2025-06-24 21:38:50,,True,admin
SC001665,الصف السادس,2025-06-24 21:38:50,,True,admin
SC001666,الصف الرابع,2025-06-24 21:46:54,,True,admin
SC001666,الصف الخامس,2025-06-24 21:46:54,,True,admin
SC001667,الصف الرابع,2025-06-24 22:04:39,,True,admin
SC001667,الصف الخامس,2025-06-24 22:04:39,,True,admin
SC001668,الصف الخامس,2025-06-24 22:54:34,,True,admin
SC001668,الصف السادس,2025-06-24 22:54:34,,True,admin
SC001669,الصف الرابع,2025-06-24 23:04:31,,True,admin
SC001669,الصف الخامس,2025-06-24 23:04:31,,True,admin
SC001670,الصف الرابع,2025-06-26 15:07:34,,True,admin
SC001670,الصف الخامس,2025-06-26 15:07:34,,True,admin
SC001671,الصف الثالث,2025-06-26 21:12:05,,True,admin
SC001671,الصف الرابع,2025-06-26 21:12:05,,True,admin
SC001672,الصف الخامس,2025-06-29 14:27:09,,True,admin
SC001672,الصف السادس,2025-06-29 14:27:09,,True,admin
SC001673,الصف السابع,2025-06-30 14:20:43,,True,admin
SC001673,الصف الثامن,2025-06-30 14:20:43,,True,admin
SC001674,الصف السابع,2025-07-04 16:20:31,,True,admin
SC001674,الصف الثامن,2025-07-04 16:20:31,,True,admin
SC001675,الصف السادس,2025-07-04 16:23:40,,True,admin
SC001675,الصف السابع,2025-07-04 16:23:40,,True,admin
SC001676,الصف الثامن,2025-07-08 18:51:25,,True,admin
SC001676,الصف التاسع,2025-07-08 18:51:25,,True,admin
SC001677,الصف الثامن,2025-07-08 22:42:46,,True,admin
SC001677,الصف التاسع,2025-07-08 22:42:46,,True,admin
SC001678,الصف السابع,2025-07-08 22:46:29,,True,admin
SC001678,الصف الثامن,2025-07-08 22:46:29,,True,admin
SC001679,الصف السابع,2025-07-08 22:49:07,,True,admin
SC001679,الصف الثامن,2025-07-08 22:49:07,,True,admin
SC001681,الصف السادس,2025-07-13 22:47:18,,True,admin
SC001681,الصف السابع,2025-07-13 22:47:18,,True,admin
SC001684,الصف السادس,2025-07-15 12:04:53,,True,admin
SC001684,الصف السابع,2025-07-15 12:04:53,,True,admin
SC001686,الصف الرابع,2025-08-09 19:50:00,,True,admin
SC001686,الصف الخامس,2025-08-09 19:50:00,,True,admin
SC001687,الصف الثاني,2025-08-09 19:52:20,,True,admin
SC001687,الصف الثالث,2025-08-09 19:52:20,,True,admin
SC001689,الصف الثالث,2025-08-09 20:50:47,,True,admin
SC001689,الصف الرابع,2025-08-09 20:50:47,,True,admin
SC001690,الصف الأول,2025-08-09 20:53:52,,True,admin
SC001690,الصف الثاني,2025-08-09 20:53:52,,True,admin
SC001691,الصف الثاني,2025-08-09 20:55:17,,True,admin
SC001691,الصف الثالث,2025-08-09 20:55:17,,True,admin
SC001693,الروضة الصغرى (KG1),2025-08-09 20:57:37,,True,admin
SC001694,الصف الرابع,2025-08-09 21:02:37,,True,admin
SC001694,الصف الخامس,2025-08-09 21:02:37,,True,admin
SC001695,الصف الثالث,2025-08-09 21:03:23,,True,admin
SC001695,الصف الرابع,2025-08-09 21:03:23,,True,admin
SC001696,الروضة الكبرى (KG2),2025-08-09 21:03:54,,True,admin
SC001696,الصف الأول,2025-08-09 21:03:54,,True,admin
SC001697,الصف الأول,2025-08-09 21:05:51,,True,admin
SC001697,الصف الثاني,2025-08-09 21:05:51,,True,admin
SC001698,الروضة الكبرى (KG2),2025-08-09 21:07:30,,True,admin
SC001698,الصف الأول,2025-08-09 21:07:30,,True,admin
SC001699,الصف الأول,2025-08-09 21:08:12,,True,admin
SC001699,الصف الثاني,2025-08-09 21:08:12,,True,admin
SC001700,الصف الثالث,2025-08-09 21:28:55,,True,admin
SC001700,الصف الرابع,2025-08-09 21:28:55,,True,admin
SC001702,الروضة الكبرى (KG2),2025-08-09 22:29:54,,True,admin
SC001702,الصف الأول,2025-08-09 22:29:54,,True,admin
SC001703,الصف الثالث,2025-08-09 23:00:32,,True,admin
SC001703,الصف الرابع,2025-08-09 23:00:32,,True,admin
SC001704,الصف التاسع,2025-08-12 13:19:31,,True,admin
SC001704,الصف العاشر,2025-08-12 13:19:31,,True,admin
SC001705,الصف العاشر,2025-08-12 14:19:53,,True,admin
SC001705,الصف الحادي عشر (الأول ثانوي),2025-08-12 14:19:53,,True,admin
SC001706,الصف الثالث,2025-09-09 16:58:08,,True,admin
SC001706,الصف الرابع,2025-09-09 16:58:08,,True,admin
SC001707,الصف الرابع,2025-09-10 20:51:45,,True,admin
SC001707,الصف الخامس,2025-09-10 20:51:45,,True,admin
SC001708,الصف الرابع,2025-09-10 20:53:20,,True,admin
SC001708,الصف الخامس,2025-09-10 20:53:20,,True,admin
SC001709,الروضة الصغرى (KG1),2025-09-10 20:55:06,,True,admin
SC001709,الروضة الكبرى (KG2),2025-09-10 20:55:06,,True,admin
SC001710,الصف الأول,2025-09-10 20:56:18,,True,admin
SC001710,الصف الثاني,2025-09-10 20:56:18,,True,admin
SC001711,الروضة الصغرى (KG1),2025-09-10 20:56:36,,True,admin
SC001712,الصف الأول,2025-09-10 20:58:31,,True,admin
SC001712,الصف الثاني,2025-09-10 20:58:31,,True,admin
SC001713,الصف الرابع,2025-09-10 21:01:56,,True,admin
SC001713,الصف الخامس,2025-09-10 21:01:56,,True,admin
SC001714,الصف الرابع,2025-09-10 21:19:54,,True,admin
SC001714,الصف الخامس,2025-09-10 21:19:54,,True,admin
SC001715,الصف الثالث,2025-09-10 21:23:02,,True,admin
SC001715,الصف الرابع,2025-09-10 21:23:02,,True,admin
SC001716,الروضة الصغرى (KG1),2025-09-10 22:54:52,,True,admin
SC001716,الروضة الكبرى (KG2),2025-09-10 22:54:52,,True,admin
SC001717,الصف الأول,2025-09-10 23:10:27,,True,admin
SC001717,الصف الثاني,2025-09-10 23:10:27,,True,admin
SC001718,الصف الثاني,2025-09-12 07:53:42,,True,admin
SC001718,الصف الثالث,2025-09-12 07:53:42,,True,admin
SC001719,الصف الثاني,2025-09-12 07:54:59,,True,admin
SC001719,الصف الثالث,2025-09-12 07:54:59,,True,admin
SC001720,الروضة الصغرى (KG1),2025-09-12 13:31:51,,True,admin
SC001721,الصف الخامس,2025-09-12 17:06:30,,True,admin
SC001721,الصف السادس,2025-09-12 17:06:30,,True,admin
SC001722,الصف الثالث,2025-09-12 17:07:46,,True,admin
SC001722,الصف الرابع,2025-09-12 17:07:46,,True,admin
SC001723,الصف الثالث,2025-09-13 14:30:38,,True,admin
SC001723,الصف الرابع,2025-09-13 14:30:38,,True,admin
SC001724,الصف الثاني,2025-09-13 15:33:35,,True,admin
SC001724,الصف الثالث,2025-09-13 15:33:35,,True,admin
SC001725,الصف الثاني,2025-09-13 21:54:05,,True,admin
SC001725,الصف الثالث,2025-09-13 21:54:05,,True,admin
SC001726,الروضة الكبرى (KG2),2025-09-19 13:24:01,,True,admin
SC001726,الصف الأول,2025-09-19 13:24:01,,True,admin
SC001727,الصف الأول,2025-09-21 18:40:13,,True,admin
SC001727,الصف الثاني,2025-09-21 18:40:13,,True,admin
SC001728,الروضة الكبرى (KG2),2025-09-21 18:44:38,,True,admin
SC001728,الصف الأول,2025-09-21 18:44:38,,True,admin
SC001730,الصف الثالث,2025-09-24 07:33:41,,True,admin
SC001730,الصف الرابع,2025-09-24 07:33:41,,True,admin
SC001733,الصف الرابع,2025-09-24 07:40:30,,True,admin
SC001733,الصف الخامس,2025-09-24 07:40:30,,True,admin
SC001734,الروضة الصغرى (KG1),2025-09-24 07:41:43,,True,admin
SC001734,الروضة الكبرى (KG2),2025-09-24 07:41:43,,True,admin
SC001736,الصف الثالث,2025-09-24 08:22:40,,True,admin
SC001736,الصف الرابع,2025-09-24 08:22:40,,True,admin
SC001737,الروضة الصغرى (KG1),2025-09-24 08:25:12,,True,admin
SC001739,الصف الأول,2025-09-24 09:37:27,,True,admin
SC001739,الصف الثاني,2025-09-24 09:37:27,,True,admin
SC001740,الصف الثاني,2025-09-24 10:12:20,,True,admin
SC001740,الصف الثالث,2025-09-24 10:12:20,,True,admin
SC001741,الصف الأول,2025-09-24 11:00:50,,True,admin
SC001741,الصف الثاني,2025-09-24 11:00:50,,True,admin
SC001743,الصف الثاني,2025-09-25 07:40:19,,True,admin
SC001743,الصف الثالث,2025-09-25 07:40:19,,True,admin
SC001744,الصف الثاني,2025-09-26 14:48:07,,True,admin
SC001744,الصف الثالث,2025-09-26 14:48:07,,True,admin
SC001746,الصف الأول,2025-09-27 17:35:49,,True,admin
SC001746,الصف الثاني,2025-09-27 17:35:49,,True,admin
SC001747,الروضة الصغرى (KG1),2025-09-27 17:38:42,,True,admin
SC001747,الروضة الكبرى (KG2),2025-09-27 17:38:42,,True,admin
SC001748,الصف الثامن,2025-09-27 17:50:01,,True,admin
SC001748,الصف التاسع,2025-09-27 17:50:01,,True,admin
SC001749,الصف العاشر,2025-09-27 17:50:30,,True,admin
SC001749,الصف الحادي عشر (الأول ثانوي),2025-09-27 17:50:30,,True,admin
SC001750,الصف الثالث,2025-09-27 18:08:23,,True,admin
SC001750,الصف الرابع,2025-09-27 18:08:23,,True,admin
SC001752,الصف الثاني,2025-09-27 18:37:42,,True,admin
SC001752,الصف الثالث,2025-09-27 18:37:42,,True,admin
SC001753,الروضة الصغرى (KG1),2025-09-27 18:40:17,,True,admin
SC001755,الصف الثاني,2025-09-27 20:53:04,,True,admin
SC001755,الصف الثالث,2025-09-27 20:53:04,,True,admin
SC001756,الصف الرابع,2025-09-27 20:55:51,,True,admin
SC001756,الصف الخامس,2025-09-27 20:55:51,,True,admin
SC001757,الروضة الكبرى (KG2),2025-09-27 20:56:29,,True,admin
SC001757,الصف الأول,2025-09-27 20:56:29,,True,admin
SC001758,الصف الرابع,2025-09-27 20:58:28,,True,admin
SC001758,الصف الخامس,2025-09-27 20:58:28,,True,admin
SC001759,الصف الثالث,2025-09-27 21:08:01,,True,admin
SC001759,الصف الرابع,2025-09-27 21:08:01,,True,admin
SC001762,الصف الرابع,2025-09-27 22:17:48,,True,admin
SC001762,الصف الخامس,2025-09-27 22:17:48,,True,admin
SC001763,الصف الرابع,2025-09-28 10:22:30,,True,admin
SC001763,الصف الخامس,2025-09-28 10:22:30,,True,admin
SC001765,الروضة الكبرى (KG2),2025-09-28 10:58:37,,True,admin
SC001765,الصف الأول,2025-09-28 10:58:37,,True,admin
SC001767,الصف الثاني,2025-09-28 14:37:40,,True,admin
SC001767,الصف الثالث,2025-09-28 14:37:40,,True,admin
SC001768,الصف الثالث,2025-09-28 14:38:46,,True,admin
SC001768,الصف الرابع,2025-09-28 14:38:46,,True,admin
SC001769,الروضة الكبرى (KG2),2025-09-28 14:40:58,,True,admin
SC001769,الصف الأول,2025-09-28 14:40:58,,True,admin
SC001770,الصف الثاني,2025-10-09 10:12:01,,True,admin
SC001770,الصف الثالث,2025-10-09 10:12:01,,True,admin
SC001771,الروضة الكبرى (KG2),2025-10-09 10:14:14,,True,admin
SC001771,الصف الأول,2025-10-09 10:14:14,,True,admin
SC001772,الصف الثالث,2025-10-10 10:17:40,,True,admin
SC001772,الصف الرابع,2025-10-10 10:17:40,,True,admin
SC001773,الصف الرابع,2025-10-10 10:20:23,,True,admin
SC001773,الصف الخامس,2025-10-10 10:20:23,,True,admin
SC001776,الصف الثاني,2025-10-15 09:14:10,,True,admin
SC001776,الصف الثالث,2025-10-15 09:14:10,,True,admin
SC001777,الروضة الصغرى (KG1),2025-10-15 09:17:13,,True,admin
SC001777,الروضة الكبرى (KG2),2025-10-15 09:17:13,,True,admin
SC001778,الصف الرابع,2025-10-15 09:17:26,,True,admin
SC001778,الصف الخامس,2025-10-15 09:17:26,,True,admin
SC001779,الروضة الصغرى (KG1),2025-10-15 11:02:54,,True,admin
SC001779,الروضة الكبرى (KG2),2025-10-15 11:02:54,,True,admin
SC001780,الصف الثالث,2025-10-15 15:20:34,,True,admin
SC001780,الصف الرابع,2025-10-15 15:20:34,,True,admin
SC001781,الصف الرابع,2025-10-18 18:07:54,,True,admin
SC001781,الصف الخامس,2025-10-18 18:07:54,,True,admin
SC001782,الروضة الكبرى (KG2),2025-10-18 18:09:42,,True,admin
SC001782,الصف الأول,2025-10-18 18:09:42,,True,admin
SC001785,الروضة الصغرى (KG1),2025-10-24 14:28:50,,True,admin
SC001788,الصف الخامس,2025-10-28 18:13:52,,True,admin
SC001788,الصف السادس,2025-10-28 18:13:52,,True,admin
SC001789,الصف الرابع,2025-10-28 18:15:39,,True,admin
SC001789,الصف الخامس,2025-10-28 18:15:39,,True,admin
SC001790,الصف الأول,2025-10-28 18:33:54,,True,admin
SC001790,الصف الثاني,2025-10-28 18:33:54,,True,admin
SC001791,الروضة الكبرى (KG2),2025-10-29 09:08:18,,True,admin
SC001791,الصف الأول,2025-10-29 09:08:18,,True,admin
SC001792,الصف الثاني,2025-10-29 09:10:43,,True,admin
SC001792,الصف الثالث,2025-10-29 09:10:43,,True,admin
SC001793,الصف الأول,2025-10-29 09:30:49,,True,admin
SC001793,الصف الثاني,2025-10-29 09:30:49,,True,admin
SC001795,الصف الرابع,2025-10-29 10:53:48,,True,admin
SC001795,الصف الخامس,2025-10-29 10:53:48,,True,admin
SC001796,الصف الخامس,2025-10-29 11:04:54,,True,admin
SC001796,الصف السادس,2025-10-29 11:04:54,,True,admin
SC001797,الصف الثاني,2025-10-29 12:13:13,,True,admin
SC001797,الصف الثالث,2025-10-29 12:13:13,,True,admin
SC001798,الصف الرابع,2025-10-29 12:15:45,,True,admin
SC001798,الصف الخامس,2025-10-29 12:15:45,,True,admin
SC001799,الصف الثاني,2025-10-29 13:27:07,,True,admin
SC001799,الصف الثالث,2025-10-29 13:27:07,,True,admin
SC001801,الصف العاشر,2025-10-29 21:39:43,,True,admin
SC001801,الصف الحادي عشر (الأول ثانوي),2025-10-29 21:39:43,,True,admin
SC001803,الصف الرابع,2025-10-30 21:16:39,,True,admin
SC001803,الصف الخامس,2025-10-30 21:16:39,,True,admin
SC001804,الصف السابع,2025-10-31 15:02:56,,True,admin
SC001804,الصف الثامن,2025-10-31 15:02:56,,True,admin
SC001805,الصف الرابع,2025-10-31 15:19:51,,True,admin
SC001805,الصف الخامس,2025-10-31 15:19:51,,True,admin
SC001806,الصف التاسع,2025-10-31 15:32:44,,True,admin
SC001806,الصف العاشر,2025-10-31 15:32:44,,True,admin
SC001807,الصف التاسع,2025-10-31 15:41:22,,True,admin
SC001807,الصف العاشر,2025-10-31 15:41:22,,True,admin
SC001808,الصف الخامس,2025-10-31 15:46:20,,True,admin
SC001808,الصف السادس,2025-10-31 15:46:20,,True,admin
SC001809,الصف السادس,2025-10-31 16:23:51,,True,admin
SC001809,الصف السابع,2025-10-31 16:23:51,,True,admin
SC001810,الصف الأول,2025-10-31 16:51:34,,True,admin
SC001810,الصف الثاني,2025-10-31 16:51:34,,True,admin
SC001811,الروضة الصغرى (KG1),2025-10-31 16:54:07,,True,admin
SC001811,الروضة الكبرى (KG2),2025-10-31 16:54:07,,True,admin
SC001812,الصف الثامن,2025-10-31 19:49:34,,True,admin
SC001812,الصف التاسع,2025-10-31 19:49:34,,True,admin
SC001813,الصف السادس,2025-10-31 19:51:23,,True,admin
SC001813,الصف السابع,2025-10-31 19:51:23,,True,admin
SC001814,الصف العاشر,2025-10-31 21:14:49,,True,admin
SC001814,الصف الحادي عشر (الأول ثانوي),2025-10-31 21:14:49,,True,admin
SC001815,الصف التاسع,2025-10-31 21:21:07,,True,admin
SC001815,الصف العاشر,2025-10-31 21:21:07,,True,admin
SC001816,الصف السابع,2025-10-31 21:22:40,,True,admin
SC001816,الصف الثامن,2025-10-31 21:22:40,,True,admin
SC001817,الصف السابع,2025-10-31 21:25:44,,True,admin
SC001817,الصف الثامن,2025-10-31 21:25:44,,True,admin
SC001818,الصف الخامس,2025-10-31 21:26:26,,True,admin
SC001818,الصف السادس,2025-10-31 21:26:26,,True,admin
SC001819,الصف السابع,2025-10-31 23:56:06,,True,admin
SC001819,الصف الثامن,2025-10-31 23:56:06,,True,admin
SC001820,الصف السادس,2025-10-31 23:58:22,,True,admin
SC001820,الصف السابع,2025-10-31 23:58:22,,True,admin
SC001821,الصف الخامس,2025-11-01 00:06:32,,True,admin
SC001821,الصف السادس,2025-11-01 00:06:32,,True,admin
SC001822,الصف الثامن,2025-11-01 00:09:46,,True,admin
SC001822,الصف التاسع,2025-11-01 00:09:46,,True,admin
SC001823,الصف الخامس,2025-11-01 00:09:59,,True,admin
SC001823,الصف السادس,2025-11-01 00:09:59,,True,admin
SC001824,الصف الثاني,2025-11-01 12:53:09,,True,admin
SC001824,الصف الثالث,2025-11-01 12:53:09,,True,admin
SC001825,الصف الثاني عشر (التوجيهي),2025-11-01 12:54:57,,True,admin
SC001826,الصف الثالث,2025-11-01 12:56:39,,True,admin
SC001826,الصف الرابع,2025-11-01 12:56:39,,True,admin
SC001827,الصف الثاني,2025-11-01 12:57:35,,True,admin
SC001827,الصف الثالث,2025-11-01 12:57:35,,True,admin
SC001828,الصف العاشر,2025-11-01 13:04:27,,True,admin
SC001828,الصف الحادي عشر (الأول ثانوي),2025-11-01 13:04:27,,True,admin
SC001829,الصف الحادي عشر (الأول ثانوي),2025-11-01 13:04:58,,True,admin
SC001829,الصف الثاني عشر (التوجيهي),2025-11-01 13:04:58,,True,admin
SC001830,الصف التاسع,2025-11-01 13:07:30,,True,admin
SC001830,الصف العاشر,2025-11-01 13:07:30,,True,admin
SC001831,الصف العاشر,2025-11-01 13:09:55,,True,admin
SC001831,الصف الحادي عشر (الأول ثانوي),2025-11-01 13:09:55,,True,admin
SC001832,الصف الخامس,2025-11-01 13:10:42,,True,admin
SC001832,الصف السادس,2025-11-01 13:10:42,,True,admin
SC001833,الصف الخامس,2025-11-01 13:10:43,,True,admin
SC001833,الصف السادس,2025-11-01 13:10:43,,True,admin
SC001834,الصف التاسع,2025-11-01 13:15:47,,True,admin
SC001834,الصف العاشر,2025-11-01 13:15:47,,True,admin
SC001835,الصف التاسع,2025-11-01 13:42:24,,True,admin
SC001835,الصف العاشر,2025-11-01 13:42:24,,True,admin
SC001836,الصف التاسع,2025-11-01 13:45:21,,True,admin
SC001836,الصف العاشر,2025-11-01 13:45:21,,True,admin
SC001837,الصف التاسع,2025-11-01 13:47:48,,True,admin
SC001837,الصف العاشر,2025-11-01 13:47:48,,True,admin
SC001838,الصف الحادي عشر (الأول ثانوي),2025-11-01 13:54:24,,True,admin
SC001838,الصف الثاني عشر (التوجيهي),2025-11-01 13:54:24,,True,admin
SC001839,الصف التاسع,2025-11-01 13:54:51,,True,admin
SC001839,الصف العاشر,2025-11-01 13:54:51,,True,admin
SC001840,الصف الثاني عشر (التوجيهي),2025-11-01 14:14:31,,True,admin
SC001841,الصف الثاني عشر (التوجيهي),2025-11-01 14:14:33,,True,admin
SC001842,الصف الثاني عشر (التوجيهي),2025-11-01 14:16:46,,True,admin
SC001843,الصف العاشر,2025-11-01 14:22:07,,True,admin
SC001843,الصف الحادي عشر (الأول ثانوي),2025-11-01 14:22:07,,True,admin
SC001844,الصف الخامس,2025-11-01 14:23:33,,True,admin
SC001844,الصف السادس,2025-11-01 14:23:33,,True,admin
SC001845,الصف الثامن,2025-11-01 14:26:49,,True,admin
SC001845,الصف التاسع,2025-11-01 14:26:49,,True,admin
SC001846,الصف الثامن,2025-11-01 14:30:32,,True,admin
SC001846,الصف التاسع,2025-11-01 14:30:32,,True,admin
SC001847,الصف التاسع,2025-11-01 14:32:39,,True,admin
SC001847,الصف العاشر,2025-11-01 14:32:39,,True,admin
SC001848,الصف الثالث,2025-11-01 14:37:02,,True,admin
SC001848,الصف الرابع,2025-11-01 14:37:02,,True,admin
SC001849,الصف التاسع,2025-11-01 14:37:23,,True,admin
SC001849,الصف العاشر,2025-11-01 14:37:23,,True,admin
SC001850,الصف الحادي عشر (الأول ثانوي),2025-11-01 14:38:41,,True,admin
SC001850,الصف الثاني عشر (التوجيهي),2025-11-01 14:38:41,,True,admin
SC001851,الصف العاشر,2025-11-01 14:39:55,,True,admin
SC001851,الصف الحادي عشر (الأول ثانوي),2025-11-01 14:39:55,,True,admin
SC001852,الصف العاشر,2025-11-01 14:44:21,,True,admin
SC001852,الصف الحادي عشر (الأول ثانوي),2025-11-01 14:44:21,,True,admin
SC001853,الصف الحادي عشر (الأول ثانوي),2025-11-01 14:55:13,,True,admin
SC001853,الصف الثاني عشر (التوجيهي),2025-11-01 14:55:13,,True,admin
SC001854,الصف التاسع,2025-11-01 14:56:14,,True,admin
SC001854,الصف العاشر,2025-11-01 14:56:14,,True,admin
SC001855,الصف الثاني,2025-11-01 15:16:15,,True,admin
SC001855,الصف الثالث,2025-11-01 15:16:15,,True,admin
SC001856,الصف التاسع,2025-11-01 15:27:30,,True,admin
SC001856,الصف العاشر,2025-11-01 15:27:30,,True,admin
SC001857,الصف التاسع,2025-11-01 15:30:17,,True,admin
SC001857,الصف العاشر,2025-11-01 15:30:17,,True,admin
SC001858,الصف الثالث,2025-11-01 15:31:36,,True,admin
SC001858,الصف الرابع,2025-11-01 15:31:36,,True,admin
SC001859,الصف السادس,2025-11-01 15:36:24,,True,admin
SC001859,الصف السابع,2025-11-01 15:36:24,,True,admin
SC001860,الصف العاشر,2025-11-01 15:36:39,,True,admin
SC001860,الصف الحادي عشر (الأول ثانوي),2025-11-01 15:36:39,,True,admin
SC001861,الصف الخامس,2025-11-01 15:39:14,,True,admin
SC001861,الصف السادس,2025-11-01 15:39:14,,True,admin
SC001862,الصف الرابع,2025-11-01 15:40:51,,True,admin
SC001862,الصف الخامس,2025-11-01 15:40:51,,True,admin
SC001863,الصف الرابع,2025-11-01 15:42:04,,True,admin
SC001863,الصف الخامس,2025-11-01 15:42:04,,True,admin
SC001864,الصف الرابع,2025-11-01 15:44:04,,True,admin
SC001864,الصف الخامس,2025-11-01 15:44:04,,True,admin
SC001865,الصف الرابع,2025-11-01 15:44:27,,True,admin
SC001865,الصف الخامس,2025-11-01 15:44:27,,True,admin
SC001866,الصف الرابع,2025-11-01 15:45:23,,True,admin
SC001866,الصف الخامس,2025-11-01 15:45:23,,True,admin
SC001867,الصف الرابع,2025-11-01 15:46:54,,True,admin
SC001867,الصف الخامس,2025-11-01 15:46:54,,True,admin
SC001868,الصف الثاني,2025-11-01 15:50:56,,True,admin
SC001868,الصف الثالث,2025-11-01 15:50:56,,True,admin
SC001869,الصف الخامس,2025-11-01 15:57:39,,True,admin
SC001869,الصف السادس,2025-11-01 15:57:39,,True,admin
SC001870,الصف الخامس,2025-11-01 16:01:30,,True,admin
SC001870,الصف السادس,2025-11-01 16:01:30,,True,admin
SC001871,الصف التاسع,2025-11-01 16:25:41,,True,admin
SC001871,الصف العاشر,2025-11-01 16:25:41,,True,admin
SC001872,الصف التاسع,2025-11-01 17:22:02,,True,admin
SC001872,الصف العاشر,2025-11-01 17:22:02,,True,admin
SC001873,الصف الخامس,2025-11-01 17:31:29,,True,admin
SC001873,الصف السادس,2025-11-01 17:31:29,,True,admin
SC001875,الصف الثالث,2025-11-01 18:54:11,,True,admin
SC001875,الصف الرابع,2025-11-01 18:54:11,,True,admin
SC001876,الصف العاشر,2025-11-01 18:59:46,,True,admin
SC001876,الصف الحادي عشر (الأول ثانوي),2025-11-01 18:59:46,,True,admin
SC001878,الصف العاشر,2025-11-01 19:21:29,,True,admin
SC001878,الصف الحادي عشر (الأول ثانوي),2025-11-01 19:21:29,,True,admin
SC001879,الصف العاشر,2025-11-01 19:26:29,,True,admin
SC001879,الصف الحادي عشر (الأول ثانوي),2025-11-01 19:26:29,,True,admin
SC001880,الصف العاشر,2025-11-01 20:20:26,,True,admin
SC001880,الصف الحادي عشر (الأول ثانوي),2025-11-01 20:20:26,,True,admin
SC001881,الصف التاسع,2025-11-01 20:50:17,,True,admin
SC001881,الصف العاشر,2025-11-01 20:50:17,,True,admin
SC001882,الصف الثامن,2025-11-01 21:21:30,,True,admin
SC001882,الصف التاسع,2025-11-01 21:21:30,,True,admin
SC001883,الصف الحادي عشر (الأول ثانوي),2025-11-01 22:08:22,,True,admin
SC001883,الصف الثاني عشر (التوجيهي),2025-11-01 22:08:22,,True,admin
SC001884,الصف الحادي عشر (الأول ثانوي),2025-11-01 22:12:46,,True,admin
SC001884,الصف الثاني عشر (التوجيهي),2025-11-01 22:12:46,,True,admin
SC001885,الصف السابع,2025-11-01 22:25:46,,True,admin
SC001885,الصف الثامن,2025-11-01 22:25:46,,True,admin
SC001886,الصف السابع,2025-11-01 22:36:54,,True,admin
SC001886,الصف الثامن,2025-11-01 22:36:54,,True,admin
SC001887,الصف الثامن,2025-11-01 23:31:58,,True,admin
SC001887,الصف التاسع,2025-11-01 23:31:58,,True,admin
SC001888,الصف الخامس,2025-11-01 23:34:04,,True,admin
SC001888,الصف السادس,2025-11-01 23:34:04,,True,admin
SC001889,الصف الخامس,2025-11-02 02:32:53,,True,admin
SC001889,الصف السادس,2025-11-02 02:32:53,,True,admin
SC001890,الصف الثاني,2025-11-02 07:36:54,,True,admin
SC001890,الصف الثالث,2025-11-02 07:36:54,,True,admin
SC001891,الصف السادس,2025-11-02 09:59:02,,True,admin
SC001891,الصف السابع,2025-11-02 09:59:02,,True,admin
SC001892,الصف الخامس,2025-11-02 11:10:16,,True,admin
SC001892,الصف السادس,2025-11-02 11:10:16,,True,admin
SC001894,الصف الثامن,2025-11-02 15:36:25,,True,admin
SC001894,الصف التاسع,2025-11-02 15:36:25,,True,admin
SC001895,الصف الرابع,2025-11-02 16:07:15,,True,admin
SC001895,الصف الخامس,2025-11-02 16:07:15,,True,admin
SC001896,الصف الرابع,2025-11-02 18:02:40,,True,admin
SC001896,الصف الخامس,2025-11-02 18:02:40,,True,admin
SC001898,الصف التاسع,2025-11-02 22:51:00,,True,admin
SC001898,الصف العاشر,2025-11-02 22:51:00,,True,admin
SC001899,الصف التاسع,2025-11-02 22:59:14,,True,admin
SC001899,الصف العاشر,2025-11-02 22:59:14,,True,admin
SC001900,الصف الثاني,2025-11-02 23:06:10,,True,admin
SC001900,الصف الثالث,2025-11-02 23:06:10,,True,admin
SC001901,الصف السابع,2025-11-02 23:28:35,,True,admin
SC001901,الصف الثامن,2025-11-02 23:28:35,,True,admin
SC001902,الصف السادس,2025-11-03 11:44:49,,True,admin
SC001902,الصف السابع,2025-11-03 11:44:49,,True,admin
SC001903,الصف السادس,2025-11-03 11:47:05,,True,admin
SC001903,الصف السابع,2025-11-03 11:47:05,,True,admin
SC001904,الصف السادس,2025-11-03 11:48:14,,True,admin
SC001904,الصف السابع,2025-11-03 11:48:14,,True,admin
SC001905,الصف السابع,2025-11-03 15:20:43,,True,admin
SC001905,الصف الثامن,2025-11-03 15:20:43,,True,admin
SC001906,الصف السابع,2025-11-03 15:21:27,,True,admin
SC001906,الصف الثامن,2025-11-03 15:21:27,,True,admin
SC001907,الصف السابع,2025-11-03 15:21:39,,True,admin
SC001907,الصف الثامن,2025-11-03 15:21:39,,True,admin
SC001908,الصف السادس,2025-11-03 15:29:03,,True,admin
SC001908,الصف السابع,2025-11-03 15:29:03,,True,admin
SC001910,الصف السابع,2025-11-03 15:34:19,,True,admin
SC001910,الصف الثامن,2025-11-03 15:34:19,,True,admin
SC001911,الصف السادس,2025-11-03 16:41:36,,True,admin
SC001911,الصف السابع,2025-11-03 16:41:36,,True,admin
SC001912,الصف السادس,2025-11-03 18:11:29,,True,admin
SC001912,الصف السابع,2025-11-03 18:11:29,,True,admin
SC001913,الصف السادس,2025-11-03 18:13:36,,True,admin
SC001913,الصف السابع,2025-11-03 18:13:36,,True,admin
SC001914,الصف الخامس,2025-11-03 18:15:43,,True,admin
SC001914,الصف السادس,2025-11-03 18:15:43,,True,admin
SC001916,الصف السادس,2025-11-03 23:57:42,,True,admin
SC001916,الصف السابع,2025-11-03 23:57:42,,True,admin
SC001917,الصف الخامس,2025-11-03 23:59:22,,True,admin
SC001917,الصف السادس,2025-11-03 23:59:22,,True,admin
SC001918,الصف التاسع,2025-11-04 03:52:51,,True,admin
SC001918,الصف العاشر,2025-11-04 03:52:51,,True,admin
SC001919,الصف العاشر,2025-11-04 18:53:40,,True,admin
SC001919,الصف الحادي عشر (الأول ثانوي),2025-11-04 18:53:40,,True,admin
SC001920,الصف الثامن,2025-11-04 21:01:49,,True,admin
SC001920,الصف التاسع,2025-11-04 21:01:49,,True,admin
SC001921,الصف السابع,2025-11-04 21:32:50,,True,admin
SC001921,الصف الثامن,2025-11-04 21:32:50,,True,admin
SC001922,الصف الحادي عشر (الأول ثانوي),2025-11-04 22:46:01,,True,admin
SC001922,الصف الثاني عشر (التوجيهي),2025-11-04 22:46:01,,True,admin
SC001923,الروضة الصغرى (KG1),2025-11-05 07:36:03,,True,admin
SC001923,الروضة الكبرى (KG2),2025-11-05 07:36:03,,True,admin
SC001924,الصف السادس,2025-11-05 07:38:50,,True,admin
SC001924,الصف السابع,2025-11-05 07:38:50,,True,admin
SC001925,الصف الخامس,2025-11-05 07:40:38,,True,admin
SC001925,الصف السادس,2025-11-05 07:40:38,,True,admin
SC001926,الصف السابع,2025-11-05 07:42:21,,True,admin
SC001926,الصف الثامن,2025-11-05 07:42:21,,True,admin
SC001927,الصف العاشر,2025-11-05 07:44:46,,True,admin
SC001927,الصف الحادي عشر (الأول ثانوي),2025-11-05 07:44:46,,True,admin
SC001928,الصف العاشر,2025-11-05 07:46:10,,True,admin
SC001928,الصف الحادي عشر (الأول ثانوي),2025-11-05 07:46:10,,True,admin
SC001929,الصف التاسع,2025-11-05 07:49:01,,True,admin
SC001929,الصف العاشر,2025-11-05 07:49:01,,True,admin
SC001930,الصف التاسع,2025-11-05 07:50:22,,True,admin
SC001930,الصف العاشر,2025-11-05 07:50:22,,True,admin
SC001931,الصف العاشر,2025-11-05 07:51:40,,True,admin
SC001931,الصف الحادي عشر (الأول ثانوي),2025-11-05 07:51:40,,True,admin
SC001932,الصف العاشر,2025-11-05 07:56:59,,True,admin
SC001932,الصف الحادي عشر (الأول ثانوي),2025-11-05 07:56:59,,True,admin
SC001933,الصف العاشر,2025-11-05 07:57:55,,True,admin
SC001933,الصف الحادي عشر (الأول ثانوي),2025-11-05 07:57:55,,True,admin
SC001934,الصف الحادي عشر (الأول ثانوي),2025-11-05 07:59:10,,True,admin
SC001934,الصف الثاني عشر (التوجيهي),2025-11-05 07:59:10,,True,admin
SC001936,الصف الخامس,2025-11-05 10:53:05,,True,admin
SC001936,الصف السادس,2025-11-05 10:53:05,,True,admin
SC001937,الصف السادس,2025-11-05 10:58:40,,True,admin
SC001937,الصف السابع,2025-11-05 10:58:40,,True,admin
SC001938,الصف الثالث,2025-11-05 13:44:21,,True,admin
SC001938,الصف الرابع,2025-11-05 13:44:21,,True,admin
SC001939,الصف الخامس,2025-11-05 13:59:04,,True,admin
SC001939,الصف السادس,2025-11-05 13:59:04,,True,admin
SC001940,الصف الثالث,2025-11-05 14:00:41,,True,admin
SC001940,الصف الرابع,2025-11-05 14:00:41,,True,admin
SC001941,الصف الثاني,2025-11-05 14:02:40,,True,admin
SC001941,الصف الثالث,2025-11-05 14:02:40,,True,admin
SC001942,الصف السابع,2025-11-05 19:24:56,,True,admin
SC001942,الصف الثامن,2025-11-05 19:24:56,,True,admin
SC001943,الصف التاسع,2025-11-05 20:28:11,,True,admin
SC001943,الصف العاشر,2025-11-05 20:28:11,,True,admin
SC001944,الصف الثامن,2025-11-06 08:16:31,,True,admin
SC001944,الصف التاسع,2025-11-06 08:16:31,,True,admin
SC001945,الصف السادس,2025-11-06 20:15:02,,True,admin
SC001945,الصف السابع,2025-11-06 20:15:02,,True,admin
SC001946,الصف الثامن,2025-11-06 20:19:41,,True,admin
SC001946,الصف التاسع,2025-11-06 20:19:41,,True,admin
SC001947,الصف الحادي عشر (الأول ثانوي),2025-11-06 20:29:08,,True,admin
SC001947,الصف الثاني عشر (التوجيهي),2025-11-06 20:29:08,,True,admin
SC001948,الصف العاشر,2025-11-06 20:42:16,,True,admin
SC001948,الصف الحادي عشر (الأول ثانوي),2025-11-06 20:42:16,,True,admin
SC001949,الصف التاسع,2025-11-06 21:08:17,,True,admin
SC001949,الصف العاشر,2025-11-06 21:08:17,,True,admin
SC001950,الصف الثامن,2025-11-06 22:34:57,,True,admin
SC001950,الصف التاسع,2025-11-06 22:34:57,,True,admin
SC001951,الصف الخامس,2025-11-07 14:15:50,,True,admin
SC001951,الصف السادس,2025-11-07 14:15:50,,True,admin
SC001952,الصف الرابع,2025-11-07 14:26:50,,True,admin
SC001952,الصف الخامس,2025-11-07 14:26:50,,True,admin
SC001953,الصف الثالث,2025-11-07 14:28:07,,True,admin
SC001953,الصف الرابع,2025-11-07 14:28:07,,True,admin
SC001954,الصف الحادي عشر (الأول ثانوي),2025-11-07 15:37:58,,True,admin
SC001954,الصف الثاني عشر (التوجيهي),2025-11-07 15:37:58,,True,admin
SC001955,الصف الثالث,2025-11-07 16:29:29,,True,admin
SC001955,الصف الرابع,2025-11-07 16:29:29,,True,admin
SC001956,الروضة الكبرى (KG2),2025-11-07 16:31:32,,True,admin
SC001956,الصف الأول,2025-11-07 16:31:32,,True,admin
SC001957,الصف الثامن,2025-11-07 19:30:19,,True,admin
SC001957,الصف التاسع,2025-11-07 19:30:19,,True,admin
SC001959,الصف الثاني,2025-11-08 10:52:17,,True,admin
SC001959,الصف الثالث,2025-11-08 10:52:17,,True,admin
SC001960,الصف السابع,2025-11-08 11:56:50,,True,admin
SC001960,الصف الثامن,2025-11-08 11:56:50,,True,admin
SC001961,الصف السابع,2025-11-08 13:49:07,,True,admin
SC001961,الصف الثامن,2025-11-08 13:49:07,,True,admin
SC001962,الصف الثامن,2025-11-08 17:28:43,,True,admin
SC001962,الصف التاسع,2025-11-08 17:28:43,,True,admin
SC001963,الصف الحادي عشر (الأول ثانوي),2025-11-08 20:22:41,,True,admin
SC001963,الصف الثاني عشر (التوجيهي),2025-11-08 20:22:41,,True,admin
SC001964,الصف العاشر,2025-11-08 20:25:06,,True,admin
SC001964,الصف الحادي عشر (الأول ثانوي),2025-11-08 20:25:06,,True,admin
SC001965,الصف السابع,2025-11-08 20:29:36,,True,admin
SC001965,الصف الثامن,2025-11-08 20:29:36,,True,admin
SC001966,الصف التاسع,2025-11-08 20:32:35,,True,admin
SC001966,الصف العاشر,2025-11-08 20:32:35,,True,admin
SC001967,الصف الثالث,2025-11-08 22:12:28,,True,admin
SC001967,الصف الرابع,2025-11-08 22:12:28,,True,admin
SC001968,الصف الخامس,2025-11-08 22:17:09,,True,admin
SC001968,الصف السادس,2025-11-08 22:17:09,,True,admin
SC001969,الصف الخامس,2025-11-08 22:18:55,,True,admin
SC001969,الصف السادس,2025-11-08 22:18:55,,True,admin
SC001970,الصف الخامس,2025-11-08 22:21:19,,True,admin
SC001970,الصف السادس,2025-11-08 22:21:19,,True,admin
SC001971,الصف السادس,2025-11-08 22:23:43,,True,admin
SC001971,الصف السابع,2025-11-08 22:23:43,,True,admin
SC001972,الصف الخامس,2025-11-08 22:25:56,,True,admin
SC001972,الصف السادس,2025-11-08 22:25:56,,True,admin
SC001973,الصف الرابع,2025-11-08 22:28:03,,True,admin
SC001973,الصف الخامس,2025-11-08 22:28:03,,True,admin
SC001974,الصف الثالث,2025-11-08 22:32:43,,True,admin
SC001974,الصف الرابع,2025-11-08 22:32:43,,True,admin
SC001975,الروضة الكبرى (KG2),2025-11-08 22:34:43,,True,admin
SC001975,الصف الأول,2025-11-08 22:34:43,,True,admin
SC001976,الصف الثالث,2025-11-08 22:37:14,,True,admin
SC001976,الصف الرابع,2025-11-08 22:37:14,,True,admin
SC001977,الصف الخامس,2025-11-08 22:38:59,,True,admin
SC001977,الصف السادس,2025-11-08 22:38:59,,True,admin
SC001978,الصف الثامن,2025-11-09 15:19:41,,True,admin
SC001978,الصف التاسع,2025-11-09 15:19:41,,True,admin
SC001979,الصف الثامن,2025-11-09 15:21:48,,True,admin
SC001979,الصف التاسع,2025-11-09 15:21:48,,True,admin
SC001980,الصف الثامن,2025-11-09 15:23:17,,True,admin
SC001980,الصف التاسع,2025-11-09 15:23:17,,True,admin
SC001981,الصف الثامن,2025-11-09 15:26:22,,True,admin
SC001981,الصف التاسع,2025-11-09 15:26:22,,True,admin
SC001982,الصف التاسع,2025-11-09 15:27:57,,True,admin
SC001982,الصف العاشر,2025-11-09 15:27:57,,True,admin
SC001983,الصف الثامن,2025-11-09 15:29:40,,True,admin
SC001983,الصف التاسع,2025-11-09 15:29:40,,True,admin
SC001984,الصف الثامن,2025-11-09 15:31:05,,True,admin
SC001984,الصف التاسع,2025-11-09 15:31:05,,True,admin
SC001985,الصف السادس,2025-11-09 18:05:54,,True,admin
SC001985,الصف السابع,2025-11-09 18:05:54,,True,admin
SC001986,الصف السادس,2025-11-09 18:08:18,,True,admin
SC001986,الصف السابع,2025-11-09 18:08:18,,True,admin
SC001987,الصف السابع,2025-11-09 18:10:53,,True,admin
SC001987,الصف الثامن,2025-11-09 18:10:53,,True,admin
SC001988,الصف السابع,2025-11-09 18:12:33,,True,admin
SC001988,الصف الثامن,2025-11-09 18:12:33,,True,admin
SC001989,الصف السابع,2025-11-09 18:14:45,,True,admin
SC001989,الصف الثامن,2025-11-09 18:14:45,,True,admin
SC001990,الصف الأول,2025-11-10 12:40:38,,True,admin
SC001990,الصف الثاني,2025-11-10 12:40:38,,True,admin
SC001991,الصف الأول,2025-11-10 12:42:39,,True,admin
SC001991,الصف الثاني,2025-11-10 12:42:39,,True,admin
SC001992,الروضة الكبرى (KG2),2025-11-10 12:44:35,,True,admin
SC001992,الصف الأول,2025-11-10 12:44:35,,True,admin
SC001993,الصف الحادي عشر (الأول ثانوي),2025-11-10 19:07:26,,True,admin
SC001993,الصف الثاني عشر (التوجيهي),2025-11-10 19:07:26,,True,admin
SC001994,الصف الثالث,2025-11-10 19:08:37,,True,admin
SC001994,الصف الرابع,2025-11-10 19:08:37,,True,admin
SC001995,الصف الخامس,2025-11-11 12:43:57,,True,admin
SC001995,الصف السادس,2025-11-11 12:43:57,,True,admin
SC001996,الصف الثالث,2025-11-11 12:45:29,,True,admin
SC001996,الصف الرابع,2025-11-11 12:45:29,,True,admin
SC001997,الصف السابع,2025-11-11 13:37:24,,True,admin
SC001997,الصف الثامن,2025-11-11 13:37:24,,True,admin
SC001998,الصف الخامس,2025-11-11 13:39:32,,True,admin
SC001998,الصف السادس,2025-11-11 13:39:32,,True,admin
SC001999,الصف السادس,2025-11-11 13:42:41,,True,admin
SC001999,الصف السابع,2025-11-11 13:42:41,,True,admin
SC002000,الصف الخامس,2025-11-11 13:49:25,,True,admin
SC002000,الصف السادس,2025-11-11 13:49:25,,True,admin
SC002001,الصف الخامس,2025-11-11 14:18:59,,True,admin
SC002001,الصف السادس,2025-11-11 14:18:59,,True,admin
SC002002,الصف السابع,2025-11-11 15:09:21,,True,admin
SC002002,الصف الثامن,2025-11-11 15:09:21,,True,admin
SC002003,الصف العاشر,2025-11-11 16:54:22,,True,admin
SC002003,الصف الحادي عشر (الأول ثانوي),2025-11-11 16:54:22,,True,admin
SC002004,الصف الخامس,2025-11-11 18:21:19,,True,admin
SC002004,الصف السادس,2025-11-11 18:21:19,,True,admin
SC002005,الصف السابع,2025-11-13 07:06:23,,True,admin
SC002005,الصف الثامن,2025-11-13 07:06:23,,True,admin
SC002006,الصف التاسع,2025-11-13 13:58:35,,True,admin
SC002006,الصف العاشر,2025-11-13 13:58:35,,True,admin
SC002007,الصف التاسع,2025-11-13 19:12:49,,True,admin
SC002007,الصف العاشر,2025-11-13 19:12:49,,True,admin
SC002008,الصف السادس,2025-11-13 19:25:10,,True,admin
SC002008,الصف السابع,2025-11-13 19:25:10,,True,admin
SC002009,الصف الحادي عشر (الأول ثانوي),2025-11-13 21:49:38,,True,admin
SC002009,الصف الثاني عشر (التوجيهي),2025-11-13 21:49:38,,True,admin
SC002010,الصف الأول,2025-12-09 16:52:39,,True,admin
SC002010,الصف الثاني,2025-12-09 16:52:39,,True,admin
SC002011,الصف الثاني,2025-12-09 17:00:15,,True,admin
SC002011,الصف الثالث,2025-12-09 17:00:15,,True,admin
SC002012,الصف الثالث,2025-12-09 17:06:58,,True,admin
SC002012,الصف الرابع,2025-12-09 17:06:58,,True,admin
SC002013,الروضة الصغرى (KG1),2025-12-09 17:09:25,,True,admin
SC002013,الروضة الكبرى (KG2),2025-12-09 17:09:25,,True,admin
SC002014,الروضة الصغرى (KG1),2025-12-09 17:33:39,,True,admin
SC002014,الروضة الكبرى (KG2),2025-12-09 17:33:39,,True,admin
SC002015,الصف الأول,2025-12-09 17:45:26,,True,admin
SC002015,الصف الثاني,2025-12-09 17:45:26,,True,admin
SC002016,الصف الثاني,2025-12-09 17:50:51,,True,admin
SC002016,الصف الثالث,2025-12-09 17:50:51,,True,admin
SC002018,الروضة الكبرى (KG2),2025-12-09 18:08:01,,True,admin
SC002018,الصف الأول,2025-12-09 18:08:01,,True,admin
SC002019,الصف الأول,2025-12-09 20:51:52,,True,admin
SC002019,الصف الثاني,2025-12-09 20:51:52,,True,admin
SC002020,الصف الثالث,2025-12-09 20:56:37,,True,admin
SC002020,الصف الرابع,2025-12-09 20:56:37,,True,admin
SC002021,الصف الثالث,2025-12-10 15:43:56,,True,admin
SC002021,الصف الرابع,2025-12-10 15:43:56,,True,admin
SC002022,الصف الحادي عشر (الأول ثانوي),2026-01-23 15:12:44,,True,admin
SC002022,الصف الثاني عشر (التوجيهي),2026-01-23 15:12:44,,True,admin
SC002023,الصف الثامن,2026-01-23 20:07:40,,True,admin
SC002023,الصف التاسع,2026-01-23 20:07:40,,True,admin
SC002024,الصف الثامن,2026-01-23 20:09:28,,True,admin
SC002024,الصف التاسع,2026-01-23 20:09:28,,True,admin
SC002025,الصف الثامن,2026-01-23 20:11:40,,True,admin
SC002025,الصف التاسع,2026-01-23 20:11:40,,True,admin
SC002026,الصف الثاني عشر (التوجيهي),2026-01-24 19:54:01,,True,admin
SC002027,الصف الحادي عشر (الأول ثانوي),2026-01-25 10:34:04,,True,admin
SC002027,الصف الثاني عشر (التوجيهي),2026-01-25 10:34:04,,True,admin
SC002028,الصف الحادي عشر (الأول ثانوي),2026-01-23 14:59:38,,True,admin
SC002028,الصف الثاني عشر (التوجيهي),2026-01-23 14:59:38,,True,admin
SC002029,الصف الخامس,2025-02-01 23:13:34,,True,admin
SC002029,الصف السادس,2025-02-01 23:13:34,,True,admin
SC002030,الصف السادس,2025-03-31 14:16:09,,True,admin
SC002030,الصف السابع,2025-03-31 14:16:09,,True,admin
SC002031,الصف الخامس,2025-02-01 23:15:04,,True,admin
SC002031,الصف السادس,2025-02-01 23:15:04,,True,admin
SC002033,الصف الأول,2025-05-02 21:54:16,,True,admin
SC002033,الصف الثاني,2025-05-02 21:54:16,,True,admin
SC002034,الصف التاسع,2025-11-01 14:20:17,,True,admin
SC002034,الصف العاشر,2025-11-01 14:20:17,,True,admin
SC002035,الصف العاشر,2025-11-01 14:23:22,,True,admin
SC002035,الصف الحادي عشر (الأول ثانوي),2025-11-01 14:23:22,,True,admin
SC002036,الصف التاسع,2025-02-02 11:15:34,,True,admin
SC002036,الصف العاشر,2025-02-02 11:15:34,,True,admin
SC002037,الصف السابع,2025-01-31 19:56:06,,True,admin
SC002037,الصف الثامن,2025-01-31 19:56:06,,True,admin
SC002043,الصف الثالث,2025-02-10 23:06:04,,True,admin
SC002043,الصف الرابع,2025-02-10 23:06:04,,True,admin
SC002044,الصف الثاني,2025-08-09 09:45:05,,True,admin
SC002044,الصف الثالث,2025-08-09 09:45:05,,True,admin
SC002045,الصف الرابع,2025-08-09 09:44:53,,True,admin
SC002045,الصف الخامس,2025-08-09 09:44:53,,True,admin
SC002046,الصف الثاني,2025-08-09 09:46:00,,True,admin
SC002046,الصف الثالث,2025-08-09 09:46:00,,True,admin
SC002047,الروضة الكبرى (KG2),2025-08-09 09:46:25,,True,admin
SC002047,الصف الأول,2025-08-09 09:46:25,,True,admin
SC002048,الصف الرابع,2025-08-09 09:47:19,,True,admin
SC002048,الصف الخامس,2025-08-09 09:47:19,,True,admin
SC002049,الروضة الكبرى (KG2),2025-08-09 09:47:23,,True,admin
SC002049,الصف الأول,2025-08-09 09:47:23,,True,admin
SC002050,الروضة الصغرى (KG1),2025-08-09 09:48:06,,True,admin
SC002050,الروضة الكبرى (KG2),2025-08-09 09:48:06,,True,admin
SC002051,الصف الثاني,2025-08-09 09:48:12,,True,admin
SC002051,الصف الثالث,2025-08-09 09:48:12,,True,admin
SC002052,الصف الثالث,2025-08-09 09:49:00,,True,admin
SC002052,الصف الرابع,2025-08-09 09:49:00,,True,admin
SC002053,الصف الثاني,2025-08-09 09:49:26,,True,admin
SC002053,الصف الثالث,2025-08-09 09:49:26,,True,admin
SC002054,الصف الثاني,2025-08-09 09:49:28,,True,admin
SC002054,الصف الثالث,2025-08-09 09:49:28,,True,admin
SC002055,الصف الرابع,2025-08-09 09:53:03,,True,admin
SC002055,الصف الخامس,2025-08-09 09:53:03,,True,admin
SC002056,الصف الرابع,2025-08-09 09:53:16,,True,admin
SC002056,الصف الخامس,2025-08-09 09:53:16,,True,admin
SC002057,الصف الأول,2025-08-09 09:55:00,,True,admin
SC002057,الصف الثاني,2025-08-09 09:55:00,,True,admin
SC002058,الصف الثاني,2025-08-09 09:55:42,,True,admin
SC002058,الصف الثالث,2025-08-09 09:55:42,,True,admin
SC002059,الصف الثاني,2025-08-09 10:05:38,,True,admin
SC002059,الصف الثالث,2025-08-09 10:05:38,,True,admin
SC002060,الصف الأول,2025-08-09 10:11:35,,True,admin
SC002060,الصف الثاني,2025-08-09 10:11:35,,True,admin
SC002061,الروضة الكبرى (KG2),2025-08-09 10:14:02,,True,admin
SC002061,الصف الأول,2025-08-09 10:14:02,,True,admin
SC002062,الصف الثالث,2025-08-09 10:24:10,,True,admin
SC002062,الصف الرابع,2025-08-09 10:24:10,,True,admin
SC002066,الصف السابع,2025-02-03 16:42:55,,True,admin
SC002066,الصف الثامن,2025-02-03 16:42:55,,True,admin
SC002067,الصف السادس,2025-02-03 12:12:02,,True,admin
SC002067,الصف السابع,2025-02-03 12:12:02,,True,admin
SC001761,الصف الثالث,2025-09-27 21:24:55,,True,admin
SC001761,الصف الرابع,2025-09-27 21:24:55,,True,admin
SC001745,الصف الأول,2025-09-27 17:35:35,,True,admin
SC001745,الصف الثاني,2025-09-27 17:35:35,,True,admin
SC001636,الصف الأول,2025-06-10 14:31:43,,True,admin
SC001636,الصف الثاني,2025-06-10 14:31:43,,True,admin
SC001642,الروضة الصغرى (KG1),2025-06-10 14:49:40,,True,admin
SC001701,الصف الثالث,2025-08-09 22:27:02,,True,admin
SC001701,الصف الرابع,2025-08-09 22:27:02,,True,admin
SC001731,الصف الثاني,2025-09-24 07:35:26,,True,admin
SC001731,الصف الثالث,2025-09-24 07:35:26,,True,admin
SC001729,الصف الثالث,2025-09-24 07:31:20,,True,admin
SC001729,الصف الرابع,2025-09-24 07:31:20,,True,admin
SC001738,الروضة الكبرى (KG2),2025-09-24 09:09:59,,True,admin
SC001738,الصف الأول,2025-09-24 09:09:59,,True,admin
SC000298,الصف السادس,2025-02-04 00:17:11,,True,admin
SC000298,الصف السابع,2025-02-04 00:17:11,,True,admin
SC001742,الصف الرابع,2025-09-24 22:13:22,,True,admin
SC001742,الصف الخامس,2025-09-24 22:13:22,,True,admin
SC000297,الصف الثامن,2025-02-03 22:17:59,,True,admin
SC000297,الصف التاسع,2025-02-03 22:17:59,,True,admin
SC001766,الصف الثاني,2025-09-28 11:59:52,,True,admin
SC001766,الصف الثالث,2025-09-28 11:59:52,,True,admin
SC001643,الصف الثاني,2025-06-10 14:57:28,,True,admin
SC001643,الصف الثالث,2025-06-10 14:57:28,,True,admin
SC001645,الروضة الصغرى (KG1),2025-06-10 16:59:59,,True,admin
SC001645,الروضة الكبرى (KG2),2025-06-10 16:59:59,,True,admin
SC001774,الصف الثالث,2025-10-10 10:51:59,,True,admin
SC001774,الصف الرابع,2025-10-10 10:51:59,,True,admin
SC001786,الصف الثالث,2025-10-25 20:09:51,,True,admin
SC001786,الصف الرابع,2025-10-25 20:09:51,,True,admin
SC001787,الصف الرابع,2025-10-25 20:39:50,,True,admin
SC001787,الصف الخامس,2025-10-25 20:39:50,,True,admin
SC001735,الصف الثالث,2025-09-24 07:44:17,,True,admin
SC001735,الصف الرابع,2025-09-24 07:44:17,,True,admin
SC000308,الصف الخامس,2025-02-04 11:26:40,,True,admin
SC000308,الصف السادس,2025-02-04 11:26:40,,True,admin
SC000289,الصف السابع,2025-02-03 17:06:59,,True,admin
SC000289,الصف الثامن,2025-02-03 17:06:59,,True,admin
SC000771,الصف التاسع,2025-03-11 17:15:49,,True,admin
SC000771,الصف العاشر,2025-03-11 17:15:49,,True,admin
SC001802,الصف الخامس,2025-10-30 10:57:12,,True,admin
SC001802,الصف السادس,2025-10-30 10:57:12,,True,admin
SC000267,الصف السادس,2025-02-03 14:14:32,,True,admin
SC000267,الصف السابع,2025-02-03 14:14:32,,True,admin
SC000164,الصف العاشر,2025-02-01 21:24:12,,True,admin
SC000164,الصف الحادي عشر (الأول ثانوي),2025-02-01 21:24:12,,True,admin
SC000248,الصف السادس,2025-02-03 12:13:16,,True,admin
SC000248,الصف السابع,2025-02-03 12:13:16,,True,admin
SC000251,الصف السابع,2025-02-03 12:21:05,,True,admin
SC000251,الصف الثامن,2025-02-03 12:21:05,,True,admin
SC000252,الصف السابع,2025-02-03 12:23:56,,True,admin
SC000252,الصف الثامن,2025-02-03 12:23:56,,True,admin
SC001909,الصف السادس,2025-11-03 15:29:59,,True,admin
SC001909,الصف السابع,2025-11-03 15:29:59,,True,admin
SC000133,الصف العاشر,2025-02-01 20:45:18,,True,admin
SC000133,الصف الحادي عشر (الأول ثانوي),2025-02-01 20:45:18,,True,admin
SC000176,الصف العاشر,2025-02-01 22:10:49,,True,admin
SC000176,الصف الحادي عشر (الأول ثانوي),2025-02-01 22:10:49,,True,admin
SC000177,الصف السابع,2025-02-01 22:16:10,,True,admin
SC000177,الصف الثامن,2025-02-01 22:16:10,,True,admin
SC000135,الصف التاسع,2025-02-01 20:47:03,,True,admin
SC000135,الصف العاشر,2025-02-01 20:47:03,,True,admin
SC001794,الصف الخامس,2025-10-29 10:39:31,,True,admin
SC001794,الصف السادس,2025-10-29 10:39:31,,True,admin
SC001877,الصف الثامن,2025-11-01 19:10:35,,True,admin
SC001877,الصف التاسع,2025-11-01 19:10:35,,True,admin
SC000250,الصف السادس,2025-02-03 12:17:32,,True,admin
SC000250,الصف السابع,2025-02-03 12:17:32,,True,admin
SC001332,الصف السابع,2025-03-29 19:03:14,,True,admin
SC001332,الصف الثامن,2025-03-29 19:03:14,,True,admin
SC000125,الصف التاسع,2025-02-01 20:43:02,,True,admin
SC000125,الصف العاشر,2025-02-01 20:43:02,,True,admin
SC001915,الصف السادس,2025-11-03 22:29:57,,True,admin
SC001915,الصف السابع,2025-11-03 22:29:57,,True,admin
SC001437,الصف التاسع,2025-04-05 19:41:37,,True,admin
SC001437,الصف العاشر,2025-04-05 19:41:37,,True,admin
SC000291,الصف السابع,2025-02-03 18:02:45,,True,admin
SC000291,الصف الثامن,2025-02-03 18:02:45,,True,admin
SC000263,الصف السادس,2025-02-03 13:12:10,,True,admin
SC000263,الصف السابع,2025-02-03 13:12:10,,True,admin
SC000280,الصف السادس,2025-02-03 15:40:24,,True,admin
SC000280,الصف السابع,2025-02-03 15:40:24,,True,admin
SC001897,الصف الثامن,2025-11-02 21:38:50,,True,admin
SC001897,الصف التاسع,2025-11-02 21:38:50,,True,admin
SC000758,الصف التاسع,2025-03-11 15:01:15,,True,admin
SC000758,الصف العاشر,2025-03-11 15:01:15,,True,admin
SC000288,الصف السابع,2025-02-03 16:58:29,,True,admin
SC000288,الصف الثامن,2025-02-03 16:58:29,,True,admin
SC000257,الصف الخامس,2025-02-03 12:46:04,,True,admin
SC000257,الصف السادس,2025-02-03 12:46:04,,True,admin
SC000296,الصف الثامن,2025-02-03 20:49:37,,True,admin
SC000296,الصف التاسع,2025-02-03 20:49:37,,True,admin
SC001732,الصف الرابع,2025-09-24 07:39:52,,True,admin
SC001732,الصف الخامس,2025-09-24 07:39:52,,True,admin
SC001775,الصف الرابع,2025-10-10 10:53:48,,True,admin
SC001775,الصف الخامس,2025-10-10 10:53:48,,True,admin
SC001760,الصف الثاني,2025-09-27 21:17:46,,True,admin
SC001760,الصف الثالث,2025-09-27 21:17:46,,True,admin
SC001635,الروضة الكبرى (KG2),2025-06-10 14:24:30,,True,admin
SC001635,الصف الأول,2025-06-10 14:24:30,,True,admin
SC000316,الصف الرابع,2025-02-04 18:21:59,,True,admin
SC000316,الصف الخامس,2025-02-04 18:21:59,,True,admin
SC000319,الصف الرابع,2025-02-04 18:53:28,,True,admin
SC000319,الصف الخامس,2025-02-04 18:53:28,,True,admin
SC000769,الصف الحادي عشر (الأول ثانوي),2025-03-11 16:14:12,,True,admin
SC000769,الصف الثاني عشر (التوجيهي),2025-03-11 16:14:12,,True,admin
SC001333,الصف السابع,2025-03-29 21:47:52,,True,admin
SC001333,الصف الثامن,2025-03-29 21:47:52,,True,admin
SC001440,الصف التاسع,2025-04-05 20:07:12,,True,admin
SC001440,الصف العاشر,2025-04-05 20:07:12,,True,admin
SC000516,الروضة الصغرى (KG1),2025-02-21 17:47:04,,True,admin
SC000516,الروضة الكبرى (KG2),2025-02-21 17:47:04,,True,admin
SC000184,الصف العاشر,2025-02-01 23:40:39,,True,admin
SC000184,الصف الحادي عشر (الأول ثانوي),2025-02-01 23:40:39,,True,admin
SC001893,الصف العاشر,2025-11-02 13:45:07,,True,admin
SC001893,الصف الحادي عشر (الأول ثانوي),2025-11-02 13:45:07,,True,admin
SC000302,الصف الرابع,2025-02-04 11:20:51,,True,admin
SC000302,الصف الخامس,2025-02-04 11:20:51,,True,admin
SC000304,الصف الثالث,2025-02-04 11:23:29,,True,admin
SC000304,الصف الرابع,2025-02-04 11:23:29,,True,admin
SC000306,الروضة الكبرى (KG2),2025-02-04 11:25:43,,True,admin
SC000306,الصف الأول,2025-02-04 11:25:43,,True,admin
SC002068,الصف الأول,2025-11-17 15:13:05,,True,admin
SC002069,الصف الخامس,2025-11-17 15:42:44,,True,admin
SC002070,الصف الثاني,2025-11-17 15:44:46,,True,admin
SC002071,الروضة الكبرى (KG2),2025-11-18 09:24:38,,True,admin
SC002072,الروضة الصغرى (KG1),2025-11-18 09:28:54,,True,admin
SC002073,الصف الأول,2025-11-18 09:31:17,,True,admin
SC002074,الروضة الكبرى (KG2),2025-11-18 09:44:27,,True,admin
SC002075,الصف الرابع,2025-11-18 10:50:41,,True,admin
SC002076,الصف الخامس,2025-11-19 08:52:39,,True,admin
SC002077,الصف الأول,2025-11-19 08:56:52,,True,admin
SC002078,الروضة الكبرى (KG2),2025-11-19 10:22:46,,True,admin
SC002079,الصف الثاني,2025-11-19 10:28:12,,True,admin
SC002080,الروضة الكبرى (KG2),2025-11-19 14:31:23,,True,admin
SC002081,الروضة الكبرى (KG2),2025-11-19 17:01:11,,True,admin
SC002082,الروضة الصغرى (KG1),2025-11-19 22:48:46,,True,admin
SC002083,الصف الثالث,2025-11-19 23:23:59,,True,admin
SC002084,الصف الأول,2025-11-19 23:41:23,,True,admin
SC002085,الصف الثالث,2025-11-20 07:00:47,,True,admin
SC002086,الصف الرابع,2025-11-20 08:54:25,,True,admin
SC002088,الصف الرابع,2025-11-20 15:44:45,,True,admin
SC002089,الصف الخامس,2025-11-27 12:59:52,,True,admin
SC002090,الصف الخامس,2025-11-27 15:58:01,,True,admin
SC002091,الصف الثالث,2025-11-27 16:00:34,,True,admin
SC002092,الصف الثاني,2025-11-27 16:11:52,,True,admin
SC002093,الصف الأول,2025-11-27 17:25:05,,True,admin
SC002094,الصف الثالث,2025-11-27 17:42:57,,True,admin
SC002095,الصف الثالث,2025-11-27 17:44:59,,True,admin
SC002096,الصف الرابع,2025-11-27 21:24:48,,True,admin
SC002097,الصف الثالث,2025-11-27 21:40:48,,True,admin
SC002098,الصف الثاني,2025-11-27 21:44:38,,True,admin
SC002099,الصف الرابع,2025-11-27 21:47:34,,True,admin
SC002100,الروضة الكبرى (KG2),2025-11-27 21:50:37,,True,admin
SC002101,الصف الرابع,2025-11-27 21:56:59,,True,admin
SC002102,الصف الثاني,2025-11-27 22:15:22,,True,admin
SC002103,الصف الأول,2025-11-27 22:15:25,,True,admin
SC002104,الروضة الكبرى (KG2),2025-11-28 08:40:52,,True,admin
SC002105,الروضة الكبرى (KG2),2025-11-28 15:13:17,,True,admin
SC002106,الروضة الصغرى (KG1),2025-11-28 15:18:48,,True,admin
SC002107,الصف الثاني,2025-11-28 21:19:57,,True,admin
SC002108,الروضة الصغرى (KG1),2026-02-22 17:33:46,,True,admin
SC002109,الروضة الصغرى (KG1),2026-03-05 15:37:36,,True,admin
SC001639,الصف الثاني,2025-06-10 14:36:18,,True,admin
SC001639,الصف الثالث,2025-06-10 14:36:18,,True,admin
SC002017,الصف الرابع,2025-12-09 18:03:22,,True,admin
SC002017,الصف الخامس,2025-12-09 18:03:22,,True,admin
SC001751,الصف الثالث,2025-09-27 18:32:17,,True,admin
SC001751,الصف الرابع,2025-09-27 18:32:17,,True,admin
SC001800,الصف الثالث,2025-10-29 15:22:42,,True,admin
SC001800,الصف الرابع,2025-10-29 15:22:42,,True,admin
SC002063,الصف الثاني,2025-08-09 10:25:25,,True,admin
SC002063,الصف الثالث,2025-08-09 10:25:25,,True,admin
SC001688,الصف الثالث,2025-08-09 20:50:26,,True,admin
SC001688,الصف الرابع,2025-08-09 20:50:26,,True,admin
SC000126,الصف الحادي عشر (الأول ثانوي),2025-02-01 20:43:09,,True,admin
SC000126,الصف الثاني عشر (التوجيهي),2025-02-01 20:43:09,,True,admin
SC001692,الصف الثالث,2025-08-09 20:57:29,,True,admin
SC001692,الصف الرابع,2025-08-09 20:57:29,,True,admin
SC001783,الروضة الصغرى (KG1),2025-10-19 19:15:44,,True,admin
SC001783,الروضة الكبرى (KG2),2025-10-19 19:15:44,,True,admin
SC001784,الصف الرابع,2025-10-19 19:21:05,,True,admin
SC001784,الصف الخامس,2025-10-19 19:21:05,,True,admin
SC002087,الصف الرابع,2025-11-20 14:00:34,,True,admin
SC001754,الروضة الكبرى (KG2),2025-09-27 20:52:33,,True,admin
SC001754,الصف الأول,2025-09-27 20:52:33,,True,admin
SC001646,الصف الثاني,2025-06-10 17:37:39,,True,admin
SC001646,الصف الثالث,2025-06-10 17:37:39,,True,admin
SC001680,الصف الأول,2025-07-10 05:07:41,,True,admin
SC001680,الصف الثاني,2025-07-10 05:07:41,,True,admin
SC001607,الصف الثالث,2025-05-28 09:08:20,,True,admin
SC001607,الصف الرابع,2025-05-28 09:08:20,,True,admin
SC002064,الصف السابع,2025-11-03 21:06:45,,True,admin
SC002064,الصف الثامن,2025-11-03 21:06:45,,True,admin
SC001008,الصف السادس,2025-03-16 22:26:54,,True,admin
SC001008,الصف السابع,2025-03-16 22:26:54,,True,admin
SC001008,الصف الثامن,2025-03-16 22:26:54,,True,admin
SC001420,الصف السابع,2025-04-01 18:35:47,,True,admin
SC001420,الصف الثامن,2025-04-01 18:35:47,,True,admin
SC001420,الصف التاسع,2025-04-01 18:35:47,,True,admin
SC000572,الصف السادس,2025-02-23 16:48:58,,True,admin
SC002112,الصف السابع,2025-02-23 16:48:58,,True,admin
SC002112,الصف الثامن,2025-02-23 16:48:58,,True,admin
SC000861,الصف التاسع,2025-03-14 09:05:49,,True,admin
SC000861,الصف العاشر,2025-03-14 09:05:49,,True,admin
SC000861,الصف الحادي عشر (الأول ثانوي),2025-03-14 09:05:49,,True,admin
SC000802,الصف الثاني عشر (التوجيهي),2025-03-12 20:35:46,,True,admin
SC002118,الصف الحادي عشر (الأول ثانوي),2025-03-12 20:35:46,,True,admin
SC000821,الصف السابع,2025-03-13 16:39:21,,True,admin
SC000821,الصف الثامن,2025-03-13 16:39:21,,True,admin
SC000821,الصف التاسع,2025-03-13 16:39:21,,True,admin
SC000759,الصف السابع,2025-03-11 15:01:54,,True,admin
SC000759,الصف الثامن,2025-03-11 15:01:54,,True,admin
SC000759,الصف التاسع,2025-03-11 15:01:54,,True,admin
SC002032,الصف السابع,2025-03-12 17:28:51,,True,admin
SC002032,الصف الثامن,2025-03-12 17:28:51,,True,admin
SC002032,الصف التاسع,2025-03-12 17:28:51,,True,admin
SC000440,الصف السابع,2025-02-16 23:34:41,,True,admin
SC000440,الصف الثامن,2025-02-16 23:34:41,,True,admin
SC000440,الصف التاسع,2025-02-16 23:34:41,,True,admin
SC000573,الصف السادس,2025-02-23 16:48:59,,True,admin
SC000573,الصف السابع,2025-02-23 16:48:59,,True,admin
SC000573,الصف الثامن,2025-02-23 16:48:59,,True,admin
SC000138,الصف الثامن,2025-02-01 20:49:57,,True,admin
SC000138,الصف التاسع,2025-02-01 20:49:57,,True,admin
SC000138,الصف العاشر,2025-02-01 20:49:57,,True,admin
SC000258,الصف السادس,2025-02-03 12:49:04,,True,admin
SC000258,الصف السابع,2025-02-03 12:49:04,,True,admin
SC000258,الصف الثامن,2025-02-03 12:49:04,,True,admin
SC000141,الصف الحادي عشر (الأول ثانوي),2025-02-01 20:51:51,,True,admin
SC000141,الصف الثاني عشر (التوجيهي),2025-02-01 20:51:51,,True,admin
SC001436,الصف العاشر,2025-04-05 19:39:30,,True,admin
SC001436,الصف الحادي عشر (الأول ثانوي),2025-04-05 19:39:30,,True,admin
SC001436,الصف الثاني عشر (التوجيهي),2025-04-05 19:39:30,,True,admin
SC000255,الصف السابع,2025-02-03 12:38:06,,True,admin
SC000255,الصف الثامن,2025-02-03 12:38:06,,True,admin
SC000255,الصف التاسع,2025-02-03 12:38:06,,True,admin
SC000190,الصف العاشر,2025-02-02 10:19:52,,True,admin
SC000190,الصف الحادي عشر (الأول ثانوي),2025-02-02 10:19:52,,True,admin
SC000190,الصف الثاني عشر (التوجيهي),2025-02-02 10:19:52,,True,admin
SC000912,الصف السابع,2025-03-15 22:12:45,,True,admin
SC000912,الصف الثامن,2025-03-15 22:12:45,,True,admin
SC000912,الصف التاسع,2025-03-15 22:12:45,,True,admin
SC002122,الصف الثاني عشر (التوجيهي),2025-03-12 17:46:20,,True,admin
SC000140,الصف التاسع,2025-02-01 20:50:47,,True,admin
SC000140,الصف العاشر,2025-02-01 20:50:47,,True,admin
SC000140,الصف الحادي عشر (الأول ثانوي),2025-02-01 20:50:47,,True,admin
SC000129,الصف التاسع,2025-02-01 20:43:43,,True,admin
SC000129,الصف العاشر,2025-02-01 20:43:43,,True,admin
SC000129,الصف الحادي عشر (الأول ثانوي),2025-02-01 20:43:43,,True,admin
SC000142,الصف التاسع,2025-02-01 20:56:13,,True,admin
SC000142,الصف العاشر,2025-02-01 20:56:13,,True,admin
SC000142,الصف الحادي عشر (الأول ثانوي),2025-02-01 20:56:13,,True,admin
SC000745,الصف السابع,2025-03-11 11:51:10,,True,admin
SC000745,الصف الثامن,2025-03-11 11:51:10,,True,admin
SC000745,الصف التاسع,2025-03-11 11:51:10,,True,admin
SC000423,الصف السابع,2025-02-16 23:03:25,,True,admin
SC000423,الصف الثامن,2025-02-16 23:03:25,,True,admin
SC000423,الصف التاسع,2025-02-16 23:03:25,,True,admin
SC001634,الصف السادس,2025-06-09 17:38:08,,True,admin
SC001634,الصف السابع,2025-06-09 17:38:08,,True,admin
SC001634,الصف الثامن,2025-06-09 17:38:08,,True,admin
SC000631,الصف السابع,2025-02-25 20:28:35,,True,admin
SC000631,الصف الثامن,2025-02-25 20:28:35,,True,admin
SC000631,الصف التاسع,2025-02-25 20:28:35,,True,admin
SC001476,الصف العاشر,2025-04-21 15:15:50,,True,admin
SC001476,الصف الحادي عشر (الأول ثانوي),2025-04-21 15:15:50,,True,admin
SC001476,الصف الثاني عشر (التوجيهي),2025-04-21 15:15:50,,True,admin
SC002128,الصف الثاني عشر (التوجيهي),2025-11-03 00:02:06,,True,admin
SC000591,الصف العاشر,2025-02-23 19:35:32,,True,admin
SC000591,الصف الحادي عشر (الأول ثانوي),2025-02-23 19:35:32,,True,admin
SC000591,الصف الثاني عشر (التوجيهي),2025-02-23 19:35:32,,True,admin
SC000832,الصف التاسع,2025-03-13 18:23:57,,True,admin
SC000832,الصف العاشر,2025-03-13 18:23:57,,True,admin
SC002134,الصف الثامن,2025-03-13 18:23:57,,True,admin
SC001683,الصف السابع,2025-07-15 11:53:26,,True,admin
SC001683,الصف الثامن,2025-07-15 11:53:26,,True,admin
SC001683,الصف التاسع,2025-07-15 11:53:26,,True,admin
SC000372,الصف التاسع,2025-02-12 23:16:47,,True,admin
SC000372,الصف العاشر,2025-02-12 23:16:47,,True,admin
SC001433,الصف العاشر,2025-04-04 22:09:12,,True,admin
SC001433,الصف الحادي عشر (الأول ثانوي),2025-04-04 22:09:12,,True,admin
SC001434,الصف الثاني عشر (التوجيهي),2025-04-04 22:09:38,,True,admin
SC000024,الصف العاشر,2025-01-31 21:34:04,,True,admin
SC000024,الصف الحادي عشر (الأول ثانوي),2025-01-31 21:34:04,,True,admin
SC000185,الصف العاشر,2025-02-02 00:11:15,,True,admin
SC000185,الصف الحادي عشر (الأول ثانوي),2025-02-02 00:11:15,,True,admin
SC000447,الصف السابع,2025-02-17 15:34:07,,True,admin
SC000447,الصف الثامن,2025-02-17 15:34:07,,True,admin
SC000352,الصف الثاني عشر (التوجيهي),2025-02-10 14:23:55,,True,admin
SC001281,الصف التاسع,2025-03-27 17:33:02,,True,admin
SC001281,الصف العاشر,2025-03-27 17:33:02,,True,admin
SC000845,الصف السابع,2025-03-13 18:29:05,,True,admin
SC000845,الصف الثامن,2025-03-13 18:29:05,,True,admin
SC000845,الصف التاسع,2025-03-13 18:29:05,,True,admin
SC002139,الصف الثاني عشر (التوجيهي),2025-01-31 11:29:09,,True,admin
SC000427,الصف السادس,2025-02-16 23:09:17,,True,admin
SC000427,الصف السابع,2025-02-16 23:09:17,,True,admin
SC000427,الصف الثامن,2025-02-16 23:09:17,,True,admin
SC001432,الصف الثامن,2025-04-04 20:38:24,,True,admin
SC001432,الصف التاسع,2025-04-04 20:38:24,,True,admin
SC001432,الصف العاشر,2025-04-04 20:38:24,,True,admin
SC000077,الصف الحادي عشر (الأول ثانوي),2025-02-01 14:59:02,,True,admin
SC000077,الصف الثاني عشر (التوجيهي),2025-02-01 14:59:02,,True,admin
SC000328,الصف التاسع,2025-02-05 16:55:37,,True,admin
SC000328,الصف العاشر,2025-02-05 16:55:37,,True,admin
SC000328,الصف الحادي عشر (الأول ثانوي),2025-02-05 16:55:37,,True,admin
SC000620,الصف السادس,2025-02-24 21:13:12,,True,admin
SC000620,الصف السابع,2025-02-24 21:13:12,,True,admin
SC000620,الصف الثامن,2025-02-24 21:13:12,,True,admin
SC000737,الصف السابع,2025-03-11 07:47:15,,True,admin
SC000737,الصف الثامن,2025-03-11 07:47:15,,True,admin
SC002142,الصف السادس,2025-03-11 07:47:15,,True,admin
SC000449,الصف السادس,2025-02-17 15:39:54,,True,admin
SC000449,الصف السابع,2025-02-17 15:39:54,,True,admin
SC000449,الصف الثامن,2025-02-17 15:39:54,,True,admin
SC000643,الصف السابع,2025-02-27 18:03:13,,True,admin
SC000643,الصف الثامن,2025-02-27 18:03:13,,True,admin
SC000643,الصف التاسع,2025-02-27 18:03:13,,True,admin
SC000756,الصف الثامن,2025-03-11 14:45:00,,True,admin
SC000756,الصف التاسع,2025-03-11 14:45:00,,True,admin
SC000756,الصف العاشر,2025-03-11 14:45:00,,True,admin
SC000815,الصف العاشر,2025-03-13 01:31:19,,True,admin
SC000815,الصف الحادي عشر (الأول ثانوي),2025-03-13 01:31:19,,True,admin
SC002146,الصف الثامن,2024-11-02 15:18:54,,True,admin
SC002156,الصف الحادي عشر (الأول ثانوي),2024-02-28 23:04:44,,True,admin
SC002160,الصف الحادي عشر (الأول ثانوي),2024-03-02 01:00:18,,True,admin
SC000371,الصف الثامن,2025-02-12 23:15:02,,True,admin
SC000371,الصف التاسع,2025-02-12 23:15:02,,True,admin
SC000371,الصف العاشر,2025-02-12 23:15:02,,True,admin
SC000275,الصف السادس,2025-02-03 15:28:18,,True,admin
SC000275,الصف السابع,2025-02-03 15:28:18,,True,admin
SC000275,الصف الثامن,2025-02-03 15:28:18,,True,admin
SC000283,الصف السابع,2025-02-03 15:57:39,,True,admin
SC000283,الصف الثامن,2025-02-03 15:57:39,,True,admin
SC000283,الصف التاسع,2025-02-03 15:57:39,,True,admin
SC002166,الصف الحادي عشر (الأول ثانوي),2024-04-15 19:59:12,,True,admin
SC000179,الصف الثامن,2025-02-01 22:58:19,,True,admin
SC000179,الصف التاسع,2025-02-01 22:58:19,,True,admin
SC000179,الصف العاشر,2025-02-01 22:58:19,,True,admin
SC002173,الصف الثاني عشر (التوجيهي),2025-01-31 11:16:27,,True,admin
SC000278,الصف السابع,2025-02-03 15:34:05,,True,admin
SC000278,الصف الثامن,2025-02-03 15:34:05,,True,admin
SC000278,الصف التاسع,2025-02-03 15:34:05,,True,admin
SC002180,الصف الحادي عشر (الأول ثانوي),2026-01-25 15:16:45,,True,admin
SC001331,الصف السابع,2025-03-29 18:07:08,,True,admin
SC001331,الصف الثامن,2025-03-29 18:07:08,,True,admin
SC001331,الصف التاسع,2025-03-29 18:07:08,,True,admin
SC000254,الصف السابع,2025-02-03 12:34:52,,True,admin
SC000254,الصف الثامن,2025-02-03 12:34:52,,True,admin
SC000254,الصف التاسع,2025-02-03 12:34:52,,True,admin
SC000270,الصف السابع,2025-02-03 14:48:20,,True,admin
SC000270,الصف الثامن,2025-02-03 14:48:20,,True,admin
SC000270,الصف التاسع,2025-02-03 14:48:20,,True,admin
SC000243,الصف التاسع,2025-02-02 21:06:35,,True,admin
SC000243,الصف العاشر,2025-02-02 21:06:35,,True,admin
SC000243,الصف الحادي عشر (الأول ثانوي),2025-02-02 21:06:35,,True,admin
SC002065,الصف السابع,2025-03-29 18:07:06,,True,admin
SC002065,الصف الثامن,2025-03-29 18:07:06,,True,admin
SC002065,الصف التاسع,2025-03-29 18:07:06,,True,admin
SC000772,الصف الثامن,2025-03-11 17:50:00,,True,admin
SC000772,الصف التاسع,2025-03-11 17:50:00,,True,admin
SC000772,الصف العاشر,2025-03-11 17:50:00,,True,admin
SC002183,الصف الحادي عشر (الأول ثانوي),2024-04-15 20:09:38,,True,admin
SC002185,الصف الثاني عشر (التوجيهي),2024-11-07 20:39:56,,True,admin
SC002189,الصف العاشر,2024-04-15 20:11:25,,True,admin
SC002038,الروضة الصغرى (KG1),2025-02-17 13:17:50,,True,admin
SC002039,الروضة الكبرى (KG2),2025-02-17 13:17:50,,True,admin
SC002040,الصف الأول,2025-02-17 13:17:50,,True,admin
SC002040,الصف الثاني,2025-02-17 13:17:50,,True,admin
SC002041,الصف الثالث,2025-02-17 13:17:50,,True,admin
SC002041,الصف الرابع,2025-02-17 13:17:50,,True,admin
SC002041,الصف الخامس,2025-02-17 13:17:50,,True,admin
SC002041,الصف السادس,2025-02-17 13:17:50,,True,admin
SC002042,الصف السابع,2025-02-17 13:17:50,,True,admin
SC002042,الصف الثامن,2025-02-17 13:17:50,,True,admin
SC002042,الصف التاسع,2025-02-17 13:17:50,,True,admin
SC002042,الصف العاشر,2025-02-17 13:17:50,,True,admin
SC002042,الصف الحادي عشر (الأول ثانوي),2025-02-17 13:17:50,,True,admin
SC002042,الصف الثاني عشر (التوجيهي),2025-02-17 13:17:50,,True,admin
SC000612,الصف الحادي عشر (الأول ثانوي),2026-05-27 19:48:06,,True,admin
SC000612,الصف الثاني عشر (التوجيهي),2026-05-27 19:48:06,,True,admin
SC000436,الصف السابع,2026-05-27 19:53:45,,True,admin
SC000436,الصف الثامن,2026-05-27 19:53:45,,True,admin
SC000436,الصف التاسع,2026-05-27 19:53:45,,True,admin
SC000804,الصف السادس,2026-05-27 19:55:41,,True,admin
SC000804,الصف السابع,2026-05-27 19:55:41,,True,admin
SC000804,الصف الثامن,2026-05-27 19:55:41,,True,admin
SC002193,الصف الثامن,2026-05-27 20:25:09,,True,admin
SC002193,الصف التاسع,2026-05-27 20:25:09,,True,admin
SC002193,الصف العاشر,2026-05-27 20:25:09,,True,admin
SC002194,الصف الثاني عشر (التوجيهي),2026-05-27 20:28:08,,True,admin
SC002197,الصف الأول,2026-06-23 18:47:19,,True,admin
SC002197,الصف الثاني,2026-06-23 18:47:19,,True,admin
SC002197,الصف الثالث,2026-06-23 18:47:19,,True,admin
SC002199,الصف الثالث,2026-06-23 18:51:53,,True,admin
SC002199,الصف الرابع,2026-06-23 18:51:53,,True,admin
SC002199,الصف الخامس,2026-06-23 18:51:53,,True,admin
SC002200,الصف الثاني,2026-06-23 18:54:38,,True,admin
SC002200,الصف الثالث,2026-06-23 18:54:38,,True,admin
SC002200,الصف الرابع,2026-06-23 18:54:38,,True,admin
SC002203,الصف الثالث,2026-06-23 19:06:29,,True,admin
SC002203,الصف الرابع,2026-06-23 19:06:29,,True,admin
SC002203,الصف الخامس,2026-06-23 19:06:29,,True,admin
SC002198,الصف الثاني,2026-06-23 19:08:34,,True,admin
SC002198,الصف الثالث,2026-06-23 19:08:34,,True,admin
SC002198,الصف الرابع,2026-06-23 19:08:34,,True,admin
SC002205,الصف الثالث,2026-06-23 19:14:33,,True,admin
SC002205,الصف الرابع,2026-06-23 19:14:33,,True,admin
SC002205,الصف الخامس,2026-06-23 19:14:33,,True,admin
SC002206,الروضة الكبرى (KG2),2026-06-23 19:18:20,,True,admin
SC002206,الصف الأول,2026-06-23 19:18:20,,True,admin
SC002206,الصف الثاني,2026-06-23 19:18:20,,True,admin
SC002208,الصف الرابع,2026-06-24 15:28:56,,True,admin
SC002207,الصف الرابع,2026-06-24 15:29:29,,True,admin
SC002196,الصف الخامس,2026-06-24 15:31:34,,True,admin
SC002209,الصف الخامس,2026-06-24 15:34:04,,True,admin
SC002210,الصف الرابع,2026-06-24 15:36:47,,True,admin
SC002211,الصف الثاني,2026-06-24 15:38:42,,True,admin
SC002213,الصف الرابع,2026-06-25 15:25:59,,True,admin
SC002212,الصف الخامس,2026-06-25 15:20:50,,True,admin
SC002214,الصف الرابع,2026-06-28 10:06:06,,True,admin
SC002215,الصف الحادي عشر (الأول ثانوي),2026-06-28 10:11:05,,True,admin
SC002215,الصف الثاني عشر (التوجيهي),2026-06-28 10:11:05,,True,admin
SC002216,الصف السابع,2026-06-28 10:32:40,,True,admin
SC002216,الصف الثامن,2026-06-28 10:32:40,,True,admin
SC002216,الصف التاسع,2026-06-28 10:32:40,,True,admin
SC001222,الصف الثاني عشر (التوجيهي),2026-06-28 10:35:59,,True,admin
SC002202,الصف الحادي عشر (الأول ثانوي),2026-06-28 10:37:05,,True,admin
SC002202,الصف الثاني عشر (التوجيهي),2026-06-28 10:37:05,,True,admin
SC000237,الصف الثاني عشر (التوجيهي),2026-06-28 10:38:06,,True,admin
SC002217,الصف الخامس,2026-06-28 16:37:28,,True,admin
SC002218,الصف الرابع,2026-06-28 16:39:41,,True,admin
SC002220,الصف العاشر,2026-06-28 19:19:40,,True,admin
SC002221,الصف السابع,2026-07-05 14:04:33,,True,admin
SC002222,الصف السابع,2026-07-05 14:06:26,,True,admin
SC002223,الصف الثامن,2026-07-05 14:08:25,,True,admin
SC002224,الصف السادس,2026-07-06 08:45:07,,True,admin
SC002225,الصف الثامن,2026-07-06 08:47:34,,True,admin
SC002227,الصف السابع,2026-07-07 08:55:24,,True,admin
SC001682,الصف السابع,2026-07-07 09:12:40,,True,admin
SC001682,الصف الثامن,2026-07-07 09:12:40,,True,admin
SC002228,الصف السابع,2026-07-07 09:24:42,,True,admin
SC002229,الصف الثاني عشر (التوجيهي),2026-07-07 09:28:36,,True,admin
SC002230,الصف الخامس,2026-07-07 09:31:41,,True,admin
SC002231,الصف الثاني عشر (التوجيهي),2026-07-07 09:42:08,,True,admin
SC002232,الصف التاسع,2026-07-07 09:44:37,,True,admin
SC002233,الصف الثاني عشر (التوجيهي),2026-07-07 09:49:44,,True,admin
SC001685,الصف الثامن,2026-07-07 13:18:26,,True,admin
SC002226,الصف التاسع,2026-07-07 13:18:26,,True,admin
SC002234,الصف السادس,2026-07-07 14:10:45,,True,admin
SC002234,الصف السابع,2026-07-07 14:10:45,,True,admin
SC000978,الصف السادس,2026-07-07 14:37:16,,True,admin
SC000978,الصف السابع,2026-07-07 14:37:16,,True,admin
SC000978,الصف الثامن,2026-07-07 14:37:16,,True,admin
SC002235,الصف الحادي عشر (الأول ثانوي),2026-07-07 14:41:33,,True,admin
SC002235,الصف الثاني عشر (التوجيهي),2026-07-07 14:41:33,,True,admin
SC002236,الصف السادس,2026-07-07 14:59:16,,True,admin
SC002238,الصف السادس,2026-07-07 19:10:20,,True,admin
SC002239,الصف السابع,2026-07-10 11:25:53,,True,admin
SC002245,الصف العاشر,2026-07-11 10:03:13,,True,admin
SC002245,الصف الحادي عشر (الأول ثانوي),2026-07-11 10:03:13,,True,admin
SC002245,الصف الثاني عشر (التوجيهي),2026-07-11 10:03:13,,True,admin
SC002244,الصف السابع,2026-07-11 10:05:21,,True,admin
SC002244,الصف الثامن,2026-07-11 10:05:21,,True,admin
SC002244,الصف التاسع,2026-07-11 10:05:21,,True,admin
SC002243,الصف التاسع,2026-07-11 10:07:02,,True,admin
SC002246,الصف التاسع,2026-07-11 21:04:08,,True,admin
SC002242,الصف الثاني عشر (التوجيهي),2026-07-11 21:08:30,,True,admin
SC002240,الصف الثامن,2026-07-10 11:32:26,,True,admin
SC002247,الروضة الصغرى (KG1),2026-07-12 12:41:51,,True,admin
SC002283,الصف الخامس,2026-07-12 14:20:43,,True,admin
SC002267,الصف الثاني,2026-07-12 17:29:48,,True,admin
SC002275,الصف الثالث,2026-07-12 13:56:51,,True,admin
SC002268,الصف الثاني,2026-07-12 13:43:02,,True,admin
SC002252,الروضة الكبرى (KG2),2026-07-12 17:39:44,,True,admin
SC002273,الصف الثالث,2026-07-12 13:55:35,,True,admin
SC002259,الصف الأول,2026-07-12 13:01:41,,True,admin
SC002269,الصف الثاني,2026-07-12 13:43:29,,True,admin
SC002266,الصف الثاني,2026-07-12 17:51:32,,True,admin
SC002260,الروضة الصغرى (KG1),2026-07-12 17:54:27,,True,admin
SC002278,الصف الخامس,2026-07-12 17:56:59,,True,admin
SC002280,الصف الخامس,2026-07-12 17:59:46,,True,admin
SC002256,الصف الثالث,2026-07-12 18:04:44,,True,admin
SC002258,الروضة الصغرى (KG1),2026-07-12 18:07:02,,True,admin
SC002277,الصف الرابع,2026-07-12 14:03:22,,True,admin
SC002274,الصف الثالث,2026-07-12 13:56:19,,True,admin
SC002249,الصف الأول,2026-07-12 18:15:01,,True,admin
SC002264,الصف الثاني,2026-07-12 20:18:28,,True,admin
SC002285,الصف الخامس,2026-07-12 14:22:03,,True,admin
SC002271,الروضة الصغرى (KG1),2026-07-12 20:56:17,,True,admin
SC002284,الصف الخامس,2026-07-12 14:21:24,,True,admin
SC002288,الصف السابع,2026-07-12 21:20:34,,True,admin
SC002288,الصف الثامن,2026-07-12 21:20:34,,True,admin
SC002288,الصف التاسع,2026-07-12 21:20:34,,True,admin
SC002288,الصف العاشر,2026-07-12 21:20:34,,True,admin
SC002288,الصف الحادي عشر (الأول ثانوي),2026-07-12 21:20:34,,True,admin
SC002288,الصف الثاني عشر (التوجيهي),2026-07-12 21:20:34,,True,admin
SC002265,الصف الثاني,2026-07-12 21:32:12,,True,admin
SC002287,الصف الخامس,2026-07-12 21:36:08,,True,admin
SC002248,الصف الأول,2026-07-12 21:38:35,,True,admin
SC002263,الروضة الصغرى (KG1),2026-07-12 21:42:15,,True,admin
SC002298,الصف التاسع,2026-07-13 00:15:33,,True,admin
SC002299,الصف العاشر,2026-07-13 00:16:51,,True,admin
SC002296,الصف الخامس,2026-07-13 00:24:24,,True,admin
SC002297,الصف الثاني,2026-07-13 00:27:00,,True,admin
SC002300,الصف الثاني عشر (التوجيهي),2026-07-13 08:18:01,,True,admin
SC002254,الصف الأول,2026-07-12 12:58:21,,True,admin
SC002290,الصف الثالث,2026-07-13 08:23:58,,True,admin
SC002289,الصف الأول,2026-07-13 08:26:00,,True,admin
SC002282,الصف الخامس,2026-07-12 14:20:11,,True,admin
SC002270,الصف الأول,2026-07-13 08:51:28,,True,admin
SC002279,الصف الخامس,2026-07-13 12:54:28,,True,admin
SC002251,الصف الأول,2026-07-13 12:56:00,,True,admin
SC002286,الصف الخامس,2026-07-13 12:57:57,,True,admin
SC002272,الصف الثاني,2026-07-13 12:59:47,,True,admin
SC002301,الصف الخامس,2026-07-13 13:03:59,,True,admin
SC002255,الروضة الصغرى (KG1),2026-07-13 13:06:22,,True,admin
SC001764,الصف الأول,2026-07-13 14:51:23,,True,admin
SC001764,الصف الثاني,2026-07-13 14:51:23,,True,admin
SC002302,الصف التاسع,2026-07-14 08:17:24,,True,admin
SC002303,الصف الثامن,2026-07-14 08:21:32,,True,admin
SC002303,الصف التاسع,2026-07-14 08:21:32,,True,admin
SC002303,الصف العاشر,2026-07-14 08:21:32,,True,admin
SC002304,الصف الثاني عشر (التوجيهي),2026-07-14 08:24:25,,True,admin
SC002305,الصف الثاني عشر (التوجيهي),2026-07-20 09:48:05,,True,admin
SC000342,الصف الخامس,2026-07-20 16:25:47,,True,admin
SC000342,الصف السادس,2026-07-20 16:25:47,,True,admin
SC001958,الصف السادس,2026-07-20 16:27:29,,True,admin
SC001958,الصف السابع,2026-07-20 16:27:29,,True,admin
SC002306,الصف العاشر,2026-07-20 16:31:55,,True,admin
SC002307,الصف التاسع,2026-07-20 16:33:11,,True,admin
SC002241,الصف السابع,2026-07-10 11:34:07,,True,admin
SC001935,الصف الحادي عشر (الأول ثانوي),2026-07-20 16:39:08,,True,admin
SC002308,الصف الثاني عشر (التوجيهي),2026-07-20 16:39:08,,True,admin
SC002276,الصف الثالث,2026-07-20 16:42:44,,True,admin
SC002253,الصف الأول,2026-07-12 12:57:37,,True,admin
SC002262,الروضة الكبرى (KG2),2026-07-12 13:02:57,,True,admin
SC002281,الصف الخامس,2026-07-12 14:19:04,,True,admin
SC002291,الصف الرابع,2026-07-12 22:49:22,,True,admin
SC002292,الصف الثاني,2026-07-12 22:50:02,,True,admin
SC002293,الصف الرابع,2026-07-12 22:50:45,,True,admin
SC002294,الصف الرابع,2026-07-12 22:51:26,,True,admin
SC002295,الصف الخامس,2026-07-12 22:52:03,,True,admin
SC002257,الروضة الكبرى (KG2),2026-07-13 12:49:59,,True,admin
SC001935,الصف الحادي عشر (الأول ثانوي),2026-07-11 21:17:35,2026-07-20 16:39:08,False,admin
SC001935,الصف الثاني عشر (التوجيهي),2026-07-11 21:17:35,2026-07-20 16:39:08,False,admin
SC001958,الصف الخامس,2025-11-07 22:52:58,2026-07-20 16:27:29,False,admin
SC001958,الصف السادس,2025-11-07 22:52:58,2026-07-20 16:27:29,False,admin
SC000342,الصف السادس,2025-02-07 19:36:04,2026-07-20 16:25:47,False,admin
SC000342,الصف السابع,2025-02-07 19:36:04,2026-07-20 16:25:47,False,admin
SC001764,الروضة الكبرى (KG2),2025-09-28 10:58:36,2026-07-13 14:51:23,False,admin
SC001764,الصف الأول,2025-09-28 10:58:36,2026-07-13 14:51:23,False,admin
SC002270,الصف الثاني,2026-07-12 18:02:04,2026-07-13 08:51:28,False,admin
SC001935,الصف العاشر,2025-11-05 08:00:35,2026-07-11 21:17:35,False,admin
SC001935,الصف الحادي عشر (الأول ثانوي),2025-11-05 08:00:35,2026-07-11 21:17:35,False,admin
SC000978,الصف السابع,2025-03-16 18:11:36,2026-07-07 14:37:16,False,admin
SC000978,الصف الثامن,2025-03-16 18:11:36,2026-07-07 14:37:16,False,admin
SC001685,الصف السابع,2026-07-06 08:50:13,2026-07-07 13:18:26,False,admin
SC002226,الصف الثامن,2026-07-06 08:50:13,2026-07-07 13:18:26,False,admin
SC001682,الصف الثامن,2025-07-15 11:24:30,2026-07-07 09:12:40,False,admin
SC001682,الصف التاسع,2025-07-15 11:24:30,2026-07-07 09:12:40,False,admin
SC001685,الصف الثامن,2025-07-15 16:06:27,2026-07-06 08:50:13,False,admin
SC001685,الصف التاسع,2025-07-15 16:06:27,2026-07-06 08:50:13,False,admin
SC000237,الصف الثاني عشر (التوجيهي),2025-02-02 16:33:48,2026-06-28 10:38:06,False,admin
SC002202,الصف الحادي عشر (الأول ثانوي),2026-06-23 19:00:08,2026-06-28 10:37:05,False,admin
SC002202,الصف الثاني عشر (التوجيهي),2026-06-23 19:00:08,2026-06-28 10:37:05,False,admin
SC001222,الصف الثاني عشر (التوجيهي),2025-03-22 18:04:33,2026-06-28 10:35:59,False,admin
SC000804,الصف السابع,2025-03-12 20:40:14,2026-05-27 19:55:41,False,admin
SC000804,الصف الثامن,2025-03-12 20:40:14,2026-05-27 19:55:41,False,admin
SC000436,الصف الثامن,2025-02-16 23:24:53,2026-05-27 19:53:45,False,admin
SC000436,الصف التاسع,2025-02-16 23:24:53,2026-05-27 19:53:45,False,admin
SC000612,الصف الحادي عشر (الأول ثانوي),2026-05-27 19:47:34,2026-05-27 19:48:06,False,admin
SC000612,الصف الثاني عشر (التوجيهي),2026-05-27 19:47:34,2026-05-27 19:48:06,False,admin
SC000612,الصف الثاني عشر (التوجيهي),2025-02-24 07:13:32,2026-05-27 19:47:34,False,admin
SC002197,الصف الثالث,2026-06-22 21:05:44,2026-06-23 18:47:19,False,admin
SC002201,الصف الحادي عشر (الأول ثانوي),2026-06-23 18:58:40,2026-06-23 19:00:08,False,admin
SC002201,الصف الثاني عشر (التوجيهي),2026-06-23 18:58:40,2026-06-23 19:00:08,False,admin
SC002198,الصف الرابع,2026-06-22 21:50:42,2026-06-23 19:08:34,False,admin
SC002196,الصف الخامس,2026-06-22 16:04:52,2026-06-24 15:31:34,False,admin
SC002219,الصف العاشر,2026-06-28 19:19:29,2026-06-28 19:19:40,False,admin
SC002237,الصف السادس,2026-07-07 19:09:52,2026-07-07 19:10:20,False,admin
SC002245,الصف الثاني عشر (التوجيهي),2026-07-11 09:58:51,2026-07-11 10:03:13,False,admin
SC002244,الصف التاسع,2026-07-11 09:58:02,2026-07-11 10:05:21,False,admin
SC002243,الصف التاسع,2026-07-11 09:57:04,2026-07-11 10:07:02,False,admin
SC002242,الصف الثاني عشر (التوجيهي),2026-07-11 09:56:07,2026-07-11 21:08:30,False,admin
SC002261,الروضة الكبرى (KG2),2026-07-12 13:02:53,2026-07-12 13:02:57,False,admin
SC002267,الصف الثاني,2026-07-12 13:42:34,2026-07-12 17:29:48,False,admin
SC002252,الروضة الكبرى (KG2),2026-07-12 12:57:05,2026-07-12 17:39:44,False,admin
SC002266,الصف الثاني,2026-07-12 13:41:58,2026-07-12 17:51:32,False,admin
SC002260,الروضة الكبرى (KG2),2026-07-12 13:02:20,2026-07-12 17:54:27,False,admin
SC002278,الصف الخامس,2026-07-12 14:17:01,2026-07-12 17:56:59,False,admin
SC002280,الصف الخامس,2026-07-12 14:18:30,2026-07-12 17:59:46,False,admin
SC002270,الصف الثاني,2026-07-12 13:44:48,2026-07-12 18:02:04,False,admin
SC002256,الصف الأول,2026-07-12 12:59:41,2026-07-12 18:04:44,False,admin
SC002258,الروضة الكبرى (KG2),2026-07-12 13:00:53,2026-07-12 18:07:02,False,admin
SC002249,الصف الأول,2026-07-12 12:54:35,2026-07-12 18:15:01,False,admin
SC002264,الروضة الكبرى (KG2),2026-07-12 13:04:56,2026-07-12 20:18:28,False,admin
SC002271,الصف الثاني,2026-07-12 13:45:49,2026-07-12 20:56:17,False,admin
SC002287,الصف الخامس,2026-07-12 14:23:29,2026-07-12 21:36:08,False,admin
SC002248,الصف الأول,2026-07-12 12:53:56,2026-07-12 21:38:35,False,admin
SC002263,الروضة الكبرى (KG2),2026-07-12 13:03:52,2026-07-12 21:42:15,False,admin
SC002296,الصف الخامس,2026-07-12 22:55:13,2026-07-13 00:24:24,False,admin
SC002297,الصف الثاني,2026-07-12 22:56:39,2026-07-13 00:27:00,False,admin
SC002290,الصف الثالث,2026-07-12 22:48:38,2026-07-13 08:23:58,False,admin
SC002289,الصف الأول,2026-07-12 21:57:13,2026-07-13 08:26:00,False,admin
SC002279,الصف الخامس,2026-07-12 14:17:56,2026-07-13 12:54:28,False,admin
SC002251,الصف الأول,2026-07-12 12:56:04,2026-07-13 12:56:00,False,admin
SC002286,الصف الخامس,2026-07-12 14:22:43,2026-07-13 12:57:57,False,admin
SC002272,الصف الثالث,2026-07-12 13:54:36,2026-07-13 12:59:47,False,admin
SC002255,الصف الأول,2026-07-12 12:58:59,2026-07-13 13:06:22,False,admin
SC002276,الصف الثالث,2026-07-12 13:57:23,2026-07-20 16:42:44,False,admin
