person_id,school_record_id,school_name,start_date,end_date,is_current,scd_active_from,scd_active_to,scd_currently_active_flag,scd_changed_by_user
341,SC000001,البطريركيّة اللاتينيّة,,,True,2025-01-31 17:12:27,,True,admin
342,SC000002,البطريركيّة اللاتينيّة,,,True,2025-01-31 17:22:22,,True,admin
343,SC000003,الروم الكاثوليك,,,True,2025-01-31 17:27:30,,True,admin
344,SC000004,البطريركيّة اللاتينيّة,,,True,2025-01-31 17:27:34,,True,admin
347,SC000005,البطريركيّة اللاتينيّة,,,True,2025-01-31 19:11:47,,True,admin
348,SC000006,كليّة دي لاسال - الفرير,,,True,2025-01-31 19:11:54,,True,admin
349,SC000007,البطريركيّة اللاتينيّة,,,True,2025-01-31 19:11:58,,True,admin
350,SC000008,البطريركيّة اللاتينيّة,,,True,2025-01-31 19:13:52,,True,admin
351,SC000009,البطريركيّة اللاتينيّة,,,True,2025-01-31 19:15:56,,True,admin
353,SC000010,مدرسة حكوميّة,,,True,2025-01-31 19:18:25,,True,admin
354,SC000011,راهبات الفرنسيسكان,,,True,2025-01-31 19:19:10,,True,admin
358,SC000012,البطريركيّة اللاتينيّة,,,True,2025-01-31 19:50:29,,True,admin
359,SC000013,البطريركيّة اللاتينيّة,,,True,2025-01-31 19:50:31,,True,admin
360,SC000014,البطريركيّة اللاتينيّة,,,True,2025-01-31 19:51:11,,True,admin
361,SC000015,البطريركيّة اللاتينيّة,,,True,2025-01-31 19:51:53,,True,admin
362,SC000016,البطريركيّة اللاتينيّة,,,True,2025-01-31 19:52:29,,True,admin
365,SC000017,مدرسة حكوميّة,,,True,2025-01-31 19:58:29,,True,admin
366,SC000018,البطريركيّة اللاتينيّة,,,True,2025-01-31 19:59:07,,True,admin
367,SC000019,مدرسة حكوميّة,,,True,2025-01-31 20:07:14,,True,admin
368,SC000020,البطريركيّة اللاتينيّة,,,True,2025-01-31 20:10:48,,True,admin
370,SC000021,البطريركيّة اللاتينيّة,,,True,2025-01-31 20:28:49,,True,admin
371,SC000022,البطريركيّة اللاتينيّة,,,True,2025-01-31 20:34:13,,True,admin
372,SC000023,البطريركيّة اللاتينيّة,,,True,2025-01-31 20:45:50,,True,admin
385,SC000025,البطريركيّة اللاتينيّة,,,True,2025-01-31 22:45:19,,True,admin
392,SC000026,راهبات الورديّة,,,True,2025-02-01 09:51:14,,True,admin
393,SC000027,راهبات الورديّة,,,True,2025-02-01 09:52:53,,True,admin
395,SC000028,راهبات الورديّة,,,True,2025-02-01 10:26:32,,True,admin
396,SC000029,راهبات الورديّة,,,True,2025-02-01 10:27:32,,True,admin
399,SC000030,الأورثوذكسيّة,,,True,2025-02-01 11:51:25,,True,admin
403,SC000031,راهبات الورديّة,,,True,2025-02-01 12:21:18,,True,admin
405,SC000032,راهبات الورديّة,,,True,2025-02-01 12:29:45,,True,admin
407,SC000033,راهبات الورديّة,,,True,2025-02-01 12:42:41,,True,admin
417,SC000034,البطريركيّة اللاتينيّة,,,True,2025-02-01 13:47:43,,True,admin
418,SC000035,البطريركيّة اللاتينيّة,,,True,2025-02-01 13:49:04,,True,admin
419,SC000036,راهبات الورديّة,,,True,2025-02-01 13:51:21,,True,admin
421,SC000037,راهبات الورديّة,,,True,2025-02-01 13:55:00,,True,admin
422,SC000038,البطريركيّة اللاتينيّة,,,True,2025-02-01 13:57:44,,True,admin
424,SC000039,الروم الكاثوليك,,,True,2025-02-01 14:11:35,,True,admin
425,SC000040,الروم الكاثوليك,,,True,2025-02-01 14:11:48,,True,admin
426,SC000041,الروم الكاثوليك,,,True,2025-02-01 14:11:59,,True,admin
427,SC000042,المخلّص الإنجيليّة,,,True,2025-02-01 14:12:54,,True,admin
428,SC000043,البطريركيّة اللاتينيّة,,,True,2025-02-01 14:12:57,,True,admin
429,SC000044,الروم الكاثوليك,,,True,2025-02-01 14:13:18,,True,admin
430,SC000045,الروم الكاثوليك,,,True,2025-02-01 14:13:58,,True,admin
431,SC000046,البطريركيّة اللاتينيّة,,,True,2025-02-01 14:15:09,,True,admin
432,SC000047,البطريركيّة اللاتينيّة,,,True,2025-02-01 14:15:29,,True,admin
433,SC000048,الروم الكاثوليك,,,True,2025-02-01 14:17:47,,True,admin
434,SC000049,راهبات الورديّة,,,True,2025-02-01 14:18:23,,True,admin
436,SC000050,البطريركيّة اللاتينيّة,,,True,2025-02-01 14:20:11,,True,admin
437,SC000051,البطريركيّة اللاتينيّة,,,True,2025-02-01 14:21:00,,True,admin
438,SC000052,البطريركيّة اللاتينيّة,,,True,2025-02-01 14:23:52,,True,admin
439,SC000053,البطريركيّة اللاتينيّة,,,True,2025-02-01 14:25:33,,True,admin
440,SC000054,البطريركيّة اللاتينيّة,,,True,2025-02-01 14:30:36,,True,admin
441,SC000055,الروم الكاثوليك,,,True,2025-02-01 14:30:43,,True,admin
442,SC000056,الروم الكاثوليك,,,True,2025-02-01 14:30:48,,True,admin
443,SC000057,البطريركيّة اللاتينيّة,,,True,2025-02-01 14:30:52,,True,admin
444,SC000058,البطريركيّة اللاتينيّة,,,True,2025-02-01 14:30:58,,True,admin
446,SC000059,مدرسة حكوميّة,,,True,2025-02-01 14:32:46,,True,admin
447,SC000060,البطريركيّة اللاتينيّة,,,True,2025-02-01 14:33:36,,True,admin
448,SC000061,راهبات الورديّة,,,True,2025-02-01 14:35:15,,True,admin
450,SC000062,البطريركيّة اللاتينيّة,,,True,2025-02-01 14:42:41,,True,admin
451,SC000063,الروم الكاثوليك,,,True,2025-02-01 14:43:19,,True,admin
452,SC000064,الروم الكاثوليك,,,True,2025-02-01 14:44:58,,True,admin
453,SC000065,البطريركيّة اللاتينيّة,,,True,2025-02-01 14:46:16,,True,admin
454,SC000066,راهبات الورديّة,,,True,2025-02-01 14:47:30,,True,admin
455,SC000067,راهبات الورديّة,,,True,2025-02-01 14:48:05,,True,admin
456,SC000068,البطريركيّة اللاتينيّة,,,True,2025-02-01 14:48:16,,True,admin
457,SC000069,البطريركيّة اللاتينيّة,,,True,2025-02-01 14:48:00,,True,admin
458,SC000070,راهبات الورديّة,,,True,2025-02-01 14:49:21,,True,admin
459,SC000071,البطريركيّة اللاتينيّة,,,True,2025-02-01 14:50:27,,True,admin
460,SC000072,راهبات الورديّة,,,True,2025-02-01 14:50:41,,True,admin
461,SC000073,راهبات الورديّة,,,True,2025-02-01 14:51:39,,True,admin
462,SC000074,راهبات الورديّة,,,True,2025-02-01 14:53:03,,True,admin
463,SC000075,راهبات الورديّة,,,True,2025-02-01 14:53:11,,True,admin
464,SC000076,البطريركيّة اللاتينيّة,,,True,2025-02-01 14:58:42,,True,admin
467,SC000078,البطريركيّة اللاتينيّة,,,True,2025-02-01 15:05:23,,True,admin
468,SC000079,البطريركيّة اللاتينيّة,,,True,2025-02-01 15:05:53,,True,admin
469,SC000080,البطريركيّة اللاتينيّة,,,True,2025-02-01 15:07:01,,True,admin
470,SC000081,البطريركيّة اللاتينيّة,,,True,2025-02-01 15:07:17,,True,admin
471,SC000082,البطريركيّة اللاتينيّة,,,True,2025-02-01 15:08:56,,True,admin
472,SC000083,البطريركيّة اللاتينيّة,,,True,2025-02-01 15:09:24,,True,admin
473,SC000084,البطريركيّة اللاتينيّة,,,True,2025-02-01 15:09:52,,True,admin
474,SC000085,البطريركيّة اللاتينيّة,,,True,2025-02-01 15:09:55,,True,admin
475,SC000086,البطريركيّة اللاتينيّة,,,True,2025-02-01 15:14:04,,True,admin
476,SC000087,البطريركيّة اللاتينيّة,,,True,2025-02-01 15:16:26,,True,admin
477,SC000088,البطريركيّة اللاتينيّة,,,True,2025-02-01 15:17:11,,True,admin
478,SC000089,البطريركيّة اللاتينيّة,,,True,2025-02-01 15:18:22,,True,admin
479,SC000090,البطريركيّة اللاتينيّة,,,True,2025-02-01 15:19:28,,True,admin
482,SC000091,البطريركيّة اللاتينيّة,,,True,2025-02-01 15:26:29,,True,admin
484,SC000092,البطريركيّة اللاتينيّة,,,True,2025-02-01 15:41:12,,True,admin
485,SC000093,الروم الكاثوليك,,,True,2025-02-01 15:42:55,,True,admin
486,SC000094,البطريركيّة اللاتينيّة,,,True,2025-02-01 15:46:03,,True,admin
487,SC000095,البطريركيّة اللاتينيّة,,,True,2025-02-01 15:46:18,,True,admin
488,SC000096,الروم الكاثوليك,,,True,2025-02-01 15:47:30,,True,admin
489,SC000097,البطريركيّة اللاتينيّة,,,True,2025-02-01 15:49:55,,True,admin
490,SC000098,البطريركيّة اللاتينيّة,,,True,2025-02-01 15:52:51,,True,admin
491,SC000099,البطريركيّة اللاتينيّة,,,True,2025-02-01 15:54:37,,True,admin
492,SC000100,البطريركيّة اللاتينيّة,,,True,2025-02-01 15:56:31,,True,admin
493,SC000101,الروم الأرثوذكس,,,True,2025-02-01 16:01:06,,True,admin
495,SC000102,الأورثوذكسيّة,,,True,2025-02-01 16:03:44,,True,admin
497,SC000103,البطريركيّة اللاتينيّة,,,True,2025-02-01 16:04:52,,True,admin
499,SC000104,البطريركيّة اللاتينيّة,,,True,2025-02-01 16:05:41,,True,admin
501,SC000105,الأورثوذكسيّة,,,True,2025-02-01 16:20:00,,True,admin
502,SC000106,الأورثوذكسيّة,,,True,2025-02-01 16:22:19,,True,admin
504,SC000107,الأورثوذكسيّة,,,True,2025-02-01 16:23:32,,True,admin
506,SC000108,البطريركيّة اللاتينيّة,,,True,2025-02-01 16:24:02,,True,admin
507,SC000109,البطريركيّة اللاتينيّة,,,True,2025-02-01 16:43:48,,True,admin
508,SC000110,الأورثوذكسيّة,,,True,2025-02-01 16:45:55,,True,admin
509,SC000111,الأورثوذكسيّة,,,True,2025-02-01 16:59:38,,True,admin
510,SC000112,الأسقفيّة الإنجيليّة العربيّة,,,True,2025-02-01 17:01:04,,True,admin
511,SC000113,البطريركيّة اللاتينيّة,,,True,2025-02-01 17:04:00,,True,admin
513,SC000114,البطريركيّة اللاتينيّة,,,True,2025-02-01 17:33:17,,True,admin
515,SC000115,البطريركيّة اللاتينيّة,,,True,2025-02-01 17:35:02,,True,admin
516,SC000116,راهبات الورديّة,,,True,2025-02-01 18:09:32,,True,admin
517,SC000117,الصفوة النموذجيّة,,,True,2025-02-01 19:08:41,,True,admin
518,SC000118,البطريركيّة اللاتينيّة,,,True,2025-02-01 19:11:43,,True,admin
519,SC000119,الصفوة النموذجيّة,,,True,2025-02-01 19:14:56,,True,admin
520,SC000120,روضة علمه البيان,,,True,2025-02-01 19:17:13,,True,admin
521,SC000121,الصفوة النموذجيّة,,,True,2025-02-01 19:20:59,,True,admin
522,SC000122,البطريركيّة اللاتينيّة,,,True,2025-02-01 20:41:09,,True,admin
523,SC000123,البطريركيّة اللاتينيّة,,,True,2025-02-01 20:42:02,,True,admin
524,SC000124,كليّة دي لاسال - الفرير,,,True,2025-02-01 20:42:42,,True,admin
527,SC000127,البطريركيّة اللاتينيّة,,,True,2025-02-01 20:43:35,,True,admin
528,SC000128,راهبات الورديّة,,,True,2025-02-01 20:43:36,,True,admin
530,SC000130,راهبات الورديّة,,,True,2025-02-01 20:43:00,,True,admin
531,SC000131,البطريركيّة اللاتينيّة,,,True,2025-02-01 20:45:02,,True,admin
532,SC000132,البطريركيّة اللاتينيّة,,,True,2025-02-01 20:45:17,,True,admin
534,SC000134,البطريركيّة اللاتينيّة,,,True,2025-02-01 20:46:42,,True,admin
536,SC000136,البطريركيّة اللاتينيّة,,,True,2025-02-01 20:47:48,,True,admin
537,SC000137,الأورثوذكسيّة,,,True,2025-02-01 20:48:54,,True,admin
539,SC000139,مدرسة حكوميّة,,,True,2025-02-01 20:50:28,,True,admin
543,SC000143,روضة الزرقاء الجديدة,,,True,2025-02-01 20:57:44,,True,admin
544,SC000144,البطريركيّة اللاتينيّة,,,True,2025-02-01 20:57:58,,True,admin
545,SC000145,البطريركيّة اللاتينيّة,,,True,2025-02-01 20:58:50,,True,admin
546,SC000146,راهبات الورديّة,,,True,2025-02-01 21:00:47,,True,admin
547,SC000147,راهبات الورديّة,,,True,2025-02-01 21:02:27,,True,admin
548,SC000148,البطريركيّة اللاتينيّة,,,True,2025-02-01 21:05:33,,True,admin
549,SC000149,البطريركيّة اللاتينيّة,,,True,2025-02-01 21:06:06,,True,admin
550,SC000150,البطريركيّة اللاتينيّة,,,True,2025-02-01 21:06:11,,True,admin
551,SC000151,الأورثوذكسيّة,,,True,2025-02-01 21:06:53,,True,admin
552,SC000152,البطريركيّة اللاتينيّة,,,True,2025-02-01 21:08:56,,True,admin
553,SC000153,الأورثوذكسيّة,,,True,2025-02-01 21:10:05,,True,admin
554,SC000154,البطريركيّة اللاتينيّة,,,True,2025-02-01 21:10:48,,True,admin
555,SC000155,البطريركيّة اللاتينيّة,,,True,2025-02-01 21:12:05,,True,admin
556,SC000156,البطريركيّة اللاتينيّة,,,True,2025-02-01 21:13:32,,True,admin
558,SC000157,مدرسة وروضة الأكاديميّة الأمريكيّة الأردنيّة,,,True,2025-02-01 21:14:44,,True,admin
559,SC000158,البطريركيّة اللاتينيّة,,,True,2025-02-01 21:14:45,,True,admin
560,SC000159,البطريركيّة اللاتينيّة,,,True,2025-02-01 21:14:54,,True,admin
561,SC000160,البطريركيّة اللاتينيّة,,,True,2025-02-01 21:15:14,,True,admin
562,SC000161,البطريركيّة اللاتينيّة,,,True,2025-02-01 21:16:36,,True,admin
563,SC000162,البطريركيّة اللاتينيّة,,,True,2025-02-01 21:16:49,,True,admin
564,SC000163,البطريركيّة اللاتينيّة,,,True,2025-02-01 21:21:06,,True,admin
567,SC000165,البطريركيّة اللاتينيّة,,,True,2025-02-01 21:42:00,,True,admin
568,SC000166,البطريركيّة اللاتينيّة,,,True,2025-02-01 21:43:21,,True,admin
570,SC000167,البطريركيّة اللاتينيّة,,,True,2025-02-01 21:44:51,,True,admin
571,SC000168,البطريركيّة اللاتينيّة,,,True,2025-02-01 21:45:20,,True,admin
572,SC000169,البطريركيّة اللاتينيّة,,,True,2025-02-01 21:46:43,,True,admin
573,SC000170,البطريركيّة اللاتينيّة,,,True,2025-02-01 21:49:07,,True,admin
575,SC000171,البطريركيّة اللاتينيّة,,,True,2025-02-01 21:55:58,,True,admin
576,SC000172,البطريركيّة اللاتينيّة,,,True,2025-02-01 21:59:15,,True,admin
577,SC000173,البطريركيّة اللاتينيّة,,,True,2025-02-01 22:03:08,,True,admin
578,SC000174,راهبات الورديّة,,,True,2025-02-01 22:07:55,,True,admin
579,SC000175,راهبات الورديّة,,,True,2025-02-01 22:09:36,,True,admin
589,SC000178,أكاديميّة لوريت,,,True,2025-02-01 22:42:56,,True,admin
593,SC000180,البطريركيّة اللاتينيّة,,,True,2025-02-01 22:58:55,,True,admin
595,SC000181,البطريركيّة اللاتينيّة,,,True,2025-02-01 23:03:48,,True,admin
596,SC000182,البطريركيّة اللاتينيّة,,,True,2025-02-01 23:12:18,,True,admin
599,SC000183,البطريركيّة اللاتينيّة,,,True,2025-02-01 23:18:24,,True,admin
605,SC000186,البطريركيّة اللاتينيّة,,,True,2025-02-02 00:16:32,,True,admin
606,SC000187,البطريركيّة اللاتينيّة,,,True,2025-02-02 01:27:58,,True,admin
607,SC000188,كليّة تراسانطة,,,True,2025-02-02 06:33:07,,True,admin
608,SC000189,البطريركيّة اللاتينيّة,,,True,2025-02-02 08:11:00,,True,admin
614,SC000191,البطريركيّة اللاتينيّة,,,True,2025-02-02 10:27:30,,True,admin
615,SC000192,روضة وكلّية السعادة,,,True,2025-02-02 10:29:17,,True,admin
616,SC000193,البطريركيّة اللاتينيّة,,,True,2025-02-02 10:29:38,,True,admin
619,SC000194,كليّة دي لاسال - الفرير,,,True,2025-02-02 10:35:12,,True,admin
620,SC000195,كليّة دي لاسال - الفرير,,,True,2025-02-02 10:36:39,,True,admin
621,SC000196,كليّة دي لاسال - الفرير,,,True,2025-02-02 10:37:53,,True,admin
622,SC000197,البطريركيّة اللاتينيّة,,,True,2025-02-02 10:38:12,,True,admin
623,SC000198,كليّة دي لاسال - الفرير,,,True,2025-02-02 10:39:15,,True,admin
624,SC000199,راهبات الورديّة,,,True,2025-02-02 10:56:05,,True,admin
625,SC000200,البطريركيّة اللاتينيّة,,,True,2025-02-02 10:59:22,,True,admin
626,SC000201,الروم الكاثوليك,,,True,2025-02-02 11:00:53,,True,admin
627,SC000202,كليّة سيّدة الناصرة,,,True,2025-02-02 11:01:33,,True,admin
628,SC000203,كليّة تراسانطة,,,True,2025-02-02 11:05:34,,True,admin
629,SC000204,البطريركيّة اللاتينيّة,,,True,2025-02-02 11:06:08,,True,admin
630,SC000205,كليّة تراسانطة,,,True,2025-02-02 11:06:47,,True,admin
631,SC000206,البطريركيّة اللاتينيّة,,,True,2025-02-02 11:07:01,,True,admin
632,SC000207,البطريركيّة اللاتينيّة,,,True,2025-02-02 11:09:31,,True,admin
633,SC000208,كليّة تراسانطة,,,True,2025-02-02 11:10:58,,True,admin
634,SC000209,البطريركيّة اللاتينيّة,,,True,2025-02-02 11:11:06,,True,admin
636,SC000210,البطريركيّة اللاتينيّة,,,True,2025-02-02 11:19:03,,True,admin
637,SC000211,كليّة تراسانطة,,,True,2025-02-02 11:27:35,,True,admin
638,SC000212,البطريركيّة اللاتينيّة,,,True,2025-02-02 11:30:23,,True,admin
639,SC000213,البطريركيّة اللاتينيّة,,,True,2025-02-02 11:31:22,,True,admin
640,SC000214,البطريركيّة اللاتينيّة,,,True,2025-02-02 11:34:54,,True,admin
641,SC000215,كليّة دي لاسال - الفرير,,,True,2025-02-02 11:41:45,,True,admin
642,SC000216,كليّة دي لاسال - الفرير,,,True,2025-02-02 11:43:19,,True,admin
643,SC000217,البطريركيّة اللاتينيّة,,,True,2025-02-02 11:47:23,,True,admin
644,SC000218,البطريركيّة اللاتينيّة,,,True,2025-02-02 11:51:20,,True,admin
645,SC000219,البطريركيّة اللاتينيّة,,,True,2025-02-02 11:54:49,,True,admin
646,SC000220,البطريركيّة اللاتينيّة,,,True,2025-02-02 11:56:28,,True,admin
648,SC000221,البطريركيّة اللاتينيّة,,,True,2025-02-02 12:31:02,,True,admin
649,SC000222,كليّة دي لاسال - الفرير,,,True,2025-02-02 12:56:04,,True,admin
651,SC000223,البطريركيّة اللاتينيّة,,,True,2025-02-02 13:03:43,,True,admin
652,SC000224,البطريركيّة اللاتينيّة,,,True,2025-02-02 13:05:40,,True,admin
653,SC000225,البطريركيّة اللاتينيّة,,,True,2025-02-02 13:15:16,,True,admin
654,SC000226,البطريركيّة اللاتينيّة,,,True,2025-02-02 13:16:54,,True,admin
655,SC000227,البطريركيّة اللاتينيّة,,,True,2025-02-02 13:19:23,,True,admin
657,SC000228,البطريركيّة اللاتينيّة,,,True,2025-02-02 13:59:05,,True,admin
658,SC000229,البطريركيّة اللاتينيّة,,,True,2025-02-02 14:14:12,,True,admin
659,SC000230,البطريركيّة اللاتينيّة,,,True,2025-02-02 15:14:10,,True,admin
660,SC000231,البطريركيّة اللاتينيّة,,,True,2025-02-02 15:18:09,,True,admin
661,SC000232,البطريركيّة اللاتينيّة,,,True,2025-02-02 15:23:11,,True,admin
662,SC000233,كليّة تراسانطة,,,True,2025-02-02 15:35:59,,True,admin
664,SC000234,البطريركيّة اللاتينيّة,,,True,2025-02-02 15:45:22,,True,admin
665,SC000235,البطريركيّة اللاتينيّة,,,True,2025-02-02 16:00:16,,True,admin
666,SC000236,البطريركيّة اللاتينيّة,,,True,2025-02-02 16:20:21,,True,admin
667,SC000237,البطريركيّة اللاتينيّة,,,True,2025-02-02 16:33:48,,True,admin
668,SC000238,البطريركيّة اللاتينيّة,,,True,2025-02-02 16:57:19,,True,admin
669,SC000239,كليّة دي لاسال - الفرير,,,True,2025-02-02 17:02:30,,True,admin
670,SC000240,راهبات الفرنسيسكان,,,True,2025-02-02 17:30:55,,True,admin
672,SC000241,الأسقفيّة الإنجيليّة العربيّة,,,True,2025-02-02 19:53:09,,True,admin
673,SC000242,كليّة تراسانطة,,,True,2025-02-02 20:25:47,,True,admin
675,SC000244,البطريركيّة اللاتينيّة,,,True,2025-02-02 21:31:45,,True,admin
676,SC000245,البطريركيّة اللاتينيّة,,,True,2025-02-02 21:47:44,,True,admin
677,SC000246,البطريركيّة اللاتينيّة,,,True,2025-02-02 21:50:25,,True,admin
678,SC000247,البطريركيّة اللاتينيّة,,,True,2025-02-02 22:19:38,,True,admin
684,SC000249,البطريركيّة اللاتينيّة,,,True,2025-02-03 12:13:38,,True,admin
688,SC000253,البطريركيّة اللاتينيّة,,,True,2025-02-03 12:25:06,,True,admin
691,SC000256,المعمدانيّة,,,True,2025-02-03 12:43:50,,True,admin
694,SC000259,البطريركيّة اللاتينيّة,,,True,2025-02-03 12:51:01,,True,admin
695,SC000260,البطريركيّة اللاتينيّة,,,True,2025-02-03 12:51:13,,True,admin
696,SC000261,البطريركيّة اللاتينيّة,,,True,2025-02-03 12:54:42,,True,admin
697,SC000262,البطريركيّة اللاتينيّة,,,True,2025-02-03 12:59:56,,True,admin
699,SC000264,البطريركيّة اللاتينيّة,,,True,2025-02-03 13:15:11,,True,admin
700,SC000265,الأورثوذكسيّة,,,True,2025-02-03 13:17:48,,True,admin
702,SC000266,البطريركيّة اللاتينيّة,,,True,2025-02-03 14:14:22,,True,admin
704,SC000268,روضة الملاك الصغير,,,True,2025-02-03 14:17:22,,True,admin
707,SC000269,البطريركيّة اللاتينيّة,,,True,2025-02-03 14:40:28,,True,admin
709,SC000271,البطريركيّة اللاتينيّة,,,True,2025-02-03 14:50:08,,True,admin
710,SC000272,البطريركيّة اللاتينيّة,,,True,2025-02-03 15:03:29,,True,admin
711,SC000273,البطريركيّة اللاتينيّة,,,True,2025-02-03 15:16:42,,True,admin
712,SC000274,البطريركيّة اللاتينيّة,,,True,2025-02-03 15:23:59,,True,admin
714,SC000276,البطريركيّة اللاتينيّة,,,True,2025-02-03 15:29:44,,True,admin
715,SC000277,البطريركيّة اللاتينيّة,,,True,2025-02-03 15:34:04,,True,admin
717,SC000279,كليّة تراسانطة,,,True,2025-02-03 15:36:43,,True,admin
719,SC000281,البطريركيّة اللاتينيّة,,,True,2025-02-03 15:49:30,,True,admin
720,SC000282,البطريركيّة اللاتينيّة,,,True,2025-02-03 15:57:31,,True,admin
722,SC000284,مدرسة حكوميّة,,,True,2025-02-03 16:03:26,,True,admin
723,SC000285,البطريركيّة اللاتينيّة,,,True,2025-02-03 16:11:27,,True,admin
725,SC000286,البطريركيّة اللاتينيّة,,,True,2025-02-03 16:48:48,,True,admin
726,SC000287,البطريركيّة اللاتينيّة,,,True,2025-02-03 16:53:07,,True,admin
730,SC000290,عمان الوطنيّة,,,True,2025-02-03 17:50:47,,True,admin
732,SC000292,البطريركيّة اللاتينيّة,,,True,2025-02-03 18:07:36,,True,admin
733,SC000293,كليّة سيّدة الناصرة,,,True,2025-02-03 18:12:54,,True,admin
734,SC000294,البطريركيّة اللاتينيّة,,,True,2025-02-03 18:14:43,,True,admin
735,SC000295,البطريركيّة اللاتينيّة,,,True,2025-02-03 18:19:06,,True,admin
751,SC000299,المعمدانيّة,,,True,2025-02-04 09:52:07,,True,admin
752,SC000300,المعمدانيّة,,,True,2025-02-04 10:05:56,,True,admin
753,SC000301,البطريركيّة اللاتينيّة,,,True,2025-02-04 11:15:14,,True,admin
755,SC000303,البطريركيّة اللاتينيّة,,,True,2025-02-04 11:22:27,,True,admin
757,SC000305,البطريركيّة اللاتينيّة,,,True,2025-02-04 11:24:44,,True,admin
759,SC000307,البطريركيّة اللاتينيّة,,,True,2025-02-04 11:25:56,,True,admin
765,SC000309,البطريركيّة اللاتينيّة,,,True,2025-02-04 14:22:31,,True,admin
766,SC000310,البطريركيّة اللاتينيّة,,,True,2025-02-04 14:24:49,,True,admin
767,SC000311,البطريركيّة اللاتينيّة,,,True,2025-02-04 14:31:06,,True,admin
768,SC000312,الأورثوذكسيّة,,,True,2025-02-04 14:45:34,,True,admin
770,SC000313,البطريركيّة اللاتينيّة,,,True,2025-02-04 16:39:41,,True,admin
774,SC000314,راهبات الورديّة,,,True,2025-02-04 18:07:40,,True,admin
775,SC000315,الأورثوذكسيّة,,,True,2025-02-04 18:08:17,,True,admin
777,SC000317,البطريركيّة اللاتينيّة,,,True,2025-02-04 18:25:25,,True,admin
778,SC000318,البطريركيّة اللاتينيّة,,,True,2025-02-04 18:26:59,,True,admin
780,SC000320,البطريركيّة اللاتينيّة,,,True,2025-02-04 20:08:04,,True,admin
781,SC000321,مدرسة حكوميّة,,,True,2025-02-04 21:03:59,,True,admin
782,SC000322,البطريركيّة اللاتينيّة,,,True,2025-02-04 21:21:59,,True,admin
783,SC000323,البطريركيّة اللاتينيّة,,,True,2025-02-04 21:25:25,,True,admin
784,SC000324,البطريركيّة اللاتينيّة,,,True,2025-02-04 21:28:39,,True,admin
785,SC000325,البطريركيّة اللاتينيّة,,,True,2025-02-04 21:37:51,,True,admin
788,SC000326,البطريركيّة اللاتينيّة,,,True,2025-02-05 15:01:33,,True,admin
789,SC000327,راهبات الورديّة,,,True,2025-02-05 16:51:02,,True,admin
792,SC000329,البطريركيّة اللاتينيّة,,,True,2025-02-05 18:37:38,,True,admin
793,SC000330,البطريركيّة اللاتينيّة,,,True,2025-02-05 18:58:56,,True,admin
802,SC000331,كليّة تراسانطة,,,True,2025-02-06 10:29:22,,True,admin
803,SC000332,البطريركيّة اللاتينيّة,,,True,2025-02-06 10:42:07,,True,admin
804,SC000333,البطريركيّة اللاتينيّة,,,True,2025-02-06 10:45:40,,True,admin
808,SC000334,البطريركيّة اللاتينيّة,,,True,2025-02-06 18:11:08,,True,admin
810,SC000335,البطريركيّة اللاتينيّة,,,True,2025-02-06 22:36:14,,True,admin
811,SC000336,البطريركيّة اللاتينيّة,,,True,2025-02-07 12:08:32,,True,admin
813,SC000337,البطريركيّة اللاتينيّة,,,True,2025-02-07 13:33:34,,True,admin
814,SC000338,البطريركيّة اللاتينيّة,,,True,2025-02-07 13:35:18,,True,admin
816,SC000339,البطريركيّة اللاتينيّة,,,True,2025-02-07 15:10:05,,True,admin
817,SC000340,البطريركيّة اللاتينيّة,,,True,2025-02-07 17:56:30,,True,admin
818,SC000341,البطريركيّة اللاتينيّة,,,True,2025-02-07 17:58:05,,True,admin
819,SC000342,البطريركيّة اللاتينيّة,,,True,2025-02-07 19:36:04,,True,admin
820,SC000343,البطريركيّة اللاتينيّة,,,True,2025-02-08 19:25:28,,True,admin
821,SC000344,كليّة دي لاسال - الفرير,,,True,2025-02-08 20:39:02,,True,admin
832,SC000345,البطريركيّة اللاتينيّة,,,True,2025-02-09 20:15:01,,True,admin
837,SC000346,البطريركيّة اللاتينيّة,,,True,2025-02-10 14:00:14,,True,admin
838,SC000347,البطريركيّة اللاتينيّة,,,True,2025-02-10 14:03:48,,True,admin
839,SC000348,الروم الأرثوذكس الدوليّة (ABC),,,True,2025-02-10 14:04:33,,True,admin
840,SC000349,الروم الأرثوذكس,,,True,2025-02-10 14:08:07,,True,admin
841,SC000350,البطريركيّة اللاتينيّة,,,True,2025-02-10 14:15:44,,True,admin
842,SC000351,البطريركيّة اللاتينيّة,,,True,2025-02-10 14:16:01,,True,admin
844,SC000353,البطريركيّة اللاتينيّة,,,True,2025-02-10 14:28:20,,True,admin
845,SC000354,الروم الأرثوذكس,,,True,2025-02-10 14:31:49,,True,admin
846,SC000355,البطريركيّة اللاتينيّة,,,True,2025-02-10 14:34:32,,True,admin
848,SC000356,البطريركيّة اللاتينيّة,,,True,2025-02-10 15:48:51,,True,admin
849,SC000357,البطريركيّة اللاتينيّة,,,True,2025-02-10 16:00:00,,True,admin
850,SC000358,البطريركيّة اللاتينيّة,,,True,2025-02-10 16:24:43,,True,admin
851,SC000359,البطريركيّة اللاتينيّة,,,True,2025-02-10 16:48:13,,True,admin
854,SC000360,البطريركيّة اللاتينيّة,,,True,2025-02-10 19:17:41,,True,admin
855,SC000361,البطريركيّة اللاتينيّة,,,True,2025-02-10 19:38:31,,True,admin
856,SC000362,البطريركيّة اللاتينيّة,,,True,2025-02-10 21:29:11,,True,admin
858,SC000363,البطريركيّة اللاتينيّة,,,True,2025-02-10 23:08:26,,True,admin
861,SC000364,البطريركيّة اللاتينيّة,,,True,2025-02-11 16:46:23,,True,admin
862,SC000365,البطريركيّة اللاتينيّة,,,True,2025-02-11 18:00:20,,True,admin
864,SC000366,البطريركيّة اللاتينيّة,,,True,2025-02-12 22:46:25,,True,admin
865,SC000367,البطريركيّة اللاتينيّة,,,True,2025-02-12 22:52:32,,True,admin
866,SC000368,البطريركيّة اللاتينيّة,,,True,2025-02-12 22:55:43,,True,admin
868,SC000369,البطريركيّة اللاتينيّة,,,True,2025-02-12 22:57:51,,True,admin
869,SC000370,البطريركيّة اللاتينيّة,,,True,2025-02-12 23:09:34,,True,admin
872,SC000373,البطريركيّة اللاتينيّة,,,True,2025-02-12 23:18:26,,True,admin
873,SC000374,راهبات الورديّة,,,True,2025-02-13 13:27:32,,True,admin
880,SC000375,البطريركيّة اللاتينيّة,,,True,2025-02-15 12:22:06,,True,admin
881,SC000376,البطريركيّة اللاتينيّة,,,True,2025-02-15 12:23:31,,True,admin
882,SC000377,الروم الأرثوذكس الدوليّة (ABC),,,True,2025-02-15 12:26:18,,True,admin
883,SC000378,البطريركيّة اللاتينيّة,,,True,2025-02-15 12:27:11,,True,admin
884,SC000379,أكاديميّة كاترينا للأطفال,,,True,2025-02-15 12:29:18,,True,admin
885,SC000380,البطريركيّة اللاتينيّة,,,True,2025-02-15 12:31:02,,True,admin
886,SC000381,البطريركيّة اللاتينيّة,,,True,2025-02-15 12:32:21,,True,admin
887,SC000382,البطريركيّة اللاتينيّة,,,True,2025-02-15 12:33:14,,True,admin
888,SC000383,البطريركيّة اللاتينيّة,,,True,2025-02-15 12:33:40,,True,admin
889,SC000384,البطريركيّة اللاتينيّة,,,True,2025-02-15 12:51:49,,True,admin
890,SC000385,مدرسة حكوميّة,,,True,2025-02-15 12:55:26,,True,admin
891,SC000386,الروم الأرثوذكس,,,True,2025-02-15 13:05:08,,True,admin
892,SC000387,البطريركيّة اللاتينيّة,,,True,2025-02-15 13:11:55,,True,admin
893,SC000388,البطريركيّة اللاتينيّة,,,True,2025-02-15 13:15:50,,True,admin
894,SC000389,البطريركيّة اللاتينيّة,,,True,2025-02-15 13:19:45,,True,admin
895,SC000390,البطريركيّة اللاتينيّة,,,True,2025-02-15 13:38:35,,True,admin
896,SC000391,البطريركيّة اللاتينيّة,,,True,2025-02-15 14:50:54,,True,admin
897,SC000392,البطريركيّة اللاتينيّة,,,True,2025-02-15 15:26:22,,True,admin
898,SC000393,أكاديميّة كاترينا للأطفال,,,True,2025-02-15 15:28:07,,True,admin
899,SC000394,البطريركيّة اللاتينيّة,,,True,2025-02-15 17:11:32,,True,admin
900,SC000395,البطريركيّة اللاتينيّة,,,True,2025-02-15 17:19:35,,True,admin
901,SC000396,البطريركيّة اللاتينيّة,,,True,2025-02-15 17:21:23,,True,admin
902,SC000397,البطريركيّة اللاتينيّة,,,True,2025-02-15 17:30:51,,True,admin
903,SC000398,البطريركيّة اللاتينيّة,,,True,2025-02-15 18:38:58,,True,admin
904,SC000399,البطريركيّة اللاتينيّة,,,True,2025-02-15 18:59:41,,True,admin
905,SC000400,البطريركيّة اللاتينيّة,,,True,2025-02-15 19:01:05,,True,admin
906,SC000401,البطريركيّة اللاتينيّة,,,True,2025-02-15 19:05:12,,True,admin
907,SC000402,البطريركيّة اللاتينيّة,,,True,2025-02-15 19:34:17,,True,admin
908,SC000403,البطريركيّة اللاتينيّة,,,True,2025-02-15 20:20:24,,True,admin
909,SC000404,البطريركيّة اللاتينيّة,,,True,2025-02-15 20:28:54,,True,admin
910,SC000405,البطريركيّة اللاتينيّة,,,True,2025-02-15 20:49:32,,True,admin
911,SC000406,البطريركيّة اللاتينيّة,,,True,2025-02-15 20:51:14,,True,admin
912,SC000407,البطريركيّة اللاتينيّة,,,True,2025-02-15 20:56:17,,True,admin
913,SC000408,البطريركيّة اللاتينيّة,,,True,2025-02-15 21:01:43,,True,admin
914,SC000409,المعمدانيّة,,,True,2025-02-16 08:39:42,,True,admin
915,SC000410,البطريركيّة اللاتينيّة,,,True,2025-02-16 10:39:38,,True,admin
916,SC000411,البطريركيّة اللاتينيّة,,,True,2025-02-16 10:42:01,,True,admin
917,SC000412,الروم الكاثوليك,,,True,2025-02-16 15:04:50,,True,admin
919,SC000413,البطريركيّة اللاتينيّة,,,True,2025-02-16 16:17:48,,True,admin
920,SC000414,البطريركيّة اللاتينيّة,,,True,2025-02-16 22:19:52,,True,admin
921,SC000415,البطريركيّة اللاتينيّة,,,True,2025-02-16 22:22:17,,True,admin
922,SC000416,البطريركيّة اللاتينيّة,,,True,2025-02-16 22:28:04,,True,admin
923,SC000417,البطريركيّة اللاتينيّة,,,True,2025-02-16 22:31:46,,True,admin
924,SC000418,البطريركيّة اللاتينيّة,,,True,2025-02-16 22:34:36,,True,admin
925,SC000419,البطريركيّة اللاتينيّة,,,True,2025-02-16 22:38:01,,True,admin
926,SC000420,البطريركيّة اللاتينيّة,,,True,2025-02-16 22:41:41,,True,admin
927,SC000421,البطريركيّة اللاتينيّة,,,True,2025-02-16 23:00:12,,True,admin
928,SC000422,البطريركيّة اللاتينيّة,,,True,2025-02-16 23:01:54,,True,admin
930,SC000424,البطريركيّة اللاتينيّة,,,True,2025-02-16 23:05:38,,True,admin
931,SC000425,البطريركيّة اللاتينيّة,,,True,2025-02-16 23:07:31,,True,admin
932,SC000426,البطريركيّة اللاتينيّة,,,True,2025-02-16 23:07:35,,True,admin
934,SC000428,البطريركيّة اللاتينيّة,,,True,2025-02-16 23:11:33,,True,admin
935,SC000429,البطريركيّة اللاتينيّة,,,True,2025-02-16 23:11:37,,True,admin
936,SC000430,البطريركيّة اللاتينيّة,,,True,2025-02-16 23:13:36,,True,admin
937,SC000431,البطريركيّة اللاتينيّة,,,True,2025-02-16 23:14:19,,True,admin
938,SC000432,البطريركيّة اللاتينيّة,,,True,2025-02-16 23:16:18,,True,admin
939,SC000433,البطريركيّة اللاتينيّة,,,True,2025-02-16 23:17:02,,True,admin
940,SC000434,البطريركيّة اللاتينيّة,,,True,2025-02-16 23:17:59,,True,admin
941,SC000435,ميسلون الأساسيّة للبنات,,,True,2025-02-16 23:19:41,,True,admin
943,SC000437,الروم الكاثوليك,,,True,2025-02-16 23:28:21,,True,admin
944,SC000438,البطريركيّة اللاتينيّة,,,True,2025-02-16 23:30:48,,True,admin
945,SC000439,مدرسة حكوميّة,,,True,2025-02-16 23:32:38,,True,admin
947,SC000441,البطريركيّة اللاتينيّة,,,True,2025-02-16 23:36:28,,True,admin
949,SC000442,البطريركيّة اللاتينيّة,,,True,2025-02-17 15:16:36,,True,admin
950,SC000443,البطريركيّة اللاتينيّة,,,True,2025-02-17 15:26:05,,True,admin
951,SC000444,البطريركيّة اللاتينيّة,,,True,2025-02-17 15:28:31,,True,admin
952,SC000445,البطريركيّة اللاتينيّة,,,True,2025-02-17 15:30:42,,True,admin
953,SC000446,البطريركيّة اللاتينيّة,,,True,2025-02-17 15:32:25,,True,admin
955,SC000448,البطريركيّة اللاتينيّة,,,True,2025-02-17 15:36:16,,True,admin
957,SC000450,البطريركيّة اللاتينيّة,,,True,2025-02-17 15:41:47,,True,admin
958,SC000451,البطريركيّة اللاتينيّة,,,True,2025-02-17 15:45:46,,True,admin
959,SC000452,البطريركيّة اللاتينيّة,,,True,2025-02-18 12:54:47,,True,admin
960,SC000453,البطريركيّة اللاتينيّة,,,True,2025-02-18 12:56:46,,True,admin
961,SC000454,البطريركيّة اللاتينيّة,,,True,2025-02-18 13:05:30,,True,admin
962,SC000455,الروم الأرثوذكس,,,True,2025-02-18 13:15:55,,True,admin
963,SC000456,الروم الأرثوذكس,,,True,2025-02-18 13:18:05,,True,admin
964,SC000457,البطريركيّة اللاتينيّة,,,True,2025-02-18 13:20:23,,True,admin
972,SC000458,الأورثوذكسيّة,,,True,2025-02-18 13:36:11,,True,admin
974,SC000459,الأورثوذكسيّة,,,True,2025-02-18 13:37:37,,True,admin
993,SC000460,البطريركيّة اللاتينيّة,,,True,2025-02-18 20:34:49,,True,admin
994,SC000461,التحالف الأردنيّة,,,True,2025-02-18 20:48:07,,True,admin
995,SC000462,التحالف الأردنيّة,,,True,2025-02-18 20:50:31,,True,admin
997,SC000463,البطريركيّة اللاتينيّة,,,True,2025-02-18 21:04:53,,True,admin
1000,SC000464,البطريركيّة اللاتينيّة,,,True,2025-02-19 21:36:11,,True,admin
1001,SC000465,البطريركيّة اللاتينيّة,,,True,2025-02-19 21:50:57,,True,admin
1002,SC000466,البطريركيّة اللاتينيّة,,,True,2025-02-19 21:56:53,,True,admin
1003,SC000467,البطريركيّة اللاتينيّة,,,True,2025-02-19 21:57:54,,True,admin
1004,SC000468,البطريركيّة اللاتينيّة,,,True,2025-02-19 21:59:16,,True,admin
1005,SC000469,البطريركيّة اللاتينيّة,,,True,2025-02-19 21:59:56,,True,admin
1006,SC000470,البطريركيّة اللاتينيّة,,,True,2025-02-19 22:00:04,,True,admin
1007,SC000471,الروم الكاثوليك,,,True,2025-02-19 22:02:28,,True,admin
1008,SC000472,البطريركيّة اللاتينيّة,,,True,2025-02-19 22:04:12,,True,admin
1009,SC000473,البطريركيّة اللاتينيّة,,,True,2025-02-19 22:07:07,,True,admin
1010,SC000474,البطريركيّة اللاتينيّة,,,True,2025-02-19 22:08:11,,True,admin
1011,SC000475,البطريركيّة اللاتينيّة,,,True,2025-02-19 22:10:16,,True,admin
1012,SC000476,البطريركيّة اللاتينيّة,,,True,2025-02-19 22:11:08,,True,admin
1013,SC000477,البطريركيّة اللاتينيّة,,,True,2025-02-19 22:11:23,,True,admin
1014,SC000478,البطريركيّة اللاتينيّة,,,True,2025-02-19 22:12:53,,True,admin
1015,SC000479,مركز لوريس التعليمي,,,True,2025-02-19 22:14:04,,True,admin
1016,SC000480,البطريركيّة اللاتينيّة,,,True,2025-02-19 22:14:15,,True,admin
1017,SC000481,البطريركيّة اللاتينيّة,,,True,2025-02-19 22:15:52,,True,admin
1018,SC000482,البطريركيّة اللاتينيّة,,,True,2025-02-19 22:16:32,,True,admin
1019,SC000483,البطريركيّة اللاتينيّة,,,True,2025-02-19 22:16:52,,True,admin
1020,SC000484,البطريركيّة اللاتينيّة,,,True,2025-02-19 22:18:40,,True,admin
1021,SC000485,البطريركيّة اللاتينيّة,,,True,2025-02-19 22:19:09,,True,admin
1022,SC000486,القمة الدوليّة,,,True,2025-02-19 22:19:33,,True,admin
1023,SC000487,القمة الدوليّة,,,True,2025-02-19 22:21:12,,True,admin
1024,SC000488,البطريركيّة اللاتينيّة,,,True,2025-02-19 22:23:46,,True,admin
1025,SC000489,البطريركيّة اللاتينيّة,,,True,2025-02-19 22:25:05,,True,admin
1026,SC000490,البطريركيّة اللاتينيّة,,,True,2025-02-19 22:31:35,,True,admin
1027,SC000491,البطريركيّة اللاتينيّة,,,True,2025-02-19 22:33:39,,True,admin
1028,SC000492,البطريركيّة اللاتينيّة,,,True,2025-02-19 22:33:43,,True,admin
1029,SC000493,مدارس الجامعة الأمريكيّة,,,True,2025-02-19 22:35:34,,True,admin
1030,SC000494,البطريركيّة اللاتينيّة,,,True,2025-02-19 22:37:26,,True,admin
1031,SC000495,البطريركيّة اللاتينيّة,,,True,2025-02-19 22:41:03,,True,admin
1032,SC000496,عباس بن فرناس,,,True,2025-02-19 22:45:33,,True,admin
1033,SC000497,البطريركيّة اللاتينيّة,,,True,2025-02-19 23:01:19,,True,admin
1034,SC000498,البطريركيّة اللاتينيّة,,,True,2025-02-19 23:03:08,,True,admin
1035,SC000499,راهبات الورديّة,,,True,2025-02-19 23:05:39,,True,admin
1036,SC000500,البطريركيّة اللاتينيّة,,,True,2025-02-19 23:07:03,,True,admin
1037,SC000501,البطريركيّة اللاتينيّة,,,True,2025-02-19 23:08:18,,True,admin
1038,SC000502,البطريركيّة اللاتينيّة,,,True,2025-02-19 23:09:59,,True,admin
1039,SC000503,البطريركيّة اللاتينيّة,,,True,2025-02-20 00:02:24,,True,admin
1040,SC000504,البطريركيّة اللاتينيّة,,,True,2025-02-20 00:04:51,,True,admin
1041,SC000505,البطريركيّة اللاتينيّة,,,True,2025-02-20 00:07:28,,True,admin
1042,SC000506,البطريركيّة اللاتينيّة,,,True,2025-02-20 00:09:17,,True,admin
1043,SC000507,البطريركيّة اللاتينيّة,,,True,2025-02-20 00:11:13,,True,admin
1044,SC000508,البطريركيّة اللاتينيّة,,,True,2025-02-20 00:12:35,,True,admin
1045,SC000509,البطريركيّة اللاتينيّة,,,True,2025-02-20 00:13:57,,True,admin
1046,SC000510,البطريركيّة اللاتينيّة,,,True,2025-02-20 14:52:59,,True,admin
1047,SC000511,البطريركيّة اللاتينيّة,,,True,2025-02-20 14:55:11,,True,admin
1048,SC000512,البطريركيّة اللاتينيّة,,,True,2025-02-20 15:06:12,,True,admin
1049,SC000513,البطريركيّة اللاتينيّة,,,True,2025-02-20 15:09:37,,True,admin
1051,SC000514,البطريركيّة اللاتينيّة,,,True,2025-02-20 17:55:52,,True,admin
1054,SC000515,راهبات الورديّة,,,True,2025-02-21 16:43:02,,True,admin
1063,SC000517,كليّة تراسانطة,,,True,2025-02-21 22:03:18,,True,admin
1069,SC000518,كليّة دي لاسال - الفرير,,,True,2025-02-22 04:10:28,,True,admin
1071,SC000519,الأورثوذكسيّة,,,True,2025-02-22 13:51:34,,True,admin
1073,SC000520,البطريركيّة اللاتينيّة,,,True,2025-02-22 15:35:27,,True,admin
1075,SC000521,البطريركيّة اللاتينيّة,,,True,2025-02-22 15:42:22,,True,admin
1076,SC000522,البطريركيّة اللاتينيّة,,,True,2025-02-22 15:43:08,,True,admin
1077,SC000523,البطريركيّة اللاتينيّة,,,True,2025-02-22 15:46:24,,True,admin
1078,SC000524,البطريركيّة اللاتينيّة,,,True,2025-02-22 15:48:24,,True,admin
1079,SC000525,البطريركيّة اللاتينيّة,,,True,2025-02-22 15:48:24,,True,admin
1080,SC000526,البطريركيّة اللاتينيّة,,,True,2025-02-22 15:50:05,,True,admin
1081,SC000527,البطريركيّة اللاتينيّة,,,True,2025-02-22 15:52:51,,True,admin
1082,SC000528,البطريركيّة اللاتينيّة,,,True,2025-02-22 15:57:48,,True,admin
1083,SC000529,مدرسة حكوميّة,,,True,2025-02-22 15:59:19,,True,admin
1084,SC000530,البطريركيّة اللاتينيّة,,,True,2025-02-22 16:03:07,,True,admin
1085,SC000531,البطريركيّة اللاتينيّة,,,True,2025-02-22 16:04:46,,True,admin
1086,SC000532,البطريركيّة اللاتينيّة,,,True,2025-02-22 16:05:54,,True,admin
1087,SC000533,البطريركيّة اللاتينيّة,,,True,2025-02-22 16:06:03,,True,admin
1088,SC000534,روضة الفردوس,,,True,2025-02-22 16:07:38,,True,admin
1089,SC000535,البطريركيّة اللاتينيّة,,,True,2025-02-22 16:13:12,,True,admin
1090,SC000536,البطريركيّة اللاتينيّة,,,True,2025-02-22 16:31:54,,True,admin
1091,SC000537,البطريركيّة اللاتينيّة,,,True,2025-02-22 16:33:18,,True,admin
1092,SC000538,البطريركيّة اللاتينيّة,,,True,2025-02-22 16:34:28,,True,admin
1093,SC000539,البطريركيّة اللاتينيّة,,,True,2025-02-22 16:42:54,,True,admin
1094,SC000540,البطريركيّة اللاتينيّة,,,True,2025-02-22 17:01:30,,True,admin
1095,SC000541,البطريركيّة اللاتينيّة,,,True,2025-02-22 17:03:50,,True,admin
1096,SC000542,البطريركيّة اللاتينيّة,,,True,2025-02-22 17:09:38,,True,admin
1097,SC000543,البطريركيّة اللاتينيّة,,,True,2025-02-22 17:11:01,,True,admin
1098,SC000544,البطريركيّة اللاتينيّة,,,True,2025-02-22 17:16:12,,True,admin
1099,SC000545,البطريركيّة اللاتينيّة,,,True,2025-02-22 17:18:50,,True,admin
1100,SC000546,البطريركيّة اللاتينيّة,,,True,2025-02-22 17:20:18,,True,admin
1101,SC000547,البطريركيّة اللاتينيّة,,,True,2025-02-22 17:28:46,,True,admin
1102,SC000548,البطريركيّة اللاتينيّة,,,True,2025-02-22 17:31:07,,True,admin
1103,SC000549,البطريركيّة اللاتينيّة,,,True,2025-02-22 17:33:53,,True,admin
1104,SC000550,البطريركيّة اللاتينيّة,,,True,2025-02-22 17:57:51,,True,admin
1106,SC000551,البطريركيّة اللاتينيّة,,,True,2025-02-22 18:04:24,,True,admin
1107,SC000552,البطريركيّة اللاتينيّة,,,True,2025-02-22 18:12:15,,True,admin
1108,SC000553,روضة الفردوس,,,True,2025-02-22 18:35:37,,True,admin
1109,SC000554,روضة الفردوس,,,True,2025-02-22 18:37:17,,True,admin
1110,SC000555,روضة الفردوس,,,True,2025-02-22 18:39:51,,True,admin
1112,SC000556,البطريركيّة اللاتينيّة,,,True,2025-02-22 20:17:24,,True,admin
1115,SC000557,البطريركيّة اللاتينيّة,,,True,2025-02-22 22:02:30,,True,admin
1116,SC000558,البطريركيّة اللاتينيّة,,,True,2025-02-22 22:09:13,,True,admin
1117,SC000559,البطريركيّة اللاتينيّة,,,True,2025-02-22 22:10:51,,True,admin
1118,SC000560,البطريركيّة اللاتينيّة,,,True,2025-02-22 22:15:09,,True,admin
1122,SC000561,البطريركيّة اللاتينيّة,,,True,2025-02-23 09:41:48,,True,admin
1125,SC000562,البطريركيّة اللاتينيّة,,,True,2025-02-23 13:00:39,,True,admin
1127,SC000563,راهبات الورديّة,,,True,2025-02-23 14:43:51,,True,admin
1130,SC000564,الأهليّة والمطران,,,True,2025-02-23 14:51:06,,True,admin
1131,SC000565,الأهليّة والمطران,,,True,2025-02-23 14:51:16,,True,admin
1136,SC000566,راهبات الورديّة,,,True,2025-02-23 15:17:00,,True,admin
1137,SC000567,البطريركيّة اللاتينيّة,,,True,2025-02-23 15:19:50,,True,admin
1138,SC000568,البطريركيّة اللاتينيّة,,,True,2025-02-23 15:23:37,,True,admin
1140,SC000569,الأورثوذكسيّة,,,True,2025-02-23 16:08:48,,True,admin
1141,SC000570,البطريركيّة اللاتينيّة,,,True,2025-02-23 16:47:25,,True,admin
1142,SC000571,البطريركيّة اللاتينيّة,,,True,2025-02-23 16:48:07,,True,admin
1145,SC000574,راهبات الورديّة,,,True,2025-02-23 16:50:44,,True,admin
1146,SC000575,البطريركيّة اللاتينيّة,,,True,2025-02-23 16:51:55,,True,admin
1147,SC000576,راهبات الورديّة,,,True,2025-02-23 16:52:11,,True,admin
1148,SC000577,البطريركيّة اللاتينيّة,,,True,2025-02-23 16:54:06,,True,admin
1149,SC000578,البطريركيّة اللاتينيّة,,,True,2025-02-23 16:54:10,,True,admin
1150,SC000579,البطريركيّة اللاتينيّة,,,True,2025-02-23 17:01:28,,True,admin
1152,SC000580,البطريركيّة اللاتينيّة,,,True,2025-02-23 17:08:27,,True,admin
1154,SC000581,البطريركيّة اللاتينيّة,,,True,2025-02-23 17:34:58,,True,admin
1155,SC000582,البطريركيّة اللاتينيّة,,,True,2025-02-23 19:23:16,,True,admin
1156,SC000583,البطريركيّة اللاتينيّة,,,True,2025-02-23 19:25:01,,True,admin
1158,SC000584,البطريركيّة اللاتينيّة,,,True,2025-02-23 19:27:22,,True,admin
1159,SC000585,البطريركيّة اللاتينيّة,,,True,2025-02-23 19:27:46,,True,admin
1160,SC000586,البطريركيّة اللاتينيّة,,,True,2025-02-23 19:27:54,,True,admin
1161,SC000587,مدرسة حكوميّة,,,True,2025-02-23 19:29:26,,True,admin
1162,SC000588,البطريركيّة اللاتينيّة,,,True,2025-02-23 19:29:31,,True,admin
1163,SC000589,البطريركيّة اللاتينيّة,,,True,2025-02-23 19:30:23,,True,admin
1164,SC000590,البطريركيّة اللاتينيّة,,,True,2025-02-23 19:30:44,,True,admin
1166,SC000592,مدرسة حكوميّة,,,True,2025-02-23 19:37:14,,True,admin
1167,SC000593,البطريركيّة اللاتينيّة,,,True,2025-02-23 19:42:54,,True,admin
1168,SC000594,البطريركيّة اللاتينيّة,,,True,2025-02-23 19:44:22,,True,admin
1169,SC000595,البطريركيّة اللاتينيّة,,,True,2025-02-23 19:48:35,,True,admin
1170,SC000596,البطريركيّة اللاتينيّة,,,True,2025-02-23 20:07:22,,True,admin
1171,SC000597,البطريركيّة اللاتينيّة,,,True,2025-02-23 20:08:59,,True,admin
1172,SC000598,البطريركيّة اللاتينيّة,,,True,2025-02-23 20:10:50,,True,admin
1173,SC000599,الأورثوذكسيّة,,,True,2025-02-23 20:21:29,,True,admin
1174,SC000600,الأورثوذكسيّة,,,True,2025-02-23 20:23:57,,True,admin
1175,SC000601,البطريركيّة اللاتينيّة,,,True,2025-02-23 20:31:32,,True,admin
1176,SC000602,البطريركيّة اللاتينيّة,,,True,2025-02-23 20:37:15,,True,admin
1177,SC000603,البطريركيّة اللاتينيّة,,,True,2025-02-23 20:38:52,,True,admin
1178,SC000604,الأهليّة والمطران,,,True,2025-02-23 21:25:41,,True,admin
1179,SC000605,الأهليّة والمطران,,,True,2025-02-23 21:33:02,,True,admin
1180,SC000606,البطريركيّة اللاتينيّة,,,True,2025-02-23 21:39:02,,True,admin
1181,SC000607,البطريركيّة اللاتينيّة,,,True,2025-02-23 22:46:56,,True,admin
1183,SC000608,البطريركيّة اللاتينيّة,,,True,2025-02-23 23:17:52,,True,admin
1184,SC000609,البطريركيّة اللاتينيّة,,,True,2025-02-23 23:21:10,,True,admin
1185,SC000610,البطريركيّة اللاتينيّة,,,True,2025-02-23 23:23:27,,True,admin
1186,SC000611,البطريركيّة اللاتينيّة,,,True,2025-02-24 06:35:03,,True,admin
1189,SC000613,البطريركيّة اللاتينيّة,,,True,2025-02-24 11:15:23,,True,admin
1190,SC000614,البطريركيّة اللاتينيّة,,,True,2025-02-24 14:22:58,,True,admin
1191,SC000615,البطريركيّة اللاتينيّة,,,True,2025-02-24 14:53:59,,True,admin
1192,SC000616,البطريركيّة اللاتينيّة,,,True,2025-02-24 15:10:53,,True,admin
1193,SC000617,البطريركيّة اللاتينيّة,,,True,2025-02-24 15:22:28,,True,admin
1195,SC000618,البطريركيّة اللاتينيّة,,,True,2025-02-24 15:51:36,,True,admin
1196,SC000619,البطريركيّة اللاتينيّة,,,True,2025-02-24 17:58:10,,True,admin
1202,SC000621,البطريركيّة اللاتينيّة,,,True,2025-02-24 21:13:28,,True,admin
1203,SC000622,راهبات الورديّة,,,True,2025-02-24 21:14:37,,True,admin
1204,SC000623,راهبات الورديّة,,,True,2025-02-24 21:15:22,,True,admin
1205,SC000624,المعمدانيّة,,,True,2025-02-24 21:36:34,,True,admin
1206,SC000625,مدرسة عسكريّة,,,True,2025-02-24 23:51:46,,True,admin
1209,SC000626,كليّة تراسانطة,,,True,2025-02-25 16:37:19,,True,admin
1210,SC000627,كليّة تراسانطة,,,True,2025-02-25 16:38:45,,True,admin
1211,SC000628,الأهليّة والمطران,,,True,2025-02-25 16:40:35,,True,admin
1212,SC000629,البطريركيّة اللاتينيّة,,,True,2025-02-25 17:25:36,,True,admin
1213,SC000630,البطريركيّة اللاتينيّة,,,True,2025-02-25 17:28:01,,True,admin
1215,SC000632,البطريركيّة اللاتينيّة,,,True,2025-02-25 21:24:17,,True,admin
1216,SC000633,الروم الأرثوذكس,,,True,2025-02-25 21:27:02,,True,admin
1217,SC000634,الروم الأرثوذكس,,,True,2025-02-25 21:29:01,,True,admin
1218,SC000635,الأورثوذكسيّة,,,True,2025-02-25 22:51:43,,True,admin
1220,SC000636,البطريركيّة اللاتينيّة,,,True,2025-02-26 14:45:08,,True,admin
1221,SC000637,الروم الكاثوليك,,,True,2025-02-26 22:27:22,,True,admin
1224,SC000638,البطريركيّة اللاتينيّة,,,True,2025-02-27 12:33:59,,True,admin
1226,SC000639,البطريركيّة اللاتينيّة,,,True,2025-02-27 15:13:03,,True,admin
1227,SC000640,البطريركيّة اللاتينيّة,,,True,2025-02-27 15:43:20,,True,admin
1228,SC000641,البطريركيّة اللاتينيّة,,,True,2025-02-27 15:54:48,,True,admin
1229,SC000642,البطريركيّة اللاتينيّة,,,True,2025-02-27 15:56:33,,True,admin
1233,SC000644,المعمدانيّة,,,True,2025-02-27 18:03:49,,True,admin
1234,SC000645,راهبات الورديّة,,,True,2025-02-27 18:03:49,,True,admin
1235,SC000646,راهبات الورديّة,,,True,2025-02-27 18:04:03,,True,admin
1236,SC000647,كليّة دي لاسال - الفرير,,,True,2025-02-27 18:04:19,,True,admin
1237,SC000648,كليّة دي لاسال - الفرير,,,True,2025-02-27 18:05:19,,True,admin
1238,SC000649,المعمدانيّة,,,True,2025-02-27 18:05:53,,True,admin
1239,SC000650,راهبات الورديّة,,,True,2025-02-27 18:06:53,,True,admin
1240,SC000651,راهبات الورديّة,,,True,2025-02-27 18:07:05,,True,admin
1241,SC000652,راهبات الورديّة,,,True,2025-02-27 18:08:07,,True,admin
1242,SC000653,كليّة دي لاسال - الفرير,,,True,2025-02-27 18:09:04,,True,admin
1243,SC000654,المعمدانيّة,,,True,2025-02-27 19:58:09,,True,admin
1244,SC000655,البطريركيّة اللاتينيّة,,,True,2025-02-27 21:19:22,,True,admin
1246,SC000656,البطريركيّة اللاتينيّة,,,True,2025-02-28 10:24:26,,True,admin
1247,SC000657,راهبات الورديّة,,,True,2025-02-28 11:58:58,,True,admin
1248,SC000658,راهبات الورديّة,,,True,2025-02-28 12:02:07,,True,admin
1249,SC000659,راهبات الورديّة,,,True,2025-02-28 12:05:35,,True,admin
1252,SC000660,تقارب التعليميّة,,,True,2025-03-01 11:14:08,,True,admin
1254,SC000661,البطريركيّة اللاتينيّة,,,True,2025-03-01 13:37:50,,True,admin
1257,SC000662,مدارس الجود للابداع والتميّز الدوليّة,,,True,2025-03-01 15:01:24,,True,admin
1258,SC000663,البطريركيّة اللاتينيّة,,,True,2025-03-01 16:20:56,,True,admin
1260,SC000664,البطريركيّة اللاتينيّة,,,True,2025-03-01 18:30:19,,True,admin
1262,SC000665,البطريركيّة اللاتينيّة,,,True,2025-03-01 19:22:23,,True,admin
1263,SC000666,البطريركيّة اللاتينيّة,,,True,2025-03-01 19:23:29,,True,admin
1266,SC000667,البطريركيّة اللاتينيّة,,,True,2025-03-01 20:50:31,,True,admin
1267,SC000668,البطريركيّة اللاتينيّة,,,True,2025-03-01 20:52:06,,True,admin
1268,SC000669,The Waldorf School of Jordan,,,True,2025-03-01 21:04:08,,True,admin
1269,SC000670,البطريركيّة اللاتينيّة,,,True,2025-03-03 08:22:43,,True,admin
1275,SC000671,الروم الكاثوليك,,,True,2025-03-04 13:38:27,,True,admin
1277,SC000672,البطريركيّة اللاتينيّة,,,True,2025-03-04 15:54:56,,True,admin
1286,SC000673,البطريركيّة اللاتينيّة,,,True,2025-03-07 16:17:19,,True,admin
1289,SC000674,الأورثوذكسيّة,,,True,2025-03-09 12:43:27,,True,admin
1296,SC000675,الأورثوذكسيّة,,,True,2025-03-09 15:30:53,,True,admin
1297,SC000676,البطريركيّة اللاتينيّة,,,True,2025-03-09 15:32:58,,True,admin
1298,SC000677,الأورثوذكسيّة,,,True,2025-03-09 15:34:26,,True,admin
1299,SC000678,البطريركيّة اللاتينيّة,,,True,2025-03-09 15:45:22,,True,admin
1300,SC000679,البطريركيّة اللاتينيّة,,,True,2025-03-09 15:46:31,,True,admin
1301,SC000680,البطريركيّة اللاتينيّة,,,True,2025-03-09 15:51:15,,True,admin
1302,SC000681,البطريركيّة اللاتينيّة,,,True,2025-03-09 15:54:19,,True,admin
1303,SC000682,البطريركيّة اللاتينيّة,,,True,2025-03-09 15:56:52,,True,admin
1305,SC000683,البطريركيّة اللاتينيّة,,,True,2025-03-09 16:30:38,,True,admin
1319,SC000684,الأورثوذكسيّة,,,True,2025-03-10 15:26:37,,True,admin
1320,SC000685,البطريركيّة اللاتينيّة,,,True,2025-03-10 15:26:44,,True,admin
1321,SC000686,البطريركيّة اللاتينيّة,,,True,2025-03-10 15:26:53,,True,admin
1322,SC000687,البطريركيّة اللاتينيّة,,,True,2025-03-10 15:27:15,,True,admin
1323,SC000688,البطريركيّة اللاتينيّة,,,True,2025-03-10 15:27:42,,True,admin
1324,SC000689,البطريركيّة اللاتينيّة,,,True,2025-03-10 15:27:46,,True,admin
1325,SC000690,الأورثوذكسيّة,,,True,2025-03-10 15:27:46,,True,admin
1326,SC000691,البطريركيّة اللاتينيّة,,,True,2025-03-10 15:27:47,,True,admin
1327,SC000692,البطريركيّة اللاتينيّة,,,True,2025-03-10 15:28:18,,True,admin
1328,SC000693,البطريركيّة اللاتينيّة,,,True,2025-03-10 15:28:19,,True,admin
1329,SC000694,الأورثوذكسيّة,,,True,2025-03-10 15:29:32,,True,admin
1330,SC000695,البطريركيّة اللاتينيّة,,,True,2025-03-10 15:29:32,,True,admin
1331,SC000696,البطريركيّة اللاتينيّة,,,True,2025-03-10 15:29:38,,True,admin
1332,SC000697,البطريركيّة اللاتينيّة,,,True,2025-03-10 15:29:39,,True,admin
1333,SC000698,البطريركيّة اللاتينيّة,,,True,2025-03-10 15:30:29,,True,admin
1334,SC000699,البطريركيّة اللاتينيّة,,,True,2025-03-10 15:30:42,,True,admin
1335,SC000700,الأورثوذكسيّة,,,True,2025-03-10 15:32:55,,True,admin
1336,SC000701,البطريركيّة اللاتينيّة,,,True,2025-03-10 15:33:39,,True,admin
1337,SC000702,البطريركيّة اللاتينيّة,,,True,2025-03-10 15:33:43,,True,admin
1338,SC000703,البطريركيّة اللاتينيّة,,,True,2025-03-10 15:33:54,,True,admin
1339,SC000704,الأورثوذكسيّة,,,True,2025-03-10 15:36:44,,True,admin
1340,SC000705,الأورثوذكسيّة,,,True,2025-03-10 15:38:14,,True,admin
1341,SC000706,الأورثوذكسيّة,,,True,2025-03-10 15:39:39,,True,admin
1342,SC000707,البطريركيّة اللاتينيّة,,,True,2025-03-10 15:43:46,,True,admin
1343,SC000708,البطريركيّة اللاتينيّة,,,True,2025-03-10 15:47:36,,True,admin
1344,SC000709,البطريركيّة اللاتينيّة,,,True,2025-03-10 15:51:14,,True,admin
1345,SC000710,البطريركيّة اللاتينيّة,,,True,2025-03-10 15:53:23,,True,admin
1346,SC000711,البطريركيّة اللاتينيّة,,,True,2025-03-10 15:57:34,,True,admin
1348,SC000712,البطريركيّة اللاتينيّة,,,True,2025-03-10 16:00:12,,True,admin
1349,SC000713,البطريركيّة اللاتينيّة,,,True,2025-03-10 16:01:01,,True,admin
1350,SC000714,البطريركيّة اللاتينيّة,,,True,2025-03-10 16:10:19,,True,admin
1351,SC000715,مدرسة حكوميّة,,,True,2025-03-10 16:12:17,,True,admin
1352,SC000716,الروم الأرثوذكس,,,True,2025-03-10 16:14:56,,True,admin
1353,SC000717,الروم الأرثوذكس,,,True,2025-03-10 16:23:50,,True,admin
1354,SC000718,الأورثوذكسيّة,,,True,2025-03-10 16:23:00,,True,admin
1355,SC000719,البطريركيّة اللاتينيّة,,,True,2025-03-10 16:40:33,,True,admin
1356,SC000720,الروم الأرثوذكس,,,True,2025-03-10 16:42:53,,True,admin
1357,SC000721,الأورثوذكسيّة,,,True,2025-03-10 16:45:08,,True,admin
1358,SC000722,البطريركيّة اللاتينيّة,,,True,2025-03-10 17:13:25,,True,admin
1360,SC000723,البطريركيّة اللاتينيّة,,,True,2025-03-10 17:27:26,,True,admin
1361,SC000724,البطريركيّة اللاتينيّة,,,True,2025-03-10 17:29:58,,True,admin
1362,SC000725,الأورثوذكسيّة,,,True,2025-03-10 17:31:54,,True,admin
1365,SC000726,راهبات الفرنسيسكان,,,True,2025-03-10 18:25:52,,True,admin
1366,SC000727,الأورثوذكسيّة,,,True,2025-03-10 19:16:29,,True,admin
1367,SC000728,الأورثوذكسيّة,,,True,2025-03-10 19:19:09,,True,admin
1368,SC000729,البطريركيّة اللاتينيّة,,,True,2025-03-10 19:29:21,,True,admin
1370,SC000730,مدرسة حكوميّة,,,True,2025-03-10 19:51:51,,True,admin
1371,SC000731,الروم الأرثوذكس,,,True,2025-03-10 20:01:17,,True,admin
1377,SC000732,البطريركيّة اللاتينيّة,,,True,2025-03-10 21:16:15,,True,admin
1378,SC000733,مدرسة حكوميّة,,,True,2025-03-10 21:44:50,,True,admin
1379,SC000734,مدرسة حكوميّة,,,True,2025-03-10 21:46:55,,True,admin
1381,SC000735,المدرسة الفنلنديّة,,,True,2025-03-10 22:45:51,,True,admin
1382,SC000736,مدرسة حكوميّة,,,True,2025-03-11 00:12:44,,True,admin
1388,SC000738,البطريركيّة اللاتينيّة,,,True,2025-03-11 10:36:43,,True,admin
1389,SC000739,مدرسة حكوميّة,,,True,2025-03-11 10:38:06,,True,admin
1401,SC000740,راهبات الورديّة,,,True,2025-03-11 11:39:05,,True,admin
1402,SC000741,راهبات الورديّة,,,True,2025-03-11 11:40:34,,True,admin
1404,SC000742,راهبات الورديّة,,,True,2025-03-11 11:43:35,,True,admin
1406,SC000743,راهبات الورديّة,,,True,2025-03-11 11:47:36,,True,admin
1407,SC000744,راهبات الورديّة,,,True,2025-03-11 11:48:53,,True,admin
1411,SC000746,مدارس جامعة الزرقاء,,,True,2025-03-11 12:32:34,,True,admin
1412,SC000747,البطريركيّة اللاتينيّة,,,True,2025-03-11 12:48:48,,True,admin
1413,SC000748,الروم الأرثوذكس,,,True,2025-03-11 12:58:49,,True,admin
1414,SC000749,راهبات الورديّة,,,True,2025-03-11 13:10:16,,True,admin
1415,SC000750,الروم الكاثوليك,,,True,2025-03-11 13:11:49,,True,admin
1418,SC000751,البطريركيّة اللاتينيّة,,,True,2025-03-11 13:52:31,,True,admin
1420,SC000752,المخلّص الإنجيليّة,,,True,2025-03-11 14:08:48,,True,admin
1421,SC000753,البطريركيّة اللاتينيّة,,,True,2025-03-11 14:11:14,,True,admin
1422,SC000754,البطريركيّة اللاتينيّة,,,True,2025-03-11 14:15:27,,True,admin
1423,SC000755,البطريركيّة اللاتينيّة,,,True,2025-03-11 14:19:12,,True,admin
1425,SC000757,البطريركيّة اللاتينيّة,,,True,2025-03-11 14:52:56,,True,admin
1428,SC000760,البطريركيّة اللاتينيّة,,,True,2025-03-11 15:03:15,,True,admin
1429,SC000761,البطريركيّة اللاتينيّة,,,True,2025-03-11 15:07:35,,True,admin
1430,SC000762,البطريركيّة اللاتينيّة,,,True,2025-03-11 15:08:40,,True,admin
1431,SC000763,البطريركيّة اللاتينيّة,,,True,2025-03-11 15:11:01,,True,admin
1432,SC000764,راهبات الورديّة,,,True,2025-03-11 15:12:51,,True,admin
1433,SC000765,البطريركيّة اللاتينيّة,,,True,2025-03-11 15:20:01,,True,admin
1434,SC000766,البطريركيّة اللاتينيّة,,,True,2025-03-11 15:30:28,,True,admin
1435,SC000767,البطريركيّة اللاتينيّة,,,True,2025-03-11 15:42:18,,True,admin
1436,SC000768,الأورثوذكسيّة,,,True,2025-03-11 16:08:42,,True,admin
1439,SC000770,البطريركيّة اللاتينيّة,,,True,2025-03-11 16:27:24,,True,admin
1443,SC000773,البطريركيّة اللاتينيّة,,,True,2025-03-11 18:18:59,,True,admin
1444,SC000774,البطريركيّة اللاتينيّة,,,True,2025-03-11 19:50:40,,True,admin
1446,SC000775,البطريركيّة اللاتينيّة,,,True,2025-03-11 21:18:59,,True,admin
1447,SC000776,مدارس جامعة الزرقاء,,,True,2025-03-11 21:26:20,,True,admin
1448,SC000777,البطريركيّة اللاتينيّة,,,True,2025-03-11 21:27:22,,True,admin
1449,SC000778,البطريركيّة اللاتينيّة,,,True,2025-03-11 21:28:43,,True,admin
1450,SC000779,البطريركيّة اللاتينيّة,,,True,2025-03-12 14:05:00,,True,admin
1451,SC000780,البطريركيّة اللاتينيّة,,,True,2025-03-12 14:57:48,,True,admin
1452,SC000781,الروم الكاثوليك,,,True,2025-03-12 15:07:45,,True,admin
1454,SC000782,الروم الكاثوليك,,,True,2025-03-12 15:12:52,,True,admin
1455,SC000783,الروم الكاثوليك,,,True,2025-03-12 15:20:30,,True,admin
1456,SC000784,الروم الكاثوليك,,,True,2025-03-12 15:20:53,,True,admin
1457,SC000785,الروم الكاثوليك,,,True,2025-03-12 15:23:21,,True,admin
1458,SC000786,الروم الكاثوليك,,,True,2025-03-12 15:25:46,,True,admin
1461,SC000787,البطريركيّة اللاتينيّة,,,True,2025-03-12 16:24:26,,True,admin
1462,SC000788,البطريركيّة اللاتينيّة,,,True,2025-03-12 16:26:25,,True,admin
1465,SC000789,البطريركيّة اللاتينيّة,,,True,2025-03-12 17:33:05,,True,admin
1467,SC000790,البطريركيّة اللاتينيّة,,,True,2025-03-12 18:19:59,,True,admin
1468,SC000791,البطريركيّة اللاتينيّة,,,True,2025-03-12 19:05:22,,True,admin
1469,SC000792,البطريركيّة اللاتينيّة,,,True,2025-03-12 19:13:45,,True,admin
1470,SC000793,البطريركيّة اللاتينيّة,,,True,2025-03-12 19:14:55,,True,admin
1471,SC000794,البطريركيّة اللاتينيّة,,,True,2025-03-12 19:39:05,,True,admin
1472,SC000795,البطريركيّة اللاتينيّة,,,True,2025-03-12 19:42:23,,True,admin
1473,SC000796,مدرسة حكوميّة,,,True,2025-03-12 19:57:24,,True,admin
1474,SC000797,مدرسة حكوميّة,,,True,2025-03-12 20:04:44,,True,admin
1475,SC000798,البطريركيّة اللاتينيّة,,,True,2025-03-12 20:04:52,,True,admin
1476,SC000799,البطريركيّة اللاتينيّة,,,True,2025-03-12 20:06:10,,True,admin
1477,SC000800,مدرسة حكوميّة,,,True,2025-03-12 20:12:04,,True,admin
1478,SC000801,البطريركيّة اللاتينيّة,,,True,2025-03-12 20:25:23,,True,admin
1480,SC000803,البطريركيّة اللاتينيّة,,,True,2025-03-12 20:36:26,,True,admin
1482,SC000805,الروم الكاثوليك,,,True,2025-03-12 20:42:33,,True,admin
1483,SC000806,البطريركيّة اللاتينيّة,,,True,2025-03-12 21:25:48,,True,admin
1485,SC000807,البطريركيّة اللاتينيّة,,,True,2025-03-12 22:36:11,,True,admin
1486,SC000808,الصفوة النموذجيّة,,,True,2025-03-12 22:42:32,,True,admin
1487,SC000809,البطريركيّة اللاتينيّة,,,True,2025-03-12 22:48:08,,True,admin
1488,SC000810,البطريركيّة اللاتينيّة,,,True,2025-03-12 23:27:18,,True,admin
1489,SC000811,الروم الكاثوليك,,,True,2025-03-12 23:47:07,,True,admin
1490,SC000812,الروم الكاثوليك,,,True,2025-03-12 23:48:28,,True,admin
1491,SC000813,الروم الكاثوليك,,,True,2025-03-12 23:49:46,,True,admin
1493,SC000814,راهبات الورديّة,,,True,2025-03-13 00:02:06,,True,admin
1496,SC000816,البطريركيّة اللاتينيّة,,,True,2025-03-13 01:38:32,,True,admin
1497,SC000817,البطريركيّة اللاتينيّة,,,True,2025-03-13 01:39:46,,True,admin
1504,SC000818,البطريركيّة اللاتينيّة,,,True,2025-03-13 14:37:50,,True,admin
1505,SC000819,البطريركيّة اللاتينيّة,,,True,2025-03-13 16:37:19,,True,admin
1506,SC000820,البطريركيّة اللاتينيّة,,,True,2025-03-13 16:38:10,,True,admin
1508,SC000822,البطريركيّة اللاتينيّة,,,True,2025-03-13 16:41:40,,True,admin
1509,SC000823,البطريركيّة اللاتينيّة,,,True,2025-03-13 16:41:57,,True,admin
1510,SC000824,البطريركيّة اللاتينيّة,,,True,2025-03-13 18:15:55,,True,admin
1511,SC000825,البطريركيّة اللاتينيّة,,,True,2025-03-13 18:20:26,,True,admin
1512,SC000826,البطريركيّة اللاتينيّة,,,True,2025-03-13 18:21:41,,True,admin
1513,SC000827,البطريركيّة اللاتينيّة,,,True,2025-03-13 18:22:01,,True,admin
1514,SC000828,البطريركيّة اللاتينيّة,,,True,2025-03-13 18:22:14,,True,admin
1515,SC000829,البطريركيّة اللاتينيّة,,,True,2025-03-13 18:22:27,,True,admin
1516,SC000830,البطريركيّة اللاتينيّة,,,True,2025-03-13 18:22:34,,True,admin
1517,SC000831,البطريركيّة اللاتينيّة,,,True,2025-03-13 18:23:50,,True,admin
1519,SC000833,البطريركيّة اللاتينيّة,,,True,2025-03-13 18:23:58,,True,admin
1520,SC000834,البطريركيّة اللاتينيّة,,,True,2025-03-13 18:24:01,,True,admin
1521,SC000835,البطريركيّة اللاتينيّة,,,True,2025-03-13 18:24:13,,True,admin
1522,SC000836,البطريركيّة اللاتينيّة,,,True,2025-03-13 18:24:18,,True,admin
1523,SC000837,المستقلّة الدوليّة,,,True,2025-03-13 18:24:31,,True,admin
1524,SC000838,الروم الأرثوذكس,,,True,2025-03-13 18:25:11,,True,admin
1525,SC000839,راهبات الورديّة,,,True,2025-03-13 18:26:03,,True,admin
1526,SC000840,البطريركيّة اللاتينيّة,,,True,2025-03-13 18:26:55,,True,admin
1527,SC000841,راهبات الورديّة,,,True,2025-03-13 18:27:04,,True,admin
1528,SC000842,البطريركيّة اللاتينيّة,,,True,2025-03-13 18:28:24,,True,admin
1529,SC000843,الروم الأرثوذكس,,,True,2025-03-13 18:28:45,,True,admin
1530,SC000844,البطريركيّة اللاتينيّة,,,True,2025-03-13 18:28:52,,True,admin
1532,SC000846,البطريركيّة اللاتينيّة,,,True,2025-03-13 18:29:17,,True,admin
1533,SC000847,البطريركيّة اللاتينيّة,,,True,2025-03-13 18:29:35,,True,admin
1534,SC000848,البطريركيّة اللاتينيّة,,,True,2025-03-13 18:30:08,,True,admin
1535,SC000849,البطريركيّة اللاتينيّة,,,True,2025-03-13 18:30:35,,True,admin
1536,SC000850,البطريركيّة اللاتينيّة,,,True,2025-03-13 18:31:03,,True,admin
1537,SC000851,البطريركيّة اللاتينيّة,,,True,2025-03-13 18:31:25,,True,admin
1538,SC000852,البطريركيّة اللاتينيّة,,,True,2025-03-13 18:31:43,,True,admin
1539,SC000853,البطريركيّة اللاتينيّة,,,True,2025-03-13 19:19:47,,True,admin
1540,SC000854,البطريركيّة اللاتينيّة,,,True,2025-03-13 19:33:59,,True,admin
1541,SC000855,الروم الكاثوليك,,,True,2025-03-13 20:09:08,,True,admin
1542,SC000856,البطريركيّة اللاتينيّة,,,True,2025-03-13 21:26:10,,True,admin
1543,SC000857,البطريركيّة اللاتينيّة,,,True,2025-03-13 23:33:09,,True,admin
1544,SC000858,البطريركيّة اللاتينيّة,,,True,2025-03-14 02:33:22,,True,admin
1545,SC000859,مدرسة حكوميّة,,,True,2025-03-14 09:00:52,,True,admin
1546,SC000860,البطريركيّة اللاتينيّة,,,True,2025-03-14 09:03:46,,True,admin
1548,SC000862,البطريركيّة اللاتينيّة,,,True,2025-03-14 09:06:06,,True,admin
1549,SC000863,مدرسة حكوميّة,,,True,2025-03-14 09:07:25,,True,admin
1550,SC000864,مدرسة حكوميّة,,,True,2025-03-14 09:08:09,,True,admin
1551,SC000865,البطريركيّة اللاتينيّة,,,True,2025-03-14 09:09:07,,True,admin
1552,SC000866,مدرسة حكوميّة,,,True,2025-03-14 09:09:49,,True,admin
1553,SC000867,مدرسة حكوميّة,,,True,2025-03-14 09:11:47,,True,admin
1554,SC000868,مدرسة حكوميّة,,,True,2025-03-14 09:13:07,,True,admin
1555,SC000869,البطريركيّة اللاتينيّة,,,True,2025-03-14 09:13:50,,True,admin
1556,SC000870,البطريركيّة اللاتينيّة,,,True,2025-03-14 09:16:17,,True,admin
1557,SC000871,راهبات الورديّة,,,True,2025-03-14 09:17:20,,True,admin
1558,SC000872,مدرسة حكوميّة,,,True,2025-03-14 09:17:51,,True,admin
1560,SC000873,مدرسة حكوميّة,,,True,2025-03-14 09:20:25,,True,admin
1561,SC000874,البطريركيّة اللاتينيّة,,,True,2025-03-14 09:21:21,,True,admin
1562,SC000875,مدرسة حكوميّة,,,True,2025-03-14 09:22:39,,True,admin
1563,SC000876,البطريركيّة اللاتينيّة,,,True,2025-03-14 09:24:34,,True,admin
1566,SC000877,الروم الأرثوذكس,,,True,2025-03-14 11:52:44,,True,admin
1567,SC000878,البطريركيّة اللاتينيّة,,,True,2025-03-14 12:21:21,,True,admin
1568,SC000879,البطريركيّة اللاتينيّة,,,True,2025-03-14 12:41:09,,True,admin
1570,SC000880,البطريركيّة اللاتينيّة,,,True,2025-03-14 12:43:05,,True,admin
1579,SC000881,مدرسة حكوميّة,,,True,2025-03-14 17:01:45,,True,admin
1580,SC000882,مدرسة حكوميّة,,,True,2025-03-14 17:19:56,,True,admin
1588,SC000883,الروم الأرثوذكس,,,True,2025-03-14 21:56:16,,True,admin
1594,SC000884,البطريركيّة اللاتينيّة,,,True,2025-03-15 11:02:07,,True,admin
1595,SC000885,البطريركيّة اللاتينيّة,,,True,2025-03-15 11:05:27,,True,admin
1599,SC000886,البطريركيّة اللاتينيّة,,,True,2025-03-15 15:28:27,,True,admin
1600,SC000887,البطريركيّة اللاتينيّة,,,True,2025-03-15 15:30:13,,True,admin
1601,SC000888,البطريركيّة اللاتينيّة,,,True,2025-03-15 16:16:13,,True,admin
1602,SC000889,البطريركيّة اللاتينيّة,,,True,2025-03-15 16:18:27,,True,admin
1603,SC000890,البطريركيّة اللاتينيّة,,,True,2025-03-15 16:30:24,,True,admin
1604,SC000891,راهبات الورديّة,,,True,2025-03-15 16:34:31,,True,admin
1605,SC000892,البطريركيّة اللاتينيّة,,,True,2025-03-15 16:35:33,,True,admin
1606,SC000893,البطريركيّة اللاتينيّة,,,True,2025-03-15 16:37:10,,True,admin
1607,SC000894,راهبات الورديّة,,,True,2025-03-15 16:39:45,,True,admin
1608,SC000895,البطريركيّة اللاتينيّة,,,True,2025-03-15 16:40:04,,True,admin
1609,SC000896,راهبات الورديّة,,,True,2025-03-15 16:56:20,,True,admin
1610,SC000897,راهبات الورديّة,,,True,2025-03-15 17:02:56,,True,admin
1611,SC000898,راهبات الورديّة,,,True,2025-03-15 17:15:52,,True,admin
1612,SC000899,الأسقفيّة الإنجيليّة العربيّة,,,True,2025-03-15 17:24:19,,True,admin
1613,SC000900,الأسقفيّة الإنجيليّة العربيّة,,,True,2025-03-15 17:26:05,,True,admin
1614,SC000901,البطريركيّة اللاتينيّة,,,True,2025-03-15 17:31:35,,True,admin
1615,SC000902,البطريركيّة اللاتينيّة,,,True,2025-03-15 17:34:14,,True,admin
1616,SC000903,البطريركيّة اللاتينيّة,,,True,2025-03-15 17:36:05,,True,admin
1617,SC000904,البطريركيّة اللاتينيّة,,,True,2025-03-15 17:48:12,,True,admin
1618,SC000905,البطريركيّة اللاتينيّة,,,True,2025-03-15 17:50:02,,True,admin
1619,SC000906,الأورثوذكسيّة,,,True,2025-03-15 18:09:25,,True,admin
1620,SC000907,البطريركيّة اللاتينيّة,,,True,2025-03-15 18:19:40,,True,admin
1625,SC000908,الروم الأرثوذكس,,,True,2025-03-15 21:26:57,,True,admin
1626,SC000909,الأورثوذكسيّة,,,True,2025-03-15 21:29:37,,True,admin
1627,SC000910,البطريركيّة اللاتينيّة,,,True,2025-03-15 21:43:59,,True,admin
1628,SC000911,البطريركيّة اللاتينيّة,,,True,2025-03-15 21:48:16,,True,admin
1631,SC000913,البطريركيّة اللاتينيّة,,,True,2025-03-15 22:25:10,,True,admin
1632,SC000914,راهبات الورديّة,,,True,2025-03-15 22:42:42,,True,admin
1633,SC000915,راهبات الورديّة,,,True,2025-03-15 22:44:36,,True,admin
1636,SC000916,البطريركيّة اللاتينيّة,,,True,2025-03-16 00:19:00,,True,admin
1637,SC000917,البطريركيّة اللاتينيّة,,,True,2025-03-16 00:21:40,,True,admin
1638,SC000918,روضة غصون الرحمة,,,True,2025-03-16 00:25:57,,True,admin
1639,SC000919,البطريركيّة اللاتينيّة,,,True,2025-03-16 00:32:55,,True,admin
1640,SC000920,البطريركيّة اللاتينيّة,,,True,2025-03-16 00:53:36,,True,admin
1641,SC000921,البطريركيّة اللاتينيّة,,,True,2025-03-16 07:57:18,,True,admin
1642,SC000922,البطريركيّة اللاتينيّة,,,True,2025-03-16 07:59:07,,True,admin
1643,SC000923,مدرسة حكوميّة,,,True,2025-03-16 09:34:01,,True,admin
1644,SC000924,مدرسة حكوميّة,,,True,2025-03-16 09:34:01,,True,admin
1645,SC000925,مدرسة حكوميّة,,,True,2025-03-16 09:34:01,,True,admin
1646,SC000926,مدرسة حكوميّة,,,True,2025-03-16 09:34:01,,True,admin
1647,SC000927,مدرسة حكوميّة,,,True,2025-03-16 09:34:01,,True,admin
1648,SC000928,مدرسة حكوميّة,,,True,2025-03-16 09:34:01,,True,admin
1650,SC000929,مدرسة حكوميّة,,,True,2025-03-16 09:34:01,,True,admin
1654,SC000930,البطريركيّة اللاتينيّة,,,True,2025-03-16 13:13:04,,True,admin
1656,SC000931,الأورثوذكسيّة,,,True,2025-03-16 14:12:15,,True,admin
1658,SC000932,مدرسة حكوميّة,,,True,2025-03-16 14:26:00,,True,admin
1659,SC000933,البطريركيّة اللاتينيّة,,,True,2025-03-16 14:32:46,,True,admin
1660,SC000934,البطريركيّة اللاتينيّة,,,True,2025-03-16 14:34:30,,True,admin
1661,SC000935,البطريركيّة اللاتينيّة,,,True,2025-03-16 14:35:09,,True,admin
1662,SC000936,البطريركيّة اللاتينيّة,,,True,2025-03-16 14:37:35,,True,admin
1664,SC000937,البطريركيّة اللاتينيّة,,,True,2025-03-16 14:41:48,,True,admin
1665,SC000938,البطريركيّة اللاتينيّة,,,True,2025-03-16 14:42:44,,True,admin
1666,SC000939,مدرسة لاجئين عراقيين,,,True,2025-03-16 14:43:56,,True,admin
1667,SC000940,مدرسة لاجئين عراقيين,,,True,2025-03-16 14:45:33,,True,admin
1668,SC000941,البطريركيّة اللاتينيّة,,,True,2025-03-16 14:46:08,,True,admin
1670,SC000942,البطريركيّة اللاتينيّة,,,True,2025-03-16 14:48:32,,True,admin
1671,SC000943,البطريركيّة اللاتينيّة,,,True,2025-03-16 14:50:03,,True,admin
1672,SC000944,البطريركيّة اللاتينيّة,,,True,2025-03-16 14:50:18,,True,admin
1673,SC000945,البطريركيّة اللاتينيّة,,,True,2025-03-16 14:53:51,,True,admin
1674,SC000946,البطريركيّة اللاتينيّة,,,True,2025-03-16 14:54:53,,True,admin
1675,SC000947,البطريركيّة اللاتينيّة,,,True,2025-03-16 14:55:29,,True,admin
1676,SC000948,البطريركيّة اللاتينيّة,,,True,2025-03-16 14:55:30,,True,admin
1677,SC000949,البطريركيّة اللاتينيّة,,,True,2025-03-16 14:56:28,,True,admin
1678,SC000950,البطريركيّة اللاتينيّة,,,True,2025-03-16 14:56:39,,True,admin
1679,SC000951,البطريركيّة اللاتينيّة,,,True,2025-03-16 14:58:01,,True,admin
1680,SC000952,البطريركيّة اللاتينيّة,,,True,2025-03-16 14:59:14,,True,admin
1681,SC000953,البطريركيّة اللاتينيّة,,,True,2025-03-16 15:06:07,,True,admin
1682,SC000954,البطريركيّة اللاتينيّة,,,True,2025-03-16 15:14:46,,True,admin
1683,SC000955,البطريركيّة اللاتينيّة,,,True,2025-03-16 15:23:31,,True,admin
1684,SC000956,البطريركيّة اللاتينيّة,,,True,2025-03-16 15:27:02,,True,admin
1685,SC000957,البطريركيّة اللاتينيّة,,,True,2025-03-16 15:28:58,,True,admin
1686,SC000958,مركز ماركا الإنجيلي,,,True,2025-03-16 15:34:28,,True,admin
1687,SC000959,مركز ماركا الإنجيلي,,,True,2025-03-16 15:36:46,,True,admin
1688,SC000960,البطريركيّة اللاتينيّة,,,True,2025-03-16 15:50:00,,True,admin
1689,SC000961,البطريركيّة اللاتينيّة,,,True,2025-03-16 15:52:15,,True,admin
1690,SC000962,البطريركيّة اللاتينيّة,,,True,2025-03-16 15:55:22,,True,admin
1691,SC000963,مدرسة حكوميّة,,,True,2025-03-16 16:02:41,,True,admin
1692,SC000964,مدرسة حكوميّة,,,True,2025-03-16 16:05:58,,True,admin
1693,SC000965,البطريركيّة اللاتينيّة,,,True,2025-03-16 16:15:10,,True,admin
1694,SC000966,البطريركيّة اللاتينيّة,,,True,2025-03-16 16:32:27,,True,admin
1695,SC000967,البطريركيّة اللاتينيّة,,,True,2025-03-16 16:34:21,,True,admin
1696,SC000968,البطريركيّة اللاتينيّة,,,True,2025-03-16 16:35:54,,True,admin
1697,SC000969,البطريركيّة اللاتينيّة,,,True,2025-03-16 16:54:36,,True,admin
1698,SC000970,البطريركيّة اللاتينيّة,,,True,2025-03-16 16:57:21,,True,admin
1699,SC000971,راهبات الورديّة,,,True,2025-03-16 16:58:15,,True,admin
1700,SC000972,راهبات الورديّة,,,True,2025-03-16 17:01:15,,True,admin
1701,SC000973,البطريركيّة اللاتينيّة,,,True,2025-03-16 17:39:55,,True,admin
1702,SC000974,البطريركيّة اللاتينيّة,,,True,2025-03-16 17:44:22,,True,admin
1703,SC000975,البطريركيّة اللاتينيّة,,,True,2025-03-16 17:54:21,,True,admin
1704,SC000976,البطريركيّة اللاتينيّة,,,True,2025-03-16 17:54:41,,True,admin
1705,SC000977,البطريركيّة اللاتينيّة,,,True,2025-03-16 18:00:50,,True,admin
1706,SC000978,البطريركيّة اللاتينيّة,,,True,2025-03-16 18:11:36,,True,admin
1707,SC000979,البطريركيّة اللاتينيّة,,,True,2025-03-16 18:16:21,,True,admin
1708,SC000980,البطريركيّة اللاتينيّة,,,True,2025-03-16 18:19:50,,True,admin
1709,SC000981,مدرسة حكوميّة,,,True,2025-03-16 18:20:26,,True,admin
1710,SC000982,راهبات الورديّة,,,True,2025-03-16 18:28:08,,True,admin
1711,SC000983,الروم الكاثوليك,,,True,2025-03-16 18:57:01,,True,admin
1712,SC000984,البطريركيّة اللاتينيّة,,,True,2025-03-16 19:00:22,,True,admin
1713,SC000985,البطريركيّة اللاتينيّة,,,True,2025-03-16 19:00:55,,True,admin
1714,SC000986,البطريركيّة اللاتينيّة,,,True,2025-03-16 19:24:57,,True,admin
1715,SC000987,مدرسة حكوميّة,,,True,2025-03-16 19:26:14,,True,admin
1716,SC000988,البطريركيّة اللاتينيّة,,,True,2025-03-16 19:34:14,,True,admin
1717,SC000989,البطريركيّة اللاتينيّة,,,True,2025-03-16 19:42:40,,True,admin
1718,SC000990,مدرسة حكوميّة,,,True,2025-03-16 19:53:13,,True,admin
1719,SC000991,الروم الكاثوليك,,,True,2025-03-16 20:12:09,,True,admin
1720,SC000992,الروم الكاثوليك,,,True,2025-03-16 20:14:13,,True,admin
1721,SC000993,راهبات الورديّة,,,True,2025-03-16 20:18:24,,True,admin
1722,SC000994,الروم الكاثوليك,,,True,2025-03-16 20:30:45,,True,admin
1723,SC000995,البطريركيّة اللاتينيّة,,,True,2025-03-16 20:41:43,,True,admin
1725,SC000996,البطريركيّة اللاتينيّة,,,True,2025-03-16 20:53:18,,True,admin
1726,SC000997,البطريركيّة اللاتينيّة,,,True,2025-03-16 21:00:00,,True,admin
1727,SC000998,البطريركيّة اللاتينيّة,,,True,2025-03-16 21:00:54,,True,admin
1728,SC000999,البطريركيّة اللاتينيّة,,,True,2025-03-16 21:02:22,,True,admin
1729,SC001000,البطريركيّة اللاتينيّة,,,True,2025-03-16 21:02:45,,True,admin
1730,SC001001,البطريركيّة اللاتينيّة,,,True,2025-03-16 21:06:03,,True,admin
1731,SC001002,راهبات الورديّة,,,True,2025-03-16 21:12:59,,True,admin
1732,SC001003,البطريركيّة اللاتينيّة,,,True,2025-03-16 21:19:31,,True,admin
1733,SC001004,البطريركيّة اللاتينيّة,,,True,2025-03-16 21:24:50,,True,admin
1734,SC001005,البطريركيّة اللاتينيّة,,,True,2025-03-16 22:10:08,,True,admin
1735,SC001006,البطريركيّة اللاتينيّة,,,True,2025-03-16 22:17:37,,True,admin
1736,SC001007,البطريركيّة اللاتينيّة,,,True,2025-03-16 22:19:42,,True,admin
1738,SC001009,البطريركيّة اللاتينيّة,,,True,2025-03-16 22:35:20,,True,admin
1739,SC001010,البطريركيّة اللاتينيّة,,,True,2025-03-16 22:53:30,,True,admin
1740,SC001011,البطريركيّة اللاتينيّة,,,True,2025-03-16 22:55:14,,True,admin
1741,SC001012,البطريركيّة اللاتينيّة,,,True,2025-03-16 23:51:03,,True,admin
1742,SC001013,البطريركيّة اللاتينيّة,,,True,2025-03-17 03:47:53,,True,admin
1744,SC001014,البطريركيّة اللاتينيّة,,,True,2025-03-17 07:49:51,,True,admin
1745,SC001015,البطريركيّة اللاتينيّة,,,True,2025-03-17 08:29:44,,True,admin
1746,SC001016,البطريركيّة اللاتينيّة,,,True,2025-03-17 08:36:55,,True,admin
1747,SC001017,البطريركيّة اللاتينيّة,,,True,2025-03-17 08:38:12,,True,admin
1748,SC001018,البطريركيّة اللاتينيّة,,,True,2025-03-17 08:42:37,,True,admin
1749,SC001019,البطريركيّة اللاتينيّة,,,True,2025-03-17 08:45:41,,True,admin
1750,SC001020,مركز ماركا الإنجيلي,,,True,2025-03-17 08:51:50,,True,admin
1751,SC001021,مركز ماركا الإنجيلي,,,True,2025-03-17 08:54:17,,True,admin
1752,SC001022,مركز ماركا الإنجيلي,,,True,2025-03-17 08:56:47,,True,admin
1753,SC001023,البطريركيّة اللاتينيّة,,,True,2025-03-17 09:26:23,,True,admin
1754,SC001024,البطريركيّة اللاتينيّة,,,True,2025-03-17 09:28:38,,True,admin
1755,SC001025,البطريركيّة اللاتينيّة,,,True,2025-03-17 11:25:36,,True,admin
1756,SC001026,البطريركيّة اللاتينيّة,,,True,2025-03-17 11:28:25,,True,admin
1758,SC001027,البطريركيّة اللاتينيّة,,,True,2025-03-17 16:40:29,,True,admin
1759,SC001028,البطريركيّة اللاتينيّة,,,True,2025-03-17 16:56:02,,True,admin
1760,SC001029,البطريركيّة اللاتينيّة,,,True,2025-03-17 16:57:31,,True,admin
1761,SC001030,البطريركيّة اللاتينيّة,,,True,2025-03-17 17:01:26,,True,admin
1763,SC001031,البطريركيّة اللاتينيّة,,,True,2025-03-17 17:07:59,,True,admin
1764,SC001032,البطريركيّة اللاتينيّة,,,True,2025-03-17 17:09:34,,True,admin
1765,SC001033,البطريركيّة اللاتينيّة,,,True,2025-03-17 17:39:35,,True,admin
1767,SC001034,البطريركيّة اللاتينيّة,,,True,2025-03-17 21:28:30,,True,admin
1769,SC001035,مدرسة حكوميّة,,,True,2025-03-17 23:04:42,,True,admin
1770,SC001036,مدرسة حكوميّة,,,True,2025-03-17 23:06:35,,True,admin
1771,SC001037,مدرسة حكوميّة,,,True,2025-03-17 23:08:32,,True,admin
1772,SC001038,البطريركيّة اللاتينيّة,,,True,2025-03-18 00:13:43,,True,admin
1773,SC001039,البطريركيّة اللاتينيّة,,,True,2025-03-18 00:15:17,,True,admin
1774,SC001040,البطريركيّة اللاتينيّة,,,True,2025-03-18 00:19:54,,True,admin
1775,SC001041,البطريركيّة اللاتينيّة,,,True,2025-03-18 00:21:44,,True,admin
1776,SC001042,مدرسة حكوميّة,,,True,2025-03-18 00:24:06,,True,admin
1777,SC001043,البطريركيّة اللاتينيّة,,,True,2025-03-18 00:25:54,,True,admin
1778,SC001044,البطريركيّة اللاتينيّة,,,True,2025-03-18 00:27:38,,True,admin
1779,SC001045,البطريركيّة اللاتينيّة,,,True,2025-03-18 00:28:43,,True,admin
1780,SC001046,البطريركيّة اللاتينيّة,,,True,2025-03-18 00:34:28,,True,admin
1781,SC001047,البطريركيّة اللاتينيّة,,,True,2025-03-18 00:40:58,,True,admin
1782,SC001048,البطريركيّة اللاتينيّة,,,True,2025-03-18 00:55:22,,True,admin
1783,SC001049,البطريركيّة اللاتينيّة,,,True,2025-03-18 01:18:18,,True,admin
1784,SC001050,البطريركيّة اللاتينيّة,,,True,2025-03-18 01:26:36,,True,admin
1785,SC001051,البطريركيّة اللاتينيّة,,,True,2025-03-18 01:30:14,,True,admin
1786,SC001052,البطريركيّة اللاتينيّة,,,True,2025-03-18 01:31:27,,True,admin
1787,SC001053,البطريركيّة اللاتينيّة,,,True,2025-03-18 01:32:39,,True,admin
1788,SC001054,البطريركيّة اللاتينيّة,,,True,2025-03-18 01:34:10,,True,admin
1790,SC001055,المعمدانيّة,,,True,2025-03-18 07:04:46,,True,admin
1791,SC001056,البطريركيّة اللاتينيّة,,,True,2025-03-18 07:47:50,,True,admin
1792,SC001057,البطريركيّة اللاتينيّة,,,True,2025-03-18 07:49:58,,True,admin
1793,SC001058,البطريركيّة اللاتينيّة,,,True,2025-03-18 07:53:57,,True,admin
1794,SC001059,مدرسة حكوميّة,,,True,2025-03-18 07:55:34,,True,admin
1795,SC001060,المعمدانيّة,,,True,2025-03-18 08:20:56,,True,admin
1796,SC001061,البطريركيّة اللاتينيّة,,,True,2025-03-18 08:32:36,,True,admin
1797,SC001062,البطريركيّة اللاتينيّة,,,True,2025-03-18 08:59:38,,True,admin
1798,SC001063,البطريركيّة اللاتينيّة,,,True,2025-03-18 09:02:04,,True,admin
1799,SC001064,البطريركيّة اللاتينيّة,,,True,2025-03-18 09:52:52,,True,admin
1800,SC001065,البطريركيّة اللاتينيّة,,,True,2025-03-18 09:54:10,,True,admin
1801,SC001066,البطريركيّة اللاتينيّة,,,True,2025-03-18 10:19:24,,True,admin
1802,SC001067,البطريركيّة اللاتينيّة,,,True,2025-03-18 10:20:39,,True,admin
1803,SC001068,البطريركيّة اللاتينيّة,,,True,2025-03-18 10:21:57,,True,admin
1804,SC001069,البطريركيّة اللاتينيّة,,,True,2025-03-18 10:23:04,,True,admin
1805,SC001070,البطريركيّة اللاتينيّة,,,True,2025-03-18 10:23:11,,True,admin
1806,SC001071,البطريركيّة اللاتينيّة,,,True,2025-03-18 10:24:34,,True,admin
1807,SC001072,البطريركيّة اللاتينيّة,,,True,2025-03-18 10:25:00,,True,admin
1808,SC001073,البطريركيّة اللاتينيّة,,,True,2025-03-18 10:25:40,,True,admin
1809,SC001074,البطريركيّة اللاتينيّة,,,True,2025-03-18 10:26:54,,True,admin
1810,SC001075,البطريركيّة اللاتينيّة,,,True,2025-03-18 10:29:11,,True,admin
1811,SC001076,البطريركيّة اللاتينيّة,,,True,2025-03-18 10:33:19,,True,admin
1813,SC001077,البطريركيّة اللاتينيّة,,,True,2025-03-18 12:17:01,,True,admin
1814,SC001078,البطريركيّة اللاتينيّة,,,True,2025-03-18 12:25:51,,True,admin
1815,SC001079,البطريركيّة اللاتينيّة,,,True,2025-03-18 12:27:11,,True,admin
1816,SC001080,المعمدانيّة,,,True,2025-03-18 12:37:11,,True,admin
1817,SC001081,المعمدانيّة,,,True,2025-03-18 12:42:56,,True,admin
1818,SC001082,البطريركيّة اللاتينيّة,,,True,2025-03-18 13:00:32,,True,admin
1819,SC001083,البطريركيّة اللاتينيّة,,,True,2025-03-18 13:02:49,,True,admin
1820,SC001084,البطريركيّة اللاتينيّة,,,True,2025-03-18 13:04:53,,True,admin
1821,SC001085,مدرسة حكوميّة,,,True,2025-03-18 16:12:24,,True,admin
1822,SC001086,المعمدانيّة,,,True,2025-03-18 17:55:02,,True,admin
1825,SC001087,البطريركيّة اللاتينيّة,,,True,2025-03-19 09:42:00,,True,admin
1827,SC001088,مدرسة حكوميّة,,,True,2025-03-19 13:29:34,,True,admin
1830,SC001089,البطريركيّة اللاتينيّة,,,True,2025-03-19 14:56:30,,True,admin
1831,SC001090,البطريركيّة اللاتينيّة,,,True,2025-03-19 14:57:57,,True,admin
1834,SC001091,الأورثوذكسيّة,,,True,2025-03-19 15:56:41,,True,admin
1835,SC001092,البطريركيّة اللاتينيّة,,,True,2025-03-19 16:23:31,,True,admin
1836,SC001093,البطريركيّة اللاتينيّة,,,True,2025-03-19 16:28:29,,True,admin
1837,SC001094,البطريركيّة اللاتينيّة,,,True,2025-03-19 16:30:55,,True,admin
1838,SC001095,البطريركيّة اللاتينيّة,,,True,2025-03-19 17:28:34,,True,admin
1839,SC001096,البطريركيّة اللاتينيّة,,,True,2025-03-19 17:30:27,,True,admin
1841,SC001097,المعمدانيّة,,,True,2025-03-19 20:14:02,,True,admin
1842,SC001098,المعمدانيّة,,,True,2025-03-19 20:16:43,,True,admin
1844,SC001099,الروم الكاثوليك,,,True,2025-03-20 11:40:28,,True,admin
1852,SC001100,كليّة دي لاسال - الفرير,,,True,2025-03-20 14:25:10,,True,admin
1853,SC001101,البطريركيّة اللاتينيّة,,,True,2025-03-20 14:31:11,,True,admin
1854,SC001102,البطريركيّة اللاتينيّة,,,True,2025-03-20 14:33:43,,True,admin
1856,SC001103,البطريركيّة اللاتينيّة,,,True,2025-03-20 15:10:38,,True,admin
1858,SC001104,البطريركيّة اللاتينيّة,,,True,2025-03-20 15:37:16,,True,admin
1860,SC001105,البطريركيّة اللاتينيّة,,,True,2025-03-20 15:57:32,,True,admin
1861,SC001106,البطريركيّة اللاتينيّة,,,True,2025-03-20 16:28:15,,True,admin
1862,SC001107,مدرسة حكوميّة,,,True,2025-03-20 16:44:48,,True,admin
1863,SC001108,مدرسة حكوميّة,,,True,2025-03-20 16:47:20,,True,admin
1864,SC001109,البطريركيّة اللاتينيّة,,,True,2025-03-20 16:48:19,,True,admin
1865,SC001110,البطريركيّة اللاتينيّة,,,True,2025-03-20 16:49:54,,True,admin
1866,SC001111,البطريركيّة اللاتينيّة,,,True,2025-03-20 16:51:45,,True,admin
1867,SC001112,البطريركيّة اللاتينيّة,,,True,2025-03-20 16:55:31,,True,admin
1868,SC001113,البطريركيّة اللاتينيّة,,,True,2025-03-20 16:57:10,,True,admin
1869,SC001114,البطريركيّة اللاتينيّة,,,True,2025-03-20 16:59:42,,True,admin
1870,SC001115,البطريركيّة اللاتينيّة,,,True,2025-03-20 17:06:59,,True,admin
1871,SC001116,البطريركيّة اللاتينيّة,,,True,2025-03-20 17:12:24,,True,admin
1872,SC001117,البطريركيّة اللاتينيّة,,,True,2025-03-20 17:12:36,,True,admin
1873,SC001118,البطريركيّة اللاتينيّة,,,True,2025-03-20 17:16:51,,True,admin
1874,SC001119,الروم الكاثوليك,,,True,2025-03-20 17:17:29,,True,admin
1875,SC001120,البطريركيّة اللاتينيّة,,,True,2025-03-20 17:19:12,,True,admin
1876,SC001121,البطريركيّة اللاتينيّة,,,True,2025-03-20 17:47:33,,True,admin
1877,SC001122,البطريركيّة اللاتينيّة,,,True,2025-03-20 17:48:45,,True,admin
1878,SC001123,البطريركيّة اللاتينيّة,,,True,2025-03-20 17:51:51,,True,admin
1879,SC001124,البطريركيّة اللاتينيّة,,,True,2025-03-20 17:52:55,,True,admin
1880,SC001125,البطريركيّة اللاتينيّة,,,True,2025-03-20 17:58:13,,True,admin
1881,SC001126,البطريركيّة اللاتينيّة,,,True,2025-03-20 17:59:51,,True,admin
1882,SC001127,الروم الأرثوذكس,,,True,2025-03-20 18:01:54,,True,admin
1883,SC001128,البطريركيّة اللاتينيّة,,,True,2025-03-20 18:01:54,,True,admin
1884,SC001129,مدرسة حكوميّة,,,True,2025-03-20 18:04:55,,True,admin
1885,SC001130,البطريركيّة اللاتينيّة,,,True,2025-03-20 18:07:03,,True,admin
1886,SC001131,البطريركيّة اللاتينيّة,,,True,2025-03-20 18:11:59,,True,admin
1887,SC001132,البطريركيّة اللاتينيّة,,,True,2025-03-20 18:14:38,,True,admin
1888,SC001133,البطريركيّة اللاتينيّة,,,True,2025-03-20 18:17:01,,True,admin
1889,SC001134,البطريركيّة اللاتينيّة,,,True,2025-03-20 18:20:39,,True,admin
1890,SC001135,البطريركيّة اللاتينيّة,,,True,2025-03-20 18:29:04,,True,admin
1891,SC001136,البطريركيّة اللاتينيّة,,,True,2025-03-20 18:30:55,,True,admin
1892,SC001137,الأورثوذكسيّة,,,True,2025-03-20 18:31:31,,True,admin
1893,SC001138,البطريركيّة اللاتينيّة,,,True,2025-03-20 18:31:46,,True,admin
1894,SC001139,البطريركيّة اللاتينيّة,,,True,2025-03-20 18:32:32,,True,admin
1895,SC001140,البطريركيّة اللاتينيّة,,,True,2025-03-20 18:33:27,,True,admin
1896,SC001141,البطريركيّة اللاتينيّة,,,True,2025-03-20 18:34:24,,True,admin
1897,SC001142,البطريركيّة اللاتينيّة,,,True,2025-03-20 18:36:08,,True,admin
1898,SC001143,البطريركيّة اللاتينيّة,,,True,2025-03-20 18:38:13,,True,admin
1899,SC001144,البطريركيّة اللاتينيّة,,,True,2025-03-20 18:40:07,,True,admin
1900,SC001145,البطريركيّة اللاتينيّة,,,True,2025-03-20 18:44:47,,True,admin
1901,SC001146,البطريركيّة اللاتينيّة,,,True,2025-03-20 18:45:03,,True,admin
1902,SC001147,البطريركيّة اللاتينيّة,,,True,2025-03-20 18:47:07,,True,admin
1903,SC001148,البطريركيّة اللاتينيّة,,,True,2025-03-20 18:52:05,,True,admin
1904,SC001149,مدرسة حكوميّة,,,True,2025-03-20 18:53:49,,True,admin
1905,SC001150,مدرسة حكوميّة,,,True,2025-03-20 18:55:37,,True,admin
1906,SC001151,البطريركيّة اللاتينيّة,,,True,2025-03-20 19:39:58,,True,admin
1907,SC001152,البطريركيّة اللاتينيّة,,,True,2025-03-20 19:43:18,,True,admin
1908,SC001153,البطريركيّة اللاتينيّة,,,True,2025-03-20 19:45:03,,True,admin
1909,SC001154,البطريركيّة اللاتينيّة,,,True,2025-03-20 19:53:16,,True,admin
1910,SC001155,البطريركيّة اللاتينيّة,,,True,2025-03-20 19:57:16,,True,admin
1911,SC001156,البطريركيّة اللاتينيّة,,,True,2025-03-20 19:58:27,,True,admin
1912,SC001157,البطريركيّة اللاتينيّة,,,True,2025-03-20 19:58:41,,True,admin
1913,SC001158,البطريركيّة اللاتينيّة,,,True,2025-03-20 19:59:49,,True,admin
1914,SC001159,البطريركيّة اللاتينيّة,,,True,2025-03-20 20:07:58,,True,admin
1915,SC001160,البطريركيّة اللاتينيّة,,,True,2025-03-20 20:14:15,,True,admin
1916,SC001161,البطريركيّة اللاتينيّة,,,True,2025-03-20 20:43:09,,True,admin
1917,SC001162,مدرسة حكوميّة,,,True,2025-03-20 21:11:50,,True,admin
1918,SC001163,البطريركيّة اللاتينيّة,,,True,2025-03-20 21:19:35,,True,admin
1919,SC001164,مدرسة حكوميّة,,,True,2025-03-20 21:36:46,,True,admin
1920,SC001165,مدرسة حكوميّة,,,True,2025-03-20 21:40:38,,True,admin
1921,SC001166,البطريركيّة اللاتينيّة,,,True,2025-03-20 21:44:45,,True,admin
1922,SC001167,البطريركيّة اللاتينيّة,,,True,2025-03-20 23:01:39,,True,admin
1923,SC001168,مدرسة حكوميّة,,,True,2025-03-20 23:03:22,,True,admin
1925,SC001169,مدرسة حكوميّة,,,True,2025-03-20 23:49:35,,True,admin
1926,SC001170,البطريركيّة اللاتينيّة,,,True,2025-03-20 23:55:40,,True,admin
1927,SC001171,البطريركيّة اللاتينيّة,,,True,2025-03-21 01:52:03,,True,admin
1928,SC001172,البطريركيّة اللاتينيّة,,,True,2025-03-21 10:15:00,,True,admin
1929,SC001173,المخلّص الإنجيليّة,,,True,2025-03-21 11:06:17,,True,admin
1930,SC001174,المخلّص الإنجيليّة,,,True,2025-03-21 11:07:00,,True,admin
1931,SC001175,البطريركيّة اللاتينيّة,,,True,2025-03-21 12:09:47,,True,admin
1932,SC001176,البطريركيّة اللاتينيّة,,,True,2025-03-21 12:13:26,,True,admin
1933,SC001177,روضة الجانب المشرق,,,True,2025-03-21 12:15:41,,True,admin
1934,SC001178,البطريركيّة اللاتينيّة,,,True,2025-03-21 13:04:24,,True,admin
1935,SC001179,البطريركيّة اللاتينيّة,,,True,2025-03-21 17:59:29,,True,admin
1936,SC001180,البطريركيّة اللاتينيّة,,,True,2025-03-21 18:00:33,,True,admin
1938,SC001181,البطريركيّة اللاتينيّة,,,True,2025-03-21 22:41:30,,True,admin
1939,SC001182,الروم الكاثوليك,,,True,2025-03-21 23:10:27,,True,admin
1940,SC001183,البطريركيّة اللاتينيّة,,,True,2025-03-22 08:15:47,,True,admin
1941,SC001184,البطريركيّة اللاتينيّة,,,True,2025-03-22 08:18:09,,True,admin
1942,SC001185,البطريركيّة اللاتينيّة,,,True,2025-03-22 10:50:59,,True,admin
1943,SC001186,البطريركيّة اللاتينيّة,,,True,2025-03-22 13:39:49,,True,admin
1944,SC001187,الروم الأرثوذكس,,,True,2025-03-22 14:18:27,,True,admin
1945,SC001188,الروم الأرثوذكس,,,True,2025-03-22 14:20:08,,True,admin
1946,SC001189,مدرسة حكوميّة,,,True,2025-03-22 14:28:09,,True,admin
1947,SC001190,مدرسة حكوميّة,,,True,2025-03-22 14:37:52,,True,admin
1949,SC001191,البطريركيّة اللاتينيّة,,,True,2025-03-22 15:31:18,,True,admin
1950,SC001192,البطريركيّة اللاتينيّة,,,True,2025-03-22 15:33:53,,True,admin
1951,SC001193,البطريركيّة اللاتينيّة,,,True,2025-03-22 15:36:52,,True,admin
1952,SC001194,البطريركيّة اللاتينيّة,,,True,2025-03-22 15:38:56,,True,admin
1953,SC001195,البطريركيّة اللاتينيّة,,,True,2025-03-22 15:46:37,,True,admin
1954,SC001196,البطريركيّة اللاتينيّة,,,True,2025-03-22 15:52:12,,True,admin
1955,SC001197,البطريركيّة اللاتينيّة,,,True,2025-03-22 15:57:52,,True,admin
1956,SC001198,البطريركيّة اللاتينيّة,,,True,2025-03-22 15:59:19,,True,admin
1957,SC001199,البطريركيّة اللاتينيّة,,,True,2025-03-22 16:03:47,,True,admin
1958,SC001200,مدرسة حكوميّة,,,True,2025-03-22 16:08:46,,True,admin
1959,SC001201,راهبات الورديّة,,,True,2025-03-22 16:11:51,,True,admin
1960,SC001202,البطريركيّة اللاتينيّة,,,True,2025-03-22 16:12:24,,True,admin
1961,SC001203,البطريركيّة اللاتينيّة,,,True,2025-03-22 16:12:46,,True,admin
1962,SC001204,راهبات الفرنسيسكان,,,True,2025-03-22 16:12:53,,True,admin
1963,SC001205,البطريركيّة اللاتينيّة,,,True,2025-03-22 16:13:58,,True,admin
1964,SC001206,البطريركيّة اللاتينيّة,,,True,2025-03-22 16:14:12,,True,admin
1965,SC001207,البطريركيّة اللاتينيّة,,,True,2025-03-22 16:15:21,,True,admin
1966,SC001208,البطريركيّة اللاتينيّة,,,True,2025-03-22 16:15:35,,True,admin
1967,SC001209,البطريركيّة اللاتينيّة,,,True,2025-03-22 16:15:55,,True,admin
1968,SC001210,طلب العُلا الدوليّة,,,True,2025-03-22 16:19:07,,True,admin
1969,SC001211,مدرسة حكوميّة,,,True,2025-03-22 16:19:23,,True,admin
1970,SC001212,البطريركيّة اللاتينيّة,,,True,2025-03-22 16:23:01,,True,admin
1971,SC001213,البطريركيّة اللاتينيّة,,,True,2025-03-22 16:23:03,,True,admin
1972,SC001214,البطريركيّة اللاتينيّة,,,True,2025-03-22 16:25:14,,True,admin
1973,SC001215,البطريركيّة اللاتينيّة,,,True,2025-03-22 16:26:50,,True,admin
1974,SC001216,البطريركيّة اللاتينيّة,,,True,2025-03-22 16:28:31,,True,admin
1975,SC001217,البطريركيّة اللاتينيّة,,,True,2025-03-22 16:29:59,,True,admin
1976,SC001218,مدرسة حكوميّة,,,True,2025-03-22 16:45:12,,True,admin
1977,SC001219,البطريركيّة اللاتينيّة,,,True,2025-03-22 17:03:04,,True,admin
1978,SC001220,البطريركيّة اللاتينيّة,,,True,2025-03-22 17:07:21,,True,admin
1979,SC001221,البطريركيّة اللاتينيّة,,,True,2025-03-22 17:42:15,,True,admin
1981,SC001222,الأردنيّة الدوليّة,,,True,2025-03-22 18:04:33,,True,admin
1991,SC001223,مدرسة حكوميّة,,,True,2025-03-22 19:28:40,,True,admin
1992,SC001224,البطريركيّة اللاتينيّة,,,True,2025-03-22 19:29:40,,True,admin
1993,SC001225,مدرسة حكوميّة,,,True,2025-03-22 19:30:32,,True,admin
1994,SC001226,البطريركيّة اللاتينيّة,,,True,2025-03-22 19:33:48,,True,admin
1995,SC001227,البطريركيّة اللاتينيّة,,,True,2025-03-22 19:37:26,,True,admin
1997,SC001228,البطريركيّة اللاتينيّة,,,True,2025-03-22 20:00:12,,True,admin
1999,SC001229,البطريركيّة اللاتينيّة,,,True,2025-03-22 20:12:25,,True,admin
2000,SC001230,مدرسة حكوميّة,,,True,2025-03-22 20:13:35,,True,admin
2001,SC001231,البطريركيّة اللاتينيّة,,,True,2025-03-22 20:18:43,,True,admin
2002,SC001232,البطريركيّة اللاتينيّة,,,True,2025-03-22 20:20:08,,True,admin
2003,SC001233,البطريركيّة اللاتينيّة,,,True,2025-03-22 20:25:43,,True,admin
2005,SC001234,مدرسة حكوميّة,,,True,2025-03-22 20:30:52,,True,admin
2006,SC001235,البطريركيّة اللاتينيّة,,,True,2025-03-22 20:40:25,,True,admin
2009,SC001236,مدرسة حكوميّة,,,True,2025-03-22 21:08:00,,True,admin
2010,SC001237,مدرسة حكوميّة,,,True,2025-03-22 21:10:40,,True,admin
2011,SC001238,البطريركيّة اللاتينيّة,,,True,2025-03-22 21:40:50,,True,admin
2015,SC001239,البطريركيّة اللاتينيّة,,,True,2025-03-22 23:34:54,,True,admin
2016,SC001240,البطريركيّة اللاتينيّة,,,True,2025-03-22 23:36:37,,True,admin
2018,SC001241,البطريركيّة اللاتينيّة,,,True,2025-03-23 03:19:33,,True,admin
2019,SC001242,البطريركيّة اللاتينيّة,,,True,2025-03-23 09:52:50,,True,admin
2020,SC001243,الجالية الدوليّة,,,True,2025-03-23 11:01:06,,True,admin
2021,SC001244,البطريركيّة اللاتينيّة,,,True,2025-03-23 18:32:42,,True,admin
2022,SC001245,البطريركيّة اللاتينيّة,,,True,2025-03-23 18:35:21,,True,admin
2023,SC001246,البطريركيّة اللاتينيّة,,,True,2025-03-23 18:37:18,,True,admin
2026,SC001247,العقبة الدوليّة,,,True,2025-03-24 17:13:50,,True,admin
2028,SC001248,العقبة الدوليّة,,,True,2025-03-24 17:34:43,,True,admin
2029,SC001249,العقبة الدوليّة,,,True,2025-03-24 17:36:43,,True,admin
2030,SC001250,راهبات الورديّة,,,True,2025-03-24 17:39:35,,True,admin
2031,SC001251,راهبات الورديّة,,,True,2025-03-24 17:47:40,,True,admin
2032,SC001252,راهبات الورديّة,,,True,2025-03-24 17:50:11,,True,admin
2034,SC001253,راهبات الورديّة,,,True,2025-03-24 18:01:06,,True,admin
2035,SC001254,راهبات الورديّة,,,True,2025-03-24 18:03:27,,True,admin
2036,SC001255,راهبات الورديّة,,,True,2025-03-24 18:03:29,,True,admin
2037,SC001256,راهبات الورديّة,,,True,2025-03-24 18:06:11,,True,admin
2038,SC001257,راهبات الورديّة,,,True,2025-03-24 18:10:01,,True,admin
2039,SC001258,راهبات الورديّة,,,True,2025-03-24 18:36:34,,True,admin
2040,SC001259,راهبات الورديّة,,,True,2025-03-24 18:39:58,,True,admin
2041,SC001260,راهبات الورديّة,,,True,2025-03-24 18:41:29,,True,admin
2042,SC001261,راهبات الورديّة,,,True,2025-03-24 19:40:38,,True,admin
2044,SC001262,راهبات الورديّة,,,True,2025-03-24 21:30:23,,True,admin
2045,SC001263,راهبات الورديّة,,,True,2025-03-24 21:33:04,,True,admin
2046,SC001264,الروم الأرثوذكس,,,True,2025-03-24 21:36:38,,True,admin
2047,SC001265,الروم الأرثوذكس,,,True,2025-03-24 21:49:41,,True,admin
2048,SC001266,البطريركيّة اللاتينيّة,,,True,2025-03-24 22:06:32,,True,admin
2049,SC001267,راهبات الورديّة,,,True,2025-03-24 22:27:16,,True,admin
2050,SC001268,راهبات الورديّة,,,True,2025-03-24 22:28:59,,True,admin
2051,SC001269,البطريركيّة اللاتينيّة,,,True,2025-03-24 22:42:32,,True,admin
2052,SC001270,راهبات الورديّة,,,True,2025-03-25 00:49:48,,True,admin
2054,SC001271,الأورثوذكسيّة,,,True,2025-03-25 08:04:00,,True,admin
2055,SC001272,راهبات الورديّة,,,True,2025-03-25 08:44:20,,True,admin
2056,SC001273,البطريركيّة اللاتينيّة,,,True,2025-03-25 21:22:56,,True,admin
2057,SC001274,تلاع العلي الثانيّة للبنات,,,True,2025-03-25 21:56:01,,True,admin
2058,SC001275,الروم الأرثوذكس,,,True,2025-03-26 21:33:19,,True,admin
2059,SC001276,البطريركيّة اللاتينيّة,,,True,2025-03-26 21:34:45,,True,admin
2061,SC001277,راهبات الورديّة,,,True,2025-03-27 09:30:38,,True,admin
2062,SC001278,راهبات الورديّة,,,True,2025-03-27 09:31:11,,True,admin
2063,SC001279,الرائد النموذجيّة,,,True,2025-03-27 09:40:50,,True,admin
2064,SC001280,مدرسة حكوميّة,,,True,2025-03-27 17:32:56,,True,admin
2066,SC001282,البطريركيّة اللاتينيّة,,,True,2025-03-27 17:34:46,,True,admin
2067,SC001283,البطريركيّة اللاتينيّة,,,True,2025-03-27 17:34:53,,True,admin
2068,SC001284,مدرسة حكوميّة,,,True,2025-03-27 17:35:11,,True,admin
2069,SC001285,مدرسة حكوميّة,,,True,2025-03-27 17:35:20,,True,admin
2070,SC001286,مدرسة حكوميّة,,,True,2025-03-27 17:35:23,,True,admin
2071,SC001287,مدرسة حكوميّة,,,True,2025-03-27 17:36:10,,True,admin
2072,SC001288,مدرسة حكوميّة,,,True,2025-03-27 17:37:00,,True,admin
2073,SC001289,البطريركيّة اللاتينيّة,,,True,2025-03-27 17:37:15,,True,admin
2074,SC001290,البطريركيّة اللاتينيّة,,,True,2025-03-27 17:37:20,,True,admin
2075,SC001291,مدرسة حكوميّة,,,True,2025-03-27 17:38:18,,True,admin
2076,SC001292,البطريركيّة اللاتينيّة,,,True,2025-03-27 17:38:52,,True,admin
2077,SC001293,مدرسة حكوميّة,,,True,2025-03-27 17:39:58,,True,admin
2078,SC001294,مدرسة حكوميّة,,,True,2025-03-27 17:41:04,,True,admin
2079,SC001295,مدرسة حكوميّة,,,True,2025-03-27 17:41:35,,True,admin
2081,SC001296,The Waldorf School of Jordan,,,True,2025-03-27 21:17:00,,True,admin
2082,SC001297,راهبات الورديّة,,,True,2025-03-27 23:22:19,,True,admin
2083,SC001298,راهبات الورديّة,,,True,2025-03-27 23:26:01,,True,admin
2084,SC001299,راهبات الورديّة,,,True,2025-03-27 23:39:42,,True,admin
2085,SC001300,راهبات الورديّة,,,True,2025-03-28 09:49:04,,True,admin
2086,SC001301,البطريركيّة اللاتينيّة,,,True,2025-03-28 11:17:39,,True,admin
2087,SC001302,مدرسة عسكريّة,,,True,2025-03-28 16:28:02,,True,admin
2088,SC001303,البطريركيّة اللاتينيّة,,,True,2025-03-28 16:30:02,,True,admin
2089,SC001304,البطريركيّة اللاتينيّة,,,True,2025-03-28 17:30:30,,True,admin
2090,SC001305,راهبات الورديّة,,,True,2025-03-28 21:24:04,,True,admin
2091,SC001306,راهبات الورديّة,,,True,2025-03-28 21:27:45,,True,admin
2092,SC001307,مدرسة حكوميّة,,,True,2025-03-28 21:28:30,,True,admin
2093,SC001308,البطريركيّة اللاتينيّة,,,True,2025-03-28 21:28:56,,True,admin
2094,SC001309,راهبات الورديّة,,,True,2025-03-28 21:30:16,,True,admin
2095,SC001310,راهبات الورديّة,,,True,2025-03-28 21:41:46,,True,admin
2096,SC001311,روضة البراعم,,,True,2025-03-28 21:44:43,,True,admin
2097,SC001312,مدرسة حكوميّة,,,True,2025-03-28 23:12:14,,True,admin
2098,SC001313,البطريركيّة اللاتينيّة,,,True,2025-03-28 23:14:03,,True,admin
2099,SC001314,البطريركيّة اللاتينيّة,,,True,2025-03-28 23:14:16,,True,admin
2100,SC001315,البطريركيّة اللاتينيّة,,,True,2025-03-28 23:15:18,,True,admin
2101,SC001316,البطريركيّة اللاتينيّة,,,True,2025-03-28 23:16:58,,True,admin
2102,SC001317,المعمدانيّة,,,True,2025-03-28 23:18:01,,True,admin
2103,SC001318,مدرسة حكوميّة,,,True,2025-03-28 23:19:12,,True,admin
2105,SC001319,البطريركيّة اللاتينيّة,,,True,2025-03-28 23:28:32,,True,admin
2106,SC001320,المعمدانيّة,,,True,2025-03-28 23:28:53,,True,admin
2107,SC001321,مدارس الملك عبدالله الثاني للتميّز,,,True,2025-03-28 23:35:36,,True,admin
2108,SC001322,مدرسة حكوميّة,,,True,2025-03-28 23:38:17,,True,admin
2109,SC001323,مدرسة حكوميّة,,,True,2025-03-28 23:42:09,,True,admin
2110,SC001324,مدارس أكاديميّة ريتال الدوليّة,,,True,2025-03-29 00:39:34,,True,admin
2111,SC001325,الأمريكيّة الحديثة,,,True,2025-03-29 00:41:57,,True,admin
2112,SC001326,مدرسة حكوميّة,,,True,2025-03-29 01:02:53,,True,admin
2113,SC001327,راهبات الورديّة,,,True,2025-03-29 09:33:31,,True,admin
2116,SC001328,البطريركيّة اللاتينيّة,,,True,2025-03-29 14:52:45,,True,admin
2117,SC001329,مدرسة حكوميّة,,,True,2025-03-29 15:50:14,,True,admin
2118,SC001330,البطريركيّة اللاتينيّة,,,True,2025-03-29 18:06:48,,True,admin
2123,SC001334,مدرسة حكوميّة,,,True,2025-03-29 22:29:52,,True,admin
2124,SC001335,البطريركيّة اللاتينيّة,,,True,2025-03-29 23:21:08,,True,admin
2125,SC001336,الأورثوذكسيّة,,,True,2025-03-29 23:46:28,,True,admin
2126,SC001337,الأردنيّة الدوليّة,,,True,2025-03-30 10:01:36,,True,admin
2127,SC001338,البطريركيّة اللاتينيّة,,,True,2025-03-30 10:06:37,,True,admin
2128,SC001339,راهبات الورديّة,,,True,2025-03-30 10:57:48,,True,admin
2129,SC001340,راهبات الورديّة,,,True,2025-03-30 10:58:55,,True,admin
2130,SC001341,الأميرة عائشة,,,True,2025-03-30 11:22:01,,True,admin
2131,SC001342,مدرسة حكوميّة,,,True,2025-03-30 12:00:41,,True,admin
2132,SC001343,البطريركيّة اللاتينيّة,,,True,2025-03-30 12:20:28,,True,admin
2133,SC001344,البطريركيّة اللاتينيّة,,,True,2025-03-30 12:22:56,,True,admin
2134,SC001345,راهبات الورديّة,,,True,2025-03-30 12:40:49,,True,admin
2135,SC001346,البطريركيّة اللاتينيّة,,,True,2025-03-30 12:44:04,,True,admin
2136,SC001347,راهبات الورديّة,,,True,2025-03-30 12:45:30,,True,admin
2137,SC001348,البطريركيّة اللاتينيّة,,,True,2025-03-30 12:45:55,,True,admin
2138,SC001349,مدرسة حكوميّة,,,True,2025-03-30 14:33:32,,True,admin
2139,SC001350,البطريركيّة اللاتينيّة,,,True,2025-03-30 14:34:59,,True,admin
2140,SC001351,راهبات الفرنسيسكان,,,True,2025-03-30 14:54:53,,True,admin
2141,SC001352,كليّة تراسانطة,,,True,2025-03-30 15:05:26,,True,admin
2142,SC001353,البطريركيّة اللاتينيّة,,,True,2025-03-30 15:06:30,,True,admin
2143,SC001354,كليّة تراسانطة,,,True,2025-03-30 15:06:49,,True,admin
2144,SC001355,البطريركيّة اللاتينيّة,,,True,2025-03-30 15:13:10,,True,admin
2145,SC001356,البطريركيّة اللاتينيّة,,,True,2025-03-30 15:15:18,,True,admin
2146,SC001357,البطريركيّة اللاتينيّة,,,True,2025-03-30 15:18:20,,True,admin
2147,SC001358,البطريركيّة اللاتينيّة,,,True,2025-03-30 15:20:55,,True,admin
2148,SC001359,البطريركيّة اللاتينيّة,,,True,2025-03-30 15:21:26,,True,admin
2149,SC001360,البطريركيّة اللاتينيّة,,,True,2025-03-30 15:21:58,,True,admin
2150,SC001361,البطريركيّة اللاتينيّة,,,True,2025-03-30 15:25:48,,True,admin
2151,SC001362,البطريركيّة اللاتينيّة,,,True,2025-03-30 15:28:25,,True,admin
2152,SC001363,البطريركيّة اللاتينيّة,,,True,2025-03-30 15:29:56,,True,admin
2153,SC001364,الروم الكاثوليك,,,True,2025-03-30 15:36:15,,True,admin
2154,SC001365,البطريركيّة اللاتينيّة,,,True,2025-03-30 15:49:41,,True,admin
2155,SC001366,البطريركيّة اللاتينيّة,,,True,2025-03-30 15:53:17,,True,admin
2156,SC001367,الأورثوذكسيّة,,,True,2025-03-30 16:50:29,,True,admin
2157,SC001368,المعمدانيّة,,,True,2025-03-30 16:53:47,,True,admin
2158,SC001369,راهبات الورديّة,,,True,2025-03-30 16:55:32,,True,admin
2159,SC001370,راهبات الورديّة,,,True,2025-03-30 16:57:15,,True,admin
2160,SC001371,الأردنيّة الدوليّة,,,True,2025-03-30 16:57:22,,True,admin
2161,SC001372,البطريركيّة اللاتينيّة,,,True,2025-03-30 17:03:08,,True,admin
2162,SC001373,البطريركيّة اللاتينيّة,,,True,2025-03-30 17:05:26,,True,admin
2163,SC001374,البطريركيّة اللاتينيّة,,,True,2025-03-30 17:05:53,,True,admin
2164,SC001375,البطريركيّة اللاتينيّة,,,True,2025-03-30 17:07:27,,True,admin
2165,SC001376,البطريركيّة اللاتينيّة,,,True,2025-03-30 17:23:27,,True,admin
2166,SC001377,البطريركيّة اللاتينيّة,,,True,2025-03-30 17:24:35,,True,admin
2167,SC001378,البطريركيّة اللاتينيّة,,,True,2025-03-30 17:26:43,,True,admin
2168,SC001379,البطريركيّة اللاتينيّة,,,True,2025-03-30 17:28:20,,True,admin
2169,SC001380,البطريركيّة اللاتينيّة,,,True,2025-03-30 17:32:44,,True,admin
2170,SC001381,البطريركيّة اللاتينيّة,,,True,2025-03-30 17:33:48,,True,admin
2171,SC001382,البطريركيّة اللاتينيّة,,,True,2025-03-30 17:35:32,,True,admin
2172,SC001383,البطريركيّة اللاتينيّة,,,True,2025-03-30 18:56:35,,True,admin
2173,SC001384,البطريركيّة اللاتينيّة,,,True,2025-03-30 19:26:55,,True,admin
2174,SC001385,البطريركيّة اللاتينيّة,,,True,2025-03-30 19:26:55,,True,admin
2175,SC001386,البطريركيّة اللاتينيّة,,,True,2025-03-30 19:28:39,,True,admin
2176,SC001387,البطريركيّة اللاتينيّة,,,True,2025-03-30 20:42:33,,True,admin
2177,SC001388,البطريركيّة اللاتينيّة,,,True,2025-03-30 20:45:45,,True,admin
2178,SC001389,البطريركيّة اللاتينيّة,,,True,2025-03-30 20:48:20,,True,admin
2179,SC001390,البطريركيّة اللاتينيّة,,,True,2025-03-30 21:22:43,,True,admin
2180,SC001391,مدرسة حكوميّة,,,True,2025-03-30 21:56:44,,True,admin
2181,SC001392,البطريركيّة اللاتينيّة,,,True,2025-03-30 22:07:17,,True,admin
2182,SC001393,البطريركيّة اللاتينيّة,,,True,2025-03-30 22:12:47,,True,admin
2183,SC001394,البطريركيّة اللاتينيّة,,,True,2025-03-30 22:27:51,,True,admin
2184,SC001395,البطريركيّة اللاتينيّة,,,True,2025-03-30 22:37:26,,True,admin
2185,SC001396,البطريركيّة اللاتينيّة,,,True,2025-03-30 22:40:39,,True,admin
2186,SC001397,البطريركيّة اللاتينيّة,,,True,2025-03-31 00:03:18,,True,admin
2187,SC001398,البطريركيّة اللاتينيّة,,,True,2025-03-31 02:22:34,,True,admin
2188,SC001399,البطريركيّة اللاتينيّة,,,True,2025-03-31 02:24:10,,True,admin
2189,SC001400,البطريركيّة اللاتينيّة,,,True,2025-03-31 13:36:29,,True,admin
2190,SC001401,البطريركيّة اللاتينيّة,,,True,2025-03-31 14:05:08,,True,admin
2192,SC001402,البطريركيّة اللاتينيّة,,,True,2025-03-31 14:18:11,,True,admin
2193,SC001403,البطريركيّة اللاتينيّة,,,True,2025-03-31 14:20:08,,True,admin
2194,SC001404,البطريركيّة اللاتينيّة,,,True,2025-03-31 14:41:36,,True,admin
2195,SC001405,البطريركيّة اللاتينيّة,,,True,2025-03-31 14:43:56,,True,admin
2196,SC001406,البطريركيّة اللاتينيّة,,,True,2025-03-31 14:44:53,,True,admin
2197,SC001407,البطريركيّة اللاتينيّة,,,True,2025-03-31 15:25:28,,True,admin
2198,SC001408,المخلّص الإنجيليّة,,,True,2025-03-31 16:00:00,,True,admin
2199,SC001409,البطريركيّة اللاتينيّة,,,True,2025-03-31 17:51:13,,True,admin
2200,SC001410,البطريركيّة اللاتينيّة,,,True,2025-03-31 20:35:34,,True,admin
2201,SC001411,البطريركيّة اللاتينيّة,,,True,2025-03-31 20:37:10,,True,admin
2202,SC001412,كليّة تراسانطة,,,True,2025-03-31 20:46:33,,True,admin
2203,SC001413,البطريركيّة اللاتينيّة,,,True,2025-03-31 20:48:28,,True,admin
2204,SC001414,البطريركيّة اللاتينيّة,,,True,2025-03-31 22:29:52,,True,admin
2205,SC001415,البطريركيّة اللاتينيّة,,,True,2025-03-31 22:31:30,,True,admin
2206,SC001416,مدرسة حكوميّة,,,True,2025-04-01 10:42:57,,True,admin
2207,SC001417,كليّة دي لاسال - الفرير,,,True,2025-04-01 10:45:04,,True,admin
2208,SC001418,مدرسة حكوميّة,,,True,2025-04-01 13:21:32,,True,admin
2209,SC001419,البطريركيّة اللاتينيّة,,,True,2025-04-01 15:34:50,,True,admin
2211,SC001421,الأهليّة والمطران,,,True,2025-04-01 21:32:26,,True,admin
2212,SC001422,الأهليّة والمطران,,,True,2025-04-01 21:36:24,,True,admin
2213,SC001423,الأهليّة والمطران,,,True,2025-04-01 21:38:54,,True,admin
2214,SC001424,البطريركيّة اللاتينيّة,,,True,2025-04-02 11:01:22,,True,admin
2215,SC001425,راهبات الورديّة,,,True,2025-04-02 14:50:27,,True,admin
2216,SC001426,راهبات الورديّة,,,True,2025-04-02 14:52:13,,True,admin
2224,SC001427,البطريركيّة اللاتينيّة,,,True,2025-04-04 15:18:51,,True,admin
2225,SC001428,الأسقفيّة الإنجيليّة العربيّة,,,True,2025-04-04 15:25:17,,True,admin
2226,SC001429,مدرسة حكوميّة,,,True,2025-04-04 15:45:17,,True,admin
2227,SC001430,راهبات الورديّة,,,True,2025-04-04 17:18:40,,True,admin
2228,SC001431,راهبات الورديّة,,,True,2025-04-04 20:37:07,,True,admin
2233,SC001435,البطريركيّة اللاتينيّة,,,True,2025-04-05 19:39:13,,True,admin
2236,SC001438,البطريركيّة اللاتينيّة,,,True,2025-04-05 19:44:28,,True,admin
2237,SC001439,البطريركيّة اللاتينيّة,,,True,2025-04-05 20:02:13,,True,admin
2239,SC001441,كليّة تراسانطة,,,True,2025-04-05 20:18:37,,True,admin
2240,SC001442,البطريركيّة اللاتينيّة,,,True,2025-04-05 22:13:43,,True,admin
2241,SC001443,البطريركيّة اللاتينيّة,,,True,2025-04-05 22:43:03,,True,admin
2242,SC001444,البطريركيّة اللاتينيّة,,,True,2025-04-06 19:09:34,,True,admin
2243,SC001445,البطريركيّة اللاتينيّة,,,True,2025-04-06 19:11:15,,True,admin
2244,SC001446,البطريركيّة اللاتينيّة,,,True,2025-04-07 18:44:05,,True,admin
2245,SC001447,البطريركيّة اللاتينيّة,,,True,2025-04-07 19:12:51,,True,admin
2246,SC001448,البطريركيّة اللاتينيّة,,,True,2025-04-07 19:14:26,,True,admin
2247,SC001449,البطريركيّة اللاتينيّة,,,True,2025-04-07 19:17:19,,True,admin
2248,SC001450,البطريركيّة اللاتينيّة,,,True,2025-04-07 19:18:32,,True,admin
2249,SC001451,البطريركيّة اللاتينيّة,,,True,2025-04-07 19:19:48,,True,admin
2250,SC001452,البطريركيّة اللاتينيّة,,,True,2025-04-07 19:20:10,,True,admin
2251,SC001453,البطريركيّة اللاتينيّة,,,True,2025-04-07 19:21:31,,True,admin
2252,SC001454,البطريركيّة اللاتينيّة,,,True,2025-04-07 19:21:51,,True,admin
2253,SC001455,البطريركيّة اللاتينيّة,,,True,2025-04-07 19:22:31,,True,admin
2254,SC001456,البطريركيّة اللاتينيّة,,,True,2025-04-07 19:23:11,,True,admin
2255,SC001457,البطريركيّة اللاتينيّة,,,True,2025-04-07 19:23:50,,True,admin
2256,SC001458,البطريركيّة اللاتينيّة,,,True,2025-04-07 19:43:52,,True,admin
2257,SC001459,البطريركيّة اللاتينيّة,,,True,2025-04-07 22:49:24,,True,admin
2258,SC001460,البطريركيّة اللاتينيّة,,,True,2025-04-08 13:34:59,,True,admin
2259,SC001461,البطريركيّة اللاتينيّة,,,True,2025-04-08 16:52:15,,True,admin
2260,SC001462,البطريركيّة اللاتينيّة,,,True,2025-04-09 23:24:34,,True,admin
2261,SC001463,الروم الكاثوليك,,,True,2025-04-10 07:56:46,,True,admin
2262,SC001464,الروم الكاثوليك,,,True,2025-04-10 07:58:09,,True,admin
2263,SC001465,الروم الكاثوليك,,,True,2025-04-10 07:59:27,,True,admin
2264,SC001466,الأورثوذكسيّة,,,True,2025-04-12 22:03:58,,True,admin
2265,SC001467,البطريركيّة اللاتينيّة,,,True,2025-04-12 22:04:22,,True,admin
2266,SC001468,البطريركيّة اللاتينيّة,,,True,2025-04-17 16:01:47,,True,admin
2267,SC001469,البطريركيّة اللاتينيّة,,,False,2025-04-17 22:44:27,,True,admin
2271,SC001470,البطريركيّة اللاتينيّة,,,True,2025-04-21 14:55:58,,True,admin
2272,SC001471,البطريركيّة اللاتينيّة,,,True,2025-04-21 14:58:51,,True,admin
2273,SC001472,البطريركيّة اللاتينيّة,,,True,2025-04-21 14:59:55,,True,admin
2274,SC001473,البطريركيّة اللاتينيّة,,,True,2025-04-21 15:00:37,,True,admin
2275,SC001474,مدرسة حكوميّة,,,True,2025-04-21 15:01:45,,True,admin
2276,SC001475,مدرسة حكوميّة,,,True,2025-04-21 15:11:51,,True,admin
2278,SC001477,الروم الكاثوليك,,,True,2025-04-21 15:33:42,,True,admin
2279,SC001478,البطريركيّة اللاتينيّة,,,True,2025-04-21 16:08:58,,True,admin
2280,SC001479,البطريركيّة اللاتينيّة,,,True,2025-04-21 16:08:59,,True,admin
2281,SC001480,البطريركيّة اللاتينيّة,,,True,2025-04-21 16:26:05,,True,admin
2282,SC001481,مدرسة الحسين الثانويّة للبنات,,,True,2025-04-21 16:35:25,,True,admin
2283,SC001482,البطريركيّة اللاتينيّة,,,True,2025-04-21 18:05:20,,True,admin
2284,SC001483,البطريركيّة اللاتينيّة,,,True,2025-04-21 19:46:01,,True,admin
2285,SC001484,مدرسة حكوميّة,,,True,2025-04-21 23:59:29,,True,admin
2287,SC001485,البطريركيّة اللاتينيّة,,,True,2025-04-22 14:40:12,,True,admin
2288,SC001486,البطريركيّة اللاتينيّة,,,True,2025-04-22 17:29:07,,True,admin
2289,SC001487,البطريركيّة اللاتينيّة,,,True,2025-04-22 18:50:30,,True,admin
2290,SC001488,مدرسة حكوميّة,,,True,2025-04-22 22:49:19,,True,admin
2291,SC001489,رحمة الثانويّة للبنات,,,True,2025-04-23 18:28:56,,True,admin
2292,SC001490,البطريركيّة اللاتينيّة,,,True,2025-04-23 22:17:32,,True,admin
2293,SC001491,البطريركيّة اللاتينيّة,,,True,2025-04-23 22:24:30,,True,admin
2294,SC001492,البطريركيّة اللاتينيّة,,,True,2025-04-23 23:10:34,,True,admin
2295,SC001493,البطريركيّة اللاتينيّة,,,True,2025-04-23 23:28:02,,True,admin
2296,SC001494,كليّة تراسانطة,,,True,2025-04-24 01:09:45,,True,admin
2297,SC001495,البطريركيّة اللاتينيّة,,,True,2025-04-24 09:59:21,,True,admin
2298,SC001496,البطريركيّة اللاتينيّة,,,True,2025-04-24 10:03:27,,True,admin
2299,SC001497,البطريركيّة اللاتينيّة,,,True,2025-04-24 12:12:31,,True,admin
2307,SC001498,راهبات الورديّة,,,True,2025-05-01 12:43:13,,True,admin
2308,SC001499,البطريركيّة اللاتينيّة,,,True,2025-05-01 13:42:47,,True,admin
2309,SC001500,البطريركيّة اللاتينيّة,,,True,2025-05-01 13:45:00,,True,admin
2310,SC001501,البطريركيّة اللاتينيّة,,,True,2025-05-01 13:48:29,,True,admin
2311,SC001502,البطريركيّة اللاتينيّة,,,True,2025-05-01 13:49:42,,True,admin
2312,SC001503,البطريركيّة اللاتينيّة,,,True,2025-05-01 13:51:53,,True,admin
2313,SC001504,البطريركيّة اللاتينيّة,,,True,2025-05-01 13:53:38,,True,admin
2314,SC001505,البطريركيّة اللاتينيّة,,,True,2025-05-01 13:55:26,,True,admin
2315,SC001506,البطريركيّة اللاتينيّة,,,True,2025-05-01 13:56:40,,True,admin
2316,SC001507,البطريركيّة اللاتينيّة,,,True,2025-05-01 13:57:55,,True,admin
2317,SC001508,البطريركيّة اللاتينيّة,,,True,2025-05-01 13:59:08,,True,admin
2318,SC001509,البطريركيّة اللاتينيّة,,,True,2025-05-01 14:00:42,,True,admin
2319,SC001510,البطريركيّة اللاتينيّة,,,True,2025-05-01 14:01:57,,True,admin
2320,SC001511,البطريركيّة اللاتينيّة,,,True,2025-05-01 16:10:11,,True,admin
2321,SC001512,البطريركيّة اللاتينيّة,,,True,2025-05-01 17:05:22,,True,admin
2322,SC001513,البطريركيّة اللاتينيّة,,,True,2025-05-01 17:08:25,,True,admin
2323,SC001514,البطريركيّة اللاتينيّة,,,True,2025-05-01 17:10:21,,True,admin
2324,SC001515,البطريركيّة اللاتينيّة,,,True,2025-05-01 17:14:12,,True,admin
2325,SC001516,البطريركيّة اللاتينيّة,,,True,2025-05-01 17:17:18,,True,admin
2326,SC001517,البطريركيّة اللاتينيّة,,,True,2025-05-01 17:19:40,,True,admin
2327,SC001518,البطريركيّة اللاتينيّة,,,True,2025-05-01 17:21:31,,True,admin
2328,SC001519,البطريركيّة اللاتينيّة,,,True,2025-05-01 17:23:06,,True,admin
2329,SC001520,البطريركيّة اللاتينيّة,,,True,2025-05-01 17:24:34,,True,admin
2330,SC001521,البطريركيّة اللاتينيّة,,,True,2025-05-01 17:26:05,,True,admin
2331,SC001522,البطريركيّة اللاتينيّة,,,True,2025-05-01 17:27:35,,True,admin
2332,SC001523,البطريركيّة اللاتينيّة,,,True,2025-05-01 17:29:22,,True,admin
2333,SC001524,البطريركيّة اللاتينيّة,,,True,2025-05-01 17:31:33,,True,admin
2334,SC001525,البطريركيّة اللاتينيّة,,,True,2025-05-01 17:32:59,,True,admin
2335,SC001526,البطريركيّة اللاتينيّة,,,True,2025-05-01 17:34:35,,True,admin
2336,SC001527,البطريركيّة اللاتينيّة,,,True,2025-05-01 17:35:52,,True,admin
2337,SC001528,البطريركيّة اللاتينيّة,,,True,2025-05-01 17:37:08,,True,admin
2338,SC001529,البطريركيّة اللاتينيّة,,,True,2025-05-01 17:38:32,,True,admin
2339,SC001530,البطريركيّة اللاتينيّة,,,True,2025-05-01 17:40:08,,True,admin
2340,SC001531,البطريركيّة اللاتينيّة,,,True,2025-05-01 17:41:18,,True,admin
2341,SC001532,البطريركيّة اللاتينيّة,,,True,2025-05-01 17:42:41,,True,admin
2342,SC001533,البطريركيّة اللاتينيّة,,,True,2025-05-01 17:44:04,,True,admin
2343,SC001534,البطريركيّة اللاتينيّة,,,True,2025-05-01 17:45:44,,True,admin
2344,SC001535,البطريركيّة اللاتينيّة,,,True,2025-05-01 17:47:04,,True,admin
2345,SC001536,البطريركيّة اللاتينيّة,,,True,2025-05-01 17:48:28,,True,admin
2346,SC001537,البطريركيّة اللاتينيّة,,,True,2025-05-02 10:59:14,,True,admin
2347,SC001538,البطريركيّة اللاتينيّة,,,True,2025-05-02 20:56:41,,True,admin
2348,SC001539,البطريركيّة اللاتينيّة,,,True,2025-05-02 20:58:57,,True,admin
2349,SC001540,البطريركيّة اللاتينيّة,,,True,2025-05-02 21:17:38,,True,admin
2350,SC001541,البطريركيّة اللاتينيّة,,,True,2025-05-02 21:19:27,,True,admin
2351,SC001542,البطريركيّة اللاتينيّة,,,True,2025-05-02 21:23:29,,True,admin
2352,SC001543,البطريركيّة اللاتينيّة,,,True,2025-05-02 21:26:50,,True,admin
2353,SC001544,البطريركيّة اللاتينيّة,,,True,2025-05-02 21:27:55,,True,admin
2354,SC001545,البطريركيّة اللاتينيّة,,,True,2025-05-02 21:31:06,,True,admin
2355,SC001546,البطريركيّة اللاتينيّة,,,True,2025-05-02 21:32:22,,True,admin
2356,SC001547,البطريركيّة اللاتينيّة,,,True,2025-05-02 21:33:07,,True,admin
2357,SC001548,البطريركيّة اللاتينيّة,,,True,2025-05-02 21:34:31,,True,admin
2358,SC001549,البطريركيّة اللاتينيّة,,,True,2025-05-02 21:36:49,,True,admin
2359,SC001550,البطريركيّة اللاتينيّة,,,True,2025-05-02 21:47:09,,True,admin
2360,SC001551,البطريركيّة اللاتينيّة,,,True,2025-05-02 21:48:22,,True,admin
2361,SC001552,البطريركيّة اللاتينيّة,,,True,2025-05-02 21:50:01,,True,admin
2362,SC001553,البطريركيّة اللاتينيّة,,,True,2025-05-02 21:52:14,,True,admin
2364,SC001554,البطريركيّة اللاتينيّة,,,True,2025-05-02 21:55:51,,True,admin
2365,SC001555,البطريركيّة اللاتينيّة,,,True,2025-05-02 21:56:56,,True,admin
2366,SC001556,البطريركيّة اللاتينيّة,,,True,2025-05-05 19:16:35,,True,admin
2367,SC001557,البطريركيّة اللاتينيّة,,,True,2025-05-06 00:02:23,,True,admin
2368,SC001558,البطريركيّة اللاتينيّة,,,True,2025-05-06 00:03:37,,True,admin
2369,SC001559,البطريركيّة اللاتينيّة,,,True,2025-05-07 15:39:13,,True,admin
2373,SC001560,البطريركيّة اللاتينيّة,,,True,2025-05-10 18:07:01,,True,admin
2374,SC001561,البطريركيّة اللاتينيّة,,,True,2025-05-10 20:14:35,,True,admin
2376,SC001562,البطريركيّة اللاتينيّة,,,True,2025-05-11 20:58:41,,True,admin
2377,SC001563,البطريركيّة اللاتينيّة,,,True,2025-05-11 21:06:38,,True,admin
2378,SC001564,البطريركيّة اللاتينيّة,,,True,2025-05-11 21:08:54,,True,admin
2379,SC001565,البطريركيّة اللاتينيّة,,,True,2025-05-11 21:12:27,,True,admin
2380,SC001566,الروم الكاثوليك,,,True,2025-05-11 21:14:01,,True,admin
2381,SC001567,البطريركيّة اللاتينيّة,,,True,2025-05-11 21:14:57,,True,admin
2382,SC001568,البطريركيّة اللاتينيّة,,,True,2025-05-11 21:16:50,,True,admin
2383,SC001569,البطريركيّة اللاتينيّة,,,True,2025-05-11 21:18:27,,True,admin
2384,SC001570,البطريركيّة اللاتينيّة,,,True,2025-05-11 21:23:09,,True,admin
2385,SC001571,البطريركيّة اللاتينيّة,,,True,2025-05-11 21:24:27,,True,admin
2386,SC001572,البطريركيّة اللاتينيّة,,,True,2025-05-11 21:28:49,,True,admin
2387,SC001573,البطريركيّة اللاتينيّة,,,True,2025-05-11 21:30:54,,True,admin
2388,SC001574,البطريركيّة اللاتينيّة,,,True,2025-05-11 21:31:58,,True,admin
2389,SC001575,البطريركيّة اللاتينيّة,,,True,2025-05-11 21:32:51,,True,admin
2390,SC001576,البطريركيّة اللاتينيّة,,,True,2025-05-11 21:34:50,,True,admin
2391,SC001577,البطريركيّة اللاتينيّة,,,True,2025-05-11 21:35:44,,True,admin
2392,SC001578,البطريركيّة اللاتينيّة,,,True,2025-05-11 21:37:23,,True,admin
2393,SC001579,الروم الكاثوليك,,,True,2025-05-11 21:38:44,,True,admin
2406,SC001580,البطريركيّة اللاتينيّة,,,True,2025-05-12 08:33:46,,True,admin
2407,SC001581,مدرسة حكوميّة,,,True,2025-05-12 08:34:55,,True,admin
2410,SC001582,البطريركيّة اللاتينيّة,,,True,2025-05-12 08:38:05,,True,admin
2422,SC001583,البطريركيّة اللاتينيّة,,,True,2025-05-12 09:22:51,,True,admin
2423,SC001584,البطريركيّة اللاتينيّة,,,True,2025-05-12 09:24:53,,True,admin
2424,SC001585,البطريركيّة اللاتينيّة,,,True,2025-05-12 09:25:43,,True,admin
2425,SC001586,البطريركيّة اللاتينيّة,,,True,2025-05-12 09:26:41,,True,admin
2426,SC001587,البطريركيّة اللاتينيّة,,,True,2025-05-12 09:31:46,,True,admin
2427,SC001588,البطريركيّة اللاتينيّة,,,True,2025-05-12 09:32:52,,True,admin
2428,SC001589,البطريركيّة اللاتينيّة,,,True,2025-05-12 09:34:14,,True,admin
2429,SC001590,البطريركيّة اللاتينيّة,,,True,2025-05-12 09:35:07,,True,admin
2430,SC001591,البطريركيّة اللاتينيّة,,,True,2025-05-12 09:36:15,,True,admin
2431,SC001592,البطريركيّة اللاتينيّة,,,True,2025-05-12 09:37:10,,True,admin
2432,SC001593,البطريركيّة اللاتينيّة,,,True,2025-05-12 09:38:09,,True,admin
2433,SC001594,البطريركيّة اللاتينيّة,,,True,2025-05-12 09:39:06,,True,admin
2434,SC001595,البطريركيّة اللاتينيّة,,,True,2025-05-12 09:40:19,,True,admin
2435,SC001596,البطريركيّة اللاتينيّة,,,True,2025-05-12 09:41:25,,True,admin
2436,SC001597,البطريركيّة اللاتينيّة,,,True,2025-05-12 09:42:15,,True,admin
2437,SC001598,البطريركيّة اللاتينيّة,,,True,2025-05-12 09:43:06,,True,admin
2438,SC001599,البطريركيّة اللاتينيّة,,,True,2025-05-28 08:47:23,,True,admin
2439,SC001600,البطريركيّة اللاتينيّة,,,True,2025-05-28 08:48:25,,True,admin
2440,SC001601,البطريركيّة اللاتينيّة,,,True,2025-05-28 08:51:55,,True,admin
2441,SC001602,مدرسة حكوميّة,,,True,2025-05-28 08:52:09,,True,admin
2442,SC001603,البطريركيّة اللاتينيّة,,,True,2025-05-28 08:54:49,,True,admin
2443,SC001604,البطريركيّة اللاتينيّة,,,True,2025-05-28 08:55:01,,True,admin
2444,SC001605,البطريركيّة اللاتينيّة,,,True,2025-05-28 08:56:32,,True,admin
2445,SC001606,البطريركيّة اللاتينيّة,,,True,2025-05-28 08:57:10,,True,admin
2448,SC001608,مدرسة حكوميّة,,,True,2025-05-28 09:55:14,,True,admin
2451,SC001609,البطريركيّة اللاتينيّة,,,True,2025-05-28 10:22:00,,True,admin
2452,SC001610,البطريركيّة اللاتينيّة,,,True,2025-05-28 10:25:16,,True,admin
2453,SC001611,البطريركيّة اللاتينيّة,,,True,2025-05-28 14:01:06,,True,admin
2454,SC001612,البطريركيّة اللاتينيّة,,,True,2025-05-28 14:04:53,,True,admin
2455,SC001613,البطريركيّة اللاتينيّة,,,True,2025-05-28 14:11:39,,True,admin
2456,SC001614,البطريركيّة اللاتينيّة,,,True,2025-05-28 14:14:17,,True,admin
2457,SC001615,البطريركيّة اللاتينيّة,,,True,2025-05-28 16:42:01,,True,admin
2461,SC001616,الروم الكاثوليك,,,True,2025-05-28 20:29:09,,True,admin
2463,SC001617,البطريركيّة اللاتينيّة,,,True,2025-05-28 21:17:59,,True,admin
2464,SC001618,البطريركيّة اللاتينيّة,,,True,2025-05-29 11:32:41,,True,admin
2465,SC001619,البطريركيّة اللاتينيّة,,,True,2025-05-29 17:01:44,,True,admin
2466,SC001620,الأورثوذكسيّة,,,True,2025-05-30 22:15:34,,True,admin
2467,SC001621,الأورثوذكسيّة,,,True,2025-05-30 22:17:48,,True,admin
2468,SC001622,مدرسة حكوميّة,,,True,2025-06-04 11:22:31,,True,admin
2469,SC001623,الروم الكاثوليك,,,True,2025-06-04 12:47:16,,True,admin
2470,SC001624,البطريركيّة اللاتينيّة,,,True,2025-06-07 22:29:46,,True,admin
2471,SC001625,البطريركيّة اللاتينيّة,,,True,2025-06-07 22:31:07,,True,admin
2472,SC001626,البطريركيّة اللاتينيّة,,,True,2025-06-07 22:37:24,,True,admin
2473,SC001627,البطريركيّة اللاتينيّة,,,True,2025-06-09 13:20:44,,True,admin
2474,SC001628,البطريركيّة اللاتينيّة,,,True,2025-06-09 13:20:47,,True,admin
2475,SC001629,البطريركيّة اللاتينيّة,,,True,2025-06-09 13:21:57,,True,admin
2476,SC001630,البطريركيّة اللاتينيّة,,,True,2025-06-09 13:22:55,,True,admin
2477,SC001631,البطريركيّة اللاتينيّة,,,True,2025-06-09 13:27:19,,True,admin
2478,SC001632,البطريركيّة اللاتينيّة,,,True,2025-06-09 13:36:54,,True,admin
2479,SC001633,البطريركيّة اللاتينيّة,,,True,2025-06-09 14:13:53,,True,admin
2483,SC001637,البطريركيّة اللاتينيّة,,,True,2025-06-10 14:33:47,,True,admin
2484,SC001638,البطريركيّة اللاتينيّة,,,True,2025-06-10 14:34:05,,True,admin
2486,SC001640,البطريركيّة اللاتينيّة,,,True,2025-06-10 14:40:27,,True,admin
2487,SC001641,البطريركيّة اللاتينيّة,,,True,2025-06-10 14:40:40,,True,admin
2490,SC001644,البطريركيّة اللاتينيّة,,,True,2025-06-10 15:58:23,,True,admin
2493,SC001647,البطريركيّة اللاتينيّة,,,True,2025-06-10 19:21:25,,True,admin
2494,SC001648,البطريركيّة اللاتينيّة,,,True,2025-06-10 20:15:19,,True,admin
2495,SC001649,البطريركيّة اللاتينيّة,,,True,2025-06-10 20:17:31,,True,admin
2496,SC001650,البطريركيّة اللاتينيّة,,,True,2025-06-11 11:36:23,,True,admin
2497,SC001651,البطريركيّة اللاتينيّة,,,True,2025-06-11 11:46:58,,True,admin
2498,SC001652,البطريركيّة اللاتينيّة,,,True,2025-06-11 11:49:20,,True,admin
2499,SC001653,البطريركيّة اللاتينيّة,,,True,2025-06-11 15:20:56,,True,admin
2502,SC001654,البطريركيّة اللاتينيّة,,,True,2025-06-14 17:36:35,,True,admin
2504,SC001655,الكرامة,,,True,2025-06-14 17:37:36,,True,admin
2514,SC001656,الروم الكاثوليك,,,True,2025-06-15 20:38:34,,True,admin
2515,SC001657,البطريركيّة اللاتينيّة,,,True,2025-06-16 13:39:21,,True,admin
2516,SC001658,البطريركيّة اللاتينيّة,,,True,2025-06-16 13:41:06,,True,admin
2517,SC001659,كليّة دي لاسال - الفرير,,,True,2025-06-16 15:09:35,,True,admin
2518,SC001660,كليّة دي لاسال - الفرير,,,True,2025-06-16 15:11:12,,True,admin
2541,SC001661,البطريركيّة اللاتينيّة,,,True,2025-06-20 14:04:05,,True,admin
2542,SC001662,البطريركيّة اللاتينيّة,,,True,2025-06-21 13:09:15,,True,admin
2543,SC001663,البطريركيّة اللاتينيّة,,,True,2025-06-22 14:46:22,,True,admin
2545,SC001664,الأورثوذكسيّة,,,True,2025-06-24 21:37:10,,True,admin
2546,SC001665,الأورثوذكسيّة,,,True,2025-06-24 21:38:50,,True,admin
2547,SC001666,الروم الأرثوذكس,,,True,2025-06-24 21:46:54,,True,admin
2548,SC001667,البطريركيّة اللاتينيّة,,,True,2025-06-24 22:04:39,,True,admin
2549,SC001668,البطريركيّة اللاتينيّة,,,True,2025-06-24 22:54:34,,True,admin
2550,SC001669,البطريركيّة اللاتينيّة,,,True,2025-06-24 23:04:31,,True,admin
2559,SC001670,المعمدانيّة,,,True,2025-06-26 15:07:34,,True,admin
2560,SC001671,المدرسة الفرنسيّة,,,True,2025-06-26 21:12:05,,True,admin
2564,SC001672,البطريركيّة اللاتينيّة,,,True,2025-06-29 14:27:09,,True,admin
2565,SC001673,البطريركيّة اللاتينيّة,,,True,2025-06-30 14:20:43,,True,admin
2566,SC001674,البطريركيّة اللاتينيّة,,,True,2025-07-04 16:20:31,,True,admin
2567,SC001675,البطريركيّة اللاتينيّة,,,True,2025-07-04 16:23:40,,True,admin
2568,SC001676,البطريركيّة اللاتينيّة,,,True,2025-07-08 18:51:25,,True,admin
2569,SC001677,مدرسة حكوميّة,,,True,2025-07-08 22:42:46,,True,admin
2570,SC001678,البطريركيّة اللاتينيّة,,,True,2025-07-08 22:46:29,,True,admin
2571,SC001679,البطريركيّة اللاتينيّة,,,True,2025-07-08 22:49:07,,True,admin
2574,SC001681,البطريركيّة اللاتينيّة,,,True,2025-07-13 22:47:18,,True,admin
2575,SC001682,المعمدانيّة,,,True,2025-07-15 11:24:30,,True,admin
2577,SC001684,البطريركيّة اللاتينيّة,,,True,2025-07-15 12:04:53,,True,admin
2578,SC001685,البطريركيّة اللاتينيّة,,,True,2025-07-15 16:06:27,,True,admin
2600,SC001686,الروم الأرثوذكس,,,True,2025-08-09 19:50:00,,True,admin
2601,SC001687,الروم الأرثوذكس الدوليّة (ABC),,,True,2025-08-09 19:52:20,,True,admin
2603,SC001689,دروب أكاديمي,,,True,2025-08-09 20:50:47,,True,admin
2604,SC001690,دروب أكاديمي,,,True,2025-08-09 20:53:52,,True,admin
2605,SC001691,البطريركيّة اللاتينيّة,,,True,2025-08-09 20:55:17,,True,admin
2607,SC001693,البطريركيّة اللاتينيّة,,,True,2025-08-09 20:57:37,,True,admin
2608,SC001694,البطريركيّة اللاتينيّة,,,True,2025-08-09 21:02:37,,True,admin
2609,SC001695,الأمريكيّة الحديثة,,,True,2025-08-09 21:03:23,,True,admin
2610,SC001696,البطريركيّة اللاتينيّة,,,True,2025-08-09 21:03:54,,True,admin
2611,SC001697,الأمريكيّة الحديثة,,,True,2025-08-09 21:05:51,,True,admin
2612,SC001698,البطريركيّة اللاتينيّة,,,True,2025-08-09 21:07:30,,True,admin
2613,SC001699,البطريركيّة اللاتينيّة,,,True,2025-08-09 21:08:12,,True,admin
2614,SC001700,البطريركيّة اللاتينيّة,,,True,2025-08-09 21:28:55,,True,admin
2616,SC001702,البطريركيّة اللاتينيّة,,,True,2025-08-09 22:29:54,,True,admin
2617,SC001703,البطريركيّة اللاتينيّة,,,True,2025-08-09 23:00:32,,True,admin
2618,SC001704,راهبات الورديّة,,,True,2025-08-12 13:19:31,,True,admin
2619,SC001705,البطريركيّة اللاتينيّة,,,True,2025-08-12 14:19:53,,True,admin
2620,SC001706,البطريركيّة اللاتينيّة,,,True,2025-09-09 16:58:08,,True,admin
2622,SC001707,المدرسة الفرنسيّة,,,True,2025-09-10 20:51:45,,True,admin
2624,SC001708,المدرسة الفرنسيّة,,,True,2025-09-10 20:53:20,,True,admin
2625,SC001709,راهبات الفرنسيسكان,,,True,2025-09-10 20:55:06,,True,admin
2626,SC001710,الأهليّة والمطران,,,True,2025-09-10 20:56:18,,True,admin
2627,SC001711,راهبات الفرنسيسكان,,,True,2025-09-10 20:56:36,,True,admin
2628,SC001712,راهبات الفرنسيسكان,,,True,2025-09-10 20:58:31,,True,admin
2629,SC001713,الأهليّة والمطران,,,True,2025-09-10 21:01:56,,True,admin
2630,SC001714,المدرسة الفرنسيّة,,,True,2025-09-10 21:19:54,,True,admin
2631,SC001715,المدرسة الفرنسيّة,,,True,2025-09-10 21:23:02,,True,admin
2635,SC001716,الروم الأرثوذكس,,,True,2025-09-10 22:54:52,,True,admin
2636,SC001717,الأورثوذكسيّة,,,True,2025-09-10 23:10:27,,True,admin
2637,SC001718,راهبات الورديّة,,,True,2025-09-12 07:53:42,,True,admin
2638,SC001719,راهبات الورديّة,,,True,2025-09-12 07:54:59,,True,admin
2640,SC001720,الأورثوذكسيّة,,,True,2025-09-12 13:31:51,,True,admin
2641,SC001721,راهبات الورديّة,,,True,2025-09-12 17:06:30,,True,admin
2642,SC001722,راهبات الورديّة,,,True,2025-09-12 17:07:46,,True,admin
2644,SC001723,البطريركيّة اللاتينيّة,,,True,2025-09-13 14:30:38,,True,admin
2646,SC001724,البطريركيّة اللاتينيّة,,,True,2025-09-13 15:33:35,,True,admin
2647,SC001725,البطريركيّة اللاتينيّة,,,True,2025-09-13 21:54:05,,True,admin
2651,SC001726,الأورثوذكسيّة,,,True,2025-09-19 13:24:01,,True,admin
2652,SC001727,البطريركيّة اللاتينيّة,,,True,2025-09-21 18:40:13,,True,admin
2653,SC001728,البطريركيّة اللاتينيّة,,,True,2025-09-21 18:44:38,,True,admin
2655,SC001730,البطريركيّة اللاتينيّة,,,True,2025-09-24 07:33:41,,True,admin
2658,SC001733,البطريركيّة اللاتينيّة,,,True,2025-09-24 07:40:30,,True,admin
2659,SC001734,روضة الملاك الصغير,,,True,2025-09-24 07:41:43,,True,admin
2661,SC001736,البطريركيّة اللاتينيّة,,,True,2025-09-24 08:22:40,,True,admin
2662,SC001737,البطريركيّة اللاتينيّة,,,True,2025-09-24 08:25:12,,True,admin
2664,SC001739,البطريركيّة اللاتينيّة,,,True,2025-09-24 09:37:27,,True,admin
2665,SC001740,Sands Academy,,,True,2025-09-24 10:12:20,,True,admin
2666,SC001741,البطريركيّة اللاتينيّة,,,True,2025-09-24 11:00:50,,True,admin
2668,SC001743,البطريركيّة اللاتينيّة,,,True,2025-09-25 07:40:19,,True,admin
2669,SC001744,البطريركيّة اللاتينيّة,,,True,2025-09-26 14:48:07,,True,admin
2671,SC001746,البطريركيّة اللاتينيّة,,,True,2025-09-27 17:35:49,,True,admin
2672,SC001747,البطريركيّة اللاتينيّة,,,True,2025-09-27 17:38:42,,True,admin
2673,SC001748,راهبات الورديّة,,,True,2025-09-27 17:50:01,,True,admin
2674,SC001749,راهبات الورديّة,,,True,2025-09-27 17:50:30,,True,admin
2675,SC001750,البطريركيّة اللاتينيّة,,,True,2025-09-27 18:08:23,,True,admin
2677,SC001752,البطريركيّة اللاتينيّة,,,True,2025-09-27 18:37:42,,True,admin
2678,SC001753,البطريركيّة اللاتينيّة,,,True,2025-09-27 18:40:17,,True,admin
2680,SC001755,البطريركيّة اللاتينيّة,,,True,2025-09-27 20:53:04,,True,admin
2681,SC001756,البطريركيّة اللاتينيّة,,,True,2025-09-27 20:55:51,,True,admin
2682,SC001757,البطريركيّة اللاتينيّة,,,True,2025-09-27 20:56:29,,True,admin
2683,SC001758,البطريركيّة اللاتينيّة,,,True,2025-09-27 20:58:28,,True,admin
2684,SC001759,البطريركيّة اللاتينيّة,,,True,2025-09-27 21:08:01,,True,admin
2687,SC001762,البطريركيّة اللاتينيّة,,,True,2025-09-27 22:17:48,,True,admin
2688,SC001763,البطريركيّة اللاتينيّة,,,True,2025-09-28 10:22:30,,True,admin
2689,SC001764,الأورثوذكسيّة,,,True,2025-09-28 10:58:36,,True,admin
2690,SC001765,الأورثوذكسيّة,,,True,2025-09-28 10:58:37,,True,admin
2692,SC001767,البطريركيّة اللاتينيّة,,,True,2025-09-28 14:37:40,,True,admin
2693,SC001768,البطريركيّة اللاتينيّة,,,True,2025-09-28 14:38:46,,True,admin
2694,SC001769,البطريركيّة اللاتينيّة,,,True,2025-09-28 14:40:58,,True,admin
2695,SC001770,الروم الكاثوليك,,,True,2025-10-09 10:12:01,,True,admin
2696,SC001771,الروم الكاثوليك,,,True,2025-10-09 10:14:14,,True,admin
2697,SC001772,البطريركيّة اللاتينيّة,,,True,2025-10-10 10:17:40,,True,admin
2698,SC001773,البطريركيّة اللاتينيّة,,,True,2025-10-10 10:20:23,,True,admin
2701,SC001776,البطريركيّة اللاتينيّة,,,True,2025-10-15 09:14:10,,True,admin
2702,SC001777,روضة الملاك الصغير,,,True,2025-10-15 09:17:13,,True,admin
2703,SC001778,البطريركيّة اللاتينيّة,,,True,2025-10-15 09:17:26,,True,admin
2704,SC001779,البطريركيّة اللاتينيّة,,,True,2025-10-15 11:02:54,,True,admin
2705,SC001780,البطريركيّة اللاتينيّة,,,True,2025-10-15 15:20:34,,True,admin
2706,SC001781,البطريركيّة اللاتينيّة,,,True,2025-10-18 18:07:54,,True,admin
2707,SC001782,البطريركيّة اللاتينيّة,,,True,2025-10-18 18:09:42,,True,admin
2710,SC001785,روضة الملاك الصغير,,,True,2025-10-24 14:28:50,,True,admin
2713,SC001788,الأهليّة والمطران,,,True,2025-10-28 18:13:52,,True,admin
2714,SC001789,الأهليّة والمطران,,,True,2025-10-28 18:15:39,,True,admin
2715,SC001790,راهبات الفرنسيسكان,,,True,2025-10-28 18:33:54,,True,admin
2717,SC001791,البطريركيّة اللاتينيّة,,,True,2025-10-29 09:08:18,,True,admin
2718,SC001792,البطريركيّة اللاتينيّة,,,True,2025-10-29 09:10:43,,True,admin
2719,SC001793,البطريركيّة اللاتينيّة,,,True,2025-10-29 09:30:49,,True,admin
2721,SC001795,البطريركيّة اللاتينيّة,,,True,2025-10-29 10:53:48,,True,admin
2722,SC001796,البطريركيّة اللاتينيّة,,,True,2025-10-29 11:04:54,,True,admin
2723,SC001797,البطريركيّة اللاتينيّة,,,True,2025-10-29 12:13:13,,True,admin
2724,SC001798,البطريركيّة اللاتينيّة,,,True,2025-10-29 12:15:45,,True,admin
2725,SC001799,البطريركيّة اللاتينيّة,,,True,2025-10-29 13:27:07,,True,admin
2727,SC001801,البطريركيّة اللاتينيّة,,,True,2025-10-29 21:39:43,,True,admin
2732,SC001803,البطريركيّة اللاتينيّة,,,True,2025-10-30 21:16:39,,True,admin
2733,SC001804,البطريركيّة اللاتينيّة,,,True,2025-10-31 15:02:56,,True,admin
2734,SC001805,البطريركيّة اللاتينيّة,,,True,2025-10-31 15:19:51,,True,admin
2735,SC001806,البطريركيّة اللاتينيّة,,,True,2025-10-31 15:32:44,,True,admin
2736,SC001807,البطريركيّة اللاتينيّة,,,True,2025-10-31 15:41:22,,True,admin
2737,SC001808,البطريركيّة اللاتينيّة,,,True,2025-10-31 15:46:20,,True,admin
2739,SC001809,المعمدانيّة,,,True,2025-10-31 16:23:51,,True,admin
2740,SC001810,الروم الأرثوذكس الدوليّة (ABC),,,True,2025-10-31 16:51:34,,True,admin
2741,SC001811,الروم الأرثوذكس الدوليّة (ABC),,,True,2025-10-31 16:54:07,,True,admin
2742,SC001812,الأورثوذكسيّة,,,True,2025-10-31 19:49:34,,True,admin
2743,SC001813,الأورثوذكسيّة,,,True,2025-10-31 19:51:23,,True,admin
2745,SC001814,الأورثوذكسيّة,,,True,2025-10-31 21:14:49,,True,admin
2746,SC001815,عمان الوطنيّة,,,True,2025-10-31 21:21:07,,True,admin
2747,SC001816,عمان الوطنيّة,,,True,2025-10-31 21:22:40,,True,admin
2748,SC001817,عمان الوطنيّة,,,True,2025-10-31 21:25:44,,True,admin
2749,SC001818,الأورثوذكسيّة,,,True,2025-10-31 21:26:26,,True,admin
2750,SC001819,المخلّص الإنجيليّة,,,True,2025-10-31 23:56:06,,True,admin
2751,SC001820,المخلّص الإنجيليّة,,,True,2025-10-31 23:58:22,,True,admin
2752,SC001821,البطريركيّة اللاتينيّة,,,True,2025-11-01 00:06:32,,True,admin
2753,SC001822,البطريركيّة اللاتينيّة,,,True,2025-11-01 00:09:46,,True,admin
2754,SC001823,البطريركيّة اللاتينيّة,,,True,2025-11-01 00:09:59,,True,admin
2755,SC001824,البطريركيّة اللاتينيّة,,,True,2025-11-01 12:53:09,,True,admin
2757,SC001825,مدرسة حكوميّة,,,True,2025-11-01 12:54:57,,True,admin
2758,SC001826,الروم الكاثوليك,,,True,2025-11-01 12:56:39,,True,admin
2759,SC001827,راهبات الورديّة,,,True,2025-11-01 12:57:35,,True,admin
2760,SC001828,البطريركيّة اللاتينيّة,,,True,2025-11-01 13:04:27,,True,admin
2761,SC001829,مدرسة حكوميّة,,,True,2025-11-01 13:04:58,,True,admin
2762,SC001830,البطريركيّة اللاتينيّة,,,True,2025-11-01 13:07:30,,True,admin
2763,SC001831,مدرسة حكوميّة,,,True,2025-11-01 13:09:55,,True,admin
2764,SC001832,البطريركيّة اللاتينيّة,,,True,2025-11-01 13:10:42,,True,admin
2765,SC001833,الروم الكاثوليك,,,True,2025-11-01 13:10:43,,True,admin
2766,SC001834,مدرسة حكوميّة,,,True,2025-11-01 13:15:47,,True,admin
2768,SC001835,البطريركيّة اللاتينيّة,,,True,2025-11-01 13:42:24,,True,admin
2769,SC001836,الروم الأرثوذكس,,,True,2025-11-01 13:45:21,,True,admin
2770,SC001837,البطريركيّة اللاتينيّة,,,True,2025-11-01 13:47:48,,True,admin
2771,SC001838,الروم الأرثوذكس,,,True,2025-11-01 13:54:24,,True,admin
2772,SC001839,البطريركيّة اللاتينيّة,,,True,2025-11-01 13:54:51,,True,admin
2773,SC001840,البطريركيّة اللاتينيّة,,,True,2025-11-01 14:14:31,,True,admin
2774,SC001841,المخلّص الإنجيليّة,,,True,2025-11-01 14:14:33,,True,admin
2775,SC001842,البطريركيّة اللاتينيّة,,,True,2025-11-01 14:16:46,,True,admin
2777,SC001843,مدرسة حكوميّة,,,True,2025-11-01 14:22:07,,True,admin
2779,SC001844,البطريركيّة اللاتينيّة,,,True,2025-11-01 14:23:33,,True,admin
2780,SC001845,البطريركيّة اللاتينيّة,,,True,2025-11-01 14:26:49,,True,admin
2781,SC001846,البطريركيّة اللاتينيّة,,,True,2025-11-01 14:30:32,,True,admin
2782,SC001847,البطريركيّة اللاتينيّة,,,True,2025-11-01 14:32:39,,True,admin
2783,SC001848,البطريركيّة اللاتينيّة,,,True,2025-11-01 14:37:02,,True,admin
2784,SC001849,البطريركيّة اللاتينيّة,,,True,2025-11-01 14:37:23,,True,admin
2785,SC001850,البطريركيّة اللاتينيّة,,,True,2025-11-01 14:38:41,,True,admin
2786,SC001851,راهبات الورديّة,,,True,2025-11-01 14:39:55,,True,admin
2787,SC001852,مدرسة حكوميّة,,,True,2025-11-01 14:44:21,,True,admin
2788,SC001853,البطريركيّة اللاتينيّة,,,True,2025-11-01 14:55:13,,True,admin
2789,SC001854,مدارس جامعة الزرقاء,,,True,2025-11-01 14:56:14,,True,admin
2790,SC001855,البطريركيّة اللاتينيّة,,,True,2025-11-01 15:16:15,,True,admin
2791,SC001856,البطريركيّة اللاتينيّة,,,True,2025-11-01 15:27:30,,True,admin
2792,SC001857,البطريركيّة اللاتينيّة,,,True,2025-11-01 15:30:17,,True,admin
2793,SC001858,البطريركيّة اللاتينيّة,,,True,2025-11-01 15:31:36,,True,admin
2794,SC001859,راهبات الورديّة,,,True,2025-11-01 15:36:24,,True,admin
2795,SC001860,البطريركيّة اللاتينيّة,,,True,2025-11-01 15:36:39,,True,admin
2796,SC001861,راهبات الورديّة,,,True,2025-11-01 15:39:14,,True,admin
2797,SC001862,راهبات الورديّة,,,True,2025-11-01 15:40:51,,True,admin
2798,SC001863,راهبات الورديّة,,,True,2025-11-01 15:42:04,,True,admin
2799,SC001864,راهبات الورديّة,,,True,2025-11-01 15:44:04,,True,admin
2800,SC001865,البطريركيّة اللاتينيّة,,,True,2025-11-01 15:44:27,,True,admin
2801,SC001866,راهبات الورديّة,,,True,2025-11-01 15:45:23,,True,admin
2802,SC001867,البطريركيّة اللاتينيّة,,,True,2025-11-01 15:46:54,,True,admin
2803,SC001868,البطريركيّة اللاتينيّة,,,True,2025-11-01 15:50:56,,True,admin
2804,SC001869,الروم الكاثوليك,,,True,2025-11-01 15:57:39,,True,admin
2805,SC001870,البطريركيّة اللاتينيّة,,,True,2025-11-01 16:01:30,,True,admin
2807,SC001871,البطريركيّة اللاتينيّة,,,True,2025-11-01 16:25:41,,True,admin
2810,SC001872,البطريركيّة اللاتينيّة,,,True,2025-11-01 17:22:02,,True,admin
2811,SC001873,الروم الكاثوليك,,,True,2025-11-01 17:31:29,,True,admin
2813,SC001874,Middle East International School - Qatar,,,True,2025-11-01 18:36:01,,True,admin
2814,SC001875,الروم الكاثوليك,,,True,2025-11-01 18:54:11,,True,admin
2815,SC001876,الروم الكاثوليك,,,True,2025-11-01 18:59:46,,True,admin
2817,SC001878,مدرسة حكوميّة,,,True,2025-11-01 19:21:29,,True,admin
2818,SC001879,مدرسة حكوميّة,,,True,2025-11-01 19:26:29,,True,admin
2821,SC001880,البطريركيّة اللاتينيّة,,,True,2025-11-01 20:20:26,,True,admin
2822,SC001881,البطريركيّة اللاتينيّة,,,True,2025-11-01 20:50:17,,True,admin
2823,SC001882,البطريركيّة اللاتينيّة,,,True,2025-11-01 21:21:30,,True,admin
2824,SC001883,البطريركيّة اللاتينيّة,,,True,2025-11-01 22:08:22,,True,admin
2825,SC001884,البطريركيّة اللاتينيّة,,,True,2025-11-01 22:12:46,,True,admin
2826,SC001885,مدرسة حكوميّة,,,True,2025-11-01 22:25:46,,True,admin
2827,SC001886,البطريركيّة اللاتينيّة,,,True,2025-11-01 22:36:54,,True,admin
2828,SC001887,البطريركيّة اللاتينيّة,,,True,2025-11-01 23:31:58,,True,admin
2829,SC001888,كليّة تراسانطة,,,True,2025-11-01 23:34:04,,True,admin
2830,SC001889,البطريركيّة اللاتينيّة,,,True,2025-11-02 02:32:53,,True,admin
2831,SC001890,الأورثوذكسيّة,,,True,2025-11-02 07:36:54,,True,admin
2833,SC001891,البطريركيّة اللاتينيّة,,,True,2025-11-02 09:59:02,,True,admin
2834,SC001892,البطريركيّة اللاتينيّة,,,True,2025-11-02 11:10:16,,True,admin
2838,SC001894,البطريركيّة اللاتينيّة,,,True,2025-11-02 15:36:25,,True,admin
2844,SC001895,البطريركيّة اللاتينيّة,,,True,2025-11-02 16:07:15,,True,admin
2845,SC001896,البطريركيّة اللاتينيّة,,,True,2025-11-02 18:02:40,,True,admin
2847,SC001898,البطريركيّة اللاتينيّة,,,True,2025-11-02 22:51:00,,True,admin
2848,SC001899,Sands Academy,,,True,2025-11-02 22:59:14,,True,admin
2849,SC001900,البطريركيّة اللاتينيّة,,,True,2025-11-02 23:06:10,,True,admin
2850,SC001901,الروم الكاثوليك,,,True,2025-11-02 23:28:35,,True,admin
2852,SC001902,البطريركيّة اللاتينيّة,,,True,2025-11-03 11:44:49,,True,admin
2853,SC001903,البطريركيّة اللاتينيّة,,,True,2025-11-03 11:47:05,,True,admin
2854,SC001904,البطريركيّة اللاتينيّة,,,True,2025-11-03 11:48:14,,True,admin
2855,SC001905,البطريركيّة اللاتينيّة,,,True,2025-11-03 15:20:43,,True,admin
2856,SC001906,البطريركيّة اللاتينيّة,,,True,2025-11-03 15:21:27,,True,admin
2857,SC001907,البطريركيّة اللاتينيّة,,,True,2025-11-03 15:21:39,,True,admin
2858,SC001908,البطريركيّة اللاتينيّة,,,True,2025-11-03 15:29:03,,True,admin
2860,SC001910,البطريركيّة اللاتينيّة,,,True,2025-11-03 15:34:19,,True,admin
2861,SC001911,البطريركيّة اللاتينيّة,,,True,2025-11-03 16:41:36,,True,admin
2863,SC001912,كليّة دي لاسال - الفرير,,,True,2025-11-03 18:11:29,,True,admin
2864,SC001913,كليّة دي لاسال - الفرير,,,True,2025-11-03 18:13:36,,True,admin
2865,SC001914,كليّة دي لاسال - الفرير,,,True,2025-11-03 18:15:43,,True,admin
2872,SC001916,البطريركيّة اللاتينيّة,,,True,2025-11-03 23:57:42,,True,admin
2873,SC001917,البطريركيّة اللاتينيّة,,,True,2025-11-03 23:59:22,,True,admin
2876,SC001918,مدرسة حكوميّة,,,True,2025-11-04 03:52:51,,True,admin
2888,SC001919,البطريركيّة اللاتينيّة,,,True,2025-11-04 18:53:40,,True,admin
2890,SC001920,البطريركيّة اللاتينيّة,,,True,2025-11-04 21:01:49,,True,admin
2891,SC001921,البطريركيّة اللاتينيّة,,,True,2025-11-04 21:32:50,,True,admin
2892,SC001922,مدارس جامعة الزرقاء,,,True,2025-11-04 22:46:01,,True,admin
2897,SC001923,راهبات الورديّة,,,True,2025-11-05 07:36:03,,True,admin
2898,SC001924,راهبات الورديّة,,,True,2025-11-05 07:38:50,,True,admin
2899,SC001925,راهبات الورديّة,,,True,2025-11-05 07:40:38,,True,admin
2900,SC001926,راهبات الورديّة,,,True,2025-11-05 07:42:21,,True,admin
2901,SC001927,راهبات الورديّة,,,True,2025-11-05 07:44:46,,True,admin
2902,SC001928,راهبات الورديّة,,,True,2025-11-05 07:46:10,,True,admin
2903,SC001929,راهبات الورديّة,,,True,2025-11-05 07:49:01,,True,admin
2904,SC001930,راهبات الورديّة,,,True,2025-11-05 07:50:22,,True,admin
2905,SC001931,راهبات الورديّة,,,True,2025-11-05 07:51:40,,True,admin
2906,SC001932,راهبات الورديّة,,,True,2025-11-05 07:56:59,,True,admin
2907,SC001933,راهبات الورديّة,,,True,2025-11-05 07:57:55,,True,admin
2908,SC001934,راهبات الورديّة,,,True,2025-11-05 07:59:10,,True,admin
2909,SC001935,مدرسة حكوميّة,,,True,2025-11-05 08:00:35,,True,admin
2910,SC001936,مدارس الجامعة الأمريكيّة,,,True,2025-11-05 10:53:05,,True,admin
2911,SC001937,راهبات الورديّة,,,True,2025-11-05 10:58:40,,True,admin
2914,SC001938,البطريركيّة اللاتينيّة,,,True,2025-11-05 13:44:21,,True,admin
2915,SC001939,البطريركيّة اللاتينيّة,,,True,2025-11-05 13:59:04,,True,admin
2916,SC001940,البطريركيّة اللاتينيّة,,,True,2025-11-05 14:00:41,,True,admin
2917,SC001941,البطريركيّة اللاتينيّة,,,True,2025-11-05 14:02:40,,True,admin
2920,SC001942,البطريركيّة اللاتينيّة,,,True,2025-11-05 19:24:56,,True,admin
2921,SC001943,البطريركيّة اللاتينيّة,,,True,2025-11-05 20:28:11,,True,admin
2923,SC001944,البطريركيّة اللاتينيّة,,,True,2025-11-06 08:16:31,,True,admin
2925,SC001945,البطريركيّة اللاتينيّة,,,True,2025-11-06 20:15:02,,True,admin
2926,SC001946,البطريركيّة اللاتينيّة,,,True,2025-11-06 20:19:41,,True,admin
2927,SC001947,مدرسة حكوميّة,,,True,2025-11-06 20:29:08,,True,admin
2928,SC001948,مدرسة حكوميّة,,,True,2025-11-06 20:42:16,,True,admin
2929,SC001949,البطريركيّة اللاتينيّة,,,True,2025-11-06 21:08:17,,True,admin
2930,SC001950,البطريركيّة اللاتينيّة,,,True,2025-11-06 22:34:57,,True,admin
2931,SC001951,البطريركيّة اللاتينيّة,,,True,2025-11-07 14:15:50,,True,admin
2932,SC001952,البطريركيّة اللاتينيّة,,,True,2025-11-07 14:26:50,,True,admin
2933,SC001953,البطريركيّة اللاتينيّة,,,True,2025-11-07 14:28:07,,True,admin
2934,SC001954,مدرسة حكوميّة,,,True,2025-11-07 15:37:58,,True,admin
2935,SC001955,كليّة دي لاسال - الفرير,,,True,2025-11-07 16:29:29,,True,admin
2936,SC001956,كليّة دي لاسال - الفرير,,,True,2025-11-07 16:31:32,,True,admin
2937,SC001957,البطريركيّة اللاتينيّة,,,True,2025-11-07 19:30:19,,True,admin
2941,SC001959,البطريركيّة اللاتينيّة,,,True,2025-11-08 10:52:17,,True,admin
2942,SC001960,البطريركيّة اللاتينيّة,,,True,2025-11-08 11:56:50,,True,admin
2943,SC001961,البطريركيّة اللاتينيّة,,,True,2025-11-08 13:49:07,,True,admin
2944,SC001962,البطريركيّة اللاتينيّة,,,True,2025-11-08 17:28:43,,True,admin
2946,SC001963,مدرسة حكوميّة,,,True,2025-11-08 20:22:41,,True,admin
2947,SC001964,مدرسة حكوميّة,,,True,2025-11-08 20:25:06,,True,admin
2948,SC001965,البطريركيّة اللاتينيّة,,,True,2025-11-08 20:29:36,,True,admin
2949,SC001966,مدرسة حكوميّة,,,True,2025-11-08 20:32:35,,True,admin
2950,SC001967,البطريركيّة اللاتينيّة,,,True,2025-11-08 22:12:28,,True,admin
2951,SC001968,البطريركيّة اللاتينيّة,,,True,2025-11-08 22:17:09,,True,admin
2952,SC001969,البطريركيّة اللاتينيّة,,,True,2025-11-08 22:18:55,,True,admin
2953,SC001970,البطريركيّة اللاتينيّة,,,True,2025-11-08 22:21:19,,True,admin
2954,SC001971,البطريركيّة اللاتينيّة,,,True,2025-11-08 22:23:43,,True,admin
2955,SC001972,البطريركيّة اللاتينيّة,,,True,2025-11-08 22:25:56,,True,admin
2956,SC001973,البطريركيّة اللاتينيّة,,,True,2025-11-08 22:28:03,,True,admin
2957,SC001974,البطريركيّة اللاتينيّة,,,True,2025-11-08 22:32:43,,True,admin
2958,SC001975,البطريركيّة اللاتينيّة,,,True,2025-11-08 22:34:43,,True,admin
2959,SC001976,البطريركيّة اللاتينيّة,,,True,2025-11-08 22:37:14,,True,admin
2960,SC001977,البطريركيّة اللاتينيّة,,,True,2025-11-08 22:38:59,,True,admin
2961,SC001978,البطريركيّة اللاتينيّة,,,True,2025-11-09 15:19:41,,True,admin
2962,SC001979,البطريركيّة اللاتينيّة,,,True,2025-11-09 15:21:48,,True,admin
2963,SC001980,البطريركيّة اللاتينيّة,,,True,2025-11-09 15:23:17,,True,admin
2964,SC001981,البطريركيّة اللاتينيّة,,,True,2025-11-09 15:26:22,,True,admin
2965,SC001982,البطريركيّة اللاتينيّة,,,True,2025-11-09 15:27:57,,True,admin
2966,SC001983,البطريركيّة اللاتينيّة,,,True,2025-11-09 15:29:40,,True,admin
2967,SC001984,البطريركيّة اللاتينيّة,,,True,2025-11-09 15:31:05,,True,admin
2968,SC001985,البطريركيّة اللاتينيّة,,,True,2025-11-09 18:05:54,,True,admin
2969,SC001986,البطريركيّة اللاتينيّة,,,True,2025-11-09 18:08:18,,True,admin
2970,SC001987,البطريركيّة اللاتينيّة,,,True,2025-11-09 18:10:53,,True,admin
2971,SC001988,البطريركيّة اللاتينيّة,,,True,2025-11-09 18:12:33,,True,admin
2972,SC001989,البطريركيّة اللاتينيّة,,,True,2025-11-09 18:14:45,,True,admin
2973,SC001990,البطريركيّة اللاتينيّة,,,True,2025-11-10 12:40:38,,True,admin
2974,SC001991,البطريركيّة اللاتينيّة,,,True,2025-11-10 12:42:39,,True,admin
2975,SC001992,البطريركيّة اللاتينيّة,,,True,2025-11-10 12:44:35,,True,admin
2977,SC001993,البطريركيّة اللاتينيّة,,,True,2025-11-10 19:07:26,,True,admin
2978,SC001994,البطريركيّة اللاتينيّة,,,True,2025-11-10 19:08:37,,True,admin
2979,SC001995,البطريركيّة اللاتينيّة,,,True,2025-11-11 12:43:57,,True,admin
2980,SC001996,البطريركيّة اللاتينيّة,,,True,2025-11-11 12:45:29,,True,admin
2981,SC001997,مدرسة حكوميّة,,,True,2025-11-11 13:37:24,,True,admin
2982,SC001998,مدرسة حكوميّة,,,True,2025-11-11 13:39:32,,True,admin
2983,SC001999,البطريركيّة اللاتينيّة,,,True,2025-11-11 13:42:41,,True,admin
2984,SC002000,البطريركيّة اللاتينيّة,,,True,2025-11-11 13:49:25,,True,admin
2985,SC002001,البطريركيّة اللاتينيّة,,,True,2025-11-11 14:18:59,,True,admin
2986,SC002002,البطريركيّة اللاتينيّة,,,True,2025-11-11 15:09:21,,True,admin
2987,SC002003,البطريركيّة اللاتينيّة,,,True,2025-11-11 16:54:22,,True,admin
2988,SC002004,البطريركيّة اللاتينيّة,,,True,2025-11-11 18:21:19,,True,admin
2989,SC002005,عمان الوطنيّة,,,True,2025-11-13 07:06:23,,True,admin
2990,SC002006,البطريركيّة اللاتينيّة,,,True,2025-11-13 13:58:35,,True,admin
2991,SC002007,البطريركيّة اللاتينيّة,,,True,2025-11-13 19:12:49,,True,admin
2992,SC002008,الأورثوذكسيّة,,,True,2025-11-13 19:25:10,,True,admin
2993,SC002009,البطريركيّة اللاتينيّة,,,True,2025-11-13 21:49:38,,True,admin
2995,SC002010,البطريركيّة اللاتينيّة,,,True,2025-12-09 16:52:39,,True,admin
2996,SC002011,البطريركيّة اللاتينيّة,,,True,2025-12-09 17:00:15,,True,admin
2997,SC002012,البطريركيّة اللاتينيّة,,,True,2025-12-09 17:06:58,,True,admin
2998,SC002013,البطريركيّة اللاتينيّة,,,True,2025-12-09 17:09:25,,True,admin
2999,SC002014,روضة الملاك الصغير,,,True,2025-12-09 17:33:39,,True,admin
3000,SC002015,البطريركيّة اللاتينيّة,,,True,2025-12-09 17:45:26,,True,admin
3001,SC002016,الأورثوذكسيّة,,,True,2025-12-09 17:50:51,,True,admin
3003,SC002018,البطريركيّة اللاتينيّة,,,True,2025-12-09 18:08:01,,True,admin
3004,SC002019,الروم الكاثوليك,,,True,2025-12-09 20:51:52,,True,admin
3005,SC002020,الروم الكاثوليك,,,True,2025-12-09 20:56:37,,True,admin
3006,SC002021,المدرسة الفنلنديّة,,,True,2025-12-10 15:43:56,,True,admin
3013,SC002022,البطريركيّة اللاتينيّة,,,True,2026-01-23 15:12:44,,True,admin
3019,SC002023,البطريركيّة اللاتينيّة,,,True,2026-01-23 20:07:40,,True,admin
3020,SC002024,البطريركيّة اللاتينيّة,,,True,2026-01-23 20:09:28,,True,admin
3021,SC002025,البطريركيّة اللاتينيّة,,,True,2026-01-23 20:11:40,,True,admin
3037,SC002026,البطريركيّة اللاتينيّة,,,True,2026-01-24 19:54:01,,True,admin
3045,SC002027,راهبات الورديّة,,,True,2026-01-25 10:34:04,,True,admin
3011,SC002028,البطريركيّة اللاتينيّة,,,True,2026-01-23 14:59:38,,True,admin
597,SC002029,البطريركيّة اللاتينيّة,,,True,2025-02-01 23:13:34,,True,admin
2191,SC002030,البطريركيّة اللاتينيّة,,,True,2025-03-31 14:16:09,,True,admin
598,SC002031,البطريركيّة اللاتينيّة,,,True,2025-02-01 23:15:04,,True,admin
2363,SC002033,البطريركيّة اللاتينيّة,,,True,2025-05-02 21:54:16,,True,admin
2776,SC002034,البطريركيّة اللاتينيّة,,,True,2025-11-01 14:20:17,,True,admin
2778,SC002035,الأورثوذكسيّة,,,True,2025-11-01 14:23:22,,True,admin
635,SC002036,البطريركيّة اللاتينيّة,,,True,2025-02-02 11:15:34,,True,admin
364,SC002037,البطريركيّة اللاتينيّة,,,True,2025-01-31 19:56:06,,True,admin
857,SC002043,البطريركيّة اللاتينيّة,,,True,2025-02-10 23:06:04,,True,admin
2581,SC002044,الروم الأرثوذكس,,,True,2025-08-09 09:45:05,,True,admin
2580,SC002045,الروم الأرثوذكس الدوليّة (ABC),,,True,2025-08-09 09:44:53,,True,admin
2582,SC002046,البطريركيّة اللاتينيّة,,,True,2025-08-09 09:46:00,,True,admin
2583,SC002047,الروم الأرثوذكس الدوليّة (ABC),,,True,2025-08-09 09:46:25,,True,admin
2584,SC002048,البطريركيّة اللاتينيّة,,,True,2025-08-09 09:47:19,,True,admin
2585,SC002049,الروم الأرثوذكس,,,True,2025-08-09 09:47:23,,True,admin
2586,SC002050,الروم الأرثوذكس الدوليّة (ABC),,,True,2025-08-09 09:48:06,,True,admin
2587,SC002051,البطريركيّة اللاتينيّة,,,True,2025-08-09 09:48:12,,True,admin
2588,SC002052,البطريركيّة اللاتينيّة,,,True,2025-08-09 09:49:00,,True,admin
2589,SC002053,البطريركيّة اللاتينيّة,,,True,2025-08-09 09:49:26,,True,admin
2590,SC002054,البطريركيّة اللاتينيّة,,,True,2025-08-09 09:49:28,,True,admin
2591,SC002055,البطريركيّة اللاتينيّة,,,True,2025-08-09 09:53:03,,True,admin
2592,SC002056,البطريركيّة اللاتينيّة,,,True,2025-08-09 09:53:16,,True,admin
2593,SC002057,البطريركيّة اللاتينيّة,,,True,2025-08-09 09:55:00,,True,admin
2594,SC002058,البطريركيّة اللاتينيّة,,,True,2025-08-09 09:55:42,,True,admin
2595,SC002059,البطريركيّة اللاتينيّة,,,True,2025-08-09 10:05:38,,True,admin
2596,SC002060,البطريركيّة اللاتينيّة,,,True,2025-08-09 10:11:35,,True,admin
2597,SC002061,البطريركيّة اللاتينيّة,,,True,2025-08-09 10:14:02,,True,admin
2598,SC002062,البطريركيّة اللاتينيّة,,,True,2025-08-09 10:24:10,,True,admin
724,SC002066,البطريركيّة اللاتينيّة,,,True,2025-02-03 16:42:55,,True,admin
682,SC002067,البطريركيّة اللاتينيّة,,,True,2025-02-03 12:12:02,,True,admin
2686,SC001761,البطريركيّة اللاتينيّة,,,True,2025-09-27 21:24:55,,True,admin
2670,SC001745,البطريركيّة اللاتينيّة,,,True,2025-09-27 17:35:35,,True,admin
2482,SC001636,الروم الأرثوذكس الدوليّة (ABC),,,True,2025-06-10 14:31:43,,True,admin
2488,SC001642,البطريركيّة اللاتينيّة,,,True,2025-06-10 14:49:40,,True,admin
2615,SC001701,البطريركيّة اللاتينيّة,,,True,2025-08-09 22:27:02,,True,admin
2656,SC001731,كليّة تراسانطة,,,True,2025-09-24 07:35:26,,True,admin
2654,SC001729,كليّة تراسانطة,,,True,2025-09-24 07:31:20,,True,admin
2663,SC001738,البطريركيّة اللاتينيّة,,,True,2025-09-24 09:09:59,,True,admin
748,SC000298,البطريركيّة اللاتينيّة,,,True,2025-02-04 00:17:11,,True,admin
2667,SC001742,البطريركيّة اللاتينيّة,,,True,2025-09-24 22:13:22,,True,admin
746,SC000297,البطريركيّة اللاتينيّة,,,True,2025-02-03 22:17:59,,True,admin
2691,SC001766,البطريركيّة اللاتينيّة,,,True,2025-09-28 11:59:52,,True,admin
2489,SC001643,البطريركيّة اللاتينيّة,,,True,2025-06-10 14:57:28,,True,admin
2491,SC001645,البطريركيّة اللاتينيّة,,,True,2025-06-10 16:59:59,,True,admin
2699,SC001774,البطريركيّة اللاتينيّة,,,True,2025-10-10 10:51:59,,True,admin
2711,SC001786,البطريركيّة اللاتينيّة,,,True,2025-10-25 20:09:51,,True,admin
2712,SC001787,البطريركيّة اللاتينيّة,,,True,2025-10-25 20:39:50,,True,admin
2660,SC001735,الروم الأرثوذكس,,,True,2025-09-24 07:44:17,,True,admin
760,SC000308,البطريركيّة اللاتينيّة,,,True,2025-02-04 11:26:40,,True,admin
728,SC000289,البطريركيّة اللاتينيّة,,,True,2025-02-03 17:06:59,,True,admin
1441,SC000771,البطريركيّة اللاتينيّة,,,True,2025-03-11 17:15:49,,True,admin
2728,SC001802,البطريركيّة اللاتينيّة,,,True,2025-10-30 10:57:12,,True,admin
2938,SC001958,البطريركيّة اللاتينيّة,,,True,2025-11-07 22:52:58,,True,admin
703,SC000267,البطريركيّة اللاتينيّة,,,True,2025-02-03 14:14:32,,True,admin
565,SC000164,البطريركيّة اللاتينيّة,,,True,2025-02-01 21:24:12,,True,admin
683,SC000248,الروم الأرثوذكس,,,True,2025-02-03 12:13:16,,True,admin
686,SC000251,البطريركيّة اللاتينيّة,,,True,2025-02-03 12:21:05,,True,admin
687,SC000252,البطريركيّة اللاتينيّة,,,True,2025-02-03 12:23:56,,True,admin
2859,SC001909,البطريركيّة اللاتينيّة,,,True,2025-11-03 15:29:59,,True,admin
533,SC000133,البطريركيّة اللاتينيّة,,,True,2025-02-01 20:45:18,,True,admin
580,SC000176,البطريركيّة اللاتينيّة,,,True,2025-02-01 22:10:49,,True,admin
581,SC000177,البطريركيّة اللاتينيّة,,,True,2025-02-01 22:16:10,,True,admin
535,SC000135,البطريركيّة اللاتينيّة,,,True,2025-02-01 20:47:03,,True,admin
2720,SC001794,الروم الكاثوليك,,,True,2025-10-29 10:39:31,,True,admin
2816,SC001877,الروم الكاثوليك,,,True,2025-11-01 19:10:35,,True,admin
685,SC000250,الروم الكاثوليك,,,True,2025-02-03 12:17:32,,True,admin
2121,SC001332,البطريركيّة اللاتينيّة,,,True,2025-03-29 19:03:14,,True,admin
525,SC000125,البطريركيّة اللاتينيّة,,,True,2025-02-01 20:43:02,,True,admin
2870,SC001915,البطريركيّة اللاتينيّة,,,True,2025-11-03 22:29:57,,True,admin
2235,SC001437,البطريركيّة اللاتينيّة,,,True,2025-04-05 19:41:37,,True,admin
731,SC000291,البطريركيّة اللاتينيّة,,,True,2025-02-03 18:02:45,,True,admin
698,SC000263,البطريركيّة اللاتينيّة,,,True,2025-02-03 13:12:10,,True,admin
718,SC000280,البطريركيّة اللاتينيّة,,,True,2025-02-03 15:40:24,,True,admin
2846,SC001897,البطريركيّة اللاتينيّة,,,True,2025-11-02 21:38:50,,True,admin
1426,SC000758,البطريركيّة اللاتينيّة,,,True,2025-03-11 15:01:15,,True,admin
727,SC000288,البطريركيّة اللاتينيّة,,,True,2025-02-03 16:58:29,,True,admin
692,SC000257,البطريركيّة اللاتينيّة,,,True,2025-02-03 12:46:04,,True,admin
743,SC000296,البطريركيّة اللاتينيّة,,,True,2025-02-03 20:49:37,,True,admin
2657,SC001732,البطريركيّة اللاتينيّة,,,True,2025-09-24 07:39:52,,True,admin
2700,SC001775,البطريركيّة اللاتينيّة,,,True,2025-10-10 10:53:48,,True,admin
2685,SC001760,الروم الأرثوذكس الدوليّة (ABC),,,True,2025-09-27 21:17:46,,True,admin
2481,SC001635,البطريركيّة اللاتينيّة,,,True,2025-06-10 14:24:30,,True,admin
776,SC000316,البطريركيّة اللاتينيّة,,,True,2025-02-04 18:21:59,,True,admin
779,SC000319,البطريركيّة اللاتينيّة,,,True,2025-02-04 18:53:28,,True,admin
1437,SC000769,البطريركيّة اللاتينيّة,,,True,2025-03-11 16:14:12,,True,admin
2122,SC001333,البطريركيّة اللاتينيّة,,,True,2025-03-29 21:47:52,,True,admin
2238,SC001440,البطريركيّة اللاتينيّة,,,True,2025-04-05 20:07:12,,True,admin
1056,SC000516,الأهليّة والمطران,,,True,2025-02-21 17:47:04,,True,admin
602,SC000184,البطريركيّة اللاتينيّة,,,True,2025-02-01 23:40:39,,True,admin
2835,SC001893,البطريركيّة اللاتينيّة,,,True,2025-11-02 13:45:07,,True,admin
754,SC000302,البطريركيّة اللاتينيّة,,,True,2025-02-04 11:20:51,,True,admin
756,SC000304,البطريركيّة اللاتينيّة,,,True,2025-02-04 11:23:29,,True,admin
758,SC000306,البطريركيّة اللاتينيّة,,,True,2025-02-04 11:25:43,,True,admin
3113,SC002068,البطريركيّة اللاتينيّة,,,True,2025-11-17 15:13:05,,True,admin
3114,SC002069,البطريركيّة اللاتينيّة,,,True,2025-11-17 15:42:44,,True,admin
3115,SC002070,البطريركيّة اللاتينيّة,,,True,2025-11-17 15:44:46,,True,admin
3116,SC002071,البطريركيّة اللاتينيّة,,,True,2025-11-18 09:24:38,,True,admin
3117,SC002072,البطريركيّة اللاتينيّة,,,True,2025-11-18 09:28:54,,True,admin
3118,SC002073,البطريركيّة اللاتينيّة,,,True,2025-11-18 09:31:17,,True,admin
3119,SC002074,البطريركيّة اللاتينيّة,,,True,2025-11-18 09:44:27,,True,admin
3120,SC002075,البطريركيّة اللاتينيّة,,,True,2025-11-18 10:50:41,,True,admin
3121,SC002076,البطريركيّة اللاتينيّة,,,True,2025-11-19 08:52:39,,True,admin
3122,SC002077,البطريركيّة اللاتينيّة,,,True,2025-11-19 08:56:52,,True,admin
3123,SC002078,راهبات الورديّة,,,True,2025-11-19 10:22:46,,True,admin
3124,SC002079,راهبات الورديّة,,,True,2025-11-19 10:28:12,,True,admin
3125,SC002080,البطريركيّة اللاتينيّة,,,True,2025-11-19 14:31:23,,True,admin
3126,SC002081,مدرسة عبد الحميد شرف,,,True,2025-11-19 17:01:11,,True,admin
3127,SC002082,روضة الملاك الصغير,,,True,2025-11-19 22:48:46,,True,admin
3128,SC002083,البطريركيّة اللاتينيّة,,,True,2025-11-19 23:23:59,,True,admin
3129,SC002084,الروم الأرثوذوكس,,,True,2025-11-19 23:41:23,,True,admin
3130,SC002085,البطريركيّة اللاتينيّة,,,True,2025-11-20 07:00:47,,True,admin
3131,SC002086,البطريركيّة اللاتينيّة,,,True,2025-11-20 08:54:25,,True,admin
3133,SC002088,البطريركيّة اللاتينيّة,,,True,2025-11-20 15:44:45,,True,admin
3134,SC002089,الروم الأرثوذوكس,,,True,2025-11-27 12:59:52,,True,admin
3135,SC002090,البطريركيّة اللاتينيّة,,,True,2025-11-27 15:58:01,,True,admin
3136,SC002091,البطريركيّة اللاتينيّة,,,True,2025-11-27 16:00:34,,True,admin
3137,SC002092,المعمدانيّة,,,True,2025-11-27 16:11:52,,True,admin
3138,SC002093,البطريركيّة اللاتينيّة,,,True,2025-11-27 17:25:05,,True,admin
3139,SC002094,مدرسة عبد الحميد شرف,,,True,2025-11-27 17:42:57,,True,admin
3140,SC002095,مدرسة عبد الحميد شرف,,,True,2025-11-27 17:44:59,,True,admin
3141,SC002096,الروم الأرثوذكس الدوليّة (ABC),,,True,2025-11-27 21:24:48,,True,admin
3142,SC002097,البطريركيّة اللاتينيّة,,,True,2025-11-27 21:40:48,,True,admin
3143,SC002098,راهبات الورديّة,,,True,2025-11-27 21:44:38,,True,admin
3144,SC002099,راهبات الورديّة,,,True,2025-11-27 21:47:34,,True,admin
3145,SC002100,البطريركيّة اللاتينيّة,,,True,2025-11-27 21:50:37,,True,admin
3146,SC002101,المدرسة الفنلنديّة,,,True,2025-11-27 21:56:59,,True,admin
3147,SC002102,البطريركيّة اللاتينيّة,,,True,2025-11-27 22:15:22,,True,admin
3148,SC002103,الروم الأرثوذوكس,,,True,2025-11-27 22:15:25,,True,admin
3149,SC002104,الأورثوذكسيّة,,,True,2025-11-28 08:40:52,,True,admin
3150,SC002105,راهبات الورديّة,,,True,2025-11-28 15:13:17,,True,admin
3151,SC002106,راهبات الورديّة,,,True,2025-11-28 15:18:48,,True,admin
3152,SC002107,البطريركيّة اللاتينيّة,,,True,2025-11-28 21:19:57,,True,admin
3153,SC002108,روضة الملاك الصغير,,,True,2026-02-22 17:33:46,,True,admin
3154,SC002109,حضانة جمعيّة الشابات المسيحيّة - الفحيص,,,True,2026-03-05 15:37:36,,True,admin
3155,SC002110,البطريركيّة اللاتينيّة,,,True,2026-03-14 19:21:16,,True,admin
2485,SC001639,البطريركيّة اللاتينيّة,,,True,2025-06-10 14:36:18,,True,admin
3002,SC002017,البطريركيّة اللاتينيّة,,,True,2025-12-09 18:03:22,,True,admin
2676,SC001751,البطريركيّة اللاتينيّة,,,True,2025-09-27 18:32:17,,True,admin
2726,SC001800,البطريركيّة اللاتينيّة,,,True,2025-10-29 15:22:42,,True,admin
2599,SC002063,الروم الأرثوذكس,,,True,2025-08-09 10:25:25,,True,admin
2602,SC001688,البطريركيّة اللاتينيّة,,,True,2025-08-09 20:50:26,,True,admin
526,SC000126,البطريركيّة اللاتينيّة,,,True,2025-02-01 20:43:09,,True,admin
2606,SC001692,البطريركيّة اللاتينيّة,,,True,2025-08-09 20:57:29,,True,admin
2708,SC001783,البطريركيّة اللاتينيّة,,,True,2025-10-19 19:15:44,,True,admin
2709,SC001784,البطريركيّة اللاتينيّة,,,True,2025-10-19 19:21:05,,True,admin
3132,SC002087,الروم الأرثوذكس الدوليّة (ABC),,,True,2025-11-20 14:00:34,,True,admin
2679,SC001754,البطريركيّة اللاتينيّة,,,True,2025-09-27 20:52:33,,True,admin
2492,SC001646,البطريركيّة اللاتينيّة,,,True,2025-06-10 17:37:39,,True,admin
2573,SC001680,البطريركيّة اللاتينيّة,,,True,2025-07-10 05:07:41,,True,admin
2447,SC001607,البطريركيّة اللاتينيّة,,,True,2025-05-28 09:08:20,,True,admin
2869,SC002064,الروم الأرثوذكس,,,True,2025-11-03 21:06:45,,True,admin
1737,SC001008,البطريركيّة اللاتينيّة,,,True,2025-03-16 22:26:54,,True,admin
2210,SC001420,الأهليّة والمطران,,,True,2025-04-01 18:35:47,,True,admin
1143,SC000572,مدرسة مار يوسف,,,False,2025-02-23 16:48:58,,True,admin
1143,SC002112,البطريركيّة اللاتينيّة,,,True,2025-02-23 16:48:58,,True,admin
1547,SC000861,البطريركيّة اللاتينيّة,,,True,2025-03-14 09:05:49,,True,admin
1479,SC000802,مدرسة حكوميّة,,,False,2025-03-12 20:35:46,,True,admin
1479,SC002118,الروم الكاثوليك,,,False,2025-03-12 20:35:46,,True,admin
1507,SC000821,البطريركيّة اللاتينيّة,,,True,2025-03-13 16:39:21,,True,admin
1427,SC000759,البطريركيّة اللاتينيّة,,,True,2025-03-11 15:01:54,,True,admin
1464,SC002032,الروم الأرثوذكس,,,True,2025-03-12 17:28:51,,True,admin
946,SC000440,البطريركيّة اللاتينيّة,,,True,2025-02-16 23:34:41,,True,admin
1144,SC000573,البطريركيّة اللاتينيّة,,,True,2025-02-23 16:48:59,,True,admin
538,SC000138,البطريركيّة اللاتينيّة,,,True,2025-02-01 20:49:57,,True,admin
693,SC000258,البطريركيّة اللاتينيّة,,,True,2025-02-03 12:49:04,,True,admin
541,SC000141,البطريركيّة اللاتينيّة,,,True,2025-02-01 20:51:51,,True,admin
2234,SC001436,راهبات الورديّة,,,True,2025-04-05 19:39:30,,True,admin
690,SC000255,البطريركيّة اللاتينيّة,,,True,2025-02-03 12:38:06,,True,admin
612,SC000190,البطريركيّة اللاتينيّة,,,True,2025-02-02 10:19:52,,True,admin
1630,SC000912,مدرسة حكوميّة,,,True,2025-03-15 22:12:45,,True,admin
1466,SC002122,مدرسة حكوميّة,,,True,2025-03-12 17:46:20,,True,admin
540,SC000140,البطريركيّة اللاتينيّة,,,True,2025-02-01 20:50:47,,True,admin
529,SC000129,البطريركيّة اللاتينيّة,,,True,2025-02-01 20:43:43,,True,admin
542,SC000142,البطريركيّة اللاتينيّة,,,True,2025-02-01 20:56:13,,True,admin
1408,SC000745,البطريركيّة اللاتينيّة,,,True,2025-03-11 11:51:10,,True,admin
929,SC000423,البطريركيّة اللاتينيّة,,,True,2025-02-16 23:03:25,,True,admin
2480,SC001634,البطريركيّة اللاتينيّة,,,True,2025-06-09 17:38:08,,True,admin
1214,SC000631,راهبات الورديّة,,,True,2025-02-25 20:28:35,,True,admin
2277,SC001476,مدرسة حكوميّة,,,True,2025-04-21 15:15:50,,True,admin
2851,SC002128,مدرسة حكوميّة,,,False,2025-11-03 00:02:06,,True,admin
1165,SC000591,البطريركيّة اللاتينيّة,,,True,2025-02-23 19:35:32,,True,admin
1518,SC000832,البطريركيّة اللاتينيّة,,,True,2025-03-13 18:23:57,,True,admin
1518,SC002134,الروم الأرثوذكس الدوليّة (ABC),,,False,2025-03-13 18:23:57,,True,admin
2576,SC001683,مدرسة حكوميّة,,,True,2025-07-15 11:53:26,,True,admin
871,SC000372,البطريركيّة اللاتينيّة,,,True,2025-02-12 23:16:47,,True,admin
2230,SC001433,العهد الدوليّة,,,True,2025-04-04 22:09:12,,True,admin
2231,SC001434,راهبات الورديّة,,,True,2025-04-04 22:09:38,,True,admin
375,SC000024,البطريركيّة اللاتينيّة,,,True,2025-01-31 21:34:04,,True,admin
604,SC000185,البطريركيّة اللاتينيّة,,,True,2025-02-02 00:11:15,,True,admin
954,SC000447,البطريركيّة اللاتينيّة,,,True,2025-02-17 15:34:07,,True,admin
843,SC000352,البطريركيّة اللاتينيّة,,,True,2025-02-10 14:23:55,,True,admin
2065,SC001281,مدرسة حكوميّة,,,True,2025-03-27 17:33:02,,True,admin
1531,SC000845,الروم الأرثوذكس,,,True,2025-03-13 18:29:05,,True,admin
323,SC002139,الروم الأرثوذكس,,,False,2025-01-31 11:29:09,,True,admin
933,SC000427,القمة الدوليّة,,,True,2025-02-16 23:09:17,,True,admin
2229,SC001432,الأسقفيّة الإنجيليّة العربيّة,,,True,2025-04-04 20:38:24,,True,admin
465,SC000077,الأسقفيّة الإنجيليّة العربيّة,,,True,2025-02-01 14:59:02,,True,admin
790,SC000328,الأسقفيّة الإنجيليّة العربيّة,,,True,2025-02-05 16:55:37,,True,admin
1201,SC000620,الأهليّة والمطران,,,True,2025-02-24 21:13:12,,True,admin
1385,SC000737,الروم الأرثوذكس,,,True,2025-03-11 07:47:15,,True,admin
1385,SC002142,الأورثوذكسيّة,,,False,2025-03-11 07:47:15,,True,admin
956,SC000449,البطريركيّة اللاتينيّة,,,True,2025-02-17 15:39:54,,True,admin
1232,SC000643,البطريركيّة اللاتينيّة,,,True,2025-02-27 18:03:13,,True,admin
1424,SC000756,البطريركيّة اللاتينيّة,,,True,2025-03-11 14:45:00,,True,admin
1495,SC000815,البطريركيّة اللاتينيّة,,,True,2025-03-13 01:31:19,,True,admin
3157,SC002146,البطريركيّة اللاتينيّة,,,True,2024-11-02 15:18:54,,True,admin
3159,SC002156,الأمم الإبداعيّة,,,False,2024-02-28 23:04:44,,True,admin
3160,SC002160,الأهليّة والمطران,,,False,2024-03-02 01:00:18,,True,admin
870,SC000371,البطريركيّة اللاتينيّة,,,True,2025-02-12 23:15:02,,True,admin
713,SC000275,البطريركيّة اللاتينيّة,,,True,2025-02-03 15:28:18,,True,admin
721,SC000283,البطريركيّة اللاتينيّة,,,True,2025-02-03 15:57:39,,True,admin
3161,SC002166,البطريركيّة اللاتينيّة,,,False,2024-04-15 19:59:12,,True,admin
592,SC000179,الروم الأرثوذكس,,,True,2025-02-01 22:58:19,,True,admin
232,SC002173,البطريركيّة اللاتينيّة,,,False,2025-01-31 11:16:27,,True,admin
716,SC000278,راهبات الفرنسيسكان,,,True,2025-02-03 15:34:05,,True,admin
3057,SC002180,مدرسة حكوميّة,,,False,2026-01-25 15:16:45,,True,admin
2120,SC001331,البطريركيّة اللاتينيّة,,,True,2025-03-29 18:07:08,,True,admin
689,SC000254,البطريركيّة اللاتينيّة,,,True,2025-02-03 12:34:52,,True,admin
708,SC000270,البطريركيّة اللاتينيّة,,,True,2025-02-03 14:48:20,,True,admin
674,SC000243,البطريركيّة اللاتينيّة,,,True,2025-02-02 21:06:35,,True,admin
2119,SC002065,البطريركيّة اللاتينيّة,,,True,2025-03-29 18:07:06,,True,admin
1442,SC000772,البطريركيّة اللاتينيّة,,,True,2025-03-11 17:50:00,,True,admin
3162,SC002183,البطريركيّة اللاتينيّة,,,False,2024-04-15 20:09:38,,True,admin
3163,SC002185,البطريركيّة اللاتينيّة,,,False,2024-11-07 20:39:56,,True,admin
3164,SC002189,البطريركيّة اللاتينيّة,,,True,2024-04-15 20:11:25,,True,admin
1399,SC002191,البطريركيّة اللاتينيّة,,,False,2025-03-11 11:15:24,,True,admin
948,SC002038,المدرسة الإنجليزيّة الحديثة,2007-09-01,2008-08-31,False,2025-02-17 13:17:50,,True,admin
948,SC002039,روضة الملاك الصغير,2008-09-01,2009-08-31,False,2025-02-17 13:17:50,,True,admin
948,SC002040,كليّة دي لاسال - الفرير,2009-09-01,2011-08-31,False,2025-02-17 13:17:50,,True,admin
948,SC002041,البطريركيّة اللاتينيّة,2011-09-01,2015-08-31,False,2025-02-17 13:17:50,,True,admin
948,SC002042,البطريركيّة اللاتينيّة,2015-09-01,2021-08-31,False,2025-02-17 13:17:50,,True,admin
1187,SC000612,البطريركيّة اللاتينيّة,,,False,2026-05-27 19:48:06,,True,admin
988,SC002192,البطريركيّة اللاتينيّة,,,False,2026-05-27 19:49:48,,True,admin
942,SC000436,مدرسة حكوميّة,,,True,2026-05-27 19:53:45,,True,admin
1481,SC000804,البطريركيّة اللاتينيّة,,,True,2026-05-27 19:55:41,,True,admin
2808,SC002193,مدرسة حكوميّة,,,True,2026-05-27 20:25:09,,True,admin
102,SC002194,البطريركيّة اللاتينيّة,,,False,2026-05-27 20:28:08,,True,admin
3202,SC002197,راهبات الورديّة,,,True,2026-06-23 18:47:19,,True,admin
3203,SC002199,كليّة دي لاسال - الفرير,,,True,2026-06-23 18:51:53,,True,admin
3204,SC002200,كليّة دي لاسال - الفرير,,,True,2026-06-23 18:54:38,,True,admin
3209,SC002203,البطريركيّة اللاتينيّة,,,True,2026-06-23 19:06:29,,True,admin
3206,SC002198,البطريركيّة اللاتينيّة,,,True,2026-06-23 19:08:34,,True,admin
3211,SC002205,الروم الكاثوليك,,,True,2026-06-23 19:14:33,,True,admin
3205,SC002202,راهبات الورديّة,,,True,2026-06-23 19:00:08,,True,admin
3213,SC002206,البطريركيّة اللاتينيّة,,,True,2026-06-23 19:18:20,,True,admin
3214,SC002208,مدرسة حكوميّة,,,True,2026-06-24 15:28:56,,True,admin
3217,SC002207,الأورثوذكسيّة,,,True,2026-06-24 15:29:29,,True,admin
3201,SC002196,الروم الكاثوليك,,,True,2026-06-24 15:31:34,,True,admin
3215,SC002209,البطريركيّة اللاتينيّة,,,True,2026-06-24 15:34:04,,True,admin
3216,SC002210,البطريركيّة اللاتينيّة,,,True,2026-06-24 15:36:47,,True,admin
3212,SC002211,البطريركيّة اللاتينيّة,,,True,2026-06-24 15:38:42,,True,admin
3207,SC002213,البطريركيّة اللاتينيّة,,,True,2026-06-25 15:25:59,,True,admin
3208,SC002212,البطريركيّة اللاتينيّة,,,True,2026-06-25 15:20:50,,True,admin
3217,SC002207,الأورثوذكسيّة,,,True,2026-06-24 15:25:39,2026-06-24 15:29:29,False,admin
3214,SC002208,مدرسة حكوميّة,,,True,2026-06-24 15:28:14,2026-06-24 15:28:56,False,admin
3200,SC002195,البطريركيّة اللاتينيّة,,,True,2026-06-20 11:54:39,2026-06-20 12:13:39,False,admin
1481,SC000804,البطريركيّة اللاتينيّة,,,True,2025-03-12 20:40:14,2026-05-27 19:55:41,False,admin
942,SC000436,مدرسة حكوميّة,,,True,2025-02-16 23:24:53,2026-05-27 19:53:45,False,admin
1187,SC000612,البطريركيّة اللاتينيّة,,,True,2026-05-27 19:47:34,2026-05-27 19:48:06,False,admin
1187,SC000612,البطريركيّة اللاتينيّة,,,True,2025-02-24 07:13:32,2026-05-27 19:47:34,False,admin
3202,SC002197,راهبات الورديّة,,,True,2026-06-22 21:05:44,2026-06-23 18:47:19,False,admin
3206,SC002198,البطريركيّة اللاتينيّة,,,True,2026-06-22 21:50:42,2026-06-23 19:08:34,False,admin
3211,SC002204,الروم الكاثوليك,,,True,2026-06-23 19:13:48,2026-06-23 19:14:33,False,admin
3201,SC002196,البطريركيّة اللاتينيّة,,,True,2026-06-22 16:04:52,2026-06-24 15:31:34,False,admin
