person_youth_group_record_id,age_group,start_date,end_date,scd_active_from,scd_active_to,scd_currently_active_flag,scd_changed_by_user
PRYG000001,الجامعيّة,,,2025-01-31 11:12:25,,True,admin
PRYG000002,الجامعيّة,,,2025-01-31 11:12:36,,True,admin
PRYG000003,الجامعيّة,,,2025-01-31 11:12:38,,True,admin
PRYG000004,الجامعيّة,,,2025-01-31 11:12:38,,True,admin
PRYG000005,الجامعيّة,,,2025-01-31 11:12:42,,True,admin
PRYG000006,العاملة,,,2025-01-31 11:12:46,,True,admin
PRYG000007,العاملة,,,2025-01-31 11:12:47,,True,admin
PRYG000008,الجامعيّة,,,2025-01-31 11:12:50,,True,admin
PRYG000009,الجامعيّة,,,2025-01-31 11:12:50,,True,admin
PRYG000010,الجامعيّة,,,2025-01-31 11:12:54,,True,admin
PRYG000011,الجامعيّة,,,2025-01-31 11:12:54,,True,admin
PRYG000012,الجامعيّة,,,2025-01-31 11:13:00,,True,admin
PRYG000013,العاملة,,,2025-01-31 11:13:00,,True,admin
PRYG000014,الجامعيّة,,,2025-01-31 11:13:02,,True,admin
PRYG000015,العاملة,,,2025-01-31 11:13:03,,True,admin
PRYG000016,الجامعيّة,,,2025-01-31 11:13:03,,True,admin
PRYG000017,الجامعيّة,,,2025-01-31 11:13:06,,True,admin
PRYG000018,العاملة,,,2025-01-31 11:13:09,,True,admin
PRYG000019,العاملة,,,2025-01-31 11:13:09,,True,admin
PRYG000020,العاملة,,,2025-01-31 11:13:09,,True,admin
PRYG000021,العاملة,,,2025-01-31 11:13:12,,True,admin
PRYG000022,العاملة,,,2025-01-31 11:13:12,,True,admin
PRYG000023,الجامعيّة,,,2025-01-31 11:13:13,,True,admin
PRYG000024,الجامعيّة,,,2025-01-31 11:13:13,,True,admin
PRYG000025,الجامعيّة,,,2025-01-31 11:13:13,,True,admin
PRYG000026,العاملة,,,2025-01-31 11:13:15,,True,admin
PRYG000027,الجامعيّة,,,2025-01-31 11:13:18,,True,admin
PRYG000028,الجامعيّة,,,2025-01-31 11:13:18,,True,admin
PRYG000029,الجامعيّة,,,2025-01-31 11:13:19,,True,admin
PRYG000030,العاملة,,,2025-01-31 11:13:20,,True,admin
PRYG000031,الجامعيّة,,,2025-01-31 11:13:20,,True,admin
PRYG000032,الجامعيّة,,,2025-01-31 11:13:21,,True,admin
PRYG000033,الجامعيّة,,,2025-01-31 11:13:22,,True,admin
PRYG000034,الجامعيّة,,,2025-01-31 11:13:24,,True,admin
PRYG000035,العاملة,,,2025-01-31 11:13:25,,True,admin
PRYG000036,الجامعيّة,,,2025-01-31 11:13:25,,True,admin
PRYG000037,الجامعيّة,,,2025-01-31 11:13:26,,True,admin
PRYG000038,الجامعيّة,,,2025-01-31 11:13:27,,True,admin
PRYG000039,الجامعيّة,,,2025-01-31 11:13:29,,True,admin
PRYG000040,العاملة,,,2025-01-31 11:13:29,,True,admin
PRYG000041,الجامعيّة,,,2025-01-31 11:13:32,,True,admin
PRYG000042,الجامعيّة,,,2025-01-31 11:13:32,,True,admin
PRYG000043,الجامعيّة,,,2025-01-31 11:13:33,,True,admin
PRYG000044,الجامعيّة,,,2025-01-31 11:13:35,,True,admin
PRYG000045,العاملة,,,2025-01-31 11:13:36,,True,admin
PRYG000046,العاملة,,,2025-01-31 11:13:36,,True,admin
PRYG000047,العاملة,,,2025-01-31 11:13:40,,True,admin
PRYG000048,الجامعيّة,,,2025-01-31 11:13:41,,True,admin
PRYG000049,الجامعيّة,,,2025-01-31 11:13:42,,True,admin
PRYG000050,الجامعيّة,,,2025-01-31 11:13:42,,True,admin
PRYG000051,العاملة,,,2025-01-31 11:13:44,,True,admin
PRYG000052,العاملة,,,2025-01-31 11:13:45,,True,admin
PRYG000053,العاملة,,,2025-01-31 11:13:45,,True,admin
PRYG000054,العاملة,,,2025-01-31 11:13:46,,True,admin
PRYG000055,الجامعيّة,,,2025-01-31 11:13:46,,True,admin
PRYG000056,الجامعيّة,,,2025-01-31 11:13:46,,True,admin
PRYG000057,الجامعيّة,,,2025-01-31 11:13:48,,True,admin
PRYG000058,الجامعيّة,,,2025-01-31 11:13:49,,True,admin
PRYG000059,الجامعيّة,,,2025-01-31 11:13:49,,True,admin
PRYG000060,الجامعيّة,,,2025-01-31 11:13:49,,True,admin
PRYG000061,العاملة,,,2025-01-31 11:13:51,,True,admin
PRYG000062,العاملة,,,2025-01-31 11:13:52,,True,admin
PRYG000063,الجامعيّة,,,2025-01-31 11:13:53,,True,admin
PRYG000064,الجامعيّة,,,2025-01-31 11:13:55,,True,admin
PRYG000065,الجامعيّة,,,2025-01-31 11:14:00,,True,admin
PRYG000066,الجامعيّة,,,2025-01-31 11:14:01,,True,admin
PRYG000067,الجامعيّة,,,2025-01-31 11:14:02,,True,admin
PRYG000068,الجامعيّة,,,2025-01-31 11:14:03,,True,admin
PRYG000069,الجامعيّة,,,2025-01-31 11:14:11,,True,admin
PRYG000070,العاملة,,,2025-01-31 11:14:11,,True,admin
PRYG000071,الجامعيّة,,,2025-01-31 11:14:12,,True,admin
PRYG000072,العاملة,,,2025-01-31 11:14:14,,True,admin
PRYG000073,الجامعيّة,,,2025-01-31 11:14:15,,True,admin
PRYG000074,الجامعيّة,,,2025-01-31 11:14:16,,True,admin
PRYG000075,الجامعيّة,,,2025-01-31 11:14:17,,True,admin
PRYG000076,الجامعيّة,,,2025-01-31 11:14:17,,True,admin
PRYG000077,الجامعيّة,,,2025-01-31 11:14:19,,True,admin
PRYG000078,الجامعيّة,,,2025-01-31 11:14:19,,True,admin
PRYG000079,الجامعيّة,,,2025-01-31 11:14:22,,True,admin
PRYG000080,الجامعيّة,,,2025-01-31 11:14:26,,True,admin
PRYG000081,العاملة,,,2025-01-31 11:14:26,,True,admin
PRYG000082,العاملة,,,2025-01-31 11:14:27,,True,admin
PRYG000083,العاملة,,,2025-01-31 11:14:27,,True,admin
PRYG000084,الجامعيّة,,,2025-01-31 11:14:27,,True,admin
PRYG000085,الجامعيّة,,,2025-01-31 11:14:27,,True,admin
PRYG000086,الجامعيّة,,,2025-01-31 11:14:29,,True,admin
PRYG000087,العاملة,,,2025-01-31 11:14:30,,True,admin
PRYG000088,الجامعيّة,,,2025-01-31 11:14:32,,True,admin
PRYG000089,الجامعيّة,,,2025-01-31 11:14:33,,True,admin
PRYG000090,العاملة,,,2025-01-31 11:14:34,,True,admin
PRYG000091,الجامعيّة,,,2025-01-31 11:14:36,,True,admin
PRYG000092,العاملة,,,2025-01-31 11:14:37,,True,admin
PRYG000093,الجامعيّة,,,2025-01-31 11:14:38,,True,admin
PRYG000094,العاملة,,,2025-01-31 11:14:39,,True,admin
PRYG000095,العاملة,,,2025-01-31 11:14:40,,True,admin
PRYG000096,العاملة,,,2025-01-31 11:14:41,,True,admin
PRYG000097,الجامعيّة,,,2025-01-31 11:14:41,,True,admin
PRYG000098,الجامعيّة,,,2025-01-31 11:14:42,,True,admin
PRYG000099,الجامعيّة,,,2025-01-31 11:14:42,,True,admin
PRYG000100,الجامعيّة,,,2025-01-31 11:14:44,,True,admin
PRYG000101,العاملة,,,2025-01-31 11:14:45,,True,admin
PRYG000102,الجامعيّة,,,2025-01-31 11:14:45,,True,admin
PRYG000103,الجامعيّة,,,2025-01-31 11:14:45,,True,admin
PRYG000104,الجامعيّة,,,2025-01-31 11:14:45,,True,admin
PRYG000105,الجامعيّة,,,2025-01-31 11:14:45,,True,admin
PRYG000106,الجامعيّة,,,2025-01-31 11:14:47,,True,admin
PRYG000107,الجامعيّة,,,2025-01-31 11:14:47,,True,admin
PRYG000108,الجامعيّة,,,2025-01-31 11:14:47,,True,admin
PRYG000109,الجامعيّة,,,2025-01-31 11:14:50,,True,admin
PRYG000110,الجامعيّة,,,2025-01-31 11:14:51,,True,admin
PRYG000111,العاملة,,,2025-01-31 11:14:51,,True,admin
PRYG000112,الجامعيّة,,,2025-01-31 11:14:52,,True,admin
PRYG000113,الجامعيّة,,,2025-01-31 11:14:53,,True,admin
PRYG000114,الجامعيّة,,,2025-01-31 11:14:53,,True,admin
PRYG000115,العاملة,,,2025-01-31 11:14:54,,True,admin
PRYG000116,الجامعيّة,,,2025-01-31 11:14:54,,True,admin
PRYG000117,الجامعيّة,,,2025-01-31 11:14:57,,True,admin
PRYG000118,العاملة,,,2025-01-31 11:14:58,,True,admin
PRYG000119,الجامعيّة,,,2025-01-31 11:14:58,,True,admin
PRYG000120,العاملة,,,2025-01-31 11:14:59,,True,admin
PRYG000121,الجامعيّة,,,2025-01-31 11:14:00,,True,admin
PRYG000122,العاملة,,,2025-01-31 11:15:00,,True,admin
PRYG000123,الجامعيّة,,,2025-01-31 11:15:02,,True,admin
PRYG000124,الجامعيّة,,,2025-01-31 11:15:04,,True,admin
PRYG000125,العاملة,,,2025-01-31 11:15:06,,True,admin
PRYG000126,الجامعيّة,,,2025-01-31 11:15:06,,True,admin
PRYG000127,العاملة,,,2025-01-31 11:15:07,,True,admin
PRYG000128,الجامعيّة,,,2025-01-31 11:15:07,,True,admin
PRYG000129,الجامعيّة,,,2025-01-31 11:15:09,,True,admin
PRYG000130,العاملة,,,2025-01-31 11:15:11,,True,admin
PRYG000131,الجامعيّة,,,2025-01-31 11:15:12,,True,admin
PRYG000132,العاملة,,,2025-01-31 11:15:14,,True,admin
PRYG000133,الجامعيّة,,,2025-01-31 11:15:15,,True,admin
PRYG000134,الجامعيّة,,,2025-01-31 11:15:16,,True,admin
PRYG000135,الجامعيّة,,,2025-01-31 11:15:16,,True,admin
PRYG000136,الجامعيّة,,,2025-01-31 11:15:17,,True,admin
PRYG000137,الجامعيّة,,,2025-01-31 11:15:18,,True,admin
PRYG000138,الجامعيّة,,,2025-01-31 11:15:18,,True,admin
PRYG000139,العاملة,,,2025-01-31 11:15:20,,True,admin
PRYG000140,العاملة,,,2025-01-31 11:15:22,,True,admin
PRYG000141,العاملة,,,2025-01-31 11:15:27,,True,admin
PRYG000142,العاملة,,,2025-01-31 11:15:28,,True,admin
PRYG000143,الجامعيّة,,,2025-01-31 11:15:33,,True,admin
PRYG000144,الجامعيّة,,,2025-01-31 11:15:33,,True,admin
PRYG000145,الجامعيّة,,,2025-01-31 11:15:33,,True,admin
PRYG000146,الجامعيّة,,,2025-01-31 11:15:33,,True,admin
PRYG000147,العاملة,,,2025-01-31 11:15:34,,True,admin
PRYG000148,العاملة,,,2026-01-26 16:20:28,,True,admin
PRYG000149,الجامعيّة,,,2025-01-31 11:15:34,,True,admin
PRYG000150,الجامعيّة,,,2025-01-31 11:15:36,,True,admin
PRYG000151,العاملة,,,2025-01-31 11:15:37,,True,admin
PRYG000152,الجامعيّة,,,2025-01-31 11:15:38,,True,admin
PRYG000153,الجامعيّة,,,2025-01-31 11:15:39,,True,admin
PRYG000154,الجامعيّة,,,2025-01-31 11:15:39,,True,admin
PRYG000155,الجامعيّة,,,2025-01-31 11:15:40,,True,admin
PRYG000156,الجامعيّة,,,2025-01-31 11:15:41,,True,admin
PRYG000157,الجامعيّة,,,2025-01-31 11:15:41,,True,admin
PRYG000158,العاملة,,,2025-01-31 11:15:41,,True,admin
PRYG000159,الجامعيّة,,,2025-01-31 11:15:44,,True,admin
PRYG000160,الجامعيّة,,,2025-01-31 11:15:44,,True,admin
PRYG000161,الجامعيّة,,,2025-01-31 11:15:44,,True,admin
PRYG000162,الجامعيّة,,,2025-01-31 11:15:45,,True,admin
PRYG000163,الجامعيّة,,,2025-01-31 11:15:45,,True,admin
PRYG000164,العاملة,,,2025-01-31 11:15:45,,True,admin
PRYG000165,الجامعيّة,,,2025-01-31 11:15:45,,True,admin
PRYG000166,الجامعيّة,,,2025-01-31 11:15:46,,True,admin
PRYG000167,الجامعيّة,,,2025-01-31 11:15:48,,True,admin
PRYG000168,الجامعيّة,,,2025-01-31 11:15:50,,True,admin
PRYG000169,الجامعيّة,,,2025-01-31 11:15:53,,True,admin
PRYG000170,العاملة,,,2025-01-31 11:15:53,,True,admin
PRYG000171,الجامعيّة,,,2025-01-31 11:15:55,,True,admin
PRYG000172,الجامعيّة,,,2026-01-23 15:21:14,,True,admin
PRYG000173,العاملة,,,2025-01-31 11:15:55,,True,admin
PRYG000174,الجامعيّة,,,2025-01-31 11:15:55,,True,admin
PRYG000174,الثانوي,,,2025-01-31 11:15:55,,True,admin
PRYG000174,الإعدادي,,,2025-01-31 11:15:55,,True,admin
PRYG000174,البراعم,,,2025-01-31 11:15:55,,True,admin
PRYG000175,الجامعيّة,2024-02-02,,2025-01-31 11:15:55,,True,admin
PRYG000176,العاملة,,,2025-01-31 11:15:57,,True,admin
PRYG000177,العاملة,,,2025-01-31 11:15:57,,True,admin
PRYG000178,الجامعيّة,,,2025-01-31 11:15:57,,True,admin
PRYG000179,الجامعيّة,,,2025-01-31 11:16:02,,True,admin
PRYG000180,الجامعيّة,,,2025-01-31 11:16:02,,True,admin
PRYG000181,الجامعيّة,,,2025-01-31 11:16:02,,True,admin
PRYG000182,العاملة,,,2025-01-31 11:16:03,,True,admin
PRYG000183,الجامعيّة,,,2025-01-31 11:16:05,,True,admin
PRYG000184,الجامعيّة,,,2025-01-31 11:16:08,,True,admin
PRYG000185,الجامعيّة,,,2025-01-31 11:16:10,,True,admin
PRYG000186,الجامعيّة,,,2025-01-31 11:16:12,,True,admin
PRYG000187,الجامعيّة,,,2025-01-31 11:16:12,,True,admin
PRYG000188,العاملة,,,2025-01-31 11:16:13,,True,admin
PRYG000189,الجامعيّة,,,2025-01-31 11:16:13,,True,admin
PRYG000190,الجامعيّة,,,2025-01-31 11:16:14,,True,admin
PRYG000191,الجامعيّة,,,2025-01-31 11:16:15,,True,admin
PRYG000192,الجامعيّة,,,2025-01-31 11:16:16,,True,admin
PRYG000193,الجامعيّة,,,2025-01-31 11:16:17,,True,admin
PRYG000194,الجامعيّة,,,2025-01-31 11:16:17,,True,admin
PRYG000195,الجامعيّة,,,2025-01-31 11:16:18,,True,admin
PRYG000196,الجامعيّة,,,2025-01-31 11:16:19,,True,admin
PRYG000197,الجامعيّة,,,2025-01-31 11:16:21,,True,admin
PRYG000198,العاملة,,,2025-01-31 11:16:24,,True,admin
PRYG000199,الجامعيّة,,,2025-01-31 11:16:24,,True,admin
PRYG000200,العاملة,,,2025-01-31 11:16:25,,True,admin
PRYG000201,الجامعيّة,,,2025-01-31 11:16:27,,True,admin
PRYG000201,الثانوي,,,2025-01-31 11:16:27,,True,admin
PRYG000202,العاملة,,,2025-01-31 11:16:28,,True,admin
PRYG000202,الجامعيّة,,,2025-01-31 11:16:28,,True,admin
PRYG000203,العاملة,,,2025-01-31 11:16:29,,True,admin
PRYG000204,الجامعيّة,,,2025-01-31 11:16:29,,True,admin
PRYG000205,الجامعيّة,,,2025-01-31 11:16:35,,True,admin
PRYG000206,الجامعيّة,,,2025-01-31 11:16:37,,True,admin
PRYG000207,الجامعيّة,,,2025-01-31 11:16:40,,True,admin
PRYG000208,العاملة,,,2025-01-31 11:16:41,,True,admin
PRYG000209,الجامعيّة,,,2025-01-31 11:16:42,,True,admin
PRYG000210,الجامعيّة,,,2025-01-31 11:16:43,,True,admin
PRYG000211,العاملة,,,2025-01-31 11:16:44,,True,admin
PRYG000212,الجامعيّة,,,2025-01-31 11:16:45,,True,admin
PRYG000213,الجامعيّة,,,2025-01-31 11:16:46,,True,admin
PRYG000214,الجامعيّة,,,2025-01-31 11:16:50,,True,admin
PRYG000215,العاملة,,,2025-01-31 11:16:51,,True,admin
PRYG000216,الجامعيّة,,,2025-01-31 11:16:52,,True,admin
PRYG000217,العاملة,,,2025-01-31 11:16:52,,True,admin
PRYG000218,العاملة,,,2025-01-31 11:16:58,,True,admin
PRYG000219,العاملة,,,2025-01-31 11:16:59,,True,admin
PRYG000220,الجامعيّة,,,2025-01-31 11:16:59,,True,admin
PRYG000221,العاملة,,,2025-01-31 11:17:01,,True,admin
PRYG000222,الجامعيّة,,,2025-01-31 11:17:06,,True,admin
PRYG000223,الجامعيّة,,,2025-01-31 11:17:07,,True,admin
PRYG000224,الجامعيّة,,,2025-01-31 11:17:09,,True,admin
PRYG000225,الجامعيّة,,,2025-01-31 11:17:11,,True,admin
PRYG000226,الجامعيّة,,,2025-01-31 11:17:12,,True,admin
PRYG000227,الجامعيّة,,,2025-01-31 11:17:13,,True,admin
PRYG000228,العاملة,,,2025-01-31 11:17:15,,True,admin
PRYG000229,الجامعيّة,,,2025-01-31 11:17:18,,True,admin
PRYG000230,العاملة,,,2025-01-31 11:17:20,,True,admin
PRYG000231,الجامعيّة,,,2025-01-31 11:17:25,,True,admin
PRYG000232,الجامعيّة,,,2025-01-31 11:17:34,,True,admin
PRYG000232,الثانوي,2019-02-07,,2025-01-31 11:17:34,,True,admin
PRYG000233,الجامعيّة,,,2025-01-31 11:17:38,,True,admin
PRYG000234,الجامعيّة,,,2025-01-31 11:17:45,,True,admin
PRYG000235,الجامعيّة,,,2025-01-31 11:17:49,,True,admin
PRYG000236,العاملة,,,2025-01-31 11:17:50,,True,admin
PRYG000237,العاملة,,,2025-01-31 11:18:01,,True,admin
PRYG000238,الجامعيّة,,,2025-01-31 11:18:02,,True,admin
PRYG000239,العاملة,,,2025-01-31 11:18:02,,True,admin
PRYG000240,العاملة,,,2025-01-31 11:18:03,,True,admin
PRYG000241,الجامعيّة,,,2025-01-31 11:18:06,,True,admin
PRYG000241,الثانوي,2022-03-16,,2025-01-31 11:18:06,,True,admin
PRYG000242,العاملة,,,2025-01-31 11:18:07,,True,admin
PRYG000243,الجامعيّة,,,2025-01-31 11:18:08,,True,admin
PRYG000244,الجامعيّة,,,2025-11-03 19:02:04,,True,admin
PRYG000245,الجامعيّة,,,2025-01-31 11:18:11,,True,admin
PRYG000246,الجامعيّة,,,2025-01-31 11:18:12,,True,admin
PRYG000247,العاملة,,,2025-01-31 11:18:16,,True,admin
PRYG000248,العاملة,,,2025-01-31 11:18:19,,True,admin
PRYG000249,العاملة,,,2025-01-31 11:18:21,,True,admin
PRYG000250,الجامعيّة,,,2025-01-31 11:18:21,,True,admin
PRYG000251,الجامعيّة,,,2025-01-31 11:18:21,,True,admin
PRYG000252,الجامعيّة,,,2025-01-31 11:18:21,,True,admin
PRYG000253,العاملة,,,2025-01-31 11:18:24,,True,admin
PRYG000254,الجامعيّة,,,2025-01-31 11:18:27,,True,admin
PRYG000255,الجامعيّة,,,2025-01-31 11:18:33,,True,admin
PRYG000256,الجامعيّة,,,2025-01-31 11:18:39,,True,admin
PRYG000257,العاملة,,,2025-01-31 11:18:39,,True,admin
PRYG000258,الجامعيّة,,,2025-01-31 11:18:43,,True,admin
PRYG000259,العاملة,,,2025-01-31 11:18:44,,True,admin
PRYG000260,الجامعيّة,,,2025-01-31 11:18:00,,True,admin
PRYG000261,الجامعيّة,,,2025-01-31 11:19:01,,True,admin
PRYG000262,الجامعيّة,,,2025-01-31 11:19:04,,True,admin
PRYG000263,العاملة,,,2025-01-31 11:19:10,,True,admin
PRYG000264,الجامعيّة,,,2025-01-31 11:19:11,,True,admin
PRYG000265,الجامعيّة,,,2025-01-31 11:19:17,,True,admin
PRYG000266,العاملة,,,2025-01-31 11:19:18,,True,admin
PRYG000267,الجامعيّة,,,2025-01-31 11:19:40,,True,admin
PRYG000268,العاملة,,,2025-01-31 11:19:43,,True,admin
PRYG000269,العاملة,,,2025-06-27 03:48:35,,True,admin
PRYG000270,الجامعيّة,,,2025-01-31 11:20:06,,True,admin
PRYG000271,الجامعيّة,,,2025-01-31 11:20:08,,True,admin
PRYG000272,العاملة,,,2025-01-31 11:20:10,,True,admin
PRYG000273,الجامعيّة,,,2025-01-31 11:20:18,,True,admin
PRYG000274,العاملة,2012-01-01,,2025-01-31 11:21:26,,True,admin
PRYG000274,الجامعيّة,2007-01-01,2008-12-31,2025-01-31 11:21:26,,True,admin
PRYG000275,الجامعيّة,,,2025-01-31 11:21:51,,True,admin
PRYG000276,الجامعيّة,,,2025-01-31 11:22:46,,True,admin
PRYG000277,العاملة,,,2025-01-31 11:23:09,,True,admin
PRYG000278,العاملة,2023-05-01,,2025-01-31 11:23:15,,True,admin
PRYG000279,العاملة,,,2025-01-31 11:24:08,,True,admin
PRYG000280,الجامعيّة,,,2025-01-31 11:24:54,,True,admin
PRYG000281,العاملة,,,2025-01-31 11:25:23,,True,admin
PRYG000282,العاملة,,,2025-01-31 11:26:59,,True,admin
PRYG000283,الجامعيّة,,,2025-01-31 11:29:09,,True,admin
PRYG000283,الثانوي,,,2025-01-31 11:29:09,,True,admin
PRYG000284,العاملة,,,2025-01-31 11:33:32,,True,admin
PRYG000285,العاملة,,,2025-01-31 11:37:13,,True,admin
PRYG000286,العاملة,,,2025-01-31 11:38:46,,True,admin
PRYG000287,الجامعيّة,,,2025-01-31 11:42:11,,True,admin
PRYG000288,العاملة,,,2025-01-31 11:52:23,,True,admin
PRYG000289,الجامعيّة,,,2025-01-31 11:58:47,,True,admin
PRYG000290,الجامعيّة,,,2025-01-31 12:24:41,,True,admin
PRYG000291,الجامعيّة,,,2025-01-31 12:32:23,,True,admin
PRYG000292,الجامعيّة,,,2025-01-31 13:30:38,,True,admin
PRYG000293,العاملة,,,2025-01-31 13:33:50,,True,admin
PRYG000294,الجامعيّة,,,2025-01-31 13:43:41,,True,admin
PRYG000295,العاملة,,,2025-01-31 13:51:54,,True,admin
PRYG000296,الجامعيّة,,,2025-01-31 14:53:31,,True,admin
PRYG000297,الجامعيّة,,,2025-01-31 15:08:17,,True,admin
PRYG000298,العاملة,,,2025-01-31 16:01:13,,True,admin
PRYG000299,الجامعيّة,,,2025-01-31 16:17:26,,True,admin
PRYG000300,الجامعيّة,,,2025-01-31 16:37:22,,True,admin
PRYG000301,الثانوي,,,2025-01-31 17:12:27,,True,admin
PRYG000302,الثانوي,,,2025-01-31 17:22:22,,True,admin
PRYG000303,الإعدادي,,,2025-01-31 17:27:30,,True,admin
PRYG000304,الثانوي,,,2025-01-31 17:27:34,,True,admin
PRYG000305,الجامعيّة,,,2025-01-31 17:30:15,,True,admin
PRYG000306,الجامعيّة,,,2025-01-31 17:41:04,,True,admin
PRYG000307,البراعم,,,2025-01-31 19:11:47,,True,admin
PRYG000308,الثانوي,,,2025-01-31 19:11:54,,True,admin
PRYG000309,الثانوي,,,2025-01-31 19:11:58,,True,admin
PRYG000310,البراعم,,,2025-01-31 19:13:52,,True,admin
PRYG000311,البراعم,,,2025-01-31 19:15:56,,True,admin
PRYG000312,الجامعيّة,,,2025-01-31 19:17:34,,True,admin
PRYG000313,الثانوي,,,2025-01-31 19:18:25,,True,admin
PRYG000314,الثانوي,,,2025-01-31 19:19:10,,True,admin
PRYG000315,العاملة,,,2025-01-31 19:39:59,,True,admin
PRYG000316,العاملة,,,2025-01-31 19:40:14,,True,admin
PRYG000317,العاملة,,,2025-01-31 19:40:50,,True,admin
PRYG000318,البراعم,,,2025-01-31 19:50:29,,True,admin
PRYG000319,الثانوي,,,2025-01-31 19:50:31,,True,admin
PRYG000320,الثانوي,,,2025-01-31 19:51:11,,True,admin
PRYG000321,الثانوي,,,2025-01-31 19:51:53,,True,admin
PRYG000322,الثانوي,,,2025-01-31 19:52:29,,True,admin
PRYG000323,الجامعيّة,,,2025-01-31 19:53:05,,True,admin
PRYG000324,الثانوي,,,2025-01-31 19:58:29,,True,admin
PRYG000325,الثانوي,,,2025-01-31 19:59:07,,True,admin
PRYG000326,الثانوي,,,2025-01-31 20:07:14,,True,admin
PRYG000327,الثانوي,,,2025-01-31 20:10:48,,True,admin
PRYG000328,العاملة,,,2025-01-31 20:22:58,,True,admin
PRYG000329,الثانوي,,,2025-01-31 20:28:49,,True,admin
PRYG000330,الثانوي,,,2025-01-31 20:34:13,,True,admin
PRYG000331,الثانوي,,,2025-01-31 20:45:50,,True,admin
PRYG000332,العاملة,,,2025-01-31 20:53:11,,True,admin
PRYG000333,الجامعيّة,,,2025-01-31 20:55:47,,True,admin
PRYG000334,الثانوي,,,2025-01-31 21:34:04,,True,admin
PRYG000334,الإعدادي,,,2025-01-31 21:34:04,,True,admin
PRYG000334,البراعم,2015-08-07,,2025-01-31 21:34:04,,True,admin
PRYG000335,الجامعيّة,,,2025-01-31 22:08:49,,True,admin
PRYG000336,العاملة,,,2025-01-31 22:08:55,,True,admin
PRYG000337,العاملة,,,2025-01-31 22:12:10,,True,admin
PRYG000338,العاملة,,,2025-01-31 22:13:50,,True,admin
PRYG000339,العاملة,,,2025-01-31 22:15:40,,True,admin
PRYG000340,الجامعيّة,,,2025-01-31 22:19:07,,True,admin
PRYG000341,الجامعيّة,,,2025-01-31 22:31:32,,True,admin
PRYG000342,العاملة,,,2025-01-31 22:37:46,,True,admin
PRYG000343,الجامعيّة,,,2025-01-31 22:41:24,,True,admin
PRYG000344,الثانوي,,,2025-01-31 22:45:19,,True,admin
PRYG000345,العاملة,,,2025-01-31 22:46:40,,True,admin
PRYG000346,الجامعيّة,,,2025-01-31 22:49:13,,True,admin
PRYG000347,الجامعيّة,,,2025-01-31 22:56:59,,True,admin
PRYG000348,الجامعيّة,,,2025-01-31 23:15:38,,True,admin
PRYG000349,الجامعيّة,,,2025-02-01 01:42:53,,True,admin
PRYG000350,البراعم,,,2025-02-01 09:51:14,,True,admin
PRYG000351,البراعم,,,2025-02-01 09:52:53,,True,admin
PRYG000352,الجامعيّة,,,2025-02-01 10:06:30,,True,admin
PRYG000353,البراعم,,,2025-02-01 10:26:32,,True,admin
PRYG000354,البراعم,,,2025-02-01 10:27:32,,True,admin
PRYG000355,الجامعيّة,,,2025-02-01 11:35:37,,True,admin
PRYG000356,الجامعيّة,,,2025-02-01 11:50:03,,True,admin
PRYG000357,الإعدادي,,,2025-02-01 11:51:25,,True,admin
PRYG000358,الجامعيّة,,,2025-02-01 12:13:29,,True,admin
PRYG000359,الجامعيّة,,,2025-02-01 12:19:50,,True,admin
PRYG000359,الثانوي,2022-03-17,,2025-02-01 12:19:50,,True,admin
PRYG000360,الجامعيّة,,,2025-02-01 12:20:45,,True,admin
PRYG000361,الإعدادي,,,2025-02-01 12:21:18,,True,admin
PRYG000362,الجامعيّة,,,2025-02-01 12:23:59,,True,admin
PRYG000363,الثانوي,,,2025-02-01 12:29:45,,True,admin
PRYG000364,العاملة,,,2025-02-01 12:34:29,,True,admin
PRYG000365,الثانوي,,,2025-02-01 12:42:41,,True,admin
PRYG000366,الجامعيّة,,,2025-02-01 12:45:12,,True,admin
PRYG000367,الجامعيّة,,,2025-02-01 12:57:29,,True,admin
PRYG000368,الجامعيّة,,,2025-02-01 13:07:19,,True,admin
PRYG000369,العاملة,,,2025-02-01 13:14:36,,True,admin
PRYG000370,العاملة,,,2025-02-01 13:23:12,,True,admin
PRYG000371,الجامعيّة,,,2025-02-01 13:27:37,,True,admin
PRYG000372,العاملة,,,2025-02-01 13:32:37,,True,admin
PRYG000373,العاملة,,,2025-02-01 13:38:13,,True,admin
PRYG000374,البراعم,,,2025-02-01 13:47:43,,True,admin
PRYG000375,البراعم,,,2025-02-01 13:49:04,,True,admin
PRYG000376,الإعدادي,,,2025-02-01 13:51:21,,True,admin
PRYG000377,العاملة,,,2025-02-01 13:54:41,,True,admin
PRYG000378,الإعدادي,,,2025-02-01 13:55:00,,True,admin
PRYG000379,الثانوي,,,2025-02-01 13:57:44,,True,admin
PRYG000380,الجامعيّة,,,2025-02-01 13:59:10,,True,admin
PRYG000381,البراعم,,,2025-02-01 14:11:35,,True,admin
PRYG000382,البراعم,,,2025-02-01 14:11:48,,True,admin
PRYG000383,البراعم,,,2025-03-30 16:32:29,,True,admin
PRYG000384,البراعم,,,2025-02-01 14:11:59,,True,admin
PRYG000385,البراعم,,,2025-02-01 14:12:54,,True,admin
PRYG000386,البراعم,,,2025-02-01 14:12:57,,True,admin
PRYG000387,البراعم,,,2025-02-01 14:13:18,,True,admin
PRYG000388,البراعم,,,2025-02-01 14:13:58,,True,admin
PRYG000389,البراعم,,,2025-02-01 14:15:09,,True,admin
PRYG000390,البراعم,,,2025-02-01 14:15:29,,True,admin
PRYG000391,البراعم,,,2025-02-01 14:17:47,,True,admin
PRYG000392,الثانوي,,,2025-02-01 14:18:23,,True,admin
PRYG000393,الجامعيّة,,,2025-02-01 14:18:44,,True,admin
PRYG000394,الإعدادي,,,2025-02-01 14:20:11,,True,admin
PRYG000395,البراعم,,,2025-02-01 14:21:00,,True,admin
PRYG000396,البراعم,,,2025-02-01 14:23:52,,True,admin
PRYG000397,البراعم,,,2025-02-01 14:25:33,,True,admin
PRYG000398,الثانوي,,,2025-02-01 14:30:36,,True,admin
PRYG000399,الثانوي,,,2025-02-01 14:30:43,,True,admin
PRYG000400,البراعم,,,2025-02-01 14:30:48,,True,admin
PRYG000401,الثانوي,,,2025-02-01 14:30:52,,True,admin
PRYG000402,الثانوي,,,2025-02-01 14:30:58,,True,admin
PRYG000403,البراعم,,,2025-02-01 14:32:43,,True,admin
PRYG000404,الثانوي,,,2025-02-01 14:32:46,,True,admin
PRYG000405,الثانوي,,,2025-02-01 14:33:36,,True,admin
PRYG000406,الإعدادي,,,2025-02-01 14:35:15,,True,admin
PRYG000407,العاملة,,,2025-02-01 14:41:58,,True,admin
PRYG000408,الثانوي,,,2025-02-01 14:42:41,,True,admin
PRYG000409,البراعم,,,2025-02-01 14:43:19,,True,admin
PRYG000410,البراعم,,,2025-02-01 14:44:58,,True,admin
PRYG000411,الإعدادي,,,2025-02-01 14:46:16,,True,admin
PRYG000412,الإعدادي,,,2025-03-21 21:30:13,,True,admin
PRYG000413,البراعم,,,2025-02-01 14:47:30,,True,admin
PRYG000414,البراعم,,,2025-02-01 14:48:05,,True,admin
PRYG000415,البراعم,,,2025-02-01 14:48:16,,True,admin
PRYG000416,البراعم,,,2025-03-21 21:28:34,,True,admin
PRYG000417,البراعم,,,2025-02-01 14:48:00,,True,admin
PRYG000418,البراعم,,,2025-11-07 15:54:08,,True,admin
PRYG000419,البراعم,,,2025-02-01 14:49:21,,True,admin
PRYG000420,البراعم,,,2025-02-01 14:50:27,,True,admin
PRYG000421,البراعم,,,2025-02-01 14:50:41,,True,admin
PRYG000422,البراعم,,,2025-02-01 14:51:39,,True,admin
PRYG000423,البراعم,,,2025-02-01 14:53:03,,True,admin
PRYG000424,البراعم,,,2025-02-01 14:53:11,,True,admin
PRYG000425,الثانوي,,,2025-02-01 14:58:42,,True,admin
PRYG000426,الثانوي,,,2025-02-01 14:59:02,,True,admin
PRYG000427,العاملة,,,2025-02-01 15:04:02,,True,admin
PRYG000428,البراعم,,,2025-02-01 15:05:23,,True,admin
PRYG000429,البراعم,,,2025-02-01 15:05:53,,True,admin
PRYG000430,البراعم,,,2025-02-01 15:07:01,,True,admin
PRYG000431,البراعم,,,2025-02-01 15:07:17,,True,admin
PRYG000432,البراعم,,,2025-02-01 15:08:56,,True,admin
PRYG000433,البراعم,,,2025-02-01 15:09:24,,True,admin
PRYG000434,الإعدادي,,,2025-02-01 15:09:52,,True,admin
PRYG000435,البراعم,,,2025-02-01 15:09:55,,True,admin
PRYG000436,الثانوي,,,2025-02-01 15:14:04,,True,admin
PRYG000437,البراعم,,,2025-02-01 15:16:26,,True,admin
PRYG000438,البراعم,,,2025-02-01 15:17:11,,True,admin
PRYG000439,البراعم,,,2025-02-01 15:18:22,,True,admin
PRYG000440,البراعم,,,2025-02-01 15:19:28,,True,admin
PRYG000441,العاملة,,,2025-02-01 15:26:13,,True,admin
PRYG000442,الثانوي,,,2025-02-01 15:26:29,,True,admin
PRYG000443,البراعم,,,2025-02-01 15:41:12,,True,admin
PRYG000444,البراعم,,,2025-02-01 15:42:55,,True,admin
PRYG000445,البراعم,,,2025-02-01 15:46:03,,True,admin
PRYG000446,البراعم,,,2025-03-30 15:06:29,,True,admin
PRYG000447,البراعم,,,2025-02-01 15:46:18,,True,admin
PRYG000448,البراعم,,,2025-02-01 15:47:30,,True,admin
PRYG000449,البراعم,,,2025-03-30 15:08:06,,True,admin
PRYG000450,البراعم,,,2025-02-01 15:49:55,,True,admin
PRYG000451,البراعم,,,2025-02-01 15:52:51,,True,admin
PRYG000452,البراعم,,,2025-02-01 15:54:37,,True,admin
PRYG000453,الإعدادي,,,2025-02-01 15:56:31,,True,admin
PRYG000454,البراعم,,,2025-02-01 16:01:06,,True,admin
PRYG000455,العاملة,,,2025-02-01 16:01:42,,True,admin
PRYG000456,البراعم,,,2025-02-01 16:03:44,,True,admin
PRYG000457,العاملة,,,2025-02-01 16:04:41,,True,admin
PRYG000458,الإعدادي,,,2025-02-01 16:04:52,,True,admin
PRYG000459,البراعم,,,2025-02-01 16:05:41,,True,admin
PRYG000460,الجامعيّة,,,2025-02-01 16:15:29,,True,admin
PRYG000461,البراعم,,,2025-02-01 16:20:00,,True,admin
PRYG000462,البراعم,,,2025-02-01 16:22:19,,True,admin
PRYG000463,العاملة,,,2025-02-01 16:22:56,,True,admin
PRYG000464,العاملة,,,2025-06-26 20:20:12,,True,admin
PRYG000465,البراعم,,,2025-02-01 16:23:32,,True,admin
PRYG000466,العاملة,,,2025-02-01 16:23:59,,True,admin
PRYG000467,الثانوي,,,2025-02-01 16:24:02,,True,admin
PRYG000468,الثانوي,,,2025-02-01 16:43:48,,True,admin
PRYG000469,الإعدادي,,,2025-02-01 16:45:55,,True,admin
PRYG000470,البراعم,,,2025-02-01 16:59:38,,True,admin
PRYG000471,الإعدادي,,,2025-02-01 17:01:04,,True,admin
PRYG000472,الثانوي,,,2025-02-01 17:04:00,,True,admin
PRYG000473,العاملة,,,2025-02-01 17:06:02,,True,admin
PRYG000474,الإعدادي,,,2025-02-01 17:33:17,,True,admin
PRYG000475,الجامعيّة,,,2025-02-01 17:33:50,,True,admin
PRYG000476,الإعدادي,,,2025-02-01 17:35:02,,True,admin
PRYG000477,البراعم,,,2025-02-01 18:09:32,,True,admin
PRYG000478,البراعم,,,2025-02-01 19:08:41,,True,admin
PRYG000479,البراعم,,,2025-02-01 19:11:43,,True,admin
PRYG000480,البراعم,,,2025-02-01 19:14:56,,True,admin
PRYG000481,البراعم,,,2025-02-01 19:17:13,,True,admin
PRYG000482,الإعدادي,,,2025-02-01 19:20:59,,True,admin
PRYG000483,الثانوي,,,2025-02-01 20:41:09,,True,admin
PRYG000484,الثانوي,,,2025-02-01 20:42:02,,True,admin
PRYG000485,الإعدادي,,,2025-02-01 20:42:42,,True,admin
PRYG000486,الثانوي,,,2025-02-01 20:43:35,,True,admin
PRYG000487,الثانوي,,,2025-02-01 20:43:36,,True,admin
PRYG000488,الثانوي,,,2025-02-01 20:43:00,,True,admin
PRYG000489,الثانوي,,,2025-02-01 20:45:02,,True,admin
PRYG000490,الثانوي,,,2025-02-01 20:45:17,,True,admin
PRYG000491,الثانوي,,,2025-02-01 20:46:42,,True,admin
PRYG000492,الثانوي,,,2025-02-01 20:47:48,,True,admin
PRYG000493,البراعم,,,2025-02-01 20:48:54,,True,admin
PRYG000494,الثانوي,,,2025-02-01 20:49:57,,True,admin
PRYG000494,الإعدادي,,,2025-02-01 20:49:57,,True,admin
PRYG000495,الثانوي,,,2025-02-01 20:50:28,,True,admin
PRYG000496,الثانوي,,,2025-02-01 20:50:47,,True,admin
PRYG000497,الجامعيّة,,,2025-02-01 20:51:51,,True,admin
PRYG000497,الثانوي,,,2025-02-01 20:51:51,,True,admin
PRYG000498,الثانوي,,,2025-02-01 20:56:13,,True,admin
PRYG000499,البراعم,,,2025-02-01 20:57:44,,True,admin
PRYG000500,البراعم,,,2025-02-01 20:57:58,,True,admin
PRYG000501,الثانوي,,,2025-02-01 20:58:50,,True,admin
PRYG000502,البراعم,,,2025-02-01 21:00:47,,True,admin
PRYG000503,البراعم,,,2025-02-01 21:02:27,,True,admin
PRYG000504,الثانوي,,,2025-02-01 21:05:33,,True,admin
PRYG000505,البراعم,,,2025-02-01 21:06:06,,True,admin
PRYG000506,البراعم,,,2025-03-31 14:01:09,,True,admin
PRYG000507,البراعم,,,2025-02-01 21:06:11,,True,admin
PRYG000508,البراعم,,,2025-02-01 21:06:53,,True,admin
PRYG000509,البراعم,,,2025-02-01 21:08:56,,True,admin
PRYG000510,البراعم,,,2025-02-01 21:10:05,,True,admin
PRYG000511,البراعم,,,2025-02-01 21:10:48,,True,admin
PRYG000512,الإعدادي,,,2025-02-01 21:12:05,,True,admin
PRYG000513,الإعدادي,,,2025-02-01 21:13:32,,True,admin
PRYG000514,العاملة,,,2025-02-01 21:13:52,,True,admin
PRYG000515,الإعدادي,,,2025-02-01 21:14:44,,True,admin
PRYG000516,البراعم,,,2025-02-01 21:14:45,,True,admin
PRYG000517,البراعم,,,2025-02-01 21:14:54,,True,admin
PRYG000518,الإعدادي,,,2025-02-01 21:15:14,,True,admin
PRYG000519,البراعم,,,2025-02-01 21:16:36,,True,admin
PRYG000520,البراعم,,,2025-02-01 21:16:49,,True,admin
PRYG000521,الثانوي,,,2025-02-01 21:21:06,,True,admin
PRYG000522,الجامعيّة,,,2025-02-01 21:33:54,,True,admin
PRYG000523,البراعم,,,2025-02-01 21:42:00,,True,admin
PRYG000524,البراعم,,,2025-02-01 21:43:21,,True,admin
PRYG000525,البراعم,,,2025-03-30 17:30:56,,True,admin
PRYG000526,الجامعيّة,,,2025-02-01 21:44:07,,True,admin
PRYG000527,البراعم,,,2025-02-01 21:44:51,,True,admin
PRYG000528,البراعم,,,2025-02-01 21:45:20,,True,admin
PRYG000529,البراعم,,,2025-03-31 14:02:39,,True,admin
PRYG000530,البراعم,,,2025-02-01 21:46:43,,True,admin
PRYG000531,البراعم,,,2025-02-01 21:49:07,,True,admin
PRYG000532,العاملة,,,2025-02-01 21:49:58,,True,admin
PRYG000533,الثانوي,,,2025-02-01 21:55:58,,True,admin
PRYG000534,البراعم,,,2025-02-01 21:59:15,,True,admin
PRYG000535,البراعم,,,2025-02-01 22:03:08,,True,admin
PRYG000536,البراعم,,,2025-02-01 22:07:55,,True,admin
PRYG000537,البراعم,,,2025-02-01 22:09:36,,True,admin
PRYG000538,الجامعيّة,,,2025-02-01 22:28:44,,True,admin
PRYG000539,الجامعيّة,,,2025-02-01 22:38:12,,True,admin
PRYG000540,العاملة,,,2025-02-01 22:39:57,,True,admin
PRYG000541,العاملة,,,2025-02-01 22:40:07,,True,admin
PRYG000542,الجامعيّة,,,2025-02-01 22:40:12,,True,admin
PRYG000543,العاملة,,,2025-02-01 22:40:21,,True,admin
PRYG000543,الجامعيّة,,,2025-02-01 22:40:21,,True,admin
PRYG000544,العاملة,,,2025-02-01 22:40:31,,True,admin
PRYG000545,البراعم,,,2025-02-01 22:42:56,,True,admin
PRYG000546,العاملة,,,2025-02-01 22:48:27,,True,admin
PRYG000547,الثانوي,,,2025-02-01 22:58:19,,True,admin
PRYG000547,الإعدادي,,,2025-02-01 22:58:19,,True,admin
PRYG000548,البراعم,,,2025-02-01 22:58:55,,True,admin
PRYG000549,البراعم,,,2025-02-01 23:03:48,,True,admin
PRYG000550,البراعم,,,2025-02-01 23:12:18,,True,admin
PRYG000551,البراعم,,,2025-06-29 14:54:27,,True,admin
PRYG000552,البراعم,,,2025-02-01 23:18:24,,True,admin
PRYG000553,البراعم,,,2025-03-30 15:25:38,,True,admin
PRYG000554,الجامعيّة,,,2025-02-01 23:23:27,,True,admin
PRYG000555,العاملة,,,2025-02-01 23:26:20,,True,admin
PRYG000556,العاملة,,,2025-02-01 23:45:03,,True,admin
PRYG000557,الثانوي,,,2025-02-02 00:11:15,,True,admin
PRYG000557,الإعدادي,,,2025-02-02 00:11:15,,True,admin
PRYG000558,الثانوي,,,2025-02-02 00:16:32,,True,admin
PRYG000559,البراعم,,,2025-02-02 01:27:58,,True,admin
PRYG000560,الثانوي,,,2025-02-02 06:33:07,,True,admin
PRYG000561,الثانوي,,,2025-02-02 08:11:00,,True,admin
PRYG000562,العاملة,,,2025-02-02 08:35:34,,True,admin
PRYG000563,العاملة,,,2025-02-02 10:15:37,,True,admin
PRYG000564,العاملة,,,2025-02-02 10:24:42,,True,admin
PRYG000565,البراعم,,,2025-02-02 10:27:30,,True,admin
PRYG000566,البراعم,,,2025-02-02 10:29:17,,True,admin
PRYG000567,البراعم,,,2025-02-02 10:29:38,,True,admin
PRYG000568,العاملة,,,2025-02-02 10:30:54,,True,admin
PRYG000569,العاملة,,,2025-02-02 10:32:34,,True,admin
PRYG000570,البراعم,,,2025-02-02 10:35:12,,True,admin
PRYG000571,البراعم,,,2025-02-02 10:36:39,,True,admin
PRYG000572,البراعم,,,2025-02-02 10:37:53,,True,admin
PRYG000573,البراعم,,,2025-02-02 10:38:12,,True,admin
PRYG000574,البراعم,,,2025-02-02 10:39:15,,True,admin
PRYG000575,البراعم,,,2025-02-02 10:56:05,,True,admin
PRYG000576,الثانوي,,,2025-02-02 10:59:22,,True,admin
PRYG000577,الثانوي,,,2025-02-02 11:00:53,,True,admin
PRYG000578,الثانوي,,,2025-11-01 18:26:01,,True,admin
PRYG000579,الثانوي,,,2025-02-02 11:01:33,,True,admin
PRYG000580,البراعم,,,2025-02-02 11:05:34,,True,admin
PRYG000581,الثانوي,,,2025-02-02 11:06:08,,True,admin
PRYG000582,البراعم,,,2025-02-02 11:06:47,,True,admin
PRYG000583,الثانوي,,,2025-02-02 11:07:01,,True,admin
PRYG000584,الثانوي,,,2025-02-02 11:09:31,,True,admin
PRYG000585,البراعم,,,2025-02-02 11:10:58,,True,admin
PRYG000586,الثانوي,,,2025-02-02 11:11:06,,True,admin
PRYG000587,الثانوي,,,2025-02-02 11:19:03,,True,admin
PRYG000588,الثانوي,,,2025-02-02 11:27:35,,True,admin
PRYG000589,البراعم,,,2025-02-02 11:30:23,,True,admin
PRYG000590,الثانوي,,,2025-02-02 11:31:22,,True,admin
PRYG000591,الثانوي,,,2025-02-02 11:34:54,,True,admin
PRYG000592,البراعم,,,2025-02-02 11:41:45,,True,admin
PRYG000593,البراعم,,,2025-02-02 11:43:19,,True,admin
PRYG000594,الثانوي,,,2025-02-02 11:47:23,,True,admin
PRYG000595,الثانوي,,,2025-02-02 11:51:20,,True,admin
PRYG000596,البراعم,,,2025-02-02 11:54:49,,True,admin
PRYG000597,البراعم,,,2025-02-02 11:56:28,,True,admin
PRYG000598,العاملة,,,2025-02-02 12:05:00,,True,admin
PRYG000599,الثانوي,,,2025-02-02 12:31:02,,True,admin
PRYG000600,البراعم,,,2025-02-02 12:56:04,,True,admin
PRYG000601,العاملة,,,2025-02-02 12:59:35,,True,admin
PRYG000602,البراعم,,,2025-02-02 13:03:43,,True,admin
PRYG000603,البراعم,,,2025-02-02 13:05:40,,True,admin
PRYG000604,الإعدادي,,,2025-02-02 13:15:16,,True,admin
PRYG000605,الإعدادي,,,2025-02-02 13:16:54,,True,admin
PRYG000606,الإعدادي,,,2025-02-02 13:19:23,,True,admin
PRYG000607,العاملة,,,2025-02-02 13:39:29,,True,admin
PRYG000608,الثانوي,,,2025-02-02 13:59:05,,True,admin
PRYG000609,الثانوي,,,2025-02-02 14:14:12,,True,admin
PRYG000610,الإعدادي,,,2025-02-02 15:14:10,,True,admin
PRYG000611,الإعدادي,,,2025-02-02 15:18:09,,True,admin
PRYG000612,الثانوي,,,2025-02-02 15:23:11,,True,admin
PRYG000613,البراعم,,,2025-02-02 15:35:59,,True,admin
PRYG000614,العاملة,,,2025-02-02 15:45:21,,True,admin
PRYG000615,العاملة,,,2025-11-04 10:44:45,,True,admin
PRYG000616,الثانوي,,,2025-02-02 15:45:22,,True,admin
PRYG000617,الثانوي,,,2025-02-02 16:00:16,,True,admin
PRYG000618,الثانوي,,,2025-02-02 16:20:21,,True,admin
PRYG000619,الثانوي,,,2025-02-02 16:33:48,,True,admin
PRYG000620,الثانوي,,,2025-02-02 16:57:19,,True,admin
PRYG000621,الثانوي,,,2025-02-02 17:02:30,,True,admin
PRYG000622,الثانوي,,,2025-02-02 17:30:55,,True,admin
PRYG000623,الجامعيّة,,,2025-02-02 18:10:25,,True,admin
PRYG000624,الثانوي,,,2025-02-02 19:53:09,,True,admin
PRYG000625,الثانوي,,,2025-02-02 20:25:47,,True,admin
PRYG000626,الثانوي,,,2025-02-02 21:06:35,,True,admin
PRYG000627,الثانوي,,,2025-02-02 21:31:45,,True,admin
PRYG000628,البراعم,,,2025-02-02 21:47:44,,True,admin
PRYG000629,البراعم,,,2025-02-02 21:50:25,,True,admin
PRYG000630,البراعم,,,2025-02-02 22:19:38,,True,admin
PRYG000631,الجامعيّة,,,2025-02-03 01:37:51,,True,admin
PRYG000632,الجامعيّة,,,2025-02-03 12:05:27,,True,admin
PRYG000633,الإعدادي,,,2025-02-03 12:13:38,,True,admin
PRYG000634,الإعدادي,,,2025-02-03 12:25:06,,True,admin
PRYG000635,الإعدادي,,,2025-02-03 12:34:52,,True,admin
PRYG000636,الإعدادي,,,2025-02-03 12:43:50,,True,admin
PRYG000637,الإعدادي,,,2025-02-03 12:49:04,,True,admin
PRYG000638,الإعدادي,,,2025-02-03 12:51:01,,True,admin
PRYG000639,الثانوي,,,2025-02-03 12:51:13,,True,admin
PRYG000640,البراعم,,,2025-02-03 12:54:42,,True,admin
PRYG000641,البراعم,,,2025-02-03 12:59:56,,True,admin
PRYG000642,الإعدادي,,,2025-02-03 13:15:11,,True,admin
PRYG000643,البراعم,,,2025-02-03 13:17:48,,True,admin
PRYG000644,العاملة,,,2025-02-03 14:01:23,,True,admin
PRYG000645,البراعم,,,2025-02-03 14:14:22,,True,admin
PRYG000646,البراعم,,,2025-02-03 14:17:22,,True,admin
PRYG000647,الجامعيّة,,,2025-02-03 14:23:56,,True,admin
PRYG000648,الجامعيّة,,,2025-02-03 14:35:24,,True,admin
PRYG000649,الإعدادي,,,2025-02-03 14:40:28,,True,admin
PRYG000650,الإعدادي,,,2025-02-03 14:48:20,,True,admin
PRYG000651,الإعدادي,,,2025-02-03 14:50:08,,True,admin
PRYG000652,الإعدادي,,,2025-02-03 15:03:29,,True,admin
PRYG000653,الثانوي,,,2025-02-03 15:16:42,,True,admin
PRYG000654,الإعدادي,,,2025-02-03 15:23:59,,True,admin
PRYG000655,الإعدادي,,,2025-02-03 15:28:18,,True,admin
PRYG000656,الثانوي,,,2025-02-03 15:29:44,,True,admin
PRYG000657,الإعدادي,,,2025-02-03 15:34:04,,True,admin
PRYG000658,الإعدادي,,,2025-02-03 15:34:05,,True,admin
PRYG000659,الإعدادي,,,2025-02-03 15:36:43,,True,admin
PRYG000660,الإعدادي,,,2025-02-03 15:49:30,,True,admin
PRYG000661,الإعدادي,,,2025-02-03 15:57:31,,True,admin
PRYG000662,الإعدادي,,,2025-02-03 16:03:26,,True,admin
PRYG000663,الإعدادي,,,2025-02-03 16:11:27,,True,admin
PRYG000664,الإعدادي,,,2025-02-03 16:48:48,,True,admin
PRYG000665,الإعدادي,,,2025-02-03 16:53:07,,True,admin
PRYG000666,العاملة,,,2025-02-03 17:08:31,,True,admin
PRYG000667,الإعدادي,,,2025-02-03 17:50:47,,True,admin
PRYG000668,الإعدادي,,,2025-02-03 18:07:36,,True,admin
PRYG000669,الإعدادي,,,2025-02-03 18:12:54,,True,admin
PRYG000670,الإعدادي,,,2025-02-03 18:14:43,,True,admin
PRYG000671,الإعدادي,,,2025-02-03 18:19:06,,True,admin
PRYG000672,العاملة,,,2025-02-03 18:37:02,,True,admin
PRYG000673,الجامعيّة,,,2025-02-03 18:44:48,,True,admin
PRYG000674,الجامعيّة,,,2025-02-03 18:46:17,,True,admin
PRYG000675,الجامعيّة,,,2025-02-03 18:48:56,,True,admin
PRYG000676,الجامعيّة,,,2025-02-03 18:52:29,,True,admin
PRYG000677,الجامعيّة,,,2025-02-03 19:32:41,,True,admin
PRYG000678,العاملة,,,2025-02-03 20:15:43,,True,admin
PRYG000679,الجامعيّة,,,2025-02-03 21:57:15,,True,admin
PRYG000680,الجامعيّة,,,2025-02-03 21:57:27,,True,admin
PRYG000681,الجامعيّة,,,2025-02-03 23:01:11,,True,admin
PRYG000682,العاملة,,,2025-02-04 02:39:21,,True,admin
PRYG000683,الجامعيّة,,,2025-02-04 06:00:27,,True,admin
PRYG000684,البراعم,,,2025-02-04 09:52:07,,True,admin
PRYG000685,البراعم,,,2025-02-04 10:05:56,,True,admin
PRYG000686,البراعم,,,2025-02-04 11:15:14,,True,admin
PRYG000687,البراعم,,,2025-02-04 11:22:27,,True,admin
PRYG000688,الإعدادي,,,2025-02-04 11:24:44,,True,admin
PRYG000689,البراعم,,,2025-02-04 11:25:56,,True,admin
PRYG000690,الجامعيّة,,,2025-02-04 13:46:24,,True,admin
PRYG000691,الجامعيّة,,,2025-02-04 13:52:51,,True,admin
PRYG000692,الجامعيّة,,,2025-02-04 14:04:10,,True,admin
PRYG000693,الجامعيّة,,,2025-02-04 14:18:42,,True,admin
PRYG000694,البراعم,,,2025-02-04 14:22:31,,True,admin
PRYG000695,الإعدادي,,,2025-02-04 14:24:49,,True,admin
PRYG000696,البراعم,,,2025-02-04 14:31:06,,True,admin
PRYG000697,البراعم,,,2025-02-04 14:45:34,,True,admin
PRYG000698,العاملة,,,2025-02-04 15:30:45,,True,admin
PRYG000699,الإعدادي,,,2025-02-04 16:39:41,,True,admin
PRYG000700,الجامعيّة,,,2025-02-04 16:45:47,,True,admin
PRYG000701,الجامعيّة,,,2025-02-04 17:39:38,,True,admin
PRYG000702,الجامعيّة,,,2025-02-04 17:41:36,,True,admin
PRYG000703,الثانوي,,,2025-02-04 18:07:40,,True,admin
PRYG000704,البراعم,,,2025-02-04 18:08:17,,True,admin
PRYG000705,الإعدادي,,,2025-02-04 18:25:25,,True,admin
PRYG000706,البراعم,,,2025-02-04 18:26:59,,True,admin
PRYG000707,الإعدادي,,,2025-02-04 20:08:04,,True,admin
PRYG000708,الإعدادي,,,2025-02-04 21:03:59,,True,admin
PRYG000709,الإعدادي,,,2025-02-04 21:21:59,,True,admin
PRYG000710,البراعم,,,2025-02-04 21:25:25,,True,admin
PRYG000711,البراعم,,,2025-02-04 21:28:39,,True,admin
PRYG000712,الثانوي,,,2025-02-04 21:37:51,,True,admin
PRYG000713,الجامعيّة,,,2025-02-04 23:07:49,,True,admin
PRYG000714,الجامعيّة,,,2025-02-05 04:51:45,,True,admin
PRYG000715,البراعم,,,2025-02-05 15:01:33,,True,admin
PRYG000716,الثانوي,,,2025-02-05 16:51:02,,True,admin
PRYG000717,الثانوي,,,2025-02-05 16:55:37,,True,admin
PRYG000717,الإعدادي,,,2025-02-05 16:55:37,,True,admin
PRYG000718,الجامعيّة,,,2025-02-05 17:12:40,,True,admin
PRYG000719,الإعدادي,,,2025-02-05 18:37:38,,True,admin
PRYG000720,الثانوي,,,2025-02-05 18:58:56,,True,admin
PRYG000721,الجامعيّة,,,2025-02-05 22:00:22,,True,admin
PRYG000722,الجامعيّة,,,2025-02-05 22:10:00,,True,admin
PRYG000723,العاملة,,,2025-02-05 22:11:19,,True,admin
PRYG000724,العاملة,,,2025-02-05 22:34:48,,True,admin
PRYG000725,الجامعيّة,,,2025-02-05 22:48:37,,True,admin
PRYG000726,العاملة,,,2025-02-05 23:04:01,,True,admin
PRYG000727,العاملة,,,2025-02-05 23:22:43,,True,admin
PRYG000728,العاملة,,,2025-02-06 01:42:19,,True,admin
PRYG000729,البراعم,,,2025-02-06 10:29:22,,True,admin
PRYG000730,البراعم,,,2025-02-06 10:42:07,,True,admin
PRYG000731,البراعم,,,2025-02-06 10:45:40,,True,admin
PRYG000732,الجامعيّة,,,2025-02-06 14:56:04,,True,admin
PRYG000733,الجامعيّة,,,2025-02-06 15:04:46,,True,admin
PRYG000734,الثانوي,,,2025-02-06 18:11:08,,True,admin
PRYG000735,الجامعيّة,,,2025-02-06 18:41:19,,True,admin
PRYG000736,البراعم,,,2025-02-06 22:36:14,,True,admin
PRYG000737,البراعم,,,2025-02-07 12:08:32,,True,admin
PRYG000738,العاملة,,,2025-02-07 13:24:51,,True,admin
PRYG000739,البراعم,,,2025-02-07 13:33:34,,True,admin
PRYG000740,البراعم,,,2025-02-07 13:35:18,,True,admin
PRYG000741,الجامعيّة,,,2025-02-07 14:23:28,,True,admin
PRYG000742,البراعم,,,2025-02-07 15:10:05,,True,admin
PRYG000743,البراعم,,,2025-02-07 17:56:30,,True,admin
PRYG000744,البراعم,,,2025-02-07 17:58:05,,True,admin
PRYG000745,البراعم,,,2025-02-07 19:36:04,,True,admin
PRYG000746,الثانوي,,,2025-02-08 19:25:28,,True,admin
PRYG000747,الإعدادي,,,2025-02-08 20:39:02,,True,admin
PRYG000748,الجامعيّة,,,2025-02-08 21:30:49,,True,admin
PRYG000749,الجامعيّة,,,2025-02-08 21:34:59,,True,admin
PRYG000750,العاملة,,,2025-02-08 21:35:45,,True,admin
PRYG000751,الجامعيّة,,,2025-02-08 21:43:51,,True,admin
PRYG000752,الجامعيّة,,,2025-02-08 22:06:15,,True,admin
PRYG000753,الجامعيّة,,,2025-02-09 01:47:45,,True,admin
PRYG000754,الجامعيّة,,,2025-02-09 02:25:44,,True,admin
PRYG000755,العاملة,,,2025-02-09 10:07:08,,True,admin
PRYG000756,الجامعيّة,,,2025-02-09 12:23:52,,True,admin
PRYG000757,العاملة,,,2025-02-09 17:35:20,,True,admin
PRYG000758,الثانوي,,,2025-02-09 20:15:01,,True,admin
PRYG000759,الجامعيّة,,,2025-02-10 00:32:12,,True,admin
PRYG000760,العاملة,,,2025-02-10 08:57:48,,True,admin
PRYG000761,العاملة,,,2025-02-10 11:27:30,,True,admin
PRYG000762,الجامعيّة,,,2025-02-10 13:44:22,,True,admin
PRYG000763,الثانوي,,,2025-02-10 14:00:14,,True,admin
PRYG000764,الثانوي,,,2025-02-10 14:03:48,,True,admin
PRYG000765,الثانوي,,,2025-02-10 14:04:33,,True,admin
PRYG000766,الثانوي,,,2025-02-10 14:08:07,,True,admin
PRYG000767,الثانوي,,,2025-02-10 14:15:44,,True,admin
PRYG000768,الثانوي,,,2025-02-10 14:16:01,,True,admin
PRYG000769,الثانوي,,,2025-02-10 14:23:55,,True,admin
PRYG000769,الإعدادي,,,2025-02-10 14:23:55,,True,admin
PRYG000769,البراعم,,,2025-02-10 14:23:55,,True,admin
PRYG000770,الثانوي,,,2025-02-10 14:28:20,,True,admin
PRYG000771,الثانوي,,,2025-02-10 14:31:49,,True,admin
PRYG000772,الثانوي,,,2025-02-10 14:34:32,,True,admin
PRYG000773,العاملة,,,2025-02-10 14:45:01,,True,admin
PRYG000774,الثانوي,,,2025-02-10 15:48:51,,True,admin
PRYG000775,الثانوي,,,2025-02-10 16:00:00,,True,admin
PRYG000776,الثانوي,,,2025-02-10 16:24:43,,True,admin
PRYG000777,الثانوي,,,2025-02-10 16:48:13,,True,admin
PRYG000778,الجامعيّة,,,2025-02-10 18:09:33,,True,admin
PRYG000779,الجامعيّة,,,2025-02-10 18:57:32,,True,admin
PRYG000780,الثانوي,,,2025-02-10 19:17:41,,True,admin
PRYG000781,الثانوي,,,2025-02-10 19:38:31,,True,admin
PRYG000782,الثانوي,,,2025-02-10 21:29:11,,True,admin
PRYG000783,البراعم,,,2025-02-10 23:08:26,,True,admin
PRYG000784,العاملة,,,2025-02-11 11:31:05,,True,admin
PRYG000785,العاملة,,,2025-11-08 10:25:54,,True,admin
PRYG000786,العاملة,,,2025-02-11 11:32:59,,True,admin
PRYG000787,الثانوي,,,2025-02-11 16:46:23,,True,admin
PRYG000788,الثانوي,,,2025-02-11 18:00:20,,True,admin
PRYG000789,العاملة,,,2025-02-12 09:20:17,,True,admin
PRYG000790,الثانوي,,,2025-02-12 22:46:25,,True,admin
PRYG000791,الثانوي,,,2025-02-12 22:52:32,,True,admin
PRYG000792,الثانوي,,,2025-02-12 22:55:43,,True,admin
PRYG000793,العاملة,,,2025-02-12 22:57:23,,True,admin
PRYG000794,الثانوي,,,2025-02-12 22:57:51,,True,admin
PRYG000795,الثانوي,,,2025-02-12 23:09:34,,True,admin
PRYG000796,الثانوي,,,2025-02-12 23:15:02,,True,admin
PRYG000796,الإعدادي,,,2025-02-12 23:15:02,,True,admin
PRYG000797,الثانوي,,,2025-02-12 23:16:47,,True,admin
PRYG000797,الإعدادي,,,2025-02-12 23:16:47,,True,admin
PRYG000797,البراعم,,,2025-02-12 23:16:47,,True,admin
PRYG000798,الثانوي,,,2025-02-12 23:18:26,,True,admin
PRYG000799,البراعم,,,2025-02-13 13:27:32,,True,admin
PRYG000800,الجامعيّة,,,2025-02-13 15:59:30,,True,admin
PRYG000801,الجامعيّة,,,2025-02-13 16:02:45,,True,admin
PRYG000802,الجامعيّة,,,2025-02-13 16:03:29,,True,admin
PRYG000803,الجامعيّة,,,2025-02-13 16:03:40,,True,admin
PRYG000804,الجامعيّة,,,2025-02-13 18:20:11,,True,admin
PRYG000805,الجامعيّة,,,2025-02-13 18:31:07,,True,admin
PRYG000806,البراعم,,,2025-02-15 12:22:06,,True,admin
PRYG000807,البراعم,,,2025-02-15 12:23:31,,True,admin
PRYG000808,البراعم,,,2025-02-15 12:26:18,,True,admin
PRYG000809,البراعم,,,2025-02-15 12:27:11,,True,admin
PRYG000810,البراعم,,,2025-02-15 12:29:18,,True,admin
PRYG000811,البراعم,,,2025-02-15 12:31:02,,True,admin
PRYG000812,البراعم,,,2025-02-15 12:32:21,,True,admin
PRYG000813,البراعم,,,2025-02-15 12:33:14,,True,admin
PRYG000814,البراعم,,,2025-02-15 12:33:40,,True,admin
PRYG000815,الثانوي,,,2025-02-15 12:51:49,,True,admin
PRYG000816,الثانوي,,,2025-02-15 12:55:26,,True,admin
PRYG000817,البراعم,,,2025-02-15 13:05:08,,True,admin
PRYG000818,البراعم,,,2025-02-15 13:11:55,,True,admin
PRYG000819,البراعم,,,2025-02-15 13:15:50,,True,admin
PRYG000820,الثانوي,,,2025-02-15 13:19:45,,True,admin
PRYG000821,البراعم,,,2025-02-15 13:38:35,,True,admin
PRYG000822,الثانوي,,,2025-02-15 14:50:54,,True,admin
PRYG000823,البراعم,,,2025-02-15 15:26:22,,True,admin
PRYG000824,البراعم,,,2025-02-15 15:28:07,,True,admin
PRYG000825,الثانوي,,,2025-02-15 17:11:32,,True,admin
PRYG000826,الثانوي,,,2025-02-15 17:19:35,,True,admin
PRYG000827,الثانوي,,,2025-02-15 17:21:23,,True,admin
PRYG000828,الثانوي,,,2025-02-15 17:30:51,,True,admin
PRYG000829,الثانوي,,,2025-02-15 18:38:58,,True,admin
PRYG000830,البراعم,,,2025-02-15 18:59:41,,True,admin
PRYG000831,البراعم,,,2025-02-15 19:01:05,,True,admin
PRYG000832,الثانوي,,,2025-02-15 19:05:12,,True,admin
PRYG000833,البراعم,,,2025-02-15 19:34:17,,True,admin
PRYG000834,الثانوي,,,2025-02-15 20:20:24,,True,admin
PRYG000835,الثانوي,,,2025-02-15 20:28:54,,True,admin
PRYG000836,الثانوي,,,2025-02-15 20:49:32,,True,admin
PRYG000837,الثانوي,,,2025-02-15 20:51:14,,True,admin
PRYG000838,الثانوي,,,2025-02-15 20:56:17,,True,admin
PRYG000839,الثانوي,,,2025-02-15 21:01:43,,True,admin
PRYG000840,البراعم,,,2025-02-16 08:39:42,,True,admin
PRYG000841,الثانوي,,,2025-02-16 10:39:38,,True,admin
PRYG000842,البراعم,,,2025-02-16 10:42:01,,True,admin
PRYG000843,الثانوي,,,2025-02-16 15:04:50,,True,admin
PRYG000844,العاملة,,,2025-02-16 15:32:27,,True,admin
PRYG000845,البراعم,,,2025-02-16 16:17:48,,True,admin
PRYG000846,الإعدادي,,,2025-02-16 22:19:52,,True,admin
PRYG000847,الإعدادي,,,2025-02-16 22:22:17,,True,admin
PRYG000848,الإعدادي,,,2025-02-16 22:28:04,,True,admin
PRYG000849,الإعدادي,,,2025-02-16 22:31:46,,True,admin
PRYG000850,الإعدادي,,,2025-02-16 22:34:36,,True,admin
PRYG000851,الإعدادي,,,2025-02-16 22:38:01,,True,admin
PRYG000852,الإعدادي,,,2025-02-16 22:41:41,,True,admin
PRYG000853,الإعدادي,,,2025-02-16 23:00:12,,True,admin
PRYG000854,الإعدادي,,,2025-02-16 23:01:54,,True,admin
PRYG000855,الإعدادي,,,2025-02-16 23:03:25,,True,admin
PRYG000856,الإعدادي,,,2025-02-16 23:05:38,,True,admin
PRYG000857,الإعدادي,,,2025-02-16 23:07:31,,True,admin
PRYG000858,الإعدادي,,,2025-02-16 23:07:35,,True,admin
PRYG000859,الإعدادي,,,2025-02-16 23:09:17,,True,admin
PRYG000860,الإعدادي,,,2025-02-16 23:11:33,,True,admin
PRYG000861,الإعدادي,,,2025-02-16 23:11:37,,True,admin
PRYG000862,الإعدادي,,,2025-02-16 23:13:36,,True,admin
PRYG000863,الإعدادي,,,2025-02-16 23:14:19,,True,admin
PRYG000864,الإعدادي,,,2025-02-16 23:16:18,,True,admin
PRYG000865,الإعدادي,,,2025-02-16 23:17:02,,True,admin
PRYG000866,الإعدادي,,,2025-02-16 23:17:59,,True,admin
PRYG000867,الإعدادي,,,2025-02-16 23:19:41,,True,admin
PRYG000868,الإعدادي,,,2025-02-16 23:24:53,,True,admin
PRYG000869,الإعدادي,,,2025-02-16 23:28:21,,True,admin
PRYG000870,الإعدادي,,,2025-02-16 23:30:48,,True,admin
PRYG000871,الإعدادي,,,2025-02-16 23:32:38,,True,admin
PRYG000872,الإعدادي,,,2025-02-16 23:34:41,,True,admin
PRYG000873,الإعدادي,,,2025-02-16 23:36:28,,True,admin
PRYG000874,الإعدادي,,,2025-02-17 15:16:36,,True,admin
PRYG000875,الإعدادي,,,2025-02-17 15:26:05,,True,admin
PRYG000876,الإعدادي,,,2025-02-17 15:28:31,,True,admin
PRYG000877,الإعدادي,,,2025-02-17 15:30:42,,True,admin
PRYG000878,الإعدادي,,,2025-02-17 15:32:25,,True,admin
PRYG000879,الإعدادي,,,2025-02-17 15:34:07,,True,admin
PRYG000880,الإعدادي,,,2025-02-17 15:36:16,,True,admin
PRYG000881,الإعدادي,,,2025-02-17 15:39:54,,True,admin
PRYG000882,الإعدادي,,,2025-02-17 15:41:47,,True,admin
PRYG000883,الإعدادي,,,2025-02-17 15:45:46,,True,admin
PRYG000884,البراعم,,,2025-02-18 12:54:47,,True,admin
PRYG000885,البراعم,,,2025-02-18 12:56:46,,True,admin
PRYG000886,البراعم,,,2025-02-18 13:05:30,,True,admin
PRYG000887,البراعم,,,2025-02-18 13:15:55,,True,admin
PRYG000888,البراعم,,,2025-02-18 13:18:05,,True,admin
PRYG000889,البراعم,,,2025-02-18 13:20:23,,True,admin
PRYG000890,العاملة,,,2025-02-18 13:31:59,,True,admin
PRYG000891,الجامعيّة,,,2025-02-18 13:32:13,,True,admin
PRYG000892,العاملة,,,2025-02-18 13:33:25,,True,admin
PRYG000893,الجامعيّة,,,2025-02-18 13:33:48,,True,admin
PRYG000894,الجامعيّة,,,2025-02-18 13:33:58,,True,admin
PRYG000895,الجامعيّة,,,2025-02-18 13:35:20,,True,admin
PRYG000896,البراعم,,,2025-02-18 13:36:11,,True,admin
PRYG000897,العاملة,,,2025-02-18 13:36:21,,True,admin
PRYG000898,البراعم,,,2025-02-18 13:37:37,,True,admin
PRYG000899,العاملة,,,2025-02-18 13:46:02,,True,admin
PRYG000900,الجامعيّة,,,2025-02-18 13:50:10,,True,admin
PRYG000901,الجامعيّة,,,2025-02-18 13:57:23,,True,admin
PRYG000902,الجامعيّة,,,2025-02-18 14:04:17,,True,admin
PRYG000903,الجامعيّة,,,2025-02-18 14:06:50,,True,admin
PRYG000904,الجامعيّة,,,2025-02-18 14:26:08,,True,admin
PRYG000905,الجامعيّة,,,2025-02-18 14:56:45,,True,admin
PRYG000906,الجامعيّة,,,2025-02-18 15:02:57,,True,admin
PRYG000907,الجامعيّة,,,2025-02-18 15:07:07,,True,admin
PRYG000908,الجامعيّة,,,2025-02-18 15:07:25,,True,admin
PRYG000909,العاملة,,,2025-02-18 15:08:05,,True,admin
PRYG000910,الجامعيّة,,,2025-02-18 15:09:34,,True,admin
PRYG000911,الجامعيّة,,,2025-02-18 15:51:38,,True,admin
PRYG000912,الجامعيّة,,,2025-02-18 18:08:19,,True,admin
PRYG000913,الجامعيّة,,,2025-02-18 19:13:12,,True,admin
PRYG000914,العاملة,,,2025-02-18 19:16:15,,True,admin
PRYG000915,الجامعيّة,,,2025-02-18 19:49:42,,True,admin
PRYG000916,الجامعيّة,,,2025-02-18 20:25:53,,True,admin
PRYG000917,الثانوي,,,2025-02-18 20:34:49,,True,admin
PRYG000918,البراعم,,,2025-02-18 20:48:07,,True,admin
PRYG000919,البراعم,,,2025-02-18 20:50:31,,True,admin
PRYG000920,الجامعيّة,,,2025-02-18 20:53:52,,True,admin
PRYG000921,الثانوي,,,2025-02-18 21:04:53,,True,admin
PRYG000922,الجامعيّة,,,2025-02-18 22:37:54,,True,admin
PRYG000923,الجامعيّة,,,2025-02-19 14:20:19,,True,admin
PRYG000924,البراعم,,,2025-02-19 21:36:11,,True,admin
PRYG000925,البراعم,,,2025-02-19 21:50:57,,True,admin
PRYG000926,البراعم,,,2025-02-19 21:56:53,,True,admin
PRYG000927,البراعم,,,2025-02-19 21:57:54,,True,admin
PRYG000928,البراعم,,,2025-02-19 21:59:16,,True,admin
PRYG000929,البراعم,,,2025-02-19 21:59:56,,True,admin
PRYG000930,البراعم,,,2025-02-19 22:00:04,,True,admin
PRYG000931,البراعم,,,2025-02-19 22:02:28,,True,admin
PRYG000932,البراعم,,,2025-02-19 22:04:12,,True,admin
PRYG000933,البراعم,,,2025-02-19 22:07:07,,True,admin
PRYG000934,البراعم,,,2025-02-19 22:08:11,,True,admin
PRYG000935,البراعم,,,2025-02-19 22:10:16,,True,admin
PRYG000936,البراعم,,,2025-02-19 22:11:08,,True,admin
PRYG000937,البراعم,,,2025-02-19 22:11:23,,True,admin
PRYG000938,البراعم,,,2025-02-19 22:12:53,,True,admin
PRYG000939,البراعم,,,2025-02-19 22:14:04,,True,admin
PRYG000940,البراعم,,,2025-02-19 22:14:15,,True,admin
PRYG000941,البراعم,,,2025-02-19 22:15:52,,True,admin
PRYG000942,البراعم,,,2025-02-19 22:16:32,,True,admin
PRYG000943,البراعم,,,2025-02-19 22:16:52,,True,admin
PRYG000944,البراعم,,,2025-02-19 22:18:40,,True,admin
PRYG000945,البراعم,,,2025-02-19 22:19:09,,True,admin
PRYG000946,البراعم,,,2025-02-19 22:19:33,,True,admin
PRYG000947,البراعم,,,2025-02-19 22:21:12,,True,admin
PRYG000948,البراعم,,,2025-02-19 22:23:46,,True,admin
PRYG000949,البراعم,,,2025-02-19 22:25:05,,True,admin
PRYG000950,البراعم,,,2025-02-19 22:31:35,,True,admin
PRYG000951,البراعم,,,2025-02-19 22:33:39,,True,admin
PRYG000952,البراعم,,,2025-02-19 22:33:43,,True,admin
PRYG000953,البراعم,,,2025-02-19 22:35:34,,True,admin
PRYG000954,البراعم,,,2025-02-19 22:37:26,,True,admin
PRYG000955,البراعم,,,2025-02-19 22:41:03,,True,admin
PRYG000956,البراعم,,,2025-02-19 22:45:33,,True,admin
PRYG000957,البراعم,,,2025-02-19 23:01:19,,True,admin
PRYG000958,البراعم,,,2025-02-19 23:03:08,,True,admin
PRYG000959,البراعم,,,2025-02-19 23:05:39,,True,admin
PRYG000960,البراعم,,,2025-02-19 23:07:03,,True,admin
PRYG000961,البراعم,,,2025-02-19 23:08:18,,True,admin
PRYG000962,البراعم,,,2025-02-19 23:09:59,,True,admin
PRYG000963,البراعم,,,2025-02-20 00:02:24,,True,admin
PRYG000964,البراعم,,,2025-02-20 00:04:51,,True,admin
PRYG000965,البراعم,,,2025-02-20 00:07:28,,True,admin
PRYG000966,البراعم,,,2025-02-20 00:09:17,,True,admin
PRYG000967,البراعم,,,2025-02-20 00:11:13,,True,admin
PRYG000968,البراعم,,,2025-02-20 00:12:35,,True,admin
PRYG000969,البراعم,,,2025-02-20 00:13:57,,True,admin
PRYG000970,البراعم,,,2025-02-20 14:52:59,,True,admin
PRYG000971,البراعم,,,2025-02-20 14:55:11,,True,admin
PRYG000972,البراعم,,,2025-02-20 15:06:12,,True,admin
PRYG000973,البراعم,,,2025-02-20 15:09:37,,True,admin
PRYG000974,الثانوي,,,2025-02-20 17:55:52,,True,admin
PRYG000975,العاملة,,,2025-02-20 20:47:40,,True,admin
PRYG000976,الجامعيّة,,,2025-02-21 16:40:14,,True,admin
PRYG000977,البراعم,,,2025-02-21 16:43:02,,True,admin
PRYG000978,العاملة,,,2025-02-21 17:44:07,,True,admin
PRYG000979,العاملة,,,2025-02-21 18:26:27,,True,admin
PRYG000980,الجامعيّة,,,2025-02-21 21:17:31,,True,admin
PRYG000981,العاملة,,,2025-02-21 21:18:34,,True,admin
PRYG000982,الجامعيّة,,,2025-02-21 21:58:35,,True,admin
PRYG000983,الإعدادي,,,2025-02-21 22:03:18,,True,admin
PRYG000984,العاملة,,,2025-02-21 22:04:16,,True,admin
PRYG000985,العاملة,,,2025-02-21 22:07:23,,True,admin
PRYG000986,العاملة,,,2025-02-21 22:38:31,,True,admin
PRYG000987,العاملة,,,2025-02-21 22:59:56,,True,admin
PRYG000988,العاملة,,,2025-02-21 23:16:04,,True,admin
PRYG000989,الثانوي,,,2025-02-22 04:10:28,,True,admin
PRYG000990,الجامعيّة,,,2025-02-22 10:48:20,,True,admin
PRYG000991,الثانوي,,,2025-02-22 13:51:34,,True,admin
PRYG000992,الجامعيّة,,,2025-02-22 15:20:19,,True,admin
PRYG000993,الإعدادي,,,2025-02-22 15:35:27,,True,admin
PRYG000994,الجامعيّة,,,2025-02-22 15:41:13,,True,admin
PRYG000995,الإعدادي,,,2025-02-22 15:42:22,,True,admin
PRYG000996,الإعدادي,,,2025-02-22 15:43:08,,True,admin
PRYG000997,البراعم,,,2025-02-22 15:46:24,,True,admin
PRYG000998,البراعم,,,2025-02-22 15:48:24,,True,admin
PRYG000999,الإعدادي,,,2025-02-22 15:48:24,,True,admin
PRYG001000,الإعدادي,,,2025-02-22 15:50:05,,True,admin
PRYG001001,الإعدادي,,,2025-02-22 15:52:51,,True,admin
PRYG001002,البراعم,,,2025-02-22 15:57:48,,True,admin
PRYG001003,البراعم,,,2025-02-22 15:59:19,,True,admin
PRYG001004,البراعم,,,2025-02-22 16:03:07,,True,admin
PRYG001005,البراعم,,,2025-03-30 12:49:24,,True,admin
PRYG001006,البراعم,,,2025-02-22 16:04:46,,True,admin
PRYG001007,البراعم,,,2025-03-30 12:51:31,,True,admin
PRYG001008,البراعم,,,2025-02-22 16:05:54,,True,admin
PRYG001009,البراعم,,,2025-02-22 16:06:03,,True,admin
PRYG001010,البراعم,,,2025-02-22 16:07:38,,True,admin
PRYG001011,البراعم,,,2025-02-22 16:13:12,,True,admin
PRYG001012,الإعدادي,,,2025-02-22 16:31:54,,True,admin
PRYG001013,الإعدادي,,,2025-02-22 16:33:18,,True,admin
PRYG001014,الإعدادي,,,2025-02-22 16:34:28,,True,admin
PRYG001015,الإعدادي,,,2025-02-22 16:42:54,,True,admin
PRYG001016,البراعم,,,2025-02-22 17:01:30,,True,admin
PRYG001017,البراعم,,,2025-02-22 17:03:50,,True,admin
PRYG001018,البراعم,,,2025-02-22 17:09:38,,True,admin
PRYG001019,البراعم,,,2025-02-22 17:11:01,,True,admin
PRYG001020,البراعم,,,2025-02-22 17:16:12,,True,admin
PRYG001021,البراعم,,,2025-02-22 17:18:50,,True,admin
PRYG001022,البراعم,,,2025-02-22 17:20:18,,True,admin
PRYG001023,البراعم,,,2025-02-22 17:28:46,,True,admin
PRYG001024,الإعدادي,,,2025-02-22 17:31:07,,True,admin
PRYG001025,البراعم,,,2025-02-22 17:33:53,,True,admin
PRYG001026,البراعم,,,2025-02-22 17:57:51,,True,admin
PRYG001027,العاملة,,,2025-02-22 18:02:15,,True,admin
PRYG001028,البراعم,,,2025-02-22 18:04:24,,True,admin
PRYG001029,الإعدادي,,,2025-02-22 18:12:15,,True,admin
PRYG001030,البراعم,,,2025-02-22 18:35:37,,True,admin
PRYG001031,البراعم,,,2025-02-22 18:37:17,,True,admin
PRYG001032,البراعم,,,2025-02-22 18:39:51,,True,admin
PRYG001033,العاملة,,,2025-02-22 18:57:26,,True,admin
PRYG001034,الإعدادي,,,2025-02-22 20:17:24,,True,admin
PRYG001035,الجامعيّة,,,2025-02-22 20:44:35,,True,admin
PRYG001036,الجامعيّة,,,2025-02-22 21:21:29,,True,admin
PRYG001037,الثانوي,,,2025-02-22 22:02:30,,True,admin
PRYG001038,البراعم,,,2025-02-22 22:09:13,,True,admin
PRYG001039,البراعم,,,2025-02-22 22:10:51,,True,admin
PRYG001040,البراعم,,,2025-02-22 22:15:09,,True,admin
PRYG001041,الجامعيّة,,,2025-02-22 22:57:47,,True,admin
PRYG001042,العاملة,,,2025-02-22 23:45:55,,True,admin
PRYG001043,الجامعيّة,,,2025-02-22 23:57:41,,True,admin
PRYG001044,الإعدادي,,,2025-02-23 09:41:48,,True,admin
PRYG001045,العاملة,,,2025-02-23 10:49:17,,True,admin
PRYG001046,الجامعيّة,,,2025-02-23 11:22:23,,True,admin
PRYG001047,البراعم,,,2025-02-23 13:00:39,,True,admin
PRYG001048,البراعم,,,2025-02-23 14:43:51,,True,admin
PRYG001049,الجامعيّة,,,2025-02-23 14:49:10,,True,admin
PRYG001050,العاملة,,,2025-02-23 14:49:46,,True,admin
PRYG001051,البراعم,,,2025-02-23 14:51:06,,True,admin
PRYG001052,البراعم,,,2025-02-23 14:51:16,,True,admin
PRYG001053,العاملة,,,2025-02-23 14:55:49,,True,admin
PRYG001054,الجامعيّة,,,2025-02-23 14:58:17,,True,admin
PRYG001055,العاملة,,,2025-02-23 15:06:49,,True,admin
PRYG001056,العاملة,,,2025-02-23 15:12:18,,True,admin
PRYG001057,البراعم,,,2025-02-23 15:17:00,,True,admin
PRYG001058,البراعم,,,2025-02-23 15:19:50,,True,admin
PRYG001059,البراعم,,,2025-02-23 15:23:37,,True,admin
PRYG001060,الجامعيّة,,,2025-02-23 15:25:04,,True,admin
PRYG001061,البراعم,,,2025-02-23 16:08:48,,True,admin
PRYG001062,الإعدادي,,,2025-02-23 16:47:25,,True,admin
PRYG001063,الإعدادي,,,2025-02-23 16:48:07,,True,admin
PRYG001064,الإعدادي,,,2025-02-23 16:48:58,,True,admin
PRYG001065,الإعدادي,,,2025-02-23 16:48:59,,True,admin
PRYG001066,البراعم,,,2025-02-23 16:50:44,,True,admin
PRYG001067,الإعدادي,,,2025-02-23 16:51:55,,True,admin
PRYG001068,البراعم,,,2025-02-23 16:52:11,,True,admin
PRYG001069,الإعدادي,,,2025-02-23 16:54:06,,True,admin
PRYG001070,الإعدادي,,,2025-02-23 16:54:10,,True,admin
PRYG001071,الإعدادي,,,2025-02-23 17:01:28,,True,admin
PRYG001072,العاملة,,,2025-02-23 17:07:15,,True,admin
PRYG001073,الإعدادي,,,2025-02-23 17:08:27,,True,admin
PRYG001074,الجامعيّة,,,2025-02-23 17:12:12,,True,admin
PRYG001075,الإعدادي,,,2025-02-23 17:34:58,,True,admin
PRYG001076,الثانوي,,,2025-02-23 19:23:16,,True,admin
PRYG001077,الإعدادي,,,2025-02-23 19:25:01,,True,admin
PRYG001078,العاملة,,,2025-02-23 19:27:20,,True,admin
PRYG001079,الإعدادي,,,2025-02-23 19:27:22,,True,admin
PRYG001080,الثانوي,,,2025-02-23 19:27:46,,True,admin
PRYG001081,الثانوي,,,2025-02-23 19:27:54,,True,admin
PRYG001082,الثانوي,,,2025-02-23 19:29:26,,True,admin
PRYG001083,الثانوي,,,2025-02-23 19:29:31,,True,admin
PRYG001084,الثانوي,,,2025-02-23 19:30:23,,True,admin
PRYG001085,الثانوي,,,2025-02-23 19:30:44,,True,admin
PRYG001086,الثانوي,,,2025-02-23 19:35:32,,True,admin
PRYG001087,الثانوي,,,2025-02-23 19:37:14,,True,admin
PRYG001088,الإعدادي,,,2025-02-23 19:42:54,,True,admin
PRYG001089,الثانوي,,,2025-02-23 19:44:22,,True,admin
PRYG001090,الثانوي,,,2025-02-23 19:48:35,,True,admin
PRYG001091,الإعدادي,,,2025-02-23 20:07:22,,True,admin
PRYG001092,الإعدادي,,,2025-02-23 20:08:59,,True,admin
PRYG001093,الإعدادي,,,2025-02-23 20:10:50,,True,admin
PRYG001094,الإعدادي,,,2025-02-23 20:21:29,,True,admin
PRYG001095,البراعم,,,2025-02-23 20:23:57,,True,admin
PRYG001096,الثانوي,,,2025-02-23 20:31:32,,True,admin
PRYG001097,الإعدادي,,,2025-02-23 20:37:15,,True,admin
PRYG001098,الثانوي,,,2025-02-23 20:38:52,,True,admin
PRYG001099,البراعم,,,2025-02-23 21:25:41,,True,admin
PRYG001100,البراعم,,,2025-02-23 21:33:02,,True,admin
PRYG001101,الإعدادي,,,2025-02-23 21:39:02,,True,admin
PRYG001102,الثانوي,,,2025-02-23 22:46:56,,True,admin
PRYG001103,الجامعيّة,,,2025-02-23 22:47:43,,True,admin
PRYG001104,الثانوي,,,2025-02-23 23:17:52,,True,admin
PRYG001105,الإعدادي,,,2025-02-23 23:21:10,,True,admin
PRYG001106,الإعدادي,,,2025-02-23 23:23:27,,True,admin
PRYG001107,الإعدادي,,,2025-02-24 06:35:03,,True,admin
PRYG001108,الثانوي,,,2025-02-24 07:13:32,,True,admin
PRYG001109,العاملة,,,2025-02-24 10:19:23,,True,admin
PRYG001110,الثانوي,,,2025-02-24 11:15:23,,True,admin
PRYG001111,الإعدادي,,,2025-02-24 14:22:58,,True,admin
PRYG001112,الثانوي,,,2025-02-24 14:53:59,,True,admin
PRYG001113,الثانوي,,,2025-02-24 15:10:53,,True,admin
PRYG001114,الإعدادي,,,2025-02-24 15:22:28,,True,admin
PRYG001115,العاملة,,,2025-02-24 15:35:46,,True,admin
PRYG001116,الثانوي,,,2025-02-24 15:51:36,,True,admin
PRYG001117,الثانوي,,,2025-02-24 17:58:10,,True,admin
PRYG001118,الجامعيّة,,,2025-02-24 18:57:34,,True,admin
PRYG001119,الجامعيّة,,,2025-02-24 19:28:12,,True,admin
PRYG001120,العاملة,,,2025-02-24 20:50:30,,True,admin
PRYG001121,العاملة,,,2025-02-24 21:06:24,,True,admin
PRYG001122,الإعدادي,,,2025-02-24 21:13:12,,True,admin
PRYG001123,الإعدادي,,,2025-02-24 21:13:28,,True,admin
PRYG001124,الإعدادي,,,2025-02-24 21:14:37,,True,admin
PRYG001125,الإعدادي,,,2025-02-24 21:15:22,,True,admin
PRYG001126,الإعدادي,,,2025-02-24 21:36:34,,True,admin
PRYG001127,الإعدادي,,,2025-02-24 23:51:46,,True,admin
PRYG001128,العاملة,,,2025-02-25 00:56:23,,True,admin
PRYG001129,العاملة,,,2025-02-25 10:20:48,,True,admin
PRYG001130,الثانوي,,,2025-02-25 16:37:19,,True,admin
PRYG001131,الإعدادي,,,2025-02-25 16:38:45,,True,admin
PRYG001132,البراعم,,,2025-02-25 16:40:35,,True,admin
PRYG001133,الإعدادي,,,2025-02-25 17:25:36,,True,admin
PRYG001134,الإعدادي,,,2025-02-25 17:28:01,,True,admin
PRYG001135,الإعدادي,,,2025-02-25 20:28:35,,True,admin
PRYG001136,الإعدادي,,,2025-02-25 21:24:17,,True,admin
PRYG001137,الإعدادي,,,2025-02-25 21:27:02,,True,admin
PRYG001138,الإعدادي,,,2025-02-25 21:29:01,,True,admin
PRYG001139,الإعدادي,,,2025-02-25 22:51:43,,True,admin
PRYG001140,العاملة,,,2025-02-26 14:00:52,,True,admin
PRYG001141,الثانوي,,,2025-02-26 14:45:08,,True,admin
PRYG001142,الإعدادي,,,2025-02-26 22:27:22,,True,admin
PRYG001143,الجامعيّة,,,2025-02-27 00:16:10,,True,admin
PRYG001144,الجامعيّة,,,2025-02-27 01:09:45,,True,admin
PRYG001145,البراعم,,,2025-02-27 12:33:59,,True,admin
PRYG001146,الجامعيّة,,,2025-02-27 14:19:35,,True,admin
PRYG001147,الإعدادي,,,2025-02-27 15:13:03,,True,admin
PRYG001148,الإعدادي,,,2025-02-27 15:43:20,,True,admin
PRYG001149,الإعدادي,,,2025-03-14 12:56:03,,True,admin
PRYG001150,البراعم,,,2025-02-27 15:54:48,,True,admin
PRYG001151,البراعم,,,2025-02-27 15:56:33,,True,admin
PRYG001152,الجامعيّة,,,2025-02-27 17:08:53,,True,admin
PRYG001153,الجامعيّة,,,2025-02-27 17:13:25,,True,admin
PRYG001154,الإعدادي,,,2025-02-27 18:03:13,,True,admin
PRYG001155,الإعدادي,,,2025-02-27 18:03:49,,True,admin
PRYG001156,الإعدادي,,,2025-02-27 18:03:49,,True,admin
PRYG001157,الإعدادي,,,2025-02-27 18:04:03,,True,admin
PRYG001158,الإعدادي,,,2025-02-27 18:04:19,,True,admin
PRYG001159,الإعدادي,,,2025-02-27 18:05:19,,True,admin
PRYG001160,الإعدادي,,,2025-02-27 18:05:53,,True,admin
PRYG001161,الإعدادي,,,2025-02-27 18:06:53,,True,admin
PRYG001162,الإعدادي,,,2025-02-27 18:07:05,,True,admin
PRYG001163,الإعدادي,,,2025-02-27 18:08:07,,True,admin
PRYG001164,الثانوي,,,2025-03-13 14:47:32,,True,admin
PRYG001165,الإعدادي,,,2025-02-27 18:09:04,,True,admin
PRYG001166,الإعدادي,,,2025-02-27 19:58:09,,True,admin
PRYG001167,الثانوي,,,2025-02-27 21:19:22,,True,admin
PRYG001168,الجامعيّة,,,2025-02-28 03:21:59,,True,admin
PRYG001169,البراعم,,,2025-02-28 10:24:26,,True,admin
PRYG001170,الإعدادي,,,2025-02-28 11:58:58,,True,admin
PRYG001171,الإعدادي,,,2025-02-28 12:02:07,,True,admin
PRYG001172,البراعم,,,2025-02-28 12:05:35,,True,admin
PRYG001173,الجامعيّة,,,2025-02-28 19:29:06,,True,admin
PRYG001174,الجامعيّة,,,2025-02-28 20:13:47,,True,admin
PRYG001175,الثانوي,,,2025-03-01 11:14:08,,True,admin
PRYG001176,الثانوي,,,2025-03-01 13:37:50,,True,admin
PRYG001177,الجامعيّة,,,2025-03-01 14:46:42,,True,admin
PRYG001178,الإعدادي,,,2025-03-01 15:01:24,,True,admin
PRYG001179,البراعم,,,2025-03-01 16:20:56,,True,admin
PRYG001180,الجامعيّة,,,2025-03-01 16:33:30,,True,admin
PRYG001181,الثانوي,,,2025-03-01 18:30:19,,True,admin
PRYG001182,العاملة,,,2025-03-01 18:53:40,,True,admin
PRYG001183,الثانوي,,,2025-03-01 19:22:23,,True,admin
PRYG001184,الثانوي,,,2025-03-01 19:23:29,,True,admin
PRYG001185,العاملة,,,2025-03-01 19:41:21,,True,admin
PRYG001186,البراعم,,,2025-03-01 20:50:31,,True,admin
PRYG001187,البراعم,,,2025-03-01 20:52:06,,True,admin
PRYG001188,الإعدادي,,,2025-03-01 21:04:08,,True,admin
PRYG001189,البراعم,,,2025-03-03 08:22:43,,True,admin
PRYG001190,الجامعيّة,,,2025-03-04 11:53:22,,True,admin
PRYG001191,العاملة,,,2025-03-04 12:17:03,,True,admin
PRYG001192,العاملة,,,2025-03-04 12:56:36,,True,admin
PRYG001193,الثانوي,,,2025-03-04 13:38:27,,True,admin
PRYG001194,الجامعيّة,,,2025-03-04 14:06:58,,True,admin
PRYG001195,الإعدادي,,,2025-03-04 15:54:56,,True,admin
PRYG001196,العاملة,,,2025-03-04 16:07:26,,True,admin
PRYG001197,العاملة,,,2025-03-04 16:24:29,,True,admin
PRYG001198,العاملة,,,2025-03-04 16:42:03,,True,admin
PRYG001199,العاملة,,,2025-03-06 20:29:42,,True,admin
PRYG001200,الجامعيّة,,,2025-03-07 11:38:14,,True,admin
PRYG001201,الجامعيّة,,,2025-03-07 12:22:09,,True,admin
PRYG001202,العاملة,,,2025-03-07 15:32:29,,True,admin
PRYG001203,الثانوي,,,2025-03-07 16:17:19,,True,admin
PRYG001204,العاملة,,,2025-03-08 21:44:17,,True,admin
PRYG001205,العاملة,,,2025-03-08 23:50:47,,True,admin
PRYG001206,الثانوي,,,2025-03-09 12:43:27,,True,admin
PRYG001207,العاملة,,,2025-03-09 12:51:26,,True,admin
PRYG001208,العاملة,,,2025-03-09 13:07:10,,True,admin
PRYG001209,الجامعيّة,,,2025-03-09 13:10:36,,True,admin
PRYG001210,العاملة,,,2025-03-09 13:14:30,,True,admin
PRYG001211,الجامعيّة,,,2025-03-09 14:13:07,,True,admin
PRYG001212,العاملة,,,2025-03-09 14:58:31,,True,admin
PRYG001213,البراعم,,,2025-03-09 15:30:53,,True,admin
PRYG001214,البراعم,,,2025-03-09 15:32:58,,True,admin
PRYG001215,البراعم,,,2025-03-09 15:34:26,,True,admin
PRYG001216,البراعم,,,2025-03-09 15:45:22,,True,admin
PRYG001217,البراعم,,,2025-03-09 15:46:31,,True,admin
PRYG001218,البراعم,,,2025-03-09 15:51:15,,True,admin
PRYG001219,البراعم,,,2025-03-09 15:54:19,,True,admin
PRYG001220,البراعم,,,2025-03-09 15:56:52,,True,admin
PRYG001221,الجامعيّة,,,2025-03-09 16:27:11,,True,admin
PRYG001222,الثانوي,,,2025-03-09 16:30:38,,True,admin
PRYG001223,العاملة,,,2025-03-09 16:38:22,,True,admin
PRYG001224,العاملة,,,2025-03-09 19:40:48,,True,admin
PRYG001225,العاملة,,,2025-03-09 20:05:01,,True,admin
PRYG001226,العاملة,,,2025-03-09 22:06:37,,True,admin
PRYG001227,الجامعيّة,,,2025-03-09 22:55:43,,True,admin
PRYG001228,العاملة,,,2025-03-10 11:49:16,,True,admin
PRYG001229,الجامعيّة,,,2025-03-10 14:21:12,,True,admin
PRYG001230,الجامعيّة,,,2025-03-10 14:23:29,,True,admin
PRYG001231,العاملة,,,2025-03-10 14:30:34,,True,admin
PRYG001232,الجامعيّة,,,2025-03-10 14:41:33,,True,admin
PRYG001233,العاملة,,,2025-03-10 15:20:29,,True,admin
PRYG001234,الثانوي,,,2025-03-10 15:26:37,,True,admin
PRYG001235,الثانوي,,,2025-03-10 15:26:44,,True,admin
PRYG001236,الثانوي,,,2025-03-10 15:26:53,,True,admin
PRYG001237,الثانوي,,,2025-03-10 15:27:15,,True,admin
PRYG001238,الثانوي,,,2025-03-10 15:27:42,,True,admin
PRYG001239,الثانوي,,,2025-03-10 15:27:46,,True,admin
PRYG001240,الثانوي,,,2025-03-10 15:27:46,,True,admin
PRYG001241,الثانوي,,,2025-03-10 15:27:47,,True,admin
PRYG001242,الثانوي,,,2025-03-10 15:28:18,,True,admin
PRYG001243,الإعدادي,,,2025-03-10 15:28:19,,True,admin
PRYG001244,الثانوي,,,2025-03-10 15:29:32,,True,admin
PRYG001245,الثانوي,,,2025-03-10 15:29:32,,True,admin
PRYG001246,الثانوي,,,2025-03-10 15:29:38,,True,admin
PRYG001247,الثانوي,,,2025-03-10 15:29:39,,True,admin
PRYG001248,الثانوي,,,2025-03-10 15:30:29,,True,admin
PRYG001249,الثانوي,,,2025-03-10 15:30:42,,True,admin
PRYG001250,الثانوي,,,2025-03-10 15:32:55,,True,admin
PRYG001251,الثانوي,,,2025-03-10 15:33:39,,True,admin
PRYG001252,الثانوي,,,2025-03-10 15:33:43,,True,admin
PRYG001253,الثانوي,,,2025-03-10 15:33:54,,True,admin
PRYG001254,الثانوي,,,2025-03-10 15:36:44,,True,admin
PRYG001255,الثانوي,,,2025-03-10 15:38:14,,True,admin
PRYG001256,الثانوي,,,2025-03-10 15:39:39,,True,admin
PRYG001257,الثانوي,,,2025-03-10 15:43:46,,True,admin
PRYG001258,الثانوي,,,2025-03-10 15:47:36,,True,admin
PRYG001259,الثانوي,,,2025-03-10 15:51:14,,True,admin
PRYG001260,الإعدادي,,,2025-03-10 15:53:23,,True,admin
PRYG001261,الثانوي,,,2025-03-10 15:57:34,,True,admin
PRYG001262,العاملة,,,2025-03-10 15:59:32,,True,admin
PRYG001263,الثانوي,,,2025-03-10 16:00:12,,True,admin
PRYG001264,الثانوي,,,2025-03-10 16:01:01,,True,admin
PRYG001265,الثانوي,,,2025-03-10 16:10:19,,True,admin
PRYG001266,الثانوي,,,2025-03-10 16:12:17,,True,admin
PRYG001267,الثانوي,,,2025-03-10 16:14:56,,True,admin
PRYG001268,الثانوي,,,2025-03-10 16:23:50,,True,admin
PRYG001269,الثانوي,,,2025-03-10 16:23:00,,True,admin
PRYG001270,الثانوي,,,2025-03-10 16:40:33,,True,admin
PRYG001271,الثانوي,,,2025-03-10 16:42:53,,True,admin
PRYG001272,الثانوي,,,2025-04-22 17:52:05,,True,admin
PRYG001273,الإعدادي,,,2025-03-10 16:45:08,,True,admin
PRYG001274,الثانوي,,,2025-03-10 17:13:25,,True,admin
PRYG001275,العاملة,,,2025-03-10 17:14:56,,True,admin
PRYG001276,الثانوي,,,2025-03-10 17:27:26,,True,admin
PRYG001277,الثانوي,,,2025-03-10 17:29:58,,True,admin
PRYG001278,الثانوي,,,2025-03-10 17:31:54,,True,admin
PRYG001279,العاملة,,,2025-03-10 17:40:05,,True,admin
PRYG001280,العاملة,,,2025-03-10 17:49:24,,True,admin
PRYG001281,الثانوي,,,2025-03-10 18:25:52,,True,admin
PRYG001282,الثانوي,,,2025-03-10 19:16:29,,True,admin
PRYG001283,الثانوي,,,2025-03-10 19:19:09,,True,admin
PRYG001284,الثانوي,,,2025-04-21 14:56:25,,True,admin
PRYG001285,الثانوي,,,2025-03-10 19:29:21,,True,admin
PRYG001286,العاملة,,,2025-03-10 19:44:44,,True,admin
PRYG001287,الثانوي,,,2025-03-10 19:51:51,,True,admin
PRYG001288,الإعدادي,,,2025-03-10 20:01:17,,True,admin
PRYG001289,العاملة,,,2025-03-10 20:07:45,,True,admin
PRYG001290,الجامعيّة,,,2025-03-10 20:38:24,,True,admin
PRYG001291,الجامعيّة,,,2025-03-10 20:49:50,,True,admin
PRYG001292,الجامعيّة,,,2025-03-10 20:49:53,,True,admin
PRYG001293,الجامعيّة,,,2025-03-10 20:59:12,,True,admin
PRYG001294,الثانوي,,,2025-03-10 21:16:15,,True,admin
PRYG001295,الثانوي,,,2025-03-10 21:44:50,,True,admin
PRYG001296,الثانوي,,,2025-03-10 21:46:55,,True,admin
PRYG001297,الجامعيّة,,,2025-03-10 21:50:04,,True,admin
PRYG001298,البراعم,,,2025-03-10 22:45:51,,True,admin
PRYG001299,الإعدادي,,,2025-03-11 00:12:44,,True,admin
PRYG001300,الجامعيّة,,,2025-03-11 00:22:11,,True,admin
PRYG001301,العاملة,,,2025-03-11 01:56:17,,True,admin
PRYG001302,الإعدادي,,,2025-03-11 07:47:15,,True,admin
PRYG001303,الجامعيّة,,,2025-03-11 07:47:29,,True,admin
PRYG001304,الجامعيّة,,,2025-03-11 10:15:20,,True,admin
PRYG001305,الثانوي,,,2025-03-11 10:36:43,,True,admin
PRYG001306,الثانوي,,,2025-03-11 10:38:06,,True,admin
PRYG001307,العاملة,,,2025-03-11 10:48:01,,True,admin
PRYG001308,الجامعيّة,,,2025-03-11 10:54:29,,True,admin
PRYG001309,الجامعيّة,,,2025-03-11 10:56:57,,True,admin
PRYG001310,الجامعيّة,,,2025-03-11 10:57:56,,True,admin
PRYG001311,الجامعيّة,,,2025-03-11 10:58:50,,True,admin
PRYG001312,العاملة,,,2025-03-11 11:04:16,,True,admin
PRYG001313,الجامعيّة,,,2025-03-11 11:12:59,,True,admin
PRYG001314,الجامعيّة,,,2025-03-11 11:15:24,,True,admin
PRYG001315,العاملة,,,2025-03-11 11:25:56,,True,admin
PRYG001316,الإعدادي,,,2025-03-11 11:39:05,,True,admin
PRYG001317,الثانوي,,,2025-03-11 11:40:34,,True,admin
PRYG001318,الجامعيّة,,,2025-03-11 11:42:29,,True,admin
PRYG001319,الثانوي,,,2025-03-11 11:43:35,,True,admin
PRYG001320,الإعدادي,,,2025-03-11 11:47:36,,True,admin
PRYG001321,الإعدادي,,,2025-03-11 11:48:53,,True,admin
PRYG001322,الإعدادي,,,2025-03-11 11:51:10,,True,admin
PRYG001323,الجامعيّة,,,2025-03-11 11:56:43,,True,admin
PRYG001324,الجامعيّة,,,2025-03-11 11:59:42,,True,admin
PRYG001325,الثانوي,,,2025-03-11 12:32:34,,True,admin
PRYG001326,الثانوي,,,2025-03-11 12:48:48,,True,admin
PRYG001327,الثانوي,,,2025-03-11 12:58:49,,True,admin
PRYG001328,الإعدادي,,,2025-03-11 13:10:16,,True,admin
PRYG001329,الإعدادي,,,2025-03-11 13:11:49,,True,admin
PRYG001330,الجامعيّة,,,2025-03-11 13:44:35,,True,admin
PRYG001331,الجامعيّة,,,2025-03-11 13:45:03,,True,admin
PRYG001332,البراعم,,,2025-03-11 13:52:31,,True,admin
PRYG001333,الجامعيّة,,,2025-03-11 14:07:21,,True,admin
PRYG001334,الثانوي,,,2025-03-11 14:08:48,,True,admin
PRYG001335,الثانوي,,,2025-03-11 14:11:14,,True,admin
PRYG001336,الثانوي,,,2025-03-11 14:15:27,,True,admin
PRYG001337,الثانوي,,,2025-03-11 14:19:12,,True,admin
PRYG001338,الثانوي,,,2025-03-11 14:45:00,,True,admin
PRYG001338,الإعدادي,,,2025-03-11 14:45:00,,True,admin
PRYG001339,الثانوي,,,2025-03-11 14:52:56,,True,admin
PRYG001340,الإعدادي,,,2025-03-11 15:01:54,,True,admin
PRYG001341,الثانوي,,,2025-03-11 15:03:15,,True,admin
PRYG001342,البراعم,,,2025-03-11 15:07:35,,True,admin
PRYG001343,الثانوي,,,2025-03-11 15:08:40,,True,admin
PRYG001344,الثانوي,,,2025-03-11 15:11:01,,True,admin
PRYG001345,الثانوي,,,2025-03-11 15:12:51,,True,admin
PRYG001346,الثانوي,,,2025-03-11 15:20:01,,True,admin
PRYG001347,الثانوي,,,2025-03-11 15:30:28,,True,admin
PRYG001348,الثانوي,,,2025-03-11 15:42:18,,True,admin
PRYG001349,الثانوي,,,2025-03-11 16:08:42,,True,admin
PRYG001350,الجامعيّة,,,2025-03-11 16:22:36,,True,admin
PRYG001351,الثانوي,,,2025-03-11 16:27:24,,True,admin
PRYG001352,العاملة,,,2025-03-11 16:45:09,,True,admin
PRYG001353,الثانوي,,,2025-03-11 17:50:00,,True,admin
PRYG001353,الإعدادي,,,2025-03-11 17:50:00,,True,admin
PRYG001354,الثانوي,,,2025-03-11 18:18:59,,True,admin
PRYG001355,الثانوي,,,2025-03-11 19:50:40,,True,admin
PRYG001356,الجامعيّة,,,2025-03-11 20:18:08,,True,admin
PRYG001357,الثانوي,,,2025-03-11 21:18:59,,True,admin
PRYG001358,الثانوي,,,2025-03-11 21:26:20,,True,admin
PRYG001359,الثانوي,,,2025-03-11 21:27:22,,True,admin
PRYG001360,الثانوي,,,2025-04-21 15:14:16,,True,admin
PRYG001361,الثانوي,,,2025-03-11 21:28:43,,True,admin
PRYG001362,الثانوي,,,2025-04-21 22:59:04,,True,admin
PRYG001363,الإعدادي,,,2025-03-12 14:05:00,,True,admin
PRYG001364,الثانوي,,,2025-03-12 14:57:48,,True,admin
PRYG001365,الإعدادي,,,2025-03-12 15:07:45,,True,admin
PRYG001366,الإعدادي,,,2025-03-12 15:09:42,,True,admin
PRYG001367,الثانوي,,,2025-03-12 15:12:52,,True,admin
PRYG001368,الثانوي,,,2025-03-12 15:20:30,,True,admin
PRYG001369,الثانوي,,,2025-03-12 15:20:53,,True,admin
PRYG001370,الثانوي,,,2025-03-12 15:23:21,,True,admin
PRYG001371,الثانوي,,,2025-03-12 15:25:46,,True,admin
PRYG001372,الثانوي,,,2025-03-12 16:17:47,,True,admin
PRYG001373,الثانوي,,,2025-03-12 16:23:28,,True,admin
PRYG001374,الثانوي,,,2025-03-12 16:24:26,,True,admin
PRYG001375,الإعدادي,,,2025-03-12 16:26:25,,True,admin
PRYG001376,الجامعيّة,,,2025-03-12 16:48:29,,True,admin
PRYG001377,الإعدادي,,,2025-03-12 17:33:05,,True,admin
PRYG001378,الثانوي,,,2025-03-12 17:46:20,,True,admin
PRYG001379,الثانوي,,,2025-03-12 18:19:59,,True,admin
PRYG001380,الإعدادي,,,2025-03-12 19:05:22,,True,admin
PRYG001381,الإعدادي,,,2025-03-12 19:13:45,,True,admin
PRYG001382,الإعدادي,,,2025-03-12 19:14:55,,True,admin
PRYG001383,الإعدادي,,,2025-03-12 19:39:05,,True,admin
PRYG001384,الثانوي,,,2025-03-12 19:42:23,,True,admin
PRYG001385,الإعدادي,,,2025-03-12 19:57:24,,True,admin
PRYG001386,الإعدادي,,,2025-03-12 20:04:44,,True,admin
PRYG001387,الإعدادي,,,2025-03-12 20:04:52,,True,admin
PRYG001388,الإعدادي,,,2025-03-12 20:06:10,,True,admin
PRYG001389,الإعدادي,,,2025-03-12 20:12:04,,True,admin
PRYG001390,الإعدادي,,,2025-03-12 20:25:23,,True,admin
PRYG001391,الثانوي,,,2025-03-12 20:35:46,,True,admin
PRYG001391,الإعدادي,,,2025-03-12 20:35:46,,True,admin
PRYG001392,الإعدادي,,,2025-03-12 20:36:26,,True,admin
PRYG001393,الإعدادي,,,2025-03-12 20:40:14,,True,admin
PRYG001394,الثانوي,,,2025-03-12 20:42:33,,True,admin
PRYG001395,الإعدادي,,,2025-03-12 21:25:48,,True,admin
PRYG001396,الجامعيّة,,,2025-03-12 22:16:04,,True,admin
PRYG001397,الإعدادي,,,2025-03-12 22:36:11,,True,admin
PRYG001398,الإعدادي,,,2025-03-12 22:42:32,,True,admin
PRYG001399,الإعدادي,,,2025-03-12 22:48:08,,True,admin
PRYG001400,الإعدادي,,,2025-03-12 23:27:18,,True,admin
PRYG001401,البراعم,,,2025-03-12 23:47:07,,True,admin
PRYG001402,البراعم,,,2025-03-12 23:48:28,,True,admin
PRYG001403,البراعم,,,2025-03-12 23:49:46,,True,admin
PRYG001404,الجامعيّة,,,2025-03-12 23:50:48,,True,admin
PRYG001405,الثانوي,,,2025-03-13 00:02:06,,True,admin
PRYG001406,العاملة,,,2025-03-13 00:29:53,,True,admin
PRYG001407,الإعدادي,,,2025-03-13 01:31:19,,True,admin
PRYG001408,الثانوي,,,2025-03-13 01:38:32,,True,admin
PRYG001409,الإعدادي,,,2025-03-13 01:39:46,,True,admin
PRYG001410,العاملة,,,2025-03-13 12:19:35,,True,admin
PRYG001411,العاملة,,,2025-03-13 12:21:13,,True,admin
PRYG001412,الجامعيّة,,,2025-03-13 12:31:45,,True,admin
PRYG001413,العاملة,,,2025-03-13 12:46:43,,True,admin
PRYG001414,الجامعيّة,,,2025-03-13 12:56:42,,True,admin
PRYG001415,الجامعيّة,,,2025-03-13 13:13:03,,True,admin
PRYG001416,الإعدادي,,,2025-03-13 14:37:50,,True,admin
PRYG001417,الإعدادي,,,2025-03-13 16:37:19,,True,admin
PRYG001418,الإعدادي,,,2025-03-13 16:38:10,,True,admin
PRYG001419,الإعدادي,,,2025-03-13 16:39:21,,True,admin
PRYG001420,الإعدادي,,,2025-03-13 16:41:40,,True,admin
PRYG001421,الإعدادي,,,2025-03-13 16:41:57,,True,admin
PRYG001422,الثانوي,,,2025-03-13 18:15:55,,True,admin
PRYG001423,الإعدادي,,,2025-03-13 18:20:26,,True,admin
PRYG001424,الثانوي,,,2025-03-13 18:21:41,,True,admin
PRYG001425,الإعدادي,,,2025-03-13 18:22:01,,True,admin
PRYG001426,الإعدادي,,,2025-03-13 18:22:14,,True,admin
PRYG001427,الإعدادي,,,2025-03-13 18:22:27,,True,admin
PRYG001428,الإعدادي,,,2025-03-13 18:22:34,,True,admin
PRYG001429,الثانوي,,,2025-03-13 18:23:50,,True,admin
PRYG001430,الثانوي,,,2025-03-13 18:23:57,,True,admin
PRYG001430,الإعدادي,,,2025-03-13 18:23:57,,True,admin
PRYG001431,الإعدادي,,,2025-03-13 18:23:58,,True,admin
PRYG001432,الثانوي,,,2025-03-13 18:24:01,,True,admin
PRYG001433,الإعدادي,,,2025-03-13 18:24:13,,True,admin
PRYG001434,الإعدادي,,,2025-03-13 18:24:18,,True,admin
PRYG001435,الثانوي,,,2025-03-13 18:24:31,,True,admin
PRYG001436,الثانوي,,,2025-03-13 18:25:11,,True,admin
PRYG001437,الإعدادي,,,2025-03-13 18:26:03,,True,admin
PRYG001438,الإعدادي,,,2025-03-13 18:26:55,,True,admin
PRYG001439,الإعدادي,,,2025-03-13 18:27:04,,True,admin
PRYG001440,الإعدادي,,,2025-03-13 18:28:24,,True,admin
PRYG001441,الإعدادي,,,2025-03-13 18:28:45,,True,admin
PRYG001442,الإعدادي,,,2025-03-13 18:28:52,,True,admin
PRYG001443,الإعدادي,,,2025-03-13 18:29:05,,True,admin
PRYG001444,الإعدادي,,,2025-03-13 18:29:17,,True,admin
PRYG001445,الثانوي,,,2025-03-13 18:29:35,,True,admin
PRYG001446,الإعدادي,,,2025-03-13 18:30:08,,True,admin
PRYG001447,الإعدادي,,,2025-03-13 18:30:35,,True,admin
PRYG001448,الإعدادي,,,2025-03-13 18:31:03,,True,admin
PRYG001449,الإعدادي,,,2025-03-13 18:31:25,,True,admin
PRYG001450,الإعدادي,,,2025-03-13 18:31:43,,True,admin
PRYG001451,الإعدادي,,,2025-03-13 19:19:47,,True,admin
PRYG001452,الإعدادي,,,2025-03-13 19:33:59,,True,admin
PRYG001453,الثانوي,,,2025-03-13 20:09:08,,True,admin
PRYG001454,الثانوي,,,2025-03-13 21:26:10,,True,admin
PRYG001455,الإعدادي,,,2025-03-13 23:33:09,,True,admin
PRYG001456,الثانوي,,,2025-03-14 02:33:22,,True,admin
PRYG001457,الثانوي,,,2025-03-14 09:00:52,,True,admin
PRYG001458,الإعدادي,,,2025-03-14 09:03:46,,True,admin
PRYG001459,الثانوي,,,2025-03-14 09:05:49,,True,admin
PRYG001460,الإعدادي,,,2025-03-14 09:06:06,,True,admin
PRYG001461,البراعم,,,2025-03-14 09:07:25,,True,admin
PRYG001462,الثانوي,,,2025-03-14 09:08:09,,True,admin
PRYG001463,الإعدادي,,,2025-03-14 09:09:07,,True,admin
PRYG001464,الإعدادي,,,2025-03-14 09:09:49,,True,admin
PRYG001465,الثانوي,,,2025-03-14 09:11:47,,True,admin
PRYG001466,الثانوي,,,2025-03-14 09:13:07,,True,admin
PRYG001467,الإعدادي,,,2025-03-14 09:13:50,,True,admin
PRYG001468,الإعدادي,,,2025-03-14 09:16:17,,True,admin
PRYG001469,الثانوي,,,2025-03-14 09:17:20,,True,admin
PRYG001470,الثانوي,,,2025-03-14 09:17:51,,True,admin
PRYG001471,العاملة,,,2025-03-14 09:18:33,,True,admin
PRYG001472,الإعدادي,,,2025-03-14 09:20:25,,True,admin
PRYG001473,البراعم,,,2025-03-14 09:21:21,,True,admin
PRYG001474,الثانوي,,,2025-03-14 09:22:39,,True,admin
PRYG001475,الثانوي,,,2025-03-14 09:24:34,,True,admin
PRYG001476,الجامعيّة,,,2025-03-14 10:04:26,,True,admin
PRYG001477,العاملة,,,2025-03-14 10:40:55,,True,admin
PRYG001478,الإعدادي,,,2025-03-14 11:52:44,,True,admin
PRYG001479,الإعدادي,,,2025-03-14 12:21:21,,True,admin
PRYG001480,الإعدادي,,,2025-03-14 12:41:09,,True,admin
PRYG001481,العاملة,,,2025-03-14 12:41:23,,True,admin
PRYG001482,الإعدادي,,,2025-03-14 12:43:05,,True,admin
PRYG001483,العاملة,,,2025-03-14 16:35:14,,True,admin
PRYG001484,العاملة,,,2025-03-14 16:40:01,,True,admin
PRYG001485,العاملة,,,2025-03-14 16:40:39,,True,admin
PRYG001486,العاملة,,,2025-03-14 16:43:03,,True,admin
PRYG001487,العاملة,,,2025-03-14 16:45:31,,True,admin
PRYG001488,العاملة,,,2025-03-14 16:48:31,,True,admin
PRYG001489,العاملة,,,2025-03-14 16:51:46,,True,admin
PRYG001490,البراعم,,,2025-03-14 17:01:45,,True,admin
PRYG001491,الإعدادي,,,2025-03-14 17:19:56,,True,admin
PRYG001492,البراعم,,,2025-03-14 17:23:58,,True,admin
PRYG001493,العاملة,,,2025-03-14 17:26:25,,True,admin
PRYG001494,العاملة,,,2025-03-14 18:09:08,,True,admin
PRYG001495,الجامعيّة,,,2025-03-14 18:22:04,,True,admin
PRYG001496,الجامعيّة,,,2025-03-14 21:25:50,,True,admin
PRYG001497,الجامعيّة,,,2025-03-14 21:46:29,,True,admin
PRYG001498,الثانوي,,,2025-03-14 21:56:16,,True,admin
PRYG001499,الجامعيّة,,,2025-03-14 22:33:42,,True,admin
PRYG001500,العاملة,,,2025-03-14 22:58:48,,True,admin
PRYG001501,الجامعيّة,,,2025-03-14 23:26:22,,True,admin
PRYG001502,العاملة,,,2025-03-14 23:50:58,,True,admin
PRYG001503,العاملة,,,2025-03-15 04:52:02,,True,admin
PRYG001504,الإعدادي,,,2025-03-15 11:02:07,,True,admin
PRYG001505,الإعدادي,,,2025-03-15 11:05:27,,True,admin
PRYG001506,العاملة,,,2025-03-15 12:24:01,,True,admin
PRYG001507,العاملة,,,2025-03-15 14:03:19,,True,admin
PRYG001508,الجامعيّة,,,2025-03-15 14:37:03,,True,admin
PRYG001509,البراعم,,,2025-03-15 15:28:27,,True,admin
PRYG001510,البراعم,,,2025-03-15 15:30:13,,True,admin
PRYG001511,البراعم,,,2025-03-15 16:16:13,,True,admin
PRYG001512,البراعم,,,2025-03-15 16:18:27,,True,admin
PRYG001513,البراعم,,,2025-03-15 16:30:24,,True,admin
PRYG001514,البراعم,,,2025-03-15 16:34:31,,True,admin
PRYG001515,البراعم,,,2025-03-15 16:35:33,,True,admin
PRYG001516,البراعم,,,2025-03-15 16:37:10,,True,admin
PRYG001517,البراعم,,,2025-03-15 16:39:45,,True,admin
PRYG001518,البراعم,,,2025-03-15 16:40:04,,True,admin
PRYG001519,البراعم,,,2025-03-15 16:56:20,,True,admin
PRYG001520,البراعم,,,2025-03-15 17:02:56,,True,admin
PRYG001521,البراعم,,,2025-03-15 17:15:52,,True,admin
PRYG001522,البراعم,,,2025-03-15 17:24:19,,True,admin
PRYG001523,الإعدادي,,,2025-03-15 17:26:05,,True,admin
PRYG001524,البراعم,,,2025-03-15 17:31:35,,True,admin
PRYG001525,البراعم,,,2025-03-15 17:34:14,,True,admin
PRYG001526,البراعم,,,2025-03-15 17:36:05,,True,admin
PRYG001527,البراعم,,,2025-03-15 17:48:12,,True,admin
PRYG001528,البراعم,,,2025-03-15 17:50:02,,True,admin
PRYG001529,البراعم,,,2025-03-15 18:09:25,,True,admin
PRYG001530,البراعم,,,2025-03-15 18:19:40,,True,admin
PRYG001531,الجامعيّة,,,2025-03-15 20:32:02,,True,admin
PRYG001532,الثانوي,,,2025-03-15 20:43:22,,True,admin
PRYG001533,العاملة,,,2025-03-15 21:22:47,,True,admin
PRYG001534,البراعم,,,2025-03-15 21:26:57,,True,admin
PRYG001535,البراعم,,,2025-03-15 21:29:37,,True,admin
PRYG001536,البراعم,,,2025-03-15 21:43:59,,True,admin
PRYG001537,البراعم,,,2025-03-15 21:48:16,,True,admin
PRYG001538,الجامعيّة,,,2025-03-15 22:08:27,,True,admin
PRYG001539,الإعدادي,,,2025-03-15 22:12:45,,True,admin
PRYG001540,البراعم,,,2025-03-15 22:25:10,,True,admin
PRYG001541,البراعم,,,2025-03-15 22:42:42,,True,admin
PRYG001542,البراعم,,,2025-03-15 22:44:36,,True,admin
PRYG001543,الجامعيّة,,,2025-03-15 23:00:31,,True,admin
PRYG001544,العاملة,,,2025-03-15 23:55:20,,True,admin
PRYG001545,البراعم,,,2025-03-16 00:19:00,,True,admin
PRYG001546,البراعم,,,2025-03-16 00:21:40,,True,admin
PRYG001547,البراعم,,,2025-03-16 00:25:57,,True,admin
PRYG001548,البراعم,,,2025-03-16 00:32:55,,True,admin
PRYG001549,البراعم,,,2025-03-16 00:53:36,,True,admin
PRYG001550,البراعم,,,2025-06-11 14:26:14,,True,admin
PRYG001551,البراعم,,,2025-03-16 07:57:18,,True,admin
PRYG001552,البراعم,,,2025-03-16 07:59:07,,True,admin
PRYG001553,البراعم,,,2025-03-16 09:34:01,,True,admin
PRYG001554,البراعم,,,2025-03-16 09:34:01,,True,admin
PRYG001555,البراعم,,,2025-03-16 09:34:01,,True,admin
PRYG001556,البراعم,,,2025-03-16 09:34:01,,True,admin
PRYG001557,البراعم,,,2025-03-16 09:34:01,,True,admin
PRYG001558,البراعم,,,2025-03-16 09:34:01,,True,admin
PRYG001559,الجامعيّة,,,2025-03-16 09:34:01,,True,admin
PRYG001560,البراعم,,,2025-03-16 09:34:01,,True,admin
PRYG001561,الجامعيّة,,,2025-03-16 12:02:12,,True,admin
PRYG001562,الجامعيّة,,,2025-03-16 12:19:30,,True,admin
PRYG001563,الجامعيّة,,,2025-03-16 13:00:31,,True,admin
PRYG001564,الإعدادي,,,2025-03-16 13:13:04,,True,admin
PRYG001565,الجامعيّة,,,2025-03-16 13:21:01,,True,admin
PRYG001566,الثانوي,,,2025-03-16 14:12:15,,True,admin
PRYG001567,العاملة,,,2025-03-16 14:21:46,,True,admin
PRYG001568,الثانوي,,,2025-03-16 14:26:00,,True,admin
PRYG001569,البراعم,,,2025-03-16 14:32:46,,True,admin
PRYG001570,البراعم,,,2025-03-16 14:34:30,,True,admin
PRYG001571,الإعدادي,,,2025-03-16 14:35:09,,True,admin
PRYG001572,الإعدادي,,,2025-03-16 14:37:35,,True,admin
PRYG001573,الجامعيّة,,,2025-03-16 14:40:41,,True,admin
PRYG001574,الإعدادي,,,2025-03-16 14:41:48,,True,admin
PRYG001575,البراعم,,,2025-03-16 14:42:44,,True,admin
PRYG001576,البراعم,,,2025-03-16 14:43:56,,True,admin
PRYG001577,البراعم,,,2025-03-16 14:45:33,,True,admin
PRYG001578,البراعم,,,2025-03-16 14:46:08,,True,admin
PRYG001579,العاملة,,,2025-03-16 14:48:05,,True,admin
PRYG001580,الإعدادي,,,2025-03-16 14:48:32,,True,admin
PRYG001581,البراعم,,,2025-03-16 14:50:03,,True,admin
PRYG001582,البراعم,,,2025-03-16 14:50:18,,True,admin
PRYG001583,الثانوي,,,2025-03-16 14:53:51,,True,admin
PRYG001584,الثانوي,,,2025-03-16 14:54:53,,True,admin
PRYG001585,البراعم,,,2025-03-16 14:55:29,,True,admin
PRYG001586,البراعم,,,2025-03-16 14:55:30,,True,admin
PRYG001587,البراعم,,,2025-03-16 14:56:28,,True,admin
PRYG001588,البراعم,,,2025-03-16 14:56:39,,True,admin
PRYG001589,البراعم,,,2025-03-16 14:58:01,,True,admin
PRYG001590,البراعم,,,2025-03-16 14:59:14,,True,admin
PRYG001591,البراعم,,,2025-03-16 15:06:07,,True,admin
PRYG001592,الإعدادي,,,2025-03-16 15:14:46,,True,admin
PRYG001593,البراعم,,,2025-03-16 15:23:31,,True,admin
PRYG001594,البراعم,,,2025-03-16 15:27:02,,True,admin
PRYG001595,البراعم,,,2025-03-16 15:28:58,,True,admin
PRYG001596,البراعم,,,2025-03-16 15:34:28,,True,admin
PRYG001597,البراعم,,,2025-03-16 15:36:46,,True,admin
PRYG001598,البراعم,,,2025-03-16 15:50:00,,True,admin
PRYG001599,البراعم,,,2025-03-16 15:52:15,,True,admin
PRYG001600,البراعم,,,2025-03-16 15:55:22,,True,admin
PRYG001601,البراعم,,,2025-03-16 16:02:41,,True,admin
PRYG001602,البراعم,,,2025-03-16 16:05:58,,True,admin
PRYG001603,البراعم,,,2025-03-16 16:15:10,,True,admin
PRYG001604,البراعم,,,2025-03-30 12:53:21,,True,admin
PRYG001605,البراعم,,,2025-03-16 16:32:27,,True,admin
PRYG001606,البراعم,,,2025-03-16 16:34:21,,True,admin
PRYG001607,البراعم,,,2025-03-16 16:35:54,,True,admin
PRYG001608,البراعم,,,2025-03-16 16:54:36,,True,admin
PRYG001609,الإعدادي,,,2025-03-16 16:57:21,,True,admin
PRYG001610,البراعم,,,2025-03-16 16:58:15,,True,admin
PRYG001611,البراعم,,,2025-03-16 17:01:15,,True,admin
PRYG001612,البراعم,,,2025-03-16 17:39:55,,True,admin
PRYG001613,الإعدادي,,,2025-03-16 17:44:22,,True,admin
PRYG001614,البراعم,,,2025-03-16 17:54:21,,True,admin
PRYG001615,البراعم,,,2025-03-16 17:54:41,,True,admin
PRYG001616,الثانوي,,,2025-03-16 18:00:50,,True,admin
PRYG001617,الإعدادي,,,2025-03-16 18:11:36,,True,admin
PRYG001618,البراعم,,,2025-03-16 18:16:21,,True,admin
PRYG001619,البراعم,,,2025-03-16 18:19:50,,True,admin
PRYG001620,الثانوي,,,2025-03-16 18:20:26,,True,admin
PRYG001621,الإعدادي,,,2025-03-16 18:28:08,,True,admin
PRYG001622,الإعدادي,,,2025-03-16 18:57:01,,True,admin
PRYG001623,البراعم,,,2025-03-16 19:00:22,,True,admin
PRYG001624,البراعم,,,2025-03-16 19:00:55,,True,admin
PRYG001625,الإعدادي,,,2025-03-16 19:24:57,,True,admin
PRYG001626,الثانوي,,,2025-03-16 19:26:14,,True,admin
PRYG001627,البراعم,,,2025-03-16 19:34:14,,True,admin
PRYG001628,البراعم,,,2025-03-16 19:42:40,,True,admin
PRYG001629,البراعم,,,2025-03-16 19:53:13,,True,admin
PRYG001630,البراعم,,,2025-03-16 20:12:09,,True,admin
PRYG001631,البراعم,,,2025-03-16 20:14:13,,True,admin
PRYG001632,الإعدادي,,,2025-03-16 20:18:24,,True,admin
PRYG001633,البراعم,,,2025-03-16 20:30:45,,True,admin
PRYG001634,الإعدادي,,,2025-03-16 20:41:43,,True,admin
PRYG001635,الثانوي,,,2025-03-16 20:43:00,,True,admin
PRYG001636,البراعم,,,2025-03-16 20:53:18,,True,admin
PRYG001637,البراعم,,,2025-03-16 21:00:00,,True,admin
PRYG001638,البراعم,,,2025-03-16 21:00:54,,True,admin
PRYG001639,البراعم,,,2025-03-16 21:02:22,,True,admin
PRYG001640,البراعم,,,2025-03-16 21:02:45,,True,admin
PRYG001641,الثانوي,,,2025-03-16 21:06:03,,True,admin
PRYG001642,الإعدادي,,,2025-03-16 21:12:59,,True,admin
PRYG001643,الإعدادي,,,2025-03-16 21:19:31,,True,admin
PRYG001644,الثانوي,,,2025-03-16 21:24:50,,True,admin
PRYG001645,الإعدادي,,,2025-03-16 22:10:08,,True,admin
PRYG001646,البراعم,,,2025-03-16 22:17:37,,True,admin
PRYG001647,البراعم,,,2025-03-16 22:19:42,,True,admin
PRYG001648,الإعدادي,,,2025-03-16 22:26:54,,True,admin
PRYG001649,البراعم,,,2025-03-16 22:35:20,,True,admin
PRYG001650,البراعم,,,2025-03-16 22:53:30,,True,admin
PRYG001651,البراعم,,,2025-03-16 22:55:14,,True,admin
PRYG001652,الإعدادي,,,2025-03-16 23:51:03,,True,admin
PRYG001653,البراعم,,,2025-03-17 03:47:53,,True,admin
PRYG001654,العاملة,,,2025-03-17 07:46:58,,True,admin
PRYG001655,البراعم,,,2025-03-17 07:49:51,,True,admin
PRYG001656,البراعم,,,2025-03-17 08:29:44,,True,admin
PRYG001657,البراعم,,,2025-03-17 08:36:55,,True,admin
PRYG001658,البراعم,,,2025-03-17 08:38:12,,True,admin
PRYG001659,البراعم,,,2025-03-17 08:42:37,,True,admin
PRYG001660,الإعدادي,,,2025-03-17 08:45:41,,True,admin
PRYG001661,البراعم,,,2025-03-17 08:51:50,,True,admin
PRYG001662,البراعم,,,2025-03-17 08:54:17,,True,admin
PRYG001663,البراعم,,,2025-03-17 08:56:47,,True,admin
PRYG001664,البراعم,,,2025-03-17 09:26:23,,True,admin
PRYG001665,البراعم,,,2025-03-17 09:28:38,,True,admin
PRYG001666,البراعم,,,2025-03-17 11:25:36,,True,admin
PRYG001667,البراعم,,,2025-03-17 11:28:25,,True,admin
PRYG001668,الثانوي,,,2025-03-17 14:30:40,,True,admin
PRYG001669,الإعدادي,,,2025-03-17 16:40:29,,True,admin
PRYG001670,البراعم,,,2025-03-17 16:56:02,,True,admin
PRYG001671,البراعم,,,2025-03-17 16:57:31,,True,admin
PRYG001672,البراعم,,,2025-03-17 17:01:26,,True,admin
PRYG001673,البراعم,,,2025-03-17 17:03:38,,True,admin
PRYG001674,البراعم,,,2025-03-17 17:07:59,,True,admin
PRYG001675,البراعم,,,2025-03-17 17:09:34,,True,admin
PRYG001676,البراعم,,,2025-03-17 17:39:35,,True,admin
PRYG001677,العاملة,,,2025-03-17 18:44:42,,True,admin
PRYG001678,الثانوي,,,2025-03-17 21:28:30,,True,admin
PRYG001679,العاملة,,,2025-03-17 21:45:03,,True,admin
PRYG001680,البراعم,,,2025-03-17 23:04:42,,True,admin
PRYG001681,البراعم,,,2025-03-17 23:06:35,,True,admin
PRYG001682,البراعم,,,2025-03-17 23:08:32,,True,admin
PRYG001683,البراعم,,,2025-03-18 00:13:43,,True,admin
PRYG001684,البراعم,,,2025-03-18 00:15:17,,True,admin
PRYG001685,البراعم,,,2025-03-18 00:19:54,,True,admin
PRYG001686,البراعم,,,2025-03-18 00:21:44,,True,admin
PRYG001687,البراعم,,,2025-03-18 00:24:06,,True,admin
PRYG001688,البراعم,,,2025-03-18 00:25:54,,True,admin
PRYG001689,البراعم,,,2025-03-18 00:27:38,,True,admin
PRYG001690,البراعم,,,2025-03-18 00:28:43,,True,admin
PRYG001691,البراعم,,,2025-03-18 00:34:28,,True,admin
PRYG001692,البراعم,,,2025-03-18 00:40:58,,True,admin
PRYG001693,البراعم,,,2025-03-18 00:55:22,,True,admin
PRYG001694,البراعم,,,2025-03-18 01:18:18,,True,admin
PRYG001695,البراعم,,,2025-03-18 01:26:36,,True,admin
PRYG001696,البراعم,,,2025-03-18 01:30:14,,True,admin
PRYG001697,البراعم,,,2025-03-18 01:31:27,,True,admin
PRYG001698,البراعم,,,2025-03-18 01:32:39,,True,admin
PRYG001699,البراعم,,,2025-03-18 01:34:10,,True,admin
PRYG001700,الجامعيّة,,,2025-03-18 01:39:10,,True,admin
PRYG001701,البراعم,,,2025-03-18 07:04:46,,True,admin
PRYG001702,البراعم,,,2025-03-18 07:47:50,,True,admin
PRYG001703,البراعم,,,2025-03-18 07:49:58,,True,admin
PRYG001704,البراعم,,,2025-03-18 07:53:57,,True,admin
PRYG001705,الإعدادي,,,2025-03-18 07:55:34,,True,admin
PRYG001706,البراعم,,,2025-03-18 08:20:56,,True,admin
PRYG001707,البراعم,,,2025-03-18 08:32:36,,True,admin
PRYG001708,البراعم,,,2025-03-18 08:59:38,,True,admin
PRYG001709,البراعم,,,2025-03-18 09:02:04,,True,admin
PRYG001710,البراعم,,,2025-03-18 09:52:52,,True,admin
PRYG001711,البراعم,,,2025-03-18 09:54:10,,True,admin
PRYG001712,البراعم,,,2025-03-18 10:19:24,,True,admin
PRYG001713,البراعم,,,2025-03-18 10:20:39,,True,admin
PRYG001714,البراعم,,,2025-03-18 10:21:57,,True,admin
PRYG001715,البراعم,,,2025-03-18 10:23:04,,True,admin
PRYG001716,البراعم,,,2025-03-18 10:23:11,,True,admin
PRYG001717,البراعم,,,2025-03-18 10:24:34,,True,admin
PRYG001718,البراعم,,,2025-03-18 10:25:00,,True,admin
PRYG001719,البراعم,,,2025-03-18 10:25:40,,True,admin
PRYG001720,البراعم,,,2025-03-18 10:26:54,,True,admin
PRYG001721,البراعم,,,2025-03-18 10:29:11,,True,admin
PRYG001722,البراعم,,,2025-03-18 10:33:19,,True,admin
PRYG001723,الجامعيّة,,,2025-03-18 11:25:12,,True,admin
PRYG001724,البراعم,,,2025-03-18 12:17:01,,True,admin
PRYG001725,البراعم,,,2025-03-18 12:25:51,,True,admin
PRYG001726,البراعم,,,2025-03-18 12:27:11,,True,admin
PRYG001727,البراعم,,,2025-03-18 12:37:11,,True,admin
PRYG001728,الإعدادي,,,2025-03-18 12:42:56,,True,admin
PRYG001729,البراعم,,,2025-03-18 13:00:32,,True,admin
PRYG001730,البراعم,,,2025-03-18 13:02:49,,True,admin
PRYG001731,البراعم,,,2025-03-18 13:04:53,,True,admin
PRYG001732,الثانوي,,,2025-03-18 16:12:24,,True,admin
PRYG001733,البراعم,,,2025-03-18 17:55:02,,True,admin
PRYG001734,الجامعيّة,,,2025-03-19 08:18:14,,True,admin
PRYG001735,الجامعيّة,,,2025-03-19 08:21:04,,True,admin
PRYG001736,البراعم,,,2025-03-19 09:42:00,,True,admin
PRYG001737,الثانوي,,,2025-03-19 13:29:34,,True,admin
PRYG001738,الجامعيّة,,,2025-03-19 13:37:52,,True,admin
PRYG001739,الجامعيّة,,,2025-03-19 14:17:39,,True,admin
PRYG001740,البراعم,,,2025-03-19 14:56:30,,True,admin
PRYG001741,البراعم,,,2025-03-19 14:57:57,,True,admin
PRYG001742,الجامعيّة,,,2025-03-19 15:13:01,,True,admin
PRYG001743,البراعم,,,2025-03-19 15:56:41,,True,admin
PRYG001744,البراعم,,,2025-03-19 16:23:31,,True,admin
PRYG001745,البراعم,,,2025-03-19 16:28:29,,True,admin
PRYG001746,البراعم,,,2025-03-19 16:30:55,,True,admin
PRYG001747,البراعم,,,2025-03-19 17:28:34,,True,admin
PRYG001748,البراعم,,,2025-03-19 17:30:27,,True,admin
PRYG001749,الجامعيّة,,,2025-03-19 18:15:50,,True,admin
PRYG001750,البراعم,,,2025-03-19 20:14:02,,True,admin
PRYG001751,البراعم,,,2025-03-19 20:16:43,,True,admin
PRYG001752,العاملة,,,2025-03-19 23:48:38,,True,admin
PRYG001753,البراعم,,,2025-03-20 11:40:28,,True,admin
PRYG001754,الجامعيّة,,,2025-03-20 11:41:34,,True,admin
PRYG001755,العاملة,,,2025-03-20 12:20:37,,True,admin
PRYG001756,العاملة,,,2025-03-20 12:22:27,,True,admin
PRYG001757,العاملة,,,2025-03-20 12:23:49,,True,admin
PRYG001758,العاملة,,,2025-03-20 12:25:24,,True,admin
PRYG001759,العاملة,,,2025-03-20 12:36:05,,True,admin
PRYG001760,الثانوي,,,2025-03-20 14:25:10,,True,admin
PRYG001761,البراعم,,,2025-03-20 14:31:11,,True,admin
PRYG001762,البراعم,,,2025-03-20 14:33:43,,True,admin
PRYG001763,البراعم,,,2025-03-20 15:10:38,,True,admin
PRYG001764,البراعم,,,2025-03-20 15:14:14,,True,admin
PRYG001765,البراعم,,,2025-03-20 15:37:16,,True,admin
PRYG001766,العاملة,,,2025-03-20 15:37:58,,True,admin
PRYG001767,البراعم,,,2025-03-20 15:57:32,,True,admin
PRYG001768,البراعم,,,2025-03-20 16:28:15,,True,admin
PRYG001769,البراعم,,,2025-03-20 16:44:48,,True,admin
PRYG001770,البراعم,,,2025-03-20 16:47:20,,True,admin
PRYG001771,البراعم,,,2025-03-20 16:48:19,,True,admin
PRYG001772,البراعم,,,2025-03-20 16:49:54,,True,admin
PRYG001773,البراعم,,,2025-03-20 16:51:45,,True,admin
PRYG001774,البراعم,,,2025-03-20 16:55:31,,True,admin
PRYG001775,البراعم,,,2025-03-20 16:57:10,,True,admin
PRYG001776,البراعم,,,2025-03-20 16:59:42,,True,admin
PRYG001777,البراعم,,,2025-03-20 17:06:59,,True,admin
PRYG001778,البراعم,,,2025-03-20 17:12:24,,True,admin
PRYG001779,البراعم,,,2025-03-20 17:12:36,,True,admin
PRYG001780,البراعم,,,2025-03-20 17:16:51,,True,admin
PRYG001781,البراعم,,,2025-03-20 17:17:29,,True,admin
PRYG001782,البراعم,,,2025-03-20 17:19:12,,True,admin
PRYG001783,البراعم,,,2025-03-20 17:47:33,,True,admin
PRYG001784,البراعم,,,2025-03-20 17:48:45,,True,admin
PRYG001785,البراعم,,,2025-03-20 17:51:51,,True,admin
PRYG001786,البراعم,,,2025-03-20 17:52:55,,True,admin
PRYG001787,البراعم,,,2025-03-20 17:58:13,,True,admin
PRYG001788,البراعم,,,2025-03-20 17:59:51,,True,admin
PRYG001789,البراعم,,,2025-03-20 18:01:54,,True,admin
PRYG001790,البراعم,,,2025-03-20 18:01:54,,True,admin
PRYG001791,البراعم,,,2025-03-20 18:04:55,,True,admin
PRYG001792,البراعم,,,2025-03-20 18:07:03,,True,admin
PRYG001793,البراعم,,,2025-03-20 18:11:59,,True,admin
PRYG001794,البراعم,,,2025-03-20 18:14:38,,True,admin
PRYG001795,البراعم,,,2025-03-20 18:17:01,,True,admin
PRYG001796,البراعم,,,2025-03-20 18:20:39,,True,admin
PRYG001797,البراعم,,,2025-03-20 18:29:04,,True,admin
PRYG001798,البراعم,,,2025-03-20 18:30:55,,True,admin
PRYG001799,البراعم,,,2025-03-20 18:31:31,,True,admin
PRYG001800,البراعم,,,2025-03-20 18:31:46,,True,admin
PRYG001801,البراعم,,,2025-03-20 18:32:32,,True,admin
PRYG001802,البراعم,,,2025-03-20 18:33:27,,True,admin
PRYG001803,البراعم,,,2025-03-20 18:34:24,,True,admin
PRYG001804,البراعم,,,2025-03-20 18:36:08,,True,admin
PRYG001805,البراعم,,,2025-03-20 18:38:13,,True,admin
PRYG001806,البراعم,,,2025-03-20 18:40:07,,True,admin
PRYG001807,البراعم,,,2025-03-20 18:44:47,,True,admin
PRYG001808,البراعم,,,2025-03-20 18:45:03,,True,admin
PRYG001809,البراعم,,,2025-03-20 18:47:07,,True,admin
PRYG001810,البراعم,,,2025-03-20 18:52:05,,True,admin
PRYG001811,البراعم,,,2025-03-20 18:53:49,,True,admin
PRYG001812,البراعم,,,2025-03-20 18:55:37,,True,admin
PRYG001813,البراعم,,,2025-03-20 19:39:58,,True,admin
PRYG001814,البراعم,,,2025-03-20 19:43:18,,True,admin
PRYG001815,البراعم,,,2025-03-20 19:45:03,,True,admin
PRYG001816,البراعم,,,2025-03-20 19:53:16,,True,admin
PRYG001817,البراعم,,,2025-03-30 15:23:41,,True,admin
PRYG001818,الإعدادي,,,2025-03-20 19:57:16,,True,admin
PRYG001819,الإعدادي,,,2025-03-20 19:58:27,,True,admin
PRYG001820,الإعدادي,,,2025-03-20 19:58:41,,True,admin
PRYG001821,الإعدادي,,,2025-03-20 19:59:49,,True,admin
PRYG001822,الإعدادي,,,2025-03-20 20:07:58,,True,admin
PRYG001823,الإعدادي,,,2025-03-20 20:14:15,,True,admin
PRYG001824,البراعم,,,2025-03-20 20:43:09,,True,admin
PRYG001825,الإعدادي,,,2025-03-20 21:11:50,,True,admin
PRYG001826,الإعدادي,,,2025-03-20 21:19:35,,True,admin
PRYG001827,الثانوي,,,2025-03-20 21:36:46,,True,admin
PRYG001828,الثانوي,,,2025-03-20 21:40:38,,True,admin
PRYG001829,الإعدادي,,,2025-03-20 21:44:45,,True,admin
PRYG001830,البراعم,,,2025-03-20 23:01:39,,True,admin
PRYG001831,الإعدادي,,,2025-03-20 23:03:22,,True,admin
PRYG001832,العاملة,,,2025-03-20 23:30:35,,True,admin
PRYG001833,الإعدادي,,,2025-03-20 23:49:35,,True,admin
PRYG001834,البراعم,,,2025-03-20 23:55:40,,True,admin
PRYG001835,البراعم,,,2025-03-21 01:52:03,,True,admin
PRYG001836,البراعم,,,2025-03-21 10:15:00,,True,admin
PRYG001837,البراعم,,,2025-03-21 11:06:17,,True,admin
PRYG001838,البراعم,,,2025-03-21 11:07:00,,True,admin
PRYG001839,البراعم,,,2025-03-21 12:09:47,,True,admin
PRYG001840,البراعم,,,2025-03-21 12:37:38,,True,admin
PRYG001841,البراعم,,,2025-03-21 12:13:26,,True,admin
PRYG001842,البراعم,,,2025-03-21 14:15:59,,True,admin
PRYG001843,البراعم,,,2025-03-21 12:15:41,,True,admin
PRYG001844,البراعم,,,2025-03-21 12:49:31,,True,admin
PRYG001845,البراعم,,,2025-03-21 13:04:24,,True,admin
PRYG001846,الإعدادي,,,2025-03-21 17:59:29,,True,admin
PRYG001847,الإعدادي,,,2025-03-21 18:00:33,,True,admin
PRYG001848,العاملة,,,2025-03-21 18:47:34,,True,admin
PRYG001849,البراعم,,,2025-03-21 22:41:30,,True,admin
PRYG001850,البراعم,,,2025-03-21 23:10:27,,True,admin
PRYG001851,البراعم,,,2025-03-22 08:15:47,,True,admin
PRYG001852,البراعم,,,2025-03-22 08:18:09,,True,admin
PRYG001853,البراعم,,,2025-03-22 10:50:59,,True,admin
PRYG001854,البراعم,,,2025-03-30 15:40:46,,True,admin
PRYG001855,البراعم,,,2025-03-22 13:39:49,,True,admin
PRYG001856,البراعم,,,2025-03-22 14:18:27,,True,admin
PRYG001857,البراعم,,,2025-03-22 14:20:08,,True,admin
PRYG001858,الثانوي,,,2025-03-22 14:28:09,,True,admin
PRYG001859,الثانوي,,,2025-03-22 14:37:52,,True,admin
PRYG001860,الثانوي,,,2025-03-22 15:07:45,,True,admin
PRYG001861,البراعم,,,2025-03-22 15:31:18,,True,admin
PRYG001862,البراعم,,,2025-03-22 15:33:53,,True,admin
PRYG001863,البراعم,,,2025-03-22 15:36:52,,True,admin
PRYG001864,البراعم,,,2025-03-22 15:38:56,,True,admin
PRYG001865,البراعم,,,2025-03-22 15:46:37,,True,admin
PRYG001866,البراعم,,,2025-03-22 15:52:12,,True,admin
PRYG001867,البراعم,,,2025-03-22 15:57:52,,True,admin
PRYG001868,البراعم,,,2025-03-22 15:59:19,,True,admin
PRYG001869,البراعم,,,2025-03-22 16:03:47,,True,admin
PRYG001870,البراعم,,,2025-03-22 16:08:46,,True,admin
PRYG001871,الثانوي,,,2025-03-22 16:11:51,,True,admin
PRYG001872,الثانوي,,,2025-03-22 16:12:24,,True,admin
PRYG001873,البراعم,,,2025-03-22 16:12:46,,True,admin
PRYG001874,الثانوي,,,2025-03-22 16:12:53,,True,admin
PRYG001875,البراعم,,,2025-03-22 16:13:58,,True,admin
PRYG001876,البراعم,,,2025-03-22 16:14:12,,True,admin
PRYG001877,البراعم,,,2025-03-22 16:15:21,,True,admin
PRYG001878,الثانوي,,,2025-03-22 16:15:35,,True,admin
PRYG001879,الثانوي,,,2025-03-22 16:15:55,,True,admin
PRYG001880,الثانوي,,,2025-03-22 16:19:07,,True,admin
PRYG001881,الإعدادي,,,2025-03-22 16:19:23,,True,admin
PRYG001882,البراعم,,,2025-03-22 16:23:01,,True,admin
PRYG001883,البراعم,,,2025-03-22 16:23:03,,True,admin
PRYG001884,البراعم,,,2025-03-22 16:25:14,,True,admin
PRYG001885,البراعم,,,2025-03-22 16:26:50,,True,admin
PRYG001886,البراعم,,,2025-03-22 16:28:31,,True,admin
PRYG001887,البراعم,,,2025-03-22 16:29:59,,True,admin
PRYG001888,البراعم,,,2025-03-22 16:45:12,,True,admin
PRYG001889,البراعم,,,2025-03-22 17:03:04,,True,admin
PRYG001890,البراعم,,,2025-03-22 17:07:21,,True,admin
PRYG001891,البراعم,,,2025-03-22 17:42:15,,True,admin
PRYG001892,الجامعيّة,,,2025-03-22 17:47:17,,True,admin
PRYG001893,الثانوي,,,2025-03-22 18:04:33,,True,admin
PRYG001894,العاملة,,,2025-03-22 19:10:01,,True,admin
PRYG001895,العاملة,,,2025-03-22 19:10:27,,True,admin
PRYG001896,الجامعيّة,,,2025-03-22 19:12:33,,True,admin
PRYG001897,العاملة,,,2025-03-22 19:13:10,,True,admin
PRYG001898,الجامعيّة,,,2025-03-22 19:14:51,,True,admin
PRYG001899,الجامعيّة,,,2025-03-22 19:25:40,,True,admin
PRYG001900,الجامعيّة,,,2025-03-22 19:26:40,,True,admin
PRYG001901,البراعم,,,2025-03-22 19:28:40,,True,admin
PRYG001902,البراعم,,,2025-03-22 19:29:40,,True,admin
PRYG001903,البراعم,,,2025-03-22 19:30:32,,True,admin
PRYG001904,البراعم,,,2025-03-22 19:33:48,,True,admin
PRYG001905,البراعم,,,2025-03-22 19:37:26,,True,admin
PRYG001906,العاملة,,,2025-03-22 19:40:15,,True,admin
PRYG001907,البراعم,,,2025-03-22 20:00:12,,True,admin
PRYG001908,الجامعيّة,,,2025-03-22 20:03:10,,True,admin
PRYG001909,البراعم,,,2025-03-22 20:12:25,,True,admin
PRYG001910,البراعم,,,2025-03-22 20:13:35,,True,admin
PRYG001911,البراعم,,,2025-03-22 20:18:43,,True,admin
PRYG001912,البراعم,,,2025-03-22 20:20:08,,True,admin
PRYG001913,البراعم,,,2025-03-22 20:25:43,,True,admin
PRYG001914,العاملة,,,2025-03-22 20:30:25,,True,admin
PRYG001915,الثانوي,,,2025-03-22 20:30:52,,True,admin
PRYG001916,البراعم,,,2025-03-22 20:40:25,,True,admin
PRYG001917,الجامعيّة,,,2025-03-22 20:51:25,,True,admin
PRYG001918,العاملة,,,2025-03-22 20:53:15,,True,admin
PRYG001919,البراعم,,,2025-03-22 21:08:00,,True,admin
PRYG001920,البراعم,,,2025-03-22 21:10:40,,True,admin
PRYG001921,البراعم,,,2025-03-22 21:40:50,,True,admin
PRYG001922,الجامعيّة,,,2025-03-22 22:09:35,,True,admin
PRYG001923,الجامعيّة,,,2025-03-22 22:09:47,,True,admin
PRYG001924,العاملة,,,2025-03-22 23:24:09,,True,admin
PRYG001925,البراعم,,,2025-03-22 23:34:54,,True,admin
PRYG001926,البراعم,,,2025-03-22 23:36:37,,True,admin
PRYG001927,الجامعيّة,,,2025-03-22 23:50:18,,True,admin
PRYG001928,البراعم,,,2025-03-23 03:19:33,,True,admin
PRYG001929,البراعم,,,2025-03-23 09:52:50,,True,admin
PRYG001930,الثانوي,,,2025-03-23 11:01:06,,True,admin
PRYG001931,البراعم,,,2025-03-23 18:32:42,,True,admin
PRYG001932,الإعدادي,,,2025-03-23 18:35:21,,True,admin
PRYG001933,البراعم,,,2025-03-23 18:37:18,,True,admin
PRYG001934,الجامعيّة,,,2025-03-23 22:21:34,,True,admin
PRYG001935,الجامعيّة,,,2025-03-24 10:38:39,,True,admin
PRYG001936,البراعم,,,2025-03-24 17:13:50,,True,admin
PRYG001937,العاملة,,,2025-03-24 17:30:35,,True,admin
PRYG001938,البراعم,,,2025-03-24 17:34:43,,True,admin
PRYG001939,البراعم,,,2025-03-24 17:36:43,,True,admin
PRYG001940,البراعم,,,2025-03-24 17:39:35,,True,admin
PRYG001941,الثانوي,,,2025-03-24 17:47:40,,True,admin
PRYG001942,البراعم,,,2025-03-24 17:50:11,,True,admin
PRYG001943,الجامعيّة,,,2025-03-24 17:57:57,,True,admin
PRYG001944,البراعم,,,2025-03-24 18:01:06,,True,admin
PRYG001945,البراعم,,,2025-03-24 18:03:27,,True,admin
PRYG001946,الإعدادي,,,2025-03-24 18:03:29,,True,admin
PRYG001947,البراعم,,,2025-03-24 18:06:11,,True,admin
PRYG001948,البراعم,,,2025-03-24 18:10:01,,True,admin
PRYG001949,الثانوي,,,2025-03-24 18:36:34,,True,admin
PRYG001950,الإعدادي,,,2025-03-24 18:39:58,,True,admin
PRYG001951,البراعم,,,2025-03-24 18:41:29,,True,admin
PRYG001952,الإعدادي,,,2025-03-24 19:40:38,,True,admin
PRYG001953,الجامعيّة,,,2025-03-24 21:05:03,,True,admin
PRYG001954,الثانوي,,,2025-03-24 21:30:23,,True,admin
PRYG001955,الإعدادي,,,2025-03-24 21:33:04,,True,admin
PRYG001956,الإعدادي,,,2025-03-24 21:36:38,,True,admin
PRYG001957,الإعدادي,,,2025-03-24 21:49:41,,True,admin
PRYG001958,الإعدادي,,,2025-03-24 22:06:32,,True,admin
PRYG001959,الإعدادي,,,2025-03-24 22:27:16,,True,admin
PRYG001960,الإعدادي,,,2025-03-24 22:28:59,,True,admin
PRYG001961,الإعدادي,,,2025-03-24 22:42:32,,True,admin
PRYG001962,البراعم,,,2025-03-25 00:49:48,,True,admin
PRYG001963,الجامعيّة,,,2025-03-25 01:45:51,,True,admin
PRYG001964,الإعدادي,,,2025-03-25 08:04:00,,True,admin
PRYG001965,البراعم,,,2025-03-25 08:44:20,,True,admin
PRYG001966,الثانوي,,,2025-03-25 21:22:56,,True,admin
PRYG001967,الثانوي,,,2025-03-25 21:56:01,,True,admin
PRYG001968,الإعدادي,,,2025-03-26 21:33:19,,True,admin
PRYG001969,الإعدادي,,,2025-03-26 21:34:45,,True,admin
PRYG001970,الجامعيّة,,,2025-03-26 23:47:23,,True,admin
PRYG001971,البراعم,,,2025-03-27 09:30:38,,True,admin
PRYG001972,البراعم,,,2025-03-27 09:31:11,,True,admin
PRYG001973,البراعم,,,2025-03-27 09:40:50,,True,admin
PRYG001974,الإعدادي,,,2025-03-27 17:32:56,,True,admin
PRYG001975,الثانوي,,,2025-03-27 17:33:02,,True,admin
PRYG001975,الإعدادي,,,2025-03-27 17:33:02,,True,admin
PRYG001975,البراعم,,,2025-03-27 17:33:02,,True,admin
PRYG001976,الإعدادي,,,2025-03-27 17:34:46,,True,admin
PRYG001977,الإعدادي,,,2025-03-27 17:34:53,,True,admin
PRYG001978,الثانوي,,,2025-03-27 17:35:11,,True,admin
PRYG001979,الثانوي,,,2025-03-27 17:35:20,,True,admin
PRYG001980,الإعدادي,,,2025-03-27 17:35:23,,True,admin
PRYG001981,الثانوي,,,2025-03-27 17:36:10,,True,admin
PRYG001982,الإعدادي,,,2025-03-27 17:37:00,,True,admin
PRYG001983,الإعدادي,,,2025-03-27 17:37:15,,True,admin
PRYG001984,الإعدادي,,,2025-03-27 17:37:20,,True,admin
PRYG001985,الإعدادي,,,2025-03-27 17:38:18,,True,admin
PRYG001986,الإعدادي,,,2025-03-27 17:38:52,,True,admin
PRYG001987,الثانوي,,,2025-03-27 17:39:58,,True,admin
PRYG001988,الإعدادي,,,2025-03-27 17:41:04,,True,admin
PRYG001989,الثانوي,,,2025-03-27 17:41:35,,True,admin
PRYG001990,العاملة,,,2025-03-27 20:53:21,,True,admin
PRYG001991,البراعم,,,2025-03-27 21:17:00,,True,admin
PRYG001992,البراعم,,,2025-03-27 23:22:19,,True,admin
PRYG001993,البراعم,,,2025-03-27 23:26:01,,True,admin
PRYG001994,البراعم,,,2025-03-27 23:39:42,,True,admin
PRYG001995,البراعم,,,2025-03-28 09:49:04,,True,admin
PRYG001996,الإعدادي,,,2025-03-28 11:17:39,,True,admin
PRYG001997,البراعم,,,2025-03-28 16:28:02,,True,admin
PRYG001998,البراعم,,,2025-03-28 16:30:02,,True,admin
PRYG001999,الإعدادي,,,2025-03-28 17:30:30,,True,admin
PRYG002000,البراعم,,,2025-03-28 21:24:04,,True,admin
PRYG002001,البراعم,,,2025-03-28 21:27:45,,True,admin
PRYG002002,البراعم,,,2025-03-28 21:28:30,,True,admin
PRYG002003,البراعم,,,2025-03-28 21:28:56,,True,admin
PRYG002004,البراعم,,,2025-03-28 21:30:16,,True,admin
PRYG002005,البراعم,,,2025-03-28 21:41:46,,True,admin
PRYG002006,البراعم,,,2025-03-28 21:44:43,,True,admin
PRYG002007,الثانوي,,,2025-03-28 23:12:14,,True,admin
PRYG002008,الثانوي,,,2025-03-28 23:14:03,,True,admin
PRYG002009,الثانوي,,,2025-03-28 23:14:16,,True,admin
PRYG002010,الثانوي,,,2025-03-28 23:15:18,,True,admin
PRYG002011,الثانوي,,,2025-03-28 23:16:58,,True,admin
PRYG002012,الثانوي,,,2025-03-28 23:18:01,,True,admin
PRYG002013,الثانوي,,,2025-03-28 23:19:12,,True,admin
PRYG002014,الجامعيّة,,,2025-03-28 23:22:24,,True,admin
PRYG002015,الثانوي,,,2025-03-28 23:28:32,,True,admin
PRYG002016,الثانوي,,,2025-03-28 23:28:53,,True,admin
PRYG002017,الثانوي,,,2025-03-28 23:35:36,,True,admin
PRYG002018,الثانوي,,,2025-03-28 23:38:17,,True,admin
PRYG002019,الثانوي,,,2025-03-28 23:42:09,,True,admin
PRYG002020,البراعم,,,2025-03-29 00:39:34,,True,admin
PRYG002021,البراعم,,,2025-03-29 00:41:57,,True,admin
PRYG002022,الثانوي,,,2025-03-29 01:02:53,,True,admin
PRYG002023,البراعم,,,2025-03-29 09:33:31,,True,admin
PRYG002024,الجامعيّة,,,2025-03-29 11:41:15,,True,admin
PRYG002025,العاملة,,,2025-03-29 12:47:51,,True,admin
PRYG002026,البراعم,,,2025-03-29 14:52:45,,True,admin
PRYG002027,الثانوي,,,2025-03-29 15:50:14,,True,admin
PRYG002028,الإعدادي,,,2025-03-29 18:06:48,,True,admin
PRYG002029,الإعدادي,,,2025-03-29 18:07:08,,True,admin
PRYG002030,الثانوي,,,2025-03-29 22:29:52,,True,admin
PRYG002031,الإعدادي,,,2025-03-29 23:21:08,,True,admin
PRYG002032,البراعم,,,2025-03-29 23:46:28,,True,admin
PRYG002033,البراعم,,,2025-03-30 10:01:36,,True,admin
PRYG002034,الإعدادي,,,2025-03-30 10:06:37,,True,admin
PRYG002035,البراعم,,,2025-03-30 10:57:48,,True,admin
PRYG002036,البراعم,,,2025-03-30 10:58:55,,True,admin
PRYG002037,الثانوي,,,2025-03-30 11:22:01,,True,admin
PRYG002038,الثانوي,,,2025-03-30 12:00:41,,True,admin
PRYG002039,البراعم,,,2025-03-30 12:20:28,,True,admin
PRYG002040,البراعم,,,2025-03-30 12:22:56,,True,admin
PRYG002041,البراعم,,,2025-03-30 12:40:49,,True,admin
PRYG002042,البراعم,,,2025-09-10 22:03:11,,True,admin
PRYG002043,البراعم,,,2025-03-30 12:44:04,,True,admin
PRYG002044,البراعم,,,2025-03-30 12:45:30,,True,admin
PRYG002045,البراعم,,,2025-09-10 22:09:37,,True,admin
PRYG002046,الإعدادي,,,2025-03-30 12:45:55,,True,admin
PRYG002047,الثانوي,,,2025-03-30 14:33:32,,True,admin
PRYG002048,الثانوي,,,2025-03-30 14:34:59,,True,admin
PRYG002049,البراعم,,,2025-03-30 14:54:53,,True,admin
PRYG002050,البراعم,,,2025-03-30 15:05:26,,True,admin
PRYG002051,البراعم,,,2025-03-30 15:06:30,,True,admin
PRYG002052,البراعم,,,2025-03-30 15:06:49,,True,admin
PRYG002053,البراعم,,,2025-03-30 15:13:10,,True,admin
PRYG002054,البراعم,,,2025-03-30 15:15:18,,True,admin
PRYG002055,البراعم,,,2025-03-30 15:18:20,,True,admin
PRYG002056,البراعم,,,2025-03-30 15:20:55,,True,admin
PRYG002057,البراعم,,,2025-03-30 15:21:26,,True,admin
PRYG002058,البراعم,,,2025-03-30 15:21:58,,True,admin
PRYG002059,البراعم,,,2025-03-30 15:25:48,,True,admin
PRYG002060,البراعم,,,2025-03-30 15:28:25,,True,admin
PRYG002061,البراعم,,,2025-03-30 15:29:56,,True,admin
PRYG002062,البراعم,,,2025-03-30 15:36:15,,True,admin
PRYG002063,البراعم,,,2025-03-30 15:49:41,,True,admin
PRYG002064,البراعم,,,2025-03-30 15:53:17,,True,admin
PRYG002065,الإعدادي,,,2025-03-30 16:50:29,,True,admin
PRYG002066,الإعدادي,,,2025-03-30 16:53:47,,True,admin
PRYG002067,الإعدادي,,,2025-03-30 16:55:32,,True,admin
PRYG002068,الإعدادي,,,2025-03-30 16:57:15,,True,admin
PRYG002069,الإعدادي,,,2025-03-30 16:57:22,,True,admin
PRYG002070,البراعم,,,2025-03-30 17:03:08,,True,admin
PRYG002071,البراعم,,,2025-03-30 17:05:26,,True,admin
PRYG002072,البراعم,,,2025-03-30 17:05:53,,True,admin
PRYG002073,البراعم,,,2025-03-30 17:07:27,,True,admin
PRYG002074,الإعدادي,,,2025-03-30 17:23:27,,True,admin
PRYG002075,الإعدادي,,,2025-03-30 17:24:35,,True,admin
PRYG002076,الإعدادي,,,2025-03-30 17:26:43,,True,admin
PRYG002077,البراعم,,,2025-03-30 17:28:20,,True,admin
PRYG002078,البراعم,,,2025-03-30 17:32:44,,True,admin
PRYG002079,البراعم,,,2025-03-30 17:33:48,,True,admin
PRYG002080,البراعم,,,2025-03-30 17:35:32,,True,admin
PRYG002081,البراعم,,,2025-03-30 18:56:35,,True,admin
PRYG002082,البراعم,,,2025-03-30 19:26:55,,True,admin
PRYG002083,البراعم,,,2025-03-30 19:26:55,,True,admin
PRYG002084,الإعدادي,,,2025-03-30 19:28:39,,True,admin
PRYG002085,البراعم,,,2025-03-30 20:42:33,,True,admin
PRYG002086,البراعم,,,2025-03-30 20:45:45,,True,admin
PRYG002087,البراعم,,,2025-03-30 20:48:20,,True,admin
PRYG002088,الإعدادي,,,2025-03-30 21:22:43,,True,admin
PRYG002089,الثانوي,,,2025-03-30 21:56:44,,True,admin
PRYG002090,البراعم,,,2025-03-30 22:07:17,,True,admin
PRYG002091,البراعم,,,2025-03-30 22:12:47,,True,admin
PRYG002092,الإعدادي,,,2025-03-30 22:27:51,,True,admin
PRYG002093,البراعم,,,2025-03-30 22:37:26,,True,admin
PRYG002094,البراعم,,,2025-03-30 22:40:39,,True,admin
PRYG002095,الثانوي,,,2025-03-31 00:03:18,,True,admin
PRYG002096,البراعم,,,2025-03-31 02:22:34,,True,admin
PRYG002097,البراعم,,,2025-03-31 02:24:10,,True,admin
PRYG002098,الثانوي,,,2025-03-31 13:36:29,,True,admin
PRYG002099,البراعم,,,2025-03-31 14:05:08,,True,admin
PRYG002100,البراعم,,,2025-03-31 14:18:11,,True,admin
PRYG002101,البراعم,,,2025-03-31 14:20:08,,True,admin
PRYG002102,الإعدادي,,,2025-03-31 14:41:36,,True,admin
PRYG002103,الإعدادي,,,2025-03-31 14:43:56,,True,admin
PRYG002104,البراعم,,,2025-03-31 14:44:53,,True,admin
PRYG002105,البراعم,,,2025-03-31 15:25:28,,True,admin
PRYG002106,الإعدادي,,,2025-03-31 16:00:00,,True,admin
PRYG002107,الثانوي,,,2025-03-31 17:51:13,,True,admin
PRYG002108,الإعدادي,,,2025-03-31 20:35:34,,True,admin
PRYG002109,الإعدادي,,,2025-03-31 20:37:10,,True,admin
PRYG002110,الإعدادي,,,2025-03-31 20:46:33,,True,admin
PRYG002111,الإعدادي,,,2025-03-31 20:48:28,,True,admin
PRYG002112,الإعدادي,,,2025-03-31 22:29:52,,True,admin
PRYG002113,البراعم,,,2025-03-31 22:31:30,,True,admin
PRYG002114,الإعدادي,,,2025-04-01 10:42:57,,True,admin
PRYG002115,الإعدادي,,,2025-04-01 10:45:04,,True,admin
PRYG002116,الثانوي,,,2025-04-01 13:21:32,,True,admin
PRYG002117,الثانوي,,,2025-04-01 15:34:50,,True,admin
PRYG002118,الإعدادي,,,2025-04-01 18:35:47,,True,admin
PRYG002119,البراعم,,,2025-04-01 21:32:26,,True,admin
PRYG002120,البراعم,,,2025-04-01 21:36:24,,True,admin
PRYG002121,البراعم,,,2025-04-01 21:38:54,,True,admin
PRYG002122,الثانوي,,,2025-04-02 11:01:22,,True,admin
PRYG002123,البراعم,,,2025-04-02 14:50:27,,True,admin
PRYG002124,البراعم,,,2025-04-02 14:52:13,,True,admin
PRYG002125,العاملة,,,2025-04-02 21:05:39,,True,admin
PRYG002126,العاملة,,,2025-04-02 21:38:11,,True,admin
PRYG002127,العاملة,,,2025-04-03 11:11:53,,True,admin
PRYG002128,العاملة,,,2025-04-03 11:20:40,,True,admin
PRYG002129,العاملة,,,2025-04-03 11:22:31,,True,admin
PRYG002130,العاملة,,,2025-06-16 18:07:13,,True,admin
PRYG002131,الجامعيّة,,,2025-04-03 11:23:41,,True,admin
PRYG002132,الإعدادي,,,2025-04-04 15:18:51,,True,admin
PRYG002133,الثانوي,,,2025-04-04 15:25:17,,True,admin
PRYG002134,الثانوي,,,2025-04-04 15:45:17,,True,admin
PRYG002135,الثانوي,,,2025-04-04 17:18:40,,True,admin
PRYG002136,البراعم,,,2025-04-04 20:37:07,,True,admin
PRYG002137,الثانوي,,,2025-04-04 20:38:24,,True,admin
PRYG002137,الإعدادي,2022-03-16,,2025-04-04 20:38:24,,True,admin
PRYG002138,الثانوي,2022-03-16,,2025-04-04 22:09:12,,True,admin
PRYG002139,الثانوي,2023-03-16,,2025-04-04 22:09:38,,True,admin
PRYG002140,العاملة,,,2025-04-05 09:51:11,,True,admin
PRYG002141,الثانوي,,,2025-04-05 19:39:13,,True,admin
PRYG002142,الثانوي,,,2025-04-05 19:39:30,,True,admin
PRYG002143,الثانوي,,,2025-04-05 19:44:28,,True,admin
PRYG002144,الثانوي,,,2025-04-05 20:02:13,,True,admin
PRYG002145,الثانوي,,,2025-04-05 20:18:37,,True,admin
PRYG002146,البراعم,,,2025-04-05 22:13:43,,True,admin
PRYG002147,الثانوي,,,2025-04-05 22:43:03,,True,admin
PRYG002148,الإعدادي,,,2025-04-06 19:09:34,,True,admin
PRYG002149,الإعدادي,,,2025-04-06 19:11:15,,True,admin
PRYG002150,الإعدادي,,,2025-04-07 18:44:05,,True,admin
PRYG002151,الإعدادي,,,2025-04-07 19:12:51,,True,admin
PRYG002152,الإعدادي,,,2025-04-07 19:14:26,,True,admin
PRYG002153,الإعدادي,,,2025-04-07 19:17:19,,True,admin
PRYG002154,الإعدادي,,,2025-04-07 19:18:32,,True,admin
PRYG002155,الإعدادي,,,2025-04-07 19:19:48,,True,admin
PRYG002156,الإعدادي,,,2025-04-07 19:20:10,,True,admin
PRYG002157,الإعدادي,,,2025-04-07 19:21:31,,True,admin
PRYG002158,الإعدادي,,,2025-04-07 19:21:51,,True,admin
PRYG002159,الإعدادي,,,2025-04-07 19:22:31,,True,admin
PRYG002160,الإعدادي,,,2025-04-07 19:23:11,,True,admin
PRYG002161,الإعدادي,,,2025-04-07 19:23:50,,True,admin
PRYG002162,الإعدادي,,,2025-04-07 19:43:52,,True,admin
PRYG002163,الإعدادي,,,2025-04-07 22:49:24,,True,admin
PRYG002164,الثانوي,,,2025-04-08 13:34:59,,True,admin
PRYG002165,الثانوي,,,2025-04-08 16:52:15,,True,admin
PRYG002166,الإعدادي,,,2025-04-09 23:24:34,,True,admin
PRYG002167,البراعم,,,2025-04-10 07:56:46,,True,admin
PRYG002168,البراعم,,,2025-04-10 07:58:09,,True,admin
PRYG002169,البراعم,,,2025-04-10 07:59:27,,True,admin
PRYG002170,البراعم,,,2025-04-12 22:03:58,,True,admin
PRYG002171,البراعم,,,2025-04-12 22:04:22,,True,admin
PRYG002172,الإعدادي,,,2025-04-17 16:01:47,,True,admin
PRYG002173,الجامعيّة,,,2025-04-17 22:44:27,,True,admin
PRYG002174,الجامعيّة,,,2025-04-17 23:12:13,,True,admin
PRYG002175,العاملة,,,2025-04-18 19:52:40,,True,admin
PRYG002176,العاملة,,,2025-04-18 23:45:23,,True,admin
PRYG002177,الثانوي,,,2025-04-21 14:55:58,,True,admin
PRYG002178,الثانوي,,,2025-04-21 14:58:51,,True,admin
PRYG002179,الثانوي,,,2025-04-21 14:59:55,,True,admin
PRYG002180,الثانوي,,,2025-04-21 15:00:37,,True,admin
PRYG002181,الثانوي,,,2025-04-21 15:01:45,,True,admin
PRYG002182,الثانوي,,,2025-04-21 15:11:51,,True,admin
PRYG002183,الثانوي,,,2025-04-21 15:15:50,,True,admin
PRYG002184,الثانوي,,,2025-04-21 15:33:42,,True,admin
PRYG002185,الثانوي,,,2025-04-21 16:08:58,,True,admin
PRYG002186,الثانوي,,,2025-04-21 16:08:59,,True,admin
PRYG002187,الثانوي,,,2025-04-21 16:26:05,,True,admin
PRYG002188,الثانوي,,,2025-04-21 16:35:25,,True,admin
PRYG002189,الثانوي,,,2025-04-21 18:05:20,,True,admin
PRYG002190,الثانوي,,,2025-04-21 19:46:01,,True,admin
PRYG002191,الثانوي,,,2025-04-21 23:59:29,,True,admin
PRYG002192,الثانوي,,,2025-04-22 00:15:10,,True,admin
PRYG002193,الثانوي,,,2025-04-22 14:40:12,,True,admin
PRYG002194,الثانوي,,,2025-04-22 17:29:07,,True,admin
PRYG002195,الثانوي,,,2025-04-22 18:50:30,,True,admin
PRYG002196,الثانوي,,,2025-04-22 22:49:19,,True,admin
PRYG002197,الثانوي,,,2025-04-23 18:28:56,,True,admin
PRYG002198,البراعم,,,2025-04-23 22:17:32,,True,admin
PRYG002199,البراعم,,,2025-04-23 22:24:30,,True,admin
PRYG002200,البراعم,,,2025-04-23 23:10:34,,True,admin
PRYG002201,البراعم,,,2025-04-23 23:28:02,,True,admin
PRYG002202,البراعم,,,2025-04-24 01:09:45,,True,admin
PRYG002203,البراعم,,,2025-04-24 09:59:21,,True,admin
PRYG002204,البراعم,,,2025-04-24 10:03:27,,True,admin
PRYG002205,البراعم,,,2025-04-24 12:12:31,,True,admin
PRYG002206,الجامعيّة,,,2025-04-26 14:11:38,,True,admin
PRYG002207,العاملة,,,2025-04-27 12:39:08,,True,admin
PRYG002208,الجامعيّة,,,2025-04-27 16:35:38,,True,admin
PRYG002209,العاملة,,,2025-04-28 18:12:07,,True,admin
PRYG002210,العاملة,,,2025-04-28 19:10:37,,True,admin
PRYG002211,الإعدادي,,,2025-05-01 12:43:13,,True,admin
PRYG002212,البراعم,,,2025-05-01 13:42:47,,True,admin
PRYG002213,البراعم,,,2025-05-01 13:45:00,,True,admin
PRYG002214,البراعم,,,2025-05-01 13:48:29,,True,admin
PRYG002215,البراعم,,,2025-05-01 13:49:42,,True,admin
PRYG002216,البراعم,,,2025-05-01 13:51:53,,True,admin
PRYG002217,البراعم,,,2025-05-01 13:53:38,,True,admin
PRYG002218,البراعم,,,2025-05-01 13:55:26,,True,admin
PRYG002219,البراعم,,,2025-05-01 13:56:40,,True,admin
PRYG002220,البراعم,,,2025-05-01 13:57:55,,True,admin
PRYG002221,البراعم,,,2025-05-01 13:59:08,,True,admin
PRYG002222,البراعم,,,2025-05-01 14:00:42,,True,admin
PRYG002223,البراعم,,,2025-05-01 14:01:57,,True,admin
PRYG002224,البراعم,,,2025-05-01 16:10:11,,True,admin
PRYG002225,البراعم,,,2025-05-01 17:05:22,,True,admin
PRYG002226,البراعم,,,2025-05-01 17:08:25,,True,admin
PRYG002227,البراعم,,,2025-05-01 17:10:21,,True,admin
PRYG002228,البراعم,,,2025-05-01 17:14:12,,True,admin
PRYG002229,البراعم,,,2025-05-01 17:17:18,,True,admin
PRYG002230,البراعم,,,2025-05-01 17:19:40,,True,admin
PRYG002231,البراعم,,,2025-05-01 17:21:31,,True,admin
PRYG002232,البراعم,,,2025-05-01 17:23:06,,True,admin
PRYG002233,البراعم,,,2025-05-01 17:24:34,,True,admin
PRYG002234,البراعم,,,2025-05-01 17:26:05,,True,admin
PRYG002235,البراعم,,,2025-05-01 17:27:35,,True,admin
PRYG002236,البراعم,,,2025-05-01 17:29:22,,True,admin
PRYG002237,البراعم,,,2025-05-01 17:31:33,,True,admin
PRYG002238,البراعم,,,2025-05-01 17:32:59,,True,admin
PRYG002239,البراعم,,,2025-05-01 17:34:35,,True,admin
PRYG002240,البراعم,,,2025-05-01 17:35:52,,True,admin
PRYG002241,البراعم,,,2025-05-01 17:37:08,,True,admin
PRYG002242,البراعم,,,2025-05-01 17:38:32,,True,admin
PRYG002243,البراعم,,,2025-05-01 17:40:08,,True,admin
PRYG002244,البراعم,,,2025-05-01 17:41:18,,True,admin
PRYG002245,البراعم,,,2025-05-01 17:42:41,,True,admin
PRYG002246,البراعم,,,2025-05-01 17:44:04,,True,admin
PRYG002247,البراعم,,,2025-05-01 17:45:44,,True,admin
PRYG002248,البراعم,,,2025-05-01 17:47:04,,True,admin
PRYG002249,البراعم,,,2025-05-01 17:48:28,,True,admin
PRYG002250,البراعم,,,2025-05-02 10:59:14,,True,admin
PRYG002251,البراعم,,,2025-05-02 20:56:41,,True,admin
PRYG002252,البراعم,,,2025-05-02 20:58:57,,True,admin
PRYG002253,البراعم,,,2025-05-02 21:17:38,,True,admin
PRYG002254,البراعم,,,2025-05-02 21:19:27,,True,admin
PRYG002255,البراعم,,,2025-05-02 21:23:29,,True,admin
PRYG002256,البراعم,,,2025-05-02 21:26:50,,True,admin
PRYG002257,البراعم,,,2025-05-02 21:27:55,,True,admin
PRYG002258,البراعم,,,2025-05-02 21:31:06,,True,admin
PRYG002259,البراعم,,,2025-05-02 21:32:22,,True,admin
PRYG002260,البراعم,,,2025-05-02 21:33:07,,True,admin
PRYG002261,البراعم,,,2025-05-02 21:34:31,,True,admin
PRYG002262,البراعم,,,2025-05-02 21:36:49,,True,admin
PRYG002263,البراعم,,,2025-05-02 21:47:09,,True,admin
PRYG002264,البراعم,,,2025-05-02 21:48:22,,True,admin
PRYG002265,البراعم,,,2025-05-02 21:50:01,,True,admin
PRYG002266,البراعم,,,2025-05-02 21:52:14,,True,admin
PRYG002267,البراعم,,,2025-05-02 21:55:51,,True,admin
PRYG002268,البراعم,,,2025-05-02 21:56:56,,True,admin
PRYG002269,الإعدادي,,,2025-05-05 19:16:35,,True,admin
PRYG002270,الإعدادي,,,2025-05-06 00:02:23,,True,admin
PRYG002271,الإعدادي,,,2025-05-06 00:03:37,,True,admin
PRYG002272,الإعدادي,,,2025-05-07 15:39:13,,True,admin
PRYG002273,الجامعيّة,,,2025-05-07 15:45:35,,True,admin
PRYG002274,الجامعيّة,,,2025-05-07 15:45:48,,True,admin
PRYG002275,الجامعيّة,,,2025-05-07 22:17:27,,True,admin
PRYG002276,البراعم,,,2025-05-10 18:07:01,,True,admin
PRYG002277,الإعدادي,,,2025-05-10 20:14:35,,True,admin
PRYG002278,الجامعيّة,,,2025-05-11 13:51:42,,True,admin
PRYG002279,البراعم,,,2025-05-11 20:58:41,,True,admin
PRYG002280,البراعم,,,2025-05-11 21:06:38,,True,admin
PRYG002281,البراعم,,,2025-05-11 21:08:54,,True,admin
PRYG002282,البراعم,,,2025-05-11 21:12:27,,True,admin
PRYG002283,البراعم,,,2025-05-11 21:14:01,,True,admin
PRYG002284,البراعم,,,2025-05-11 21:14:57,,True,admin
PRYG002285,البراعم,,,2025-05-11 21:16:50,,True,admin
PRYG002286,البراعم,,,2025-05-11 21:18:27,,True,admin
PRYG002287,البراعم,,,2025-05-11 21:23:09,,True,admin
PRYG002288,البراعم,,,2025-05-11 21:24:27,,True,admin
PRYG002289,البراعم,,,2025-05-11 21:28:49,,True,admin
PRYG002290,البراعم,,,2025-05-11 21:30:54,,True,admin
PRYG002291,البراعم,,,2025-05-11 21:31:58,,True,admin
PRYG002292,البراعم,,,2025-05-11 21:32:51,,True,admin
PRYG002293,البراعم,,,2025-05-11 21:34:50,,True,admin
PRYG002294,البراعم,,,2025-05-11 21:35:44,,True,admin
PRYG002295,البراعم,,,2025-05-11 21:37:23,,True,admin
PRYG002296,البراعم,,,2025-05-11 21:38:44,,True,admin
PRYG002297,البراعم,,,2025-05-12 08:04:33,,True,admin
PRYG002298,البراعم,,,2025-05-12 08:07:12,,True,admin
PRYG002299,البراعم,,,2025-05-12 08:09:15,,True,admin
PRYG002300,البراعم,,,2025-05-12 08:10:44,,True,admin
PRYG002301,البراعم,,,2025-05-12 08:12:20,,True,admin
PRYG002302,البراعم,,,2025-05-12 08:14:02,,True,admin
PRYG002303,البراعم,,,2025-05-12 08:19:26,,True,admin
PRYG002304,البراعم,,,2025-05-12 08:21:01,,True,admin
PRYG002305,البراعم,,,2025-05-12 08:29:39,,True,admin
PRYG002306,البراعم,,,2025-05-12 08:30:49,,True,admin
PRYG002307,البراعم,,,2025-05-12 08:31:44,,True,admin
PRYG002308,البراعم,,,2025-05-12 08:32:42,,True,admin
PRYG002309,البراعم,,,2025-05-12 08:33:46,,True,admin
PRYG002310,البراعم,,,2025-05-12 08:34:55,,True,admin
PRYG002311,البراعم,,,2025-05-12 08:36:04,,True,admin
PRYG002312,البراعم,,,2025-05-12 08:37:02,,True,admin
PRYG002313,البراعم,,,2025-05-12 08:38:05,,True,admin
PRYG002314,البراعم,,,2025-05-12 08:39:10,,True,admin
PRYG002315,البراعم,,,2025-05-12 08:40:16,,True,admin
PRYG002316,البراعم,,,2025-05-12 08:41:12,,True,admin
PRYG002317,البراعم,,,2025-05-12 08:42:22,,True,admin
PRYG002318,البراعم,,,2025-05-12 08:43:13,,True,admin
PRYG002319,البراعم,,,2025-05-12 08:44:23,,True,admin
PRYG002320,البراعم,,,2025-05-12 08:45:29,,True,admin
PRYG002321,البراعم,,,2025-05-12 08:47:08,,True,admin
PRYG002322,البراعم,,,2025-05-12 08:48:03,,True,admin
PRYG002323,البراعم,,,2025-05-12 08:50:40,,True,admin
PRYG002324,البراعم,,,2025-05-12 08:52:32,,True,admin
PRYG002325,البراعم,,,2025-05-12 09:22:51,,True,admin
PRYG002326,البراعم,,,2025-05-12 09:24:53,,True,admin
PRYG002327,البراعم,,,2025-05-12 09:25:43,,True,admin
PRYG002328,البراعم,,,2025-05-12 09:26:41,,True,admin
PRYG002329,البراعم,,,2025-05-12 09:31:46,,True,admin
PRYG002330,البراعم,,,2025-05-12 09:32:52,,True,admin
PRYG002331,البراعم,,,2025-05-12 09:34:14,,True,admin
PRYG002332,البراعم,,,2025-05-12 09:35:07,,True,admin
PRYG002333,البراعم,,,2025-05-12 09:36:15,,True,admin
PRYG002334,البراعم,,,2025-05-12 09:37:10,,True,admin
PRYG002335,البراعم,,,2025-05-12 09:38:09,,True,admin
PRYG002336,البراعم,,,2025-05-12 09:39:06,,True,admin
PRYG002337,البراعم,,,2025-05-12 09:40:19,,True,admin
PRYG002338,البراعم,,,2025-05-12 09:41:25,,True,admin
PRYG002339,البراعم,,,2025-05-12 09:42:15,,True,admin
PRYG002340,البراعم,,,2025-05-12 09:43:06,,True,admin
PRYG002341,البراعم,,,2025-05-28 08:47:23,,True,admin
PRYG002342,البراعم,,,2025-05-28 08:48:25,,True,admin
PRYG002343,البراعم,,,2025-05-28 08:51:55,,True,admin
PRYG002344,الثانوي,,,2025-05-28 08:52:09,,True,admin
PRYG002345,البراعم,,,2025-05-28 08:54:49,,True,admin
PRYG002346,البراعم,,,2025-05-28 08:55:01,,True,admin
PRYG002347,البراعم,,,2025-05-28 08:56:32,,True,admin
PRYG002348,البراعم,,,2025-05-28 08:57:10,,True,admin
PRYG002349,الجامعيّة,,,2025-05-28 08:57:38,,True,admin
PRYG002350,الثانوي,,,2025-05-28 09:55:14,,True,admin
PRYG002351,الجامعيّة,,,2025-05-28 10:03:30,,True,admin
PRYG002352,الجامعيّة,,,2025-05-28 10:05:22,,True,admin
PRYG002353,البراعم,,,2025-05-28 10:22:00,,True,admin
PRYG002354,البراعم,,,2025-05-28 10:25:16,,True,admin
PRYG002355,البراعم,,,2025-05-28 14:01:06,,True,admin
PRYG002356,البراعم,,,2025-05-28 14:04:53,,True,admin
PRYG002357,البراعم,,,2025-05-28 14:11:39,,True,admin
PRYG002358,البراعم,,,2025-05-28 14:14:17,,True,admin
PRYG002359,البراعم,,,2025-05-28 16:42:01,,True,admin
PRYG002360,الجامعيّة,,,2025-05-28 17:33:09,,True,admin
PRYG002361,الجامعيّة,,,2025-05-28 17:41:02,,True,admin
PRYG002362,الجامعيّة,,,2025-05-28 17:47:09,,True,admin
PRYG002363,البراعم,,,2025-05-28 20:29:09,,True,admin
PRYG002364,الجامعيّة,,,2025-05-28 20:39:15,,True,admin
PRYG002365,البراعم,,,2025-05-28 21:17:59,,True,admin
PRYG002366,البراعم,,,2025-05-29 11:32:41,,True,admin
PRYG002367,البراعم,,,2025-05-29 17:01:44,,True,admin
PRYG002368,البراعم,,,2025-05-30 22:15:34,,True,admin
PRYG002369,البراعم,,,2025-05-30 22:17:48,,True,admin
PRYG002370,الثانوي,,,2025-06-04 11:22:31,,True,admin
PRYG002371,البراعم,,,2025-06-04 12:47:16,,True,admin
PRYG002372,البراعم,,,2025-06-07 22:29:46,,True,admin
PRYG002373,البراعم,,,2025-06-07 22:31:07,,True,admin
PRYG002374,البراعم,,,2025-06-07 22:37:24,,True,admin
PRYG002375,الإعدادي,,,2025-06-09 13:20:44,,True,admin
PRYG002376,الإعدادي,,,2025-06-09 13:20:47,,True,admin
PRYG002377,الإعدادي,,,2025-06-09 13:21:57,,True,admin
PRYG002378,الإعدادي,,,2025-06-09 13:22:55,,True,admin
PRYG002379,الإعدادي,,,2025-06-09 13:27:19,,True,admin
PRYG002380,الإعدادي,,,2025-06-09 13:36:54,,True,admin
PRYG002381,الإعدادي,,,2025-06-09 14:13:53,,True,admin
PRYG002382,الإعدادي,,,2025-06-09 17:38:08,,True,admin
PRYG002383,البراعم,,,2025-06-10 14:33:47,,True,admin
PRYG002384,البراعم,,,2025-06-10 14:34:05,,True,admin
PRYG002385,البراعم,,,2025-06-10 14:40:27,,True,admin
PRYG002386,البراعم,,,2025-06-10 14:40:40,,True,admin
PRYG002387,الإعدادي,,,2025-06-10 15:58:23,,True,admin
PRYG002388,الإعدادي,,,2025-06-10 19:21:25,,True,admin
PRYG002389,البراعم,,,2025-06-10 20:15:19,,True,admin
PRYG002390,البراعم,,,2025-06-10 20:17:31,,True,admin
PRYG002391,البراعم,,,2025-06-11 11:36:23,,True,admin
PRYG002392,الإعدادي,,,2025-06-11 11:46:58,,True,admin
PRYG002393,البراعم,,,2025-06-11 11:49:20,,True,admin
PRYG002394,الإعدادي,,,2025-06-11 15:20:56,,True,admin
PRYG002395,الجامعيّة,,,2025-06-14 17:33:04,,True,admin
PRYG002396,الثانوي,,,2025-06-14 17:35:32,,True,admin
PRYG002397,الثانوي,,,2025-06-14 17:36:35,,True,admin
PRYG002398,العاملة,,,2025-06-14 17:37:20,,True,admin
PRYG002399,الثانوي,,,2025-06-14 17:37:36,,True,admin
PRYG002400,العاملة,,,2025-06-14 17:39:50,,True,admin
PRYG002401,العاملة,,,2025-06-14 17:40:29,,True,admin
PRYG002402,الثانوي,,,2025-06-14 17:44:36,,True,admin
PRYG002403,الجامعيّة,,,2025-06-14 17:50:37,,True,admin
PRYG002404,العاملة,,,2025-06-14 18:33:22,,True,admin
PRYG002405,الجامعيّة,,,2025-06-14 20:12:33,,True,admin
PRYG002406,الجامعيّة,,,2025-06-14 20:42:45,,True,admin
PRYG002407,الجامعيّة,,,2025-06-14 20:48:52,,True,admin
PRYG002408,الجامعيّة,,,2025-06-14 22:12:46,,True,admin
PRYG002409,البراعم,,,2025-06-15 20:38:34,,True,admin
PRYG002410,الإعدادي,,,2025-06-16 13:39:21,,True,admin
PRYG002411,الإعدادي,,,2025-06-16 13:41:06,,True,admin
PRYG002412,البراعم,,,2025-06-16 15:09:35,,True,admin
PRYG002413,البراعم,,,2025-06-16 15:11:12,,True,admin
PRYG002414,الجامعيّة,,,2025-06-16 17:21:22,,True,admin
PRYG002415,الجامعيّة,,,2025-06-16 17:21:49,,True,admin
PRYG002416,العاملة,,,2025-06-16 17:23:20,,True,admin
PRYG002417,الجامعيّة,,,2025-06-16 17:38:52,,True,admin
PRYG002418,العاملة,,,2025-06-16 17:40:40,,True,admin
PRYG002419,الجامعيّة,,,2025-06-16 18:11:59,,True,admin
PRYG002420,العاملة,,,2025-06-16 18:15:35,,True,admin
PRYG002421,العاملة,,,2025-06-16 18:29:04,,True,admin
PRYG002422,الجامعيّة,,,2025-06-16 18:52:45,,True,admin
PRYG002423,العاملة,,,2025-06-16 19:05:35,,True,admin
PRYG002424,الجامعيّة,,,2025-06-17 03:44:30,,True,admin
PRYG002425,العاملة,,,2025-06-18 17:03:38,,True,admin
PRYG002426,العاملة,,,2025-06-18 21:13:55,,True,admin
PRYG002427,العاملة,,,2025-06-18 21:29:15,,True,admin
PRYG002428,الجامعيّة,,,2025-06-18 21:54:51,,True,admin
PRYG002429,العاملة,,,2025-06-19 00:50:52,,True,admin
PRYG002430,العاملة,,,2025-06-19 07:46:18,,True,admin
PRYG002431,العاملة,,,2025-06-19 14:15:51,,True,admin
PRYG002432,العاملة,,,2025-06-19 15:42:54,,True,admin
PRYG002433,العاملة,,,2025-06-19 16:33:51,,True,admin
PRYG002434,العاملة,,,2025-11-04 00:07:41,,True,admin
PRYG002435,العاملة,,,2025-06-19 17:30:55,,True,admin
PRYG002436,الجامعيّة,,,2025-06-20 12:11:59,,True,admin
PRYG002437,البراعم,,,2025-06-20 14:04:05,,True,admin
PRYG002438,البراعم,,,2025-06-21 13:09:15,,True,admin
PRYG002439,البراعم,,,2025-06-22 14:46:22,,True,admin
PRYG002440,الجامعيّة,,,2025-06-24 15:39:04,,True,admin
PRYG002441,البراعم,,,2025-06-24 21:37:10,,True,admin
PRYG002442,البراعم,,,2025-06-24 21:38:50,,True,admin
PRYG002443,البراعم,,,2025-06-24 21:46:54,,True,admin
PRYG002444,البراعم,,,2025-06-24 22:04:39,,True,admin
PRYG002445,البراعم,,,2025-06-24 22:54:34,,True,admin
PRYG002446,البراعم,,,2025-06-24 23:04:31,,True,admin
PRYG002447,العاملة,,,2025-06-25 11:53:01,,True,admin
PRYG002448,العاملة,,,2025-06-25 12:59:08,,True,admin
PRYG002449,العاملة,,,2025-06-26 09:52:09,,True,admin
PRYG002450,العاملة,,,2025-06-26 10:01:07,,True,admin
PRYG002451,العاملة,,,2025-06-26 10:52:14,,True,admin
PRYG002452,العاملة,,,2025-06-26 10:55:11,,True,admin
PRYG002453,الثانوي,,,2025-06-26 11:52:06,,True,admin
PRYG002454,الجامعيّة,,,2025-06-26 12:10:00,,True,admin
PRYG002455,البراعم,,,2025-06-26 15:07:34,,True,admin
PRYG002456,البراعم,,,2025-06-26 21:12:05,,True,admin
PRYG002457,الجامعيّة,,,2025-06-26 23:08:30,,True,admin
PRYG002458,الإعدادي,,,2025-06-27 00:38:15,,True,admin
PRYG002459,العاملة,,,2025-06-27 03:51:21,,True,admin
PRYG002460,البراعم,,,2025-06-29 14:27:09,,True,admin
PRYG002461,الثانوي,,,2025-06-30 14:20:43,,True,admin
PRYG002462,الإعدادي,,,2025-07-04 16:20:31,,True,admin
PRYG002463,الإعدادي,,,2025-07-04 16:23:40,,True,admin
PRYG002464,الإعدادي,,,2025-07-08 18:51:25,,True,admin
PRYG002465,الإعدادي,,,2025-07-08 22:42:46,,True,admin
PRYG002466,الإعدادي,,,2025-07-08 22:46:29,,True,admin
PRYG002467,الإعدادي,,,2025-07-08 22:49:07,,True,admin
PRYG002468,العاملة,,,2025-07-09 19:42:17,,True,admin
PRYG002469,الإعدادي,,,2025-07-13 22:47:18,,True,admin
PRYG002470,الإعدادي,,,2025-07-15 11:24:30,,True,admin
PRYG002471,الإعدادي,,,2025-07-15 11:53:26,,True,admin
PRYG002472,الإعدادي,,,2025-07-15 12:04:53,,True,admin
PRYG002473,الإعدادي,,,2025-07-15 16:06:27,,True,admin
PRYG002474,العاملة,,,2025-07-16 10:40:31,,True,admin
PRYG002475,البراعم,,,2025-08-09 19:50:00,,True,admin
PRYG002476,البراعم,,,2025-08-09 19:52:20,,True,admin
PRYG002477,البراعم,,,2025-08-09 20:50:47,,True,admin
PRYG002478,البراعم,,,2025-08-09 20:53:52,,True,admin
PRYG002479,البراعم,,,2025-08-09 20:55:17,,True,admin
PRYG002480,البراعم,,,2025-08-09 20:57:37,,True,admin
PRYG002481,البراعم,,,2025-08-09 21:02:37,,True,admin
PRYG002482,البراعم,,,2025-08-09 21:03:23,,True,admin
PRYG002483,البراعم,,,2025-08-09 21:03:54,,True,admin
PRYG002484,البراعم,,,2025-08-09 21:05:51,,True,admin
PRYG002485,البراعم,,,2025-08-09 21:07:30,,True,admin
PRYG002486,البراعم,,,2025-08-09 21:08:12,,True,admin
PRYG002487,البراعم,,,2025-08-09 21:28:55,,True,admin
PRYG002488,البراعم,,,2025-08-09 22:29:54,,True,admin
PRYG002489,البراعم,,,2025-08-09 23:00:32,,True,admin
PRYG002490,الثانوي,,,2025-08-12 13:19:31,,True,admin
PRYG002491,الثانوي,,,2025-08-12 14:19:53,,True,admin
PRYG002492,البراعم,,,2025-09-09 16:58:08,,True,admin
PRYG002493,البراعم,,,2025-09-10 20:47:49,,True,admin
PRYG002494,البراعم,,,2025-09-10 20:51:45,,True,admin
PRYG002495,العاملة,,,2025-09-10 20:53:09,,True,admin
PRYG002496,البراعم,,,2025-09-10 20:53:20,,True,admin
PRYG002497,البراعم,,,2025-09-10 20:55:06,,True,admin
PRYG002498,البراعم,,,2025-09-10 20:56:18,,True,admin
PRYG002499,البراعم,,,2025-09-10 20:56:36,,True,admin
PRYG002500,البراعم,,,2025-09-10 20:58:31,,True,admin
PRYG002501,البراعم,,,2025-09-10 21:01:56,,True,admin
PRYG002502,البراعم,,,2025-09-10 21:19:54,,True,admin
PRYG002503,البراعم,,,2025-09-10 21:23:02,,True,admin
PRYG002504,الجامعيّة,,,2025-09-10 21:48:08,,True,admin
PRYG002505,الجامعيّة,,,2025-09-10 22:45:43,,True,admin
PRYG002506,الجامعيّة,,,2025-09-10 22:51:51,,True,admin
PRYG002507,البراعم,,,2025-09-10 22:54:52,,True,admin
PRYG002508,البراعم,,,2025-09-10 23:10:27,,True,admin
PRYG002509,البراعم,,,2025-09-12 07:53:42,,True,admin
PRYG002510,البراعم,,,2025-09-12 07:54:59,,True,admin
PRYG002511,الجامعيّة,,,2025-09-12 09:46:57,,True,admin
PRYG002512,البراعم,,,2025-09-12 13:31:51,,True,admin
PRYG002513,الإعدادي,,,2025-09-12 17:06:30,,True,admin
PRYG002514,الإعدادي,,,2025-09-12 17:07:46,,True,admin
PRYG002515,الجامعيّة,,,2025-09-12 18:32:40,,True,admin
PRYG002516,البراعم,,,2025-09-13 14:30:38,,True,admin
PRYG002517,العاملة,,,2025-09-13 14:42:50,,True,admin
PRYG002518,البراعم,,,2025-09-13 15:33:35,,True,admin
PRYG002519,البراعم,,,2025-09-13 21:54:05,,True,admin
PRYG002520,العاملة,,,2025-09-14 17:30:30,,True,admin
PRYG002521,العاملة,,,2025-09-15 21:57:49,,True,admin
PRYG002522,العاملة,,,2025-09-15 22:15:16,,True,admin
PRYG002523,البراعم,,,2025-09-19 13:24:01,,True,admin
PRYG002524,البراعم,,,2025-09-21 18:40:13,,True,admin
PRYG002525,البراعم,,,2025-09-21 18:44:38,,True,admin
PRYG002526,البراعم,,,2025-09-24 07:33:41,,True,admin
PRYG002527,البراعم,,,2025-09-24 07:40:30,,True,admin
PRYG002528,البراعم,,,2025-09-24 07:41:43,,True,admin
PRYG002529,البراعم,,,2025-09-24 08:22:40,,True,admin
PRYG002530,البراعم,,,2025-09-24 08:25:12,,True,admin
PRYG002531,البراعم,,,2025-09-24 09:37:27,,True,admin
PRYG002532,البراعم,,,2025-09-24 10:12:20,,True,admin
PRYG002533,البراعم,,,2025-09-24 11:00:50,,True,admin
PRYG002534,البراعم,,,2025-09-25 07:40:19,,True,admin
PRYG002535,البراعم,,,2025-09-26 14:48:07,,True,admin
PRYG002536,البراعم,,,2025-09-27 17:35:49,,True,admin
PRYG002537,البراعم,,,2025-09-27 17:38:42,,True,admin
PRYG002538,الثانوي,,,2025-09-27 17:50:01,,True,admin
PRYG002539,الثانوي,,,2025-09-27 17:50:30,,True,admin
PRYG002540,البراعم,,,2025-09-27 18:08:23,,True,admin
PRYG002541,البراعم,,,2025-09-27 18:37:42,,True,admin
PRYG002542,البراعم,,,2025-09-27 18:40:17,,True,admin
PRYG002543,البراعم,,,2025-09-27 20:53:04,,True,admin
PRYG002544,البراعم,,,2025-09-27 20:55:51,,True,admin
PRYG002545,البراعم,,,2025-09-27 20:56:29,,True,admin
PRYG002546,البراعم,,,2025-09-27 20:58:28,,True,admin
PRYG002547,البراعم,,,2025-09-27 21:08:01,,True,admin
PRYG002548,البراعم,,,2025-09-27 22:17:48,,True,admin
PRYG002549,البراعم,,,2025-09-28 10:22:30,,True,admin
PRYG002550,البراعم,,,2025-09-28 10:58:36,,True,admin
PRYG002551,البراعم,,,2025-09-28 10:58:37,,True,admin
PRYG002552,البراعم,,,2025-09-28 14:37:40,,True,admin
PRYG002553,البراعم,,,2025-09-28 14:38:46,,True,admin
PRYG002554,البراعم,,,2025-09-28 14:40:58,,True,admin
PRYG002555,البراعم,,,2025-10-09 10:12:01,,True,admin
PRYG002556,البراعم,,,2025-10-09 10:14:14,,True,admin
PRYG002557,البراعم,,,2025-10-10 10:17:40,,True,admin
PRYG002558,البراعم,,,2025-10-10 10:20:23,,True,admin
PRYG002559,البراعم,,,2025-10-15 09:14:10,,True,admin
PRYG002560,البراعم,,,2025-10-15 09:17:13,,True,admin
PRYG002561,البراعم,,,2025-10-15 09:17:26,,True,admin
PRYG002562,البراعم,,,2025-10-15 11:02:54,,True,admin
PRYG002563,البراعم,,,2025-10-15 15:20:34,,True,admin
PRYG002564,البراعم,,,2025-10-18 18:07:54,,True,admin
PRYG002565,البراعم,,,2025-10-18 18:09:42,,True,admin
PRYG002566,البراعم,,,2025-10-24 14:28:50,,True,admin
PRYG002567,البراعم,,,2025-10-28 18:13:52,,True,admin
PRYG002568,البراعم,,,2025-10-28 18:15:39,,True,admin
PRYG002569,البراعم,,,2025-10-28 18:33:54,,True,admin
PRYG002570,الجامعيّة,,,2025-10-28 21:22:24,,True,admin
PRYG002571,البراعم,,,2025-10-29 09:08:18,,True,admin
PRYG002572,البراعم,,,2025-10-29 09:10:43,,True,admin
PRYG002573,البراعم,,,2025-10-29 09:30:49,,True,admin
PRYG002574,البراعم,,,2025-10-29 10:53:48,,True,admin
PRYG002575,البراعم,,,2025-10-29 11:04:54,,True,admin
PRYG002576,البراعم,,,2025-10-29 12:13:13,,True,admin
PRYG002577,البراعم,,,2025-10-29 12:15:45,,True,admin
PRYG002578,البراعم,,,2025-10-29 13:27:07,,True,admin
PRYG002579,الثانوي,,,2025-10-29 21:39:43,,True,admin
PRYG002580,الجامعيّة,,,2025-10-30 14:05:04,,True,admin
PRYG002581,العاملة,,,2025-10-30 14:37:52,,True,admin
PRYG002582,الجامعيّة,,,2025-10-30 14:48:03,,True,admin
PRYG002583,البراعم,,,2025-10-30 21:16:39,,True,admin
PRYG002584,الإعدادي,,,2025-10-31 15:02:56,,True,admin
PRYG002585,البراعم,,,2025-10-31 15:19:51,,True,admin
PRYG002586,الثانوي,,,2025-10-31 15:32:44,,True,admin
PRYG002587,الثانوي,,,2025-10-31 15:41:22,,True,admin
PRYG002588,الإعدادي,,,2025-10-31 15:46:20,,True,admin
PRYG002589,الجامعيّة,,,2025-10-31 16:01:21,,True,admin
PRYG002590,البراعم,,,2025-10-31 16:23:51,,True,admin
PRYG002591,البراعم,,,2025-10-31 16:51:34,,True,admin
PRYG002592,البراعم,,,2025-10-31 16:54:07,,True,admin
PRYG002593,الإعدادي,,,2025-10-31 19:49:34,,True,admin
PRYG002594,الإعدادي,,,2025-10-31 19:51:23,,True,admin
PRYG002595,الجامعيّة,,,2025-10-31 20:58:23,,True,admin
PRYG002596,الثانوي,,,2025-10-31 21:14:49,,True,admin
PRYG002597,الثانوي,,,2025-10-31 21:21:07,,True,admin
PRYG002598,الإعدادي,,,2025-10-31 21:22:40,,True,admin
PRYG002599,الإعدادي,,,2025-10-31 21:25:44,,True,admin
PRYG002600,البراعم,,,2025-10-31 21:26:26,,True,admin
PRYG002601,الإعدادي,,,2025-10-31 23:56:06,,True,admin
PRYG002602,الإعدادي,,,2025-10-31 23:58:22,,True,admin
PRYG002603,البراعم,,,2025-11-01 00:06:32,,True,admin
PRYG002604,الإعدادي,,,2025-11-01 00:09:46,,True,admin
PRYG002605,البراعم,,,2025-11-01 00:09:59,,True,admin
PRYG002606,البراعم,,,2025-11-01 12:53:09,,True,admin
PRYG002607,الجامعيّة,,,2025-11-01 12:53:22,,True,admin
PRYG002608,الثانوي,,,2025-11-01 12:54:57,,True,admin
PRYG002609,البراعم,,,2025-11-01 12:56:39,,True,admin
PRYG002610,البراعم,,,2025-11-01 12:57:35,,True,admin
PRYG002611,الثانوي,,,2025-11-01 13:04:27,,True,admin
PRYG002612,الثانوي,,,2025-11-01 13:04:58,,True,admin
PRYG002613,الثانوي,,,2025-11-01 13:07:30,,True,admin
PRYG002614,الثانوي,,,2025-11-01 13:09:55,,True,admin
PRYG002615,البراعم,,,2025-11-01 13:10:42,,True,admin
PRYG002616,البراعم,,,2025-11-01 13:10:43,,True,admin
PRYG002617,الثانوي,,,2025-11-01 13:15:47,,True,admin
PRYG002618,الجامعيّة,,,2025-11-01 13:38:15,,True,admin
PRYG002619,الثانوي,,,2025-11-01 13:42:24,,True,admin
PRYG002620,الثانوي,,,2025-11-01 13:45:21,,True,admin
PRYG002621,الثانوي,,,2025-11-01 13:47:48,,True,admin
PRYG002622,الثانوي,,,2025-11-01 13:54:24,,True,admin
PRYG002623,الثانوي,,,2025-11-01 13:54:51,,True,admin
PRYG002624,الثانوي,,,2025-11-01 14:14:31,,True,admin
PRYG002625,الثانوي,,,2025-11-01 14:14:33,,True,admin
PRYG002626,الثانوي,,,2025-11-01 14:16:46,,True,admin
PRYG002627,الثانوي,,,2025-11-01 14:22:07,,True,admin
PRYG002628,البراعم,,,2025-11-01 14:23:33,,True,admin
PRYG002629,الثانوي,,,2025-11-01 14:26:49,,True,admin
PRYG002630,الإعدادي,,,2025-11-01 14:30:32,,True,admin
PRYG002631,الثانوي,,,2025-11-01 14:32:39,,True,admin
PRYG002632,البراعم,,,2025-11-01 14:37:02,,True,admin
PRYG002633,الثانوي,,,2025-11-01 14:37:23,,True,admin
PRYG002634,الثانوي,,,2025-11-01 14:38:41,,True,admin
PRYG002635,الثانوي,,,2025-11-01 14:39:55,,True,admin
PRYG002636,الثانوي,,,2025-11-01 14:44:21,,True,admin
PRYG002637,الثانوي,,,2025-11-01 14:55:13,,True,admin
PRYG002638,الثانوي,,,2025-11-01 14:56:14,,True,admin
PRYG002639,البراعم,,,2025-11-01 15:16:15,,True,admin
PRYG002640,الثانوي,,,2025-11-01 15:27:30,,True,admin
PRYG002641,الثانوي,,,2025-11-01 15:30:17,,True,admin
PRYG002642,البراعم,,,2025-11-01 15:31:36,,True,admin
PRYG002643,البراعم,,,2025-11-01 15:36:24,,True,admin
PRYG002644,الثانوي,,,2025-11-01 15:36:39,,True,admin
PRYG002645,البراعم,,,2025-11-01 15:39:14,,True,admin
PRYG002646,البراعم,,,2025-11-01 15:40:51,,True,admin
PRYG002647,البراعم,,,2025-11-01 15:42:04,,True,admin
PRYG002648,البراعم,,,2025-11-01 15:44:04,,True,admin
PRYG002649,البراعم,,,2025-11-01 15:44:27,,True,admin
PRYG002650,البراعم,,,2025-11-01 15:45:23,,True,admin
PRYG002651,البراعم,,,2025-11-01 15:46:54,,True,admin
PRYG002652,البراعم,,,2025-11-01 15:50:56,,True,admin
PRYG002653,البراعم,,,2025-11-01 15:57:39,,True,admin
PRYG002654,البراعم,,,2025-11-01 16:01:30,,True,admin
PRYG002655,الجامعيّة,,,2025-11-01 16:21:38,,True,admin
PRYG002656,الثانوي,,,2025-11-01 16:25:41,,True,admin
PRYG002657,الثانوي,,,2025-11-01 17:19:07,,True,admin
PRYG002658,الثانوي,,,2025-11-01 17:19:44,,True,admin
PRYG002659,الثانوي,,,2025-11-01 17:22:02,,True,admin
PRYG002660,البراعم,,,2025-11-01 17:31:29,,True,admin
PRYG002661,العاملة,,,2025-11-01 17:44:14,,True,admin
PRYG002662,العاملة,,,2026-01-25 16:42:58,,True,admin
PRYG002663,الثانوي,,,2025-11-01 18:36:01,,True,admin
PRYG002664,البراعم,,,2025-11-01 18:54:11,,True,admin
PRYG002665,الثانوي,,,2025-11-01 18:59:46,,True,admin
PRYG002666,الثانوي,,,2025-11-01 19:21:29,,True,admin
PRYG002667,الثانوي,,,2025-11-01 19:26:29,,True,admin
PRYG002668,العاملة,,,2025-11-01 20:03:05,,True,admin
PRYG002669,الجامعيّة,,,2025-11-01 20:04:12,,True,admin
PRYG002670,الثانوي,,,2025-11-01 20:20:26,,True,admin
PRYG002671,الثانوي,,,2025-11-01 20:50:17,,True,admin
PRYG002672,الإعدادي,,,2025-11-01 21:21:30,,True,admin
PRYG002673,الثانوي,,,2025-11-01 22:08:22,,True,admin
PRYG002674,الثانوي,,,2025-11-01 22:12:46,,True,admin
PRYG002675,الإعدادي,,,2025-11-01 22:25:46,,True,admin
PRYG002676,الإعدادي,,,2025-11-01 22:36:54,,True,admin
PRYG002677,الثانوي,,,2025-11-01 23:31:58,,True,admin
PRYG002678,الإعدادي,,,2025-11-01 23:34:04,,True,admin
PRYG002679,الإعدادي,,,2025-11-02 02:32:53,,True,admin
PRYG002680,البراعم,,,2025-11-02 07:36:54,,True,admin
PRYG002681,الجامعيّة,,,2025-11-02 09:06:38,,True,admin
PRYG002682,الإعدادي,,,2025-11-02 09:59:02,,True,admin
PRYG002683,الإعدادي,,,2025-11-02 11:10:16,,True,admin
PRYG002684,الجامعيّة,,,2025-11-02 15:31:58,,True,admin
PRYG002685,العاملة,,,2025-11-02 15:32:31,,True,admin
PRYG002686,الثانوي,,,2025-11-02 15:36:25,,True,admin
PRYG002687,الجامعيّة,,,2025-11-02 15:45:41,,True,admin
PRYG002688,الجامعيّة,,,2025-11-02 15:47:15,,True,admin
PRYG002689,الجامعيّة,,,2025-11-02 15:47:19,,True,admin
PRYG002690,الجامعيّة,,,2025-11-02 15:49:59,,True,admin
PRYG002691,العاملة,,,2025-11-02 15:57:35,,True,admin
PRYG002692,البراعم,,,2025-11-02 16:07:15,,True,admin
PRYG002693,البراعم,,,2025-11-02 18:02:40,,True,admin
PRYG002694,الثانوي,,,2025-11-02 22:51:00,,True,admin
PRYG002695,الثانوي,,,2025-11-02 22:59:14,,True,admin
PRYG002696,البراعم,,,2025-11-02 23:06:10,,True,admin
PRYG002697,الإعدادي,,,2025-11-02 23:28:35,,True,admin
PRYG002698,الجامعيّة,,,2025-11-03 00:02:06,,True,admin
PRYG002698,الثانوي,,,2025-11-03 00:02:06,,True,admin
PRYG002699,الإعدادي,,,2025-11-03 11:44:49,,True,admin
PRYG002700,الإعدادي,,,2025-11-03 11:47:05,,True,admin
PRYG002701,الإعدادي,,,2025-11-03 11:48:14,,True,admin
PRYG002702,الإعدادي,,,2025-11-03 15:20:43,,True,admin
PRYG002703,الإعدادي,,,2025-11-03 15:21:27,,True,admin
PRYG002704,الإعدادي,,,2025-11-03 15:21:39,,True,admin
PRYG002705,الإعدادي,,,2025-11-03 15:29:03,,True,admin
PRYG002706,الإعدادي,,,2025-11-03 15:34:19,,True,admin
PRYG002707,الإعدادي,,,2025-11-03 16:41:36,,True,admin
PRYG002708,العاملة,,,2025-11-03 17:48:53,,True,admin
PRYG002709,الإعدادي,,,2025-11-03 18:11:29,,True,admin
PRYG002710,الإعدادي,,,2025-11-03 18:13:36,,True,admin
PRYG002711,الإعدادي,,,2025-11-03 18:15:43,,True,admin
PRYG002712,الجامعيّة,,,2025-11-03 19:02:59,,True,admin
PRYG002713,الجامعيّة,,,2025-11-03 19:20:56,,True,admin
PRYG002714,الجامعيّة,,,2025-11-03 19:55:34,,True,admin
PRYG002715,الجامعيّة,,,2025-11-03 23:43:39,,True,admin
PRYG002716,الإعدادي,,,2025-11-03 23:57:42,,True,admin
PRYG002717,الإعدادي,,,2025-11-03 23:59:22,,True,admin
PRYG002718,الجامعيّة,,,2025-11-04 00:17:50,,True,admin
PRYG002719,الجامعيّة,,,2025-11-04 01:12:23,,True,admin
PRYG002720,الثانوي,,,2025-11-04 03:52:51,,True,admin
PRYG002721,الجامعيّة,,,2025-11-04 08:13:58,,True,admin
PRYG002722,العاملة,,,2025-11-04 10:39:05,,True,admin
PRYG002723,الجامعيّة,,,2025-11-04 10:45:12,,True,admin
PRYG002724,الجامعيّة,,,2025-11-04 10:48:33,,True,admin
PRYG002725,الجامعيّة,,,2025-11-04 10:49:25,,True,admin
PRYG002726,العاملة,,,2025-11-04 12:44:13,,True,admin
PRYG002727,العاملة,,,2025-11-04 12:48:22,,True,admin
PRYG002728,العاملة,,,2025-11-04 12:53:27,,True,admin
PRYG002729,العاملة,,,2025-11-04 13:26:56,,True,admin
PRYG002730,الجامعيّة,,,2025-11-04 13:36:14,,True,admin
PRYG002731,العاملة,,,2025-11-04 14:12:03,,True,admin
PRYG002732,الثانوي,,,2025-11-04 18:53:40,,True,admin
PRYG002733,الجامعيّة,,,2025-11-04 19:16:47,,True,admin
PRYG002734,الإعدادي,,,2025-11-04 21:01:49,,True,admin
PRYG002735,الإعدادي,,,2025-11-04 21:32:50,,True,admin
PRYG002736,الثانوي,,,2025-11-04 22:46:01,,True,admin
PRYG002737,الجامعيّة,,,2025-11-05 07:25:13,,True,admin
PRYG002738,الجامعيّة,,,2025-11-05 07:27:01,,True,admin
PRYG002739,الجامعيّة,,,2025-11-05 07:31:11,,True,admin
PRYG002740,الجامعيّة,,,2025-11-05 07:32:51,,True,admin
PRYG002741,البراعم,,,2025-11-05 07:36:03,,True,admin
PRYG002742,الإعدادي,,,2025-11-05 07:38:50,,True,admin
PRYG002743,الإعدادي,,,2025-11-05 07:40:38,,True,admin
PRYG002744,الإعدادي,,,2025-11-05 07:42:21,,True,admin
PRYG002745,الثانوي,,,2025-11-05 07:44:46,,True,admin
PRYG002746,الثانوي,,,2025-11-05 07:46:10,,True,admin
PRYG002747,الثانوي,,,2025-11-05 07:49:01,,True,admin
PRYG002748,الثانوي,,,2025-11-05 07:50:22,,True,admin
PRYG002749,الثانوي,,,2025-11-05 07:51:40,,True,admin
PRYG002750,الثانوي,,,2025-11-05 07:56:59,,True,admin
PRYG002751,الثانوي,,,2025-11-05 07:57:55,,True,admin
PRYG002752,الثانوي,,,2025-11-05 07:59:10,,True,admin
PRYG002753,الثانوي,,,2025-11-05 08:00:35,,True,admin
PRYG002754,البراعم,,,2025-11-05 10:53:05,,True,admin
PRYG002755,الإعدادي,,,2025-11-05 10:58:40,,True,admin
PRYG002756,العاملة,,,2025-11-05 13:11:33,,True,admin
PRYG002757,البراعم,,,2025-11-05 13:44:21,,True,admin
PRYG002758,الإعدادي,,,2025-11-05 13:59:04,,True,admin
PRYG002759,البراعم,,,2025-11-05 14:00:41,,True,admin
PRYG002760,البراعم,,,2025-11-05 14:02:40,,True,admin
PRYG002761,الجامعيّة,,,2025-11-05 15:13:06,,True,admin
PRYG002762,العاملة,,,2025-11-05 19:24:23,,True,admin
PRYG002763,الإعدادي,,,2025-11-05 19:24:56,,True,admin
PRYG002764,الثانوي,,,2025-11-05 20:28:11,,True,admin
PRYG002765,العاملة,,,2025-11-05 21:21:05,,True,admin
PRYG002766,الثانوي,,,2025-11-06 08:16:31,,True,admin
PRYG002767,الجامعيّة,,,2025-11-06 20:13:22,,True,admin
PRYG002768,الإعدادي,,,2025-11-06 20:15:02,,True,admin
PRYG002769,الإعدادي,,,2025-11-06 20:19:41,,True,admin
PRYG002770,الثانوي,,,2025-11-06 20:29:08,,True,admin
PRYG002771,الثانوي,,,2025-11-06 20:42:16,,True,admin
PRYG002772,الإعدادي,,,2025-11-06 21:08:17,,True,admin
PRYG002773,الثانوي,,,2025-11-06 22:34:57,,True,admin
PRYG002774,البراعم,,,2025-11-07 14:15:50,,True,admin
PRYG002775,البراعم,,,2025-11-07 14:26:50,,True,admin
PRYG002776,البراعم,,,2025-11-07 14:28:07,,True,admin
PRYG002777,الثانوي,,,2025-11-07 15:37:58,,True,admin
PRYG002778,البراعم,,,2025-11-07 16:29:29,,True,admin
PRYG002779,البراعم,,,2025-11-07 16:31:32,,True,admin
PRYG002780,الإعدادي,,,2025-11-07 19:30:19,,True,admin
PRYG002781,الجامعيّة,,,2025-11-07 23:26:35,,True,admin
PRYG002782,الجامعيّة,,,2025-11-07 23:40:26,,True,admin
PRYG002783,البراعم,,,2025-11-08 10:52:17,,True,admin
PRYG002784,الإعدادي,,,2025-11-08 11:56:50,,True,admin
PRYG002785,الإعدادي,,,2025-11-08 13:49:07,,True,admin
PRYG002786,الإعدادي,,,2025-11-08 17:28:43,,True,admin
PRYG002787,العاملة,,,2025-11-08 17:41:23,,True,admin
PRYG002788,الثانوي,,,2025-11-08 20:22:41,,True,admin
PRYG002789,الثانوي,,,2025-11-08 20:25:06,,True,admin
PRYG002790,الإعدادي,,,2025-11-08 20:29:36,,True,admin
PRYG002791,الثانوي,,,2025-11-08 20:32:35,,True,admin
PRYG002792,البراعم,,,2025-11-08 22:12:28,,True,admin
PRYG002793,البراعم,,,2025-11-08 22:17:09,,True,admin
PRYG002794,البراعم,,,2025-11-08 22:18:55,,True,admin
PRYG002795,البراعم,,,2025-11-08 22:21:19,,True,admin
PRYG002796,البراعم,,,2025-11-08 22:23:43,,True,admin
PRYG002797,البراعم,,,2025-11-08 22:25:56,,True,admin
PRYG002798,البراعم,,,2025-11-08 22:28:03,,True,admin
PRYG002799,البراعم,,,2025-11-08 22:32:43,,True,admin
PRYG002800,البراعم,,,2025-11-08 22:34:43,,True,admin
PRYG002801,البراعم,,,2025-11-08 22:37:14,,True,admin
PRYG002802,البراعم,,,2025-11-08 22:38:59,,True,admin
PRYG002803,الثانوي,,,2025-11-09 15:19:41,,True,admin
PRYG002804,الثانوي,,,2025-11-09 15:21:48,,True,admin
PRYG002805,الثانوي,,,2025-11-09 15:23:17,,True,admin
PRYG002806,الثانوي,,,2025-11-09 15:26:22,,True,admin
PRYG002807,الثانوي,,,2025-11-09 15:27:57,,True,admin
PRYG002808,الثانوي,,,2025-11-09 15:29:40,,True,admin
PRYG002809,الثانوي,,,2025-11-09 15:31:05,,True,admin
PRYG002810,الإعدادي,,,2025-11-09 18:05:54,,True,admin
PRYG002811,الإعدادي,,,2025-11-09 18:08:18,,True,admin
PRYG002812,الإعدادي,,,2025-11-09 18:10:53,,True,admin
PRYG002813,الإعدادي,,,2025-11-09 18:12:33,,True,admin
PRYG002814,الإعدادي,,,2025-11-09 18:14:45,,True,admin
PRYG002815,البراعم,,,2025-11-10 12:40:38,,True,admin
PRYG002816,البراعم,,,2025-11-10 12:42:39,,True,admin
PRYG002817,البراعم,,,2025-11-10 12:44:35,,True,admin
PRYG002818,الجامعيّة,,,2025-11-10 19:05:12,,True,admin
PRYG002819,الإعدادي,,,2025-11-10 19:07:26,,True,admin
PRYG002820,البراعم,,,2025-11-10 19:08:37,,True,admin
PRYG002821,البراعم,,,2025-11-11 12:43:57,,True,admin
PRYG002822,البراعم,,,2025-11-11 12:45:29,,True,admin
PRYG002823,الإعدادي,,,2025-11-11 13:37:24,,True,admin
PRYG002824,الإعدادي,,,2025-11-11 13:39:32,,True,admin
PRYG002825,الإعدادي,,,2025-11-11 13:42:41,,True,admin
PRYG002826,البراعم,,,2025-11-11 13:49:25,,True,admin
PRYG002827,الإعدادي,,,2025-11-11 14:18:59,,True,admin
PRYG002828,الإعدادي,,,2025-11-11 15:09:21,,True,admin
PRYG002829,الثانوي,,,2025-11-11 16:54:22,,True,admin
PRYG002830,البراعم,,,2025-11-11 18:21:19,,True,admin
PRYG002831,الإعدادي,,,2025-11-13 07:06:23,,True,admin
PRYG002832,الثانوي,,,2025-11-13 13:58:35,,True,admin
PRYG002833,الثانوي,,,2025-11-13 19:12:49,,True,admin
PRYG002834,الإعدادي,,,2025-11-13 19:25:10,,True,admin
PRYG002835,الثانوي,,,2025-11-13 21:49:38,,True,admin
PRYG002836,العاملة,,,2025-11-13 22:42:51,,True,admin
PRYG002837,البراعم,,,2025-12-09 16:52:39,,True,admin
PRYG002838,البراعم,,,2025-12-09 17:00:15,,True,admin
PRYG002839,البراعم,,,2025-12-09 17:06:58,,True,admin
PRYG002840,البراعم,,,2025-12-09 17:09:25,,True,admin
PRYG002841,البراعم,,,2025-12-09 17:33:39,,True,admin
PRYG002842,البراعم,,,2025-12-09 17:45:26,,True,admin
PRYG002843,البراعم,,,2025-12-09 17:50:51,,True,admin
PRYG002844,البراعم,,,2025-12-09 18:08:01,,True,admin
PRYG002845,البراعم,,,2025-12-09 20:51:52,,True,admin
PRYG002846,البراعم,,,2025-12-09 20:56:37,,True,admin
PRYG002847,البراعم,,,2025-12-10 15:43:56,,True,admin
PRYG002848,الجامعيّة,,,2026-01-23 12:08:47,,True,admin
PRYG002849,الجامعيّة,,,2026-01-23 12:21:47,,True,admin
PRYG002850,العاملة,,,2026-01-23 12:38:16,,True,admin
PRYG002851,العاملة,,,2026-01-23 14:52:14,,True,admin
PRYG002852,الجامعيّة,,,2026-01-23 15:00:55,,True,admin
PRYG002853,الثانوي,,,2026-01-23 15:12:44,,True,admin
PRYG002854,الجامعيّة,,,2026-01-23 15:17:51,,True,admin
PRYG002855,الجامعيّة,,,2026-01-23 16:47:13,,True,admin
PRYG002856,الجامعيّة,,,2026-01-23 19:49:32,,True,admin
PRYG002857,الجامعيّة,,,2026-01-23 19:50:03,,True,admin
PRYG002858,الجامعيّة,,,2026-01-23 20:05:22,,True,admin
PRYG002859,الإعدادي,,,2026-01-23 20:07:40,,True,admin
PRYG002860,الإعدادي,,,2026-01-23 20:09:28,,True,admin
PRYG002861,الإعدادي,,,2026-01-23 20:11:40,,True,admin
PRYG002862,الجامعيّة,,,2026-01-23 20:47:52,,True,admin
PRYG002863,الجامعيّة,,,2026-01-23 20:57:49,,True,admin
PRYG002864,الجامعيّة,,,2026-01-23 20:57:51,,True,admin
PRYG002865,الجامعيّة,,,2026-01-24 05:39:15,,True,admin
PRYG002866,الجامعيّة,,,2026-01-24 16:17:17,,True,admin
PRYG002867,الجامعيّة,,,2026-01-24 16:26:57,,True,admin
PRYG002868,الجامعيّة,,,2026-01-24 16:29:53,,True,admin
PRYG002869,الجامعيّة,,,2026-01-24 16:29:56,,True,admin
PRYG002870,الجامعيّة,,,2026-01-24 17:04:22,,True,admin
PRYG002871,الجامعيّة,,,2026-01-24 17:09:23,,True,admin
PRYG002872,الجامعيّة,,,2026-01-24 17:45:48,,True,admin
PRYG002873,الجامعيّة,,,2026-01-24 18:00:12,,True,admin
PRYG002874,الجامعيّة,,,2026-01-24 18:10:14,,True,admin
PRYG002875,الجامعيّة,,,2026-01-24 18:54:43,,True,admin
PRYG002876,الجامعيّة,,,2026-01-24 19:22:00,,True,admin
PRYG002877,البراعم,,,2026-01-24 19:54:01,,True,admin
PRYG002878,الجامعيّة,,,2026-01-24 20:00:53,,True,admin
PRYG002879,الجامعيّة,,,2026-01-24 20:30:17,,True,admin
PRYG002880,العاملة,,,2026-01-24 21:33:30,,True,admin
PRYG002881,الجامعيّة,,,2026-01-24 21:46:57,,True,admin
PRYG002882,الجامعيّة,,,2026-01-24 22:05:52,,True,admin
PRYG002883,الجامعيّة,,,2026-01-24 22:36:22,,True,admin
PRYG002884,الجامعيّة,,,2026-01-24 23:16:10,,True,admin
PRYG002885,الثانوي,,,2026-01-25 10:34:04,,True,admin
PRYG002886,الجامعيّة,,,2026-01-25 10:51:02,,True,admin
PRYG002887,العاملة,,,2026-01-25 11:40:53,,True,admin
PRYG002888,العاملة,,,2026-01-25 11:47:17,,True,admin
PRYG002889,العاملة,,,2026-01-25 11:49:16,,True,admin
PRYG002890,الجامعيّة,,,2026-01-25 13:44:59,,True,admin
PRYG002891,العاملة,,,2026-01-25 13:54:04,,True,admin
PRYG002892,الجامعيّة,,,2026-01-25 13:59:29,,True,admin
PRYG002893,الجامعيّة,,,2026-01-25 14:16:28,,True,admin
PRYG002894,الجامعيّة,,,2026-01-25 14:20:21,,True,admin
PRYG002895,العاملة,,,2026-01-25 14:26:11,,True,admin
PRYG002896,العاملة,,,2026-01-25 14:26:36,,True,admin
PRYG002897,الجامعيّة,,,2026-01-25 15:16:45,,True,admin
PRYG002897,الثانوي,,,2026-01-25 15:16:45,,True,admin
PRYG002898,العاملة,,,2026-01-25 15:19:18,,True,admin
PRYG002899,العاملة,,,2026-01-25 15:20:17,,True,admin
PRYG002900,الجامعيّة,,,2026-01-25 15:47:05,,True,admin
PRYG002901,الجامعيّة,,,2026-01-25 16:21:37,,True,admin
PRYG002902,الجامعيّة,,,2026-01-25 17:12:32,,True,admin
PRYG002903,العاملة,,,2026-01-25 18:20:15,,True,admin
PRYG002904,العاملة,,,2026-01-25 18:40:43,,True,admin
PRYG002905,العاملة,,,2026-01-25 19:57:46,,True,admin
PRYG002906,العاملة,,,2026-01-25 22:47:05,,True,admin
PRYG002907,العاملة,,,2026-01-25 22:51:28,,True,admin
PRYG002908,العاملة,,,2026-01-25 22:59:13,,True,admin
PRYG002909,الجامعيّة,,,2026-01-26 13:57:47,,True,admin
PRYG002910,العاملة,,,2026-01-26 14:16:17,,True,admin
PRYG002911,العاملة,,,2026-01-26 14:26:47,,True,admin
PRYG002912,العاملة,,,2026-01-26 14:47:06,,True,admin
PRYG002913,الجامعيّة,,,2026-01-26 15:58:12,,True,admin
PRYG002914,الجامعيّة,,,2026-01-26 16:18:16,,True,admin
PRYG002915,العاملة,,,2026-01-26 16:26:28,,True,admin
PRYG002916,العاملة,,,2026-01-26 16:51:49,,True,admin
PRYG002916,الجامعيّة,,,2026-01-26 16:51:49,,True,admin
PRYG002917,العاملة,,,2026-01-26 17:31:54,,True,admin
PRYG002918,العاملة,,,2026-01-26 18:05:39,,True,admin
PRYG002919,العاملة,,,2026-01-26 19:00:27,,True,admin
PRYG002920,الجامعيّة,,,2026-01-26 19:04:09,,True,admin
PRYG002921,الجامعيّة,,,2026-01-26 19:07:22,,True,admin
PRYG002922,الجامعيّة,,,2026-01-26 19:09:21,,True,admin
PRYG002923,الجامعيّة,,,2026-01-26 21:24:35,,True,admin
PRYG002924,الجامعيّة,,,2026-01-26 22:58:56,,True,admin
PRYG002925,الجامعيّة,,,2026-01-26 23:24:59,,True,admin
PRYG002926,العاملة,,,2026-01-27 07:47:13,,True,admin
PRYG002927,الجامعيّة,,,2026-01-29 00:17:18,,True,admin
PRYG002928,الجامعيّة,,,2026-01-29 12:23:50,,True,admin
PRYG002929,العاملة,,,2026-01-30 08:18:05,,True,admin
PRYG002930,الثانوي,,,2026-01-23 14:59:38,,True,admin
PRYG002931,البراعم,,,2025-02-01 23:13:34,,True,admin
PRYG002932,البراعم,,,2025-03-31 14:55:49,,True,admin
PRYG002933,البراعم,,,2025-03-31 14:16:09,,True,admin
PRYG002934,البراعم,,,2025-02-01 23:15:04,,True,admin
PRYG002935,البراعم,,,2025-03-30 15:21:59,,True,admin
PRYG002936,الإعدادي,,,2025-03-12 17:28:51,,True,admin
PRYG002937,العاملة,,,2025-02-06 13:23:06,,True,admin
PRYG002938,العاملة,,,2025-03-01 14:25:20,,True,admin
PRYG002939,الجامعيّة,,,2025-01-31 11:14:24,,True,admin
PRYG002940,الجامعيّة,,,2025-09-10 23:28:12,,True,admin
PRYG002941,الجامعيّة,,,2025-11-04 18:10:48,,True,admin
PRYG002942,العاملة,,,2025-01-31 11:17:40,,True,admin
PRYG002943,البراعم,,,2025-05-02 21:54:16,,True,admin
PRYG002944,الثانوي,,,2025-11-01 14:20:17,,True,admin
PRYG002945,الجامعيّة,,,2025-11-05 12:50:56,,True,admin
PRYG002946,الثانوي,,,2025-11-01 14:23:22,,True,admin
PRYG002947,العاملة,,,2025-01-31 11:16:48,,True,admin
PRYG002948,الجامعيّة,,,2025-01-31 11:14:59,,True,admin
PRYG002949,العاملة,,,2025-03-05 08:22:07,,True,admin
PRYG002950,العاملة,,,2025-03-01 12:50:05,,True,admin
PRYG002951,العاملة,,,2025-02-18 13:29:59,,True,admin
PRYG002951,الجامعيّة,2012-01-01,,2025-02-18 13:29:59,,True,admin
PRYG002952,الإعدادي,,2007-12-31,2026-02-28 01:06:02,,True,admin
PRYG002952,البراعم,2000-01-01,,2026-02-28 01:06:02,,True,admin
PRYG002953,العاملة,,,2025-03-04 12:51:54,,True,admin
PRYG002954,الجامعيّة,,,2025-01-31 11:17:01,,True,admin
PRYG002955,الجامعيّة,,,2025-02-03 02:09:11,,True,admin
PRYG002956,الثانوي,,,2025-02-02 11:15:34,,True,admin
PRYG002957,الجامعيّة,,,2025-03-11 10:52:37,,True,admin
PRYG002958,العاملة,,,2025-02-23 14:17:18,,True,admin
PRYG002959,الجامعيّة,,,2025-01-31 11:12:11,,True,admin
PRYG002960,الإعدادي,,,2025-01-31 19:56:06,,True,admin
PRYG002961,العاملة,,,2025-03-11 11:43:48,,True,admin
PRYG002963,العاملة,,,2025-02-01 22:59:31,,True,admin
PRYG002964,البراعم,,,2025-02-10 23:06:04,,True,admin
PRYG002965,البراعم,,,2025-08-09 09:45:05,,True,admin
PRYG002966,البراعم,,,2025-08-09 09:44:53,,True,admin
PRYG002967,البراعم,,,2025-08-09 09:46:00,,True,admin
PRYG002968,البراعم,,,2025-08-09 09:46:25,,True,admin
PRYG002969,البراعم,,,2025-08-09 09:47:19,,True,admin
PRYG002970,البراعم,,,2025-08-09 09:47:23,,True,admin
PRYG002971,البراعم,,,2025-08-09 09:48:06,,True,admin
PRYG002972,البراعم,,,2025-08-09 09:48:12,,True,admin
PRYG002973,البراعم,,,2025-08-09 09:49:00,,True,admin
PRYG002974,البراعم,,,2025-08-09 09:49:26,,True,admin
PRYG002975,البراعم,,,2025-08-09 09:49:28,,True,admin
PRYG002976,البراعم,,,2025-08-09 09:53:03,,True,admin
PRYG002977,البراعم,,,2025-08-09 09:53:16,,True,admin
PRYG002978,البراعم,,,2025-08-09 09:55:00,,True,admin
PRYG002979,البراعم,,,2025-08-09 09:55:42,,True,admin
PRYG002980,البراعم,,,2025-08-09 10:05:38,,True,admin
PRYG002981,البراعم,,,2025-08-09 10:11:35,,True,admin
PRYG002982,البراعم,,,2025-08-09 10:14:02,,True,admin
PRYG002983,البراعم,,,2025-08-09 10:24:10,,True,admin
PRYG002984,الإعدادي,,,2025-03-29 18:07:06,,True,admin
PRYG002985,الإعدادي,,,2025-02-03 16:42:55,,True,admin
PRYG002986,الإعدادي,,,2025-02-03 12:12:02,,True,admin
PRYG002987,الجامعيّة,,,2025-01-31 11:12:21,,True,admin
PRYG002994,العاملة,,,2026-02-27 18:33:03,,True,admin
PRYG002996,العاملة,,,2026-02-27 18:36:57,,True,admin
PRYG003007,العاملة,,,2026-03-09 19:28:05,,True,admin
PRYG003009,البراعم,,,2025-09-27 21:24:55,,True,admin
PRYG003010,البراعم,,,2025-09-27 17:35:35,,True,admin
PRYG003011,البراعم,,,2025-06-10 14:31:43,,True,admin
PRYG003012,البراعم,,,2025-06-10 14:49:40,,True,admin
PRYG003013,البراعم,,,2025-08-09 22:27:02,,True,admin
PRYG003014,البراعم,,,2025-09-24 07:35:26,,True,admin
PRYG003015,البراعم,,,2025-09-24 07:31:20,,True,admin
PRYG003016,البراعم,,,2025-09-24 09:09:59,,True,admin
PRYG003017,الإعدادي,,,2025-02-04 00:17:11,,True,admin
PRYG003018,البراعم,,,2025-09-24 22:13:22,,True,admin
PRYG003019,الإعدادي,,,2025-02-03 22:17:59,,True,admin
PRYG003020,البراعم,,,2025-09-28 11:59:52,,True,admin
PRYG003021,البراعم,,,2025-06-10 14:57:28,,True,admin
PRYG003022,البراعم,,,2025-06-10 16:59:59,,True,admin
PRYG003023,البراعم,,,2025-10-10 10:51:59,,True,admin
PRYG003024,البراعم,,,2025-10-25 20:09:51,,True,admin
PRYG003025,البراعم,,,2025-10-25 20:39:50,,True,admin
PRYG003026,البراعم,,,2025-09-24 07:44:17,,True,admin
PRYG003027,البراعم,,,2025-02-04 11:26:40,,True,admin
PRYG003028,الإعدادي,,,2025-02-03 17:06:59,,True,admin
PRYG003029,الثانوي,,,2025-03-11 17:15:49,,True,admin
PRYG003030,الإعدادي,,,2025-10-30 10:57:12,,True,admin
PRYG003031,الإعدادي,,,2025-11-07 22:52:58,,True,admin
PRYG003032,الإعدادي,,,2025-02-03 14:14:32,,True,admin
PRYG003033,الثانوي,,,2025-02-01 21:24:12,,True,admin
PRYG003034,الإعدادي,,,2025-02-03 12:13:16,,True,admin
PRYG003035,الإعدادي,,,2025-02-03 12:21:05,,True,admin
PRYG003036,الإعدادي,,,2025-02-03 12:23:56,,True,admin
PRYG003037,الإعدادي,,,2025-11-03 15:29:59,,True,admin
PRYG003038,الثانوي,,,2025-02-01 20:45:18,,True,admin
PRYG003039,الإعدادي,,,2025-02-03 15:57:39,,True,admin
PRYG003040,الثانوي,,,2025-02-01 22:10:49,,True,admin
PRYG003041,الإعدادي,,,2025-02-01 22:16:10,,True,admin
PRYG003042,الثانوي,,,2025-02-01 20:47:03,,True,admin
PRYG003043,الإعدادي,,,2025-10-29 10:39:31,,True,admin
PRYG003044,الثانوي,,,2025-11-01 19:10:35,,True,admin
PRYG003045,الإعدادي,,,2025-02-03 12:17:32,,True,admin
PRYG003046,الإعدادي,,,2025-03-29 19:03:14,,True,admin
PRYG003047,الثانوي,,,2025-02-01 20:43:02,,True,admin
PRYG003048,الإعدادي,,,2025-11-03 22:29:57,,True,admin
PRYG003049,الثانوي,,,2025-04-05 19:41:37,,True,admin
PRYG003050,الإعدادي,,,2025-02-03 18:02:45,,True,admin
PRYG003051,الإعدادي,,,2025-02-03 13:12:10,,True,admin
PRYG003052,الإعدادي,,,2025-02-03 15:40:24,,True,admin
PRYG003053,الثانوي,,,2025-11-02 21:38:50,,True,admin
PRYG003054,الثانوي,,,2025-02-02 10:19:52,,True,admin
PRYG003055,الثانوي,,,2025-03-11 15:01:15,,True,admin
PRYG003056,الإعدادي,,,2025-02-03 16:58:29,,True,admin
PRYG003057,الإعدادي,,,2025-02-03 12:46:04,,True,admin
PRYG003058,الإعدادي,,,2025-02-03 20:49:37,,True,admin
PRYG003059,الإعدادي,,,2025-09-24 07:39:52,,True,admin
PRYG003060,الجامعيّة,,,2025-03-11 10:55:00,,True,admin
PRYG003061,البراعم,,,2025-10-10 10:53:48,,True,admin
PRYG003062,البراعم,,,2025-09-27 21:17:46,,True,admin
PRYG003063,البراعم,,,2025-06-10 14:24:30,,True,admin
PRYG003064,البراعم,,,2025-02-04 18:21:59,,True,admin
PRYG003065,البراعم,,,2025-02-04 18:53:28,,True,admin
PRYG003066,الثانوي,,,2025-03-11 16:14:12,,True,admin
PRYG003067,الإعدادي,,,2025-03-29 21:47:52,,True,admin
PRYG003068,الثانوي,,,2025-04-05 20:07:12,,True,admin
PRYG003069,الجامعيّة,,,2026-01-25 15:18:01,,True,admin
PRYG003070,البراعم,,,2025-02-21 17:47:04,,True,admin
PRYG003071,الثانوي,,,2025-02-01 23:40:39,,True,admin
PRYG003072,الثانوي,,,2025-11-02 13:45:07,,True,admin
PRYG003073,البراعم,,,2025-02-04 11:20:51,,True,admin
PRYG003074,البراعم,,,2025-02-04 11:23:29,,True,admin
PRYG003075,البراعم,,,2025-02-04 11:25:43,,True,admin
PRYG003076,البراعم,,,2025-11-17 15:13:05,,True,admin
PRYG003077,البراعم,,,2025-11-17 15:42:44,,True,admin
PRYG003078,البراعم,,,2025-11-17 15:44:46,,True,admin
PRYG003079,البراعم,,,2025-11-18 09:24:38,,True,admin
PRYG003080,البراعم,,,2025-11-18 09:28:54,,True,admin
PRYG003081,البراعم,,,2025-11-18 09:31:17,,True,admin
PRYG003082,البراعم,,,2025-11-18 09:44:27,,True,admin
PRYG003083,البراعم,,,2025-11-18 10:50:41,,True,admin
PRYG003084,البراعم,,,2025-11-19 08:52:39,,True,admin
PRYG003085,البراعم,,,2025-11-19 08:56:52,,True,admin
PRYG003086,البراعم,,,2025-11-19 10:22:46,,True,admin
PRYG003087,البراعم,,,2025-11-19 10:28:12,,True,admin
PRYG003088,البراعم,,,2025-11-19 14:31:23,,True,admin
PRYG003089,البراعم,,,2025-11-19 17:01:11,,True,admin
PRYG003090,البراعم,,,2025-11-19 22:48:46,,True,admin
PRYG003091,البراعم,,,2025-11-19 23:23:59,,True,admin
PRYG003092,البراعم,,,2025-11-19 23:41:23,,True,admin
PRYG003093,البراعم,,,2025-11-20 07:00:47,,True,admin
PRYG003094,البراعم,,,2025-11-20 08:54:25,,True,admin
PRYG003095,البراعم,,,2025-11-20 15:44:45,,True,admin
PRYG003096,البراعم,,,2025-11-27 12:59:52,,True,admin
PRYG003097,البراعم,,,2025-11-27 15:58:01,,True,admin
PRYG003098,البراعم,,,2025-11-27 16:00:34,,True,admin
PRYG003099,البراعم,,,2025-11-27 16:11:52,,True,admin
PRYG003100,البراعم,,,2025-11-27 17:25:05,,True,admin
PRYG003101,البراعم,,,2025-11-27 17:42:57,,True,admin
PRYG003102,البراعم,,,2025-11-27 17:44:59,,True,admin
PRYG003103,البراعم,,,2025-11-27 21:24:48,,True,admin
PRYG003104,البراعم,,,2025-11-27 21:40:48,,True,admin
PRYG003105,البراعم,,,2025-11-27 21:44:38,,True,admin
PRYG003106,البراعم,,,2025-11-27 21:47:34,,True,admin
PRYG003107,البراعم,,,2025-11-27 21:50:37,,True,admin
PRYG003108,البراعم,,,2025-11-27 21:56:59,,True,admin
PRYG003109,البراعم,,,2025-11-27 22:15:22,,True,admin
PRYG003110,البراعم,,,2025-11-27 22:15:25,,True,admin
PRYG003111,البراعم,,,2025-11-28 08:40:52,,True,admin
PRYG003112,البراعم,,,2025-11-28 15:13:17,,True,admin
PRYG003113,البراعم,,,2025-11-28 15:18:48,,True,admin
PRYG003114,البراعم,,,2025-11-28 21:19:57,,True,admin
PRYG003115,البراعم,,,2026-02-22 17:33:46,,True,admin
PRYG003116,البراعم,,,2026-03-05 15:37:36,,True,admin
PRYG003117,البراعم,,,2026-03-14 19:21:16,,True,admin
PRYG003118,البراعم,,,2025-06-10 14:36:18,,True,admin
PRYG003119,البراعم,,,2025-12-09 18:03:22,,True,admin
PRYG003120,البراعم,,,2025-09-27 18:32:17,,True,admin
PRYG003121,البراعم,,,2025-10-29 15:22:42,,True,admin
PRYG003122,البراعم,,,2025-08-09 10:25:25,,True,admin
PRYG003123,الإعدادي,,,2025-11-03 21:06:45,,True,admin
PRYG003124,الثانوي,,,2025-02-01 20:43:43,,True,admin
PRYG003125,البراعم,,,2025-08-09 20:50:26,,True,admin
PRYG003126,الثانوي,,,2025-02-01 20:43:09,,True,admin
PRYG003127,الإعدادي,,,2025-02-03 12:38:06,,True,admin
PRYG003128,البراعم,,,2025-08-09 20:57:29,,True,admin
PRYG003129,البراعم,,,2025-10-19 19:15:44,,True,admin
PRYG003130,البراعم,,,2025-10-19 19:21:05,,True,admin
PRYG003131,البراعم,,,2025-11-20 14:00:34,,True,admin
PRYG003132,البراعم,,,2025-09-27 20:52:33,,True,admin
PRYG003133,البراعم,,,2025-06-10 17:37:39,,True,admin
PRYG003134,البراعم,,,2025-07-10 05:07:41,,True,admin
PRYG003135,العاملة,,,2025-02-20 16:54:29,,True,admin
PRYG003136,البراعم,,,2025-05-28 09:08:20,,True,admin
PRYG003137,الجامعيّة,,,2025-03-19 15:15:48,,True,admin
PRYG003138,العاملة,,,2025-01-31 11:15:47,,True,admin
PRYG003139,العاملة,,,2025-01-31 11:13:04,,True,admin
PRYG003140,العاملة,,,2025-02-01 15:39:32,,True,admin
PRYG003141,العاملة,,,2025-01-31 11:13:56,,True,admin
PRYG003142,العاملة,,,2025-03-20 12:24:29,,True,admin
PRYG003143,العاملة,,,2025-01-31 11:15:50,,True,admin
PRYG003144,العاملة,,,2025-02-01 13:19:33,,True,admin
PRYG003145,العاملة,,,2025-01-31 11:13:28,,True,admin
PRYG003146,العاملة,,,2025-01-31 11:17:10,,True,admin
PRYG003147,العاملة,,,2025-02-21 20:59:58,,True,admin
PRYG003148,العاملة,,,2025-01-31 11:14:47,,True,admin
PRYG003149,العاملة,,,2025-03-04 13:01:58,,True,admin
PRYG003150,العاملة,,,2025-01-31 11:15:32,,True,admin
PRYG003151,العاملة,,,2025-03-15 20:14:08,,True,admin
PRYG003152,العاملة,,,2025-02-21 21:32:01,,True,admin
PRYG003153,الجامعيّة,,,2025-01-31 11:14:13,,True,admin
PRYG003154,العاملة,,,2025-01-31 11:13:50,,True,admin
PRYG003155,العاملة,,,2025-02-01 16:05:19,,True,admin
PRYG003156,العاملة,,,2025-03-20 12:51:00,,True,admin
PRYG003157,العاملة,,,2025-02-01 22:43:40,,True,admin
PRYG003158,العاملة,,,2025-01-31 11:13:23,,True,admin
PRYG003159,العاملة,,,2025-01-31 11:14:35,,True,admin
PRYG003160,العاملة,,,2025-03-14 18:13:40,,True,admin
PRYG003161,العاملة,,,2025-01-31 11:14:32,,True,admin
PRYG003162,العاملة,,,2025-01-31 11:14:40,,True,admin
PRYG003163,العاملة,,,2025-03-14 16:51:29,,True,admin
PRYG003164,العاملة,,,2025-01-31 11:14:58,,True,admin
PRYG003165,العاملة,,,2025-01-31 11:15:44,,True,admin
PRYG003166,العاملة,,,2025-04-02 20:56:43,,True,admin
PRYG003167,العاملة,,,2025-01-31 11:14:28,,True,admin
PRYG003168,العاملة,,,2025-01-31 11:14:50,,True,admin
PRYG003169,العاملة,,,2025-03-19 12:42:41,,True,admin
PRYG003170,العاملة,,,2025-04-27 12:05:50,,True,admin
PRYG003171,العاملة,,,2025-03-09 22:09:10,,True,admin
PRYG003172,الجامعيّة,,,2025-01-31 11:15:57,,True,admin
PRYG003173,العاملة,,,2025-01-31 11:14:09,,True,admin
PRYG003174,العاملة,,,2025-01-31 11:14:39,,True,admin
PRYG003175,العاملة,,,2025-01-31 11:13:01,,True,admin
PRYG003176,العاملة,,,2025-01-31 11:17:21,,True,admin
PRYG003177,العاملة,,,2025-01-31 11:15:27,,True,admin
PRYG003178,الجامعيّة,,,2025-02-01 15:25:08,,True,admin
PRYG003179,العاملة,,,2025-01-31 11:15:47,,True,admin
PRYG003180,العاملة,,,2025-01-31 11:17:41,,True,admin
PRYG003181,العاملة,,,2025-01-31 11:18:44,,True,admin
PRYG003182,العاملة,,,2025-01-31 11:16:14,,True,admin
PRYG003183,العاملة,,,2025-01-31 11:14:25,,True,admin
PRYG003184,العاملة,,,2025-01-31 11:15:07,,True,admin
PRYG003185,العاملة,,,2025-01-31 11:14:05,,True,admin
PRYG003186,العاملة,,,2025-04-28 00:04:55,,True,admin
PRYG003187,الجامعيّة,,,2025-03-22 19:24:12,,True,admin
PRYG003188,العاملة,,,2025-01-31 11:17:17,,True,admin
PRYG003189,العاملة,,,2025-03-01 19:37:37,,True,admin
PRYG003190,العاملة,,,2025-03-20 14:44:03,,True,admin
PRYG003191,العاملة,,,2025-01-31 11:15:01,,True,admin
PRYG003192,العاملة,,,2025-01-31 11:22:37,,True,admin
PRYG003193,العاملة,,,2025-01-31 11:20:08,,True,admin
PRYG003194,العاملة,,,2025-02-01 08:43:18,,True,admin
PRYG003195,العاملة,,,2025-03-10 14:29:55,,True,admin
PRYG003196,العاملة,,,2025-04-30 14:40:21,,True,admin
PRYG003197,العاملة,,,2025-01-31 11:14:57,,True,admin
PRYG003198,العاملة,,,2025-01-31 11:17:16,,True,admin
PRYG003199,العاملة,,,2025-02-02 10:18:23,,True,admin
PRYG003200,العاملة,,,2025-03-22 19:04:27,,True,admin
PRYG003201,العاملة,,,2025-01-31 11:15:20,,True,admin
PRYG003202,العاملة,2025-06-26,,2025-02-17 13:17:50,,True,admin
PRYG003202,الجامعيّة,2021-09-01,2025-06-25,2025-02-17 13:17:50,,True,admin
PRYG003202,الثانوي,2018-09-01,2021-08-31,2025-02-17 13:17:50,,True,admin
PRYG003202,الإعدادي,2018-02-15,2018-08-31,2025-02-17 13:17:50,,True,admin
PRYG003203,الجامعيّة,,,2024-03-23 22:26:10,,True,admin
PRYG003210,العاملة,,,2026-05-25 19:02:52,,True,admin
PRYG003218,الإعدادي,,,2024-11-02 15:18:54,,True,admin
PRYG003222,الثانوي,,,2024-03-01 12:12:39,,True,admin
PRYG003229,الثانوي,,,2024-02-28 23:04:44,,True,admin
PRYG003236,الثانوي,,,2024-03-02 01:00:18,,True,admin
PRYG003244,الثانوي,,,2024-04-15 19:59:12,,True,admin
PRYG003248,الثانوي,,,2024-04-15 20:09:38,,True,admin
PRYG003254,الإعدادي,,,2024-11-07 20:39:56,,True,admin
PRYG003259,الثانوي,,,2024-04-15 20:11:25,,True,admin
PRYG003299,العاملة,,,2026-05-07 19:10:11,,True,admin
PRYG003303,العاملة,,,2026-05-07 19:22:47,,True,admin
