mobile_number_record_id,is_primary,scd_active_from,scd_active_to,scd_currently_active_flag,scd_changed_by_user
MB000001,True,2025-01-31 11:12:25,,True,admin
MB000002,True,2025-01-31 11:12:36,,True,admin
MB000003,True,2025-01-31 11:12:38,,True,admin
MB000004,True,2025-01-31 11:12:38,,True,admin
MB000005,True,2025-01-31 11:12:42,,True,admin
MB000006,True,2025-01-31 11:12:46,,True,admin
MB000007,True,2025-01-31 11:12:47,,True,admin
MB000008,True,2025-01-31 11:12:50,,True,admin
MB000009,True,2025-01-31 11:12:50,,True,admin
MB000010,True,2025-01-31 11:12:54,,True,admin
MB000011,True,2025-01-31 11:12:54,,True,admin
MB000012,True,2025-01-31 11:13:00,,True,admin
MB000013,True,2025-01-31 11:13:00,,True,admin
MB000015,True,2025-01-31 11:13:02,,True,admin
MB000016,True,2025-01-31 11:13:03,,True,admin
MB000017,True,2025-01-31 11:13:03,,True,admin
MB000019,True,2025-01-31 11:13:06,,True,admin
MB000020,True,2025-01-31 11:13:09,,True,admin
MB000021,True,2025-01-31 11:13:09,,True,admin
MB000022,True,2025-01-31 11:13:09,,True,admin
MB000023,True,2025-01-31 11:13:12,,True,admin
MB000024,True,2025-01-31 11:13:12,,True,admin
MB000025,True,2025-01-31 11:13:13,,True,admin
MB000026,True,2025-01-31 11:13:13,,True,admin
MB000027,True,2025-01-31 11:13:13,,True,admin
MB000028,True,2025-01-31 11:13:15,,True,admin
MB000029,True,2025-01-31 11:13:18,,True,admin
MB000030,True,2025-01-31 11:13:18,,True,admin
MB000031,True,2025-01-31 11:13:19,,True,admin
MB000032,True,2025-01-31 11:13:20,,True,admin
MB000033,True,2025-01-31 11:13:20,,True,admin
MB000034,True,2025-01-31 11:13:21,,True,admin
MB000035,True,2025-01-31 11:13:22,,True,admin
MB000037,True,2025-01-31 11:13:24,,True,admin
MB000038,True,2025-01-31 11:13:25,,True,admin
MB000039,True,2025-01-31 11:13:25,,True,admin
MB000040,True,2025-01-31 11:13:26,,True,admin
MB000041,True,2025-01-31 11:13:27,,True,admin
MB000043,True,2025-01-31 11:13:29,,True,admin
MB000044,True,2025-01-31 11:13:29,,True,admin
MB000045,True,2025-01-31 11:13:32,,True,admin
MB000046,True,2025-01-31 11:13:32,,True,admin
MB000047,True,2025-01-31 11:13:33,,True,admin
MB000048,True,2025-01-31 11:13:35,,True,admin
MB000049,True,2025-01-31 11:13:36,,True,admin
MB000050,True,2025-01-31 11:13:36,,True,admin
MB000051,True,2025-01-31 11:13:40,,True,admin
MB000052,True,2025-01-31 11:13:41,,True,admin
MB000053,True,2025-01-31 11:13:42,,True,admin
MB000054,True,2025-01-31 11:13:42,,True,admin
MB000055,True,2025-01-31 11:13:44,,True,admin
MB000056,False,2025-01-31 11:13:44,,True,admin
MB000057,True,2025-01-31 11:13:45,,True,admin
MB000058,True,2025-01-31 11:13:45,,True,admin
MB000060,True,2025-01-31 11:13:46,,True,admin
MB000061,True,2025-01-31 11:13:46,,True,admin
MB000062,True,2025-01-31 11:13:48,,True,admin
MB000063,True,2025-01-31 11:13:49,,True,admin
MB000064,True,2025-01-31 11:13:49,,True,admin
MB000065,True,2025-01-31 11:13:49,,True,admin
MB000067,True,2025-01-31 11:13:51,,True,admin
MB000068,True,2025-01-31 11:13:52,,True,admin
MB000069,True,2025-01-31 11:13:53,,True,admin
MB000070,True,2025-01-31 11:13:55,,True,admin
MB000071,True,2025-01-31 11:14:00,,True,admin
MB000072,True,2025-01-31 11:14:01,,True,admin
MB000073,True,2025-01-31 11:14:02,,True,admin
MB000074,True,2025-01-31 11:14:03,,True,admin
MB000077,True,2025-01-31 11:14:11,,True,admin
MB000078,True,2025-01-31 11:14:11,,True,admin
MB000079,True,2025-01-31 11:14:12,,True,admin
MB000081,True,2025-01-31 11:14:14,,True,admin
MB000082,True,2025-01-31 11:14:15,,True,admin
MB000083,True,2025-01-31 11:14:16,,True,admin
MB000084,True,2025-01-31 11:14:17,,True,admin
MB000085,True,2025-01-31 11:14:17,,True,admin
MB000086,True,2025-01-31 11:14:19,,True,admin
MB000088,True,2025-01-31 11:14:22,,True,admin
MB000090,True,2025-01-31 11:14:26,,True,admin
MB000091,True,2025-01-31 11:14:26,,True,admin
MB000092,True,2025-01-31 11:14:27,,True,admin
MB000093,True,2025-01-31 11:14:27,,True,admin
MB000094,True,2025-01-31 11:14:27,,True,admin
MB000095,True,2025-01-31 11:14:27,,True,admin
MB000097,True,2025-01-31 11:14:29,,True,admin
MB000098,True,2025-01-31 11:14:30,,True,admin
MB000100,True,2025-01-31 11:14:32,,True,admin
MB000101,True,2025-01-31 11:14:33,,True,admin
MB000102,True,2025-01-31 11:14:34,,True,admin
MB000104,True,2025-01-31 11:14:36,,True,admin
MB000105,True,2025-01-31 11:14:37,,True,admin
MB000106,True,2025-01-31 11:14:38,,True,admin
MB000107,True,2025-01-31 11:14:39,,True,admin
MB000109,True,2025-01-31 11:14:40,,True,admin
MB000111,True,2025-01-31 11:14:41,,True,admin
MB000112,True,2025-01-31 11:14:41,,True,admin
MB000113,True,2025-01-31 11:14:42,,True,admin
MB000114,True,2025-01-31 11:14:42,,True,admin
MB000115,True,2025-01-31 11:14:44,,True,admin
MB000116,True,2025-01-31 11:14:45,,True,admin
MB000117,True,2025-01-31 11:14:45,,True,admin
MB000118,True,2025-01-31 11:14:45,,True,admin
MB000119,True,2025-01-31 11:14:45,,True,admin
MB000120,True,2025-01-31 11:14:45,,True,admin
MB000121,True,2025-01-31 11:14:47,,True,admin
MB000123,True,2025-01-31 11:14:47,,True,admin
MB000124,True,2025-01-31 11:14:47,,True,admin
MB000125,True,2025-01-31 11:14:50,,True,admin
MB000127,True,2025-01-31 11:14:51,,True,admin
MB000128,True,2025-01-31 11:14:51,,True,admin
MB000129,True,2025-01-31 11:14:52,,True,admin
MB000130,True,2025-01-31 11:14:53,,True,admin
MB000131,True,2025-01-31 11:14:53,,True,admin
MB000132,True,2025-01-31 11:14:54,,True,admin
MB000133,True,2025-01-31 11:14:54,,True,admin
MB000134,True,2025-01-31 11:14:57,,True,admin
MB000137,True,2025-01-31 11:14:58,,True,admin
MB000138,True,2025-01-31 11:14:58,,True,admin
MB000139,True,2025-01-31 11:14:59,,True,admin
MB000140,True,2025-01-31 11:14:00,,True,admin
MB000141,True,2025-01-31 11:15:00,,True,admin
MB000143,True,2025-01-31 11:15:02,,True,admin
MB000144,True,2025-01-31 11:15:04,,True,admin
MB000145,True,2025-01-31 11:15:06,,True,admin
MB000146,True,2025-01-31 11:15:06,,True,admin
MB000147,True,2025-01-31 11:15:07,,True,admin
MB000149,True,2025-01-31 11:15:07,,True,admin
MB000150,True,2025-01-31 11:15:09,,True,admin
MB000151,True,2025-01-31 11:15:11,,True,admin
MB000152,True,2025-01-31 11:15:12,,True,admin
MB000153,True,2025-01-31 11:15:14,,True,admin
MB000154,True,2025-01-31 11:15:15,,True,admin
MB000155,True,2025-01-31 11:15:16,,True,admin
MB000156,True,2025-01-31 11:15:16,,True,admin
MB000157,True,2025-01-31 11:15:17,,True,admin
MB000158,True,2025-01-31 11:15:18,,True,admin
MB000159,True,2025-01-31 11:15:18,,True,admin
MB000161,True,2025-01-31 11:15:20,,True,admin
MB000162,True,2025-01-31 11:15:22,,True,admin
MB000163,True,2025-01-31 11:15:27,,True,admin
MB000165,True,2025-01-31 11:15:28,,True,admin
MB000167,True,2025-01-31 11:15:33,,True,admin
MB000168,True,2025-01-31 11:15:33,,True,admin
MB000169,True,2025-01-31 11:15:33,,True,admin
MB000170,True,2025-01-31 11:15:33,,True,admin
MB000171,True,2025-01-31 11:15:34,,True,admin
MB000172,True,2025-01-31 11:15:34,,True,admin
MB000173,True,2025-01-31 11:15:36,,True,admin
MB000174,True,2025-01-31 11:15:37,,True,admin
MB000175,True,2025-01-31 11:15:38,,True,admin
MB000176,True,2025-01-31 11:15:39,,True,admin
MB000177,True,2025-01-31 11:15:39,,True,admin
MB000178,True,2025-01-31 11:15:40,,True,admin
MB000179,True,2025-01-31 11:15:41,,True,admin
MB000180,True,2025-01-31 11:15:41,,True,admin
MB000181,True,2025-01-31 11:15:41,,True,admin
MB000182,True,2025-01-31 11:15:44,,True,admin
MB000185,True,2025-01-31 11:15:44,,True,admin
MB000186,True,2025-01-31 11:15:45,,True,admin
MB000187,True,2025-01-31 11:15:45,,True,admin
MB000188,True,2025-01-31 11:15:45,,True,admin
MB000189,True,2025-01-31 11:15:45,,True,admin
MB000190,True,2025-01-31 11:15:46,,True,admin
MB000193,True,2025-01-31 11:15:48,,True,admin
MB000195,True,2025-01-31 11:15:50,,True,admin
MB000196,True,2025-01-31 11:15:53,,True,admin
MB000197,True,2025-01-31 11:15:53,,True,admin
MB000198,True,2025-01-31 11:15:55,,True,admin
MB000199,True,2025-01-31 11:15:55,,True,admin
MB000204,True,2025-01-31 11:15:57,,True,admin
MB000205,True,2025-01-31 11:15:57,,True,admin
MB000206,True,2025-01-31 11:16:02,,True,admin
MB000207,True,2025-01-31 11:16:02,,True,admin
MB000209,True,2025-01-31 11:16:03,,True,admin
MB000210,True,2025-01-31 11:16:05,,True,admin
MB000211,True,2025-01-31 11:16:08,,True,admin
MB000212,True,2025-01-31 11:16:10,,True,admin
MB000213,True,2025-01-31 11:16:12,,True,admin
MB000214,True,2025-01-31 11:16:12,,True,admin
MB000215,True,2025-01-31 11:16:13,,True,admin
MB000216,True,2025-01-31 11:16:13,,True,admin
MB000217,True,2025-01-31 11:16:14,,True,admin
MB000219,True,2025-01-31 11:16:15,,True,admin
MB000221,True,2025-01-31 11:16:17,,True,admin
MB000222,True,2025-01-31 11:16:17,,True,admin
MB000223,True,2025-01-31 11:16:18,,True,admin
MB000224,True,2025-01-31 11:16:19,,True,admin
MB000225,True,2025-01-31 11:16:21,,True,admin
MB000226,True,2025-01-31 11:16:24,,True,admin
MB000227,True,2025-01-31 11:16:24,,True,admin
MB000228,True,2025-01-31 11:16:25,,True,admin
MB000231,True,2025-01-31 11:16:29,,True,admin
MB000232,True,2025-01-31 11:16:29,,True,admin
MB000233,True,2025-01-31 11:16:35,,True,admin
MB000234,True,2025-01-31 11:16:37,,True,admin
MB000235,True,2025-01-31 11:16:40,,True,admin
MB000236,True,2025-01-31 11:16:41,,True,admin
MB000237,True,2025-01-31 11:16:42,,True,admin
MB000239,True,2025-01-31 11:16:44,,True,admin
MB000240,True,2025-01-31 11:16:45,,True,admin
MB000241,True,2025-01-31 11:16:46,,True,admin
MB000242,True,2025-01-31 11:16:50,,True,admin
MB000243,True,2025-01-31 11:16:51,,True,admin
MB000244,True,2025-01-31 11:16:52,,True,admin
MB000245,True,2025-01-31 11:16:52,,True,admin
MB000246,True,2025-01-31 11:16:58,,True,admin
MB000247,True,2025-01-31 11:16:59,,True,admin
MB000248,True,2025-01-31 11:16:59,,True,admin
MB000250,True,2025-01-31 11:17:06,,True,admin
MB000251,True,2025-01-31 11:17:07,,True,admin
MB000252,True,2025-01-31 11:17:09,,True,admin
MB000254,True,2025-01-31 11:17:11,,True,admin
MB000255,True,2025-01-31 11:17:12,,True,admin
MB000256,True,2025-01-31 11:17:13,,True,admin
MB000257,True,2025-01-31 11:17:15,,True,admin
MB000260,True,2025-01-31 11:17:18,,True,admin
MB000261,True,2025-01-31 11:17:20,,True,admin
MB000263,True,2025-01-31 11:17:25,,True,admin
MB000266,True,2025-01-31 11:17:45,,True,admin
MB000267,True,2025-01-31 11:17:49,,True,admin
MB000268,True,2025-01-31 11:17:50,,True,admin
MB000269,True,2025-01-31 11:18:01,,True,admin
MB000270,True,2025-01-31 11:18:02,,True,admin
MB000272,True,2025-01-31 11:18:03,,True,admin
MB000274,True,2025-01-31 11:18:07,,True,admin
MB000275,True,2025-01-31 11:18:08,,True,admin
MB000276,True,2025-01-31 11:18:11,,True,admin
MB000277,True,2025-01-31 11:18:12,,True,admin
MB000278,True,2025-01-31 11:18:16,,True,admin
MB000279,True,2025-01-31 11:18:19,,True,admin
MB000280,True,2025-01-31 11:18:21,,True,admin
MB000281,True,2025-01-31 11:18:21,,True,admin
MB000282,True,2025-01-31 11:18:21,,True,admin
MB000283,True,2025-01-31 11:18:21,,True,admin
MB000284,True,2025-01-31 11:18:24,,True,admin
MB000285,True,2025-01-31 11:18:27,,True,admin
MB000287,True,2025-01-31 11:18:39,,True,admin
MB000288,True,2025-01-31 11:18:39,,True,admin
MB000289,True,2025-01-31 11:18:43,,True,admin
MB000290,True,2025-01-31 11:18:44,,True,admin
MB000292,True,2025-01-31 11:18:00,,True,admin
MB000293,True,2025-01-31 11:19:01,,True,admin
MB000294,True,2025-01-31 11:19:04,,True,admin
MB000295,True,2025-01-31 11:19:10,,True,admin
MB000296,True,2025-01-31 11:19:11,,True,admin
MB000297,True,2025-01-31 11:19:17,,True,admin
MB000298,True,2025-01-31 11:19:18,,True,admin
MB000299,True,2025-01-31 11:19:40,,True,admin
MB000300,True,2025-01-31 11:19:43,,True,admin
MB000301,True,2025-01-31 11:20:06,,True,admin
MB000302,True,2025-01-31 11:20:08,,True,admin
MB000304,True,2025-01-31 11:20:10,,True,admin
MB000305,True,2025-01-31 11:20:18,,True,admin
MB000307,True,2025-01-31 11:21:51,,True,admin
MB000309,True,2025-01-31 11:22:46,,True,admin
MB000310,True,2025-01-31 11:23:09,,True,admin
MB000312,True,2025-01-31 11:24:08,,True,admin
MB000313,True,2025-01-31 11:24:54,,True,admin
MB000314,True,2025-01-31 11:25:23,,True,admin
MB000315,True,2025-01-31 11:26:59,,True,admin
MB000317,True,2025-01-31 11:33:32,,True,admin
MB000318,True,2025-01-31 11:37:13,,True,admin
MB000319,True,2025-01-31 11:38:46,,True,admin
MB000320,True,2025-01-31 11:42:11,,True,admin
MB000321,True,2025-01-31 11:52:23,,True,admin
MB000322,True,2025-01-31 11:58:47,,True,admin
MB000323,True,2025-01-31 12:24:41,,True,admin
MB000324,True,2025-01-31 12:32:23,,True,admin
MB000325,True,2025-01-31 13:30:38,,True,admin
MB000326,True,2025-01-31 13:33:50,,True,admin
MB000327,True,2025-01-31 13:43:41,,True,admin
MB000328,True,2025-01-31 13:51:54,,True,admin
MB000329,True,2025-01-31 14:53:31,,True,admin
MB000330,True,2025-01-31 15:08:17,,True,admin
MB000331,True,2025-01-31 16:01:13,,True,admin
MB000332,True,2025-01-31 16:17:26,,True,admin
MB000333,True,2025-01-31 16:37:22,,True,admin
MB000334,True,2025-01-31 17:12:27,,True,admin
MB000335,True,2025-01-31 17:22:22,,True,admin
MB000336,True,2025-01-31 17:27:30,,True,admin
MB000337,True,2025-01-31 17:27:34,,True,admin
MB000338,True,2025-01-31 17:30:15,,True,admin
MB000339,True,2025-01-31 17:41:04,,True,admin
MB000340,True,2025-01-31 19:11:47,,True,admin
MB000341,True,2025-01-31 19:11:54,,True,admin
MB000342,True,2025-01-31 19:11:58,,True,admin
MB000343,True,2025-01-31 19:13:52,,True,admin
MB000344,True,2025-01-31 19:15:56,,True,admin
MB000345,True,2025-01-31 19:17:34,,True,admin
MB000346,True,2025-01-31 19:18:25,,True,admin
MB000347,True,2025-01-31 19:19:10,,True,admin
MB000348,True,2025-01-31 19:39:59,,True,admin
MB000349,True,2025-01-31 19:40:14,,True,admin
MB000350,True,2025-01-31 19:40:50,,True,admin
MB000351,True,2025-01-31 19:50:29,,True,admin
MB000352,True,2025-01-31 19:50:31,,True,admin
MB000353,True,2025-01-31 19:51:11,,True,admin
MB000354,True,2025-01-31 19:51:53,,True,admin
MB000355,True,2025-01-31 19:52:29,,True,admin
MB000356,False,2025-01-31 19:52:29,,True,admin
MB000357,True,2025-01-31 19:53:05,,True,admin
MB000358,True,2025-01-31 19:58:29,,True,admin
MB000359,True,2025-01-31 19:59:07,,True,admin
MB000360,True,2025-01-31 20:07:14,,True,admin
MB000361,True,2025-01-31 20:10:48,,True,admin
MB000362,True,2025-01-31 20:22:58,,True,admin
MB000363,True,2025-01-31 20:28:49,,True,admin
MB000364,True,2025-01-31 20:34:13,,True,admin
MB000365,True,2025-01-31 20:45:50,,True,admin
MB000366,True,2025-01-31 20:53:11,,True,admin
MB000367,True,2025-01-31 20:55:47,,True,admin
MB000369,True,2025-01-31 22:08:49,,True,admin
MB000370,True,2025-01-31 22:08:55,,True,admin
MB000371,True,2025-01-31 22:12:10,,True,admin
MB000372,True,2025-01-31 22:13:50,,True,admin
MB000373,True,2025-01-31 22:15:40,,True,admin
MB000374,True,2025-01-31 22:19:07,,True,admin
MB000375,True,2025-01-31 22:31:32,,True,admin
MB000376,True,2025-01-31 22:37:46,,True,admin
MB000377,True,2025-01-31 22:41:24,,True,admin
MB000378,True,2025-01-31 22:45:19,,True,admin
MB000379,True,2025-01-31 22:46:40,,True,admin
MB000380,True,2025-01-31 22:49:13,,True,admin
MB000381,True,2025-01-31 22:56:59,,True,admin
MB000382,True,2025-01-31 23:15:38,,True,admin
MB000383,True,2025-02-01 01:42:53,,True,admin
MB000385,True,2025-02-01 09:51:14,,True,admin
MB000386,True,2025-02-01 09:52:53,,True,admin
MB000387,True,2025-02-01 10:06:30,,True,admin
MB000388,True,2025-02-01 10:26:32,,True,admin
MB000389,True,2025-02-01 10:27:32,,True,admin
MB000390,True,2025-02-01 11:35:37,,True,admin
MB000391,True,2025-02-01 11:50:03,,True,admin
MB000392,True,2025-02-01 11:51:25,,True,admin
MB000395,True,2025-02-01 12:20:45,,True,admin
MB000396,True,2025-02-01 12:21:18,,True,admin
MB000397,False,2025-02-01 12:21:18,,True,admin
MB000399,True,2025-02-01 12:29:45,,True,admin
MB000401,True,2025-02-01 12:42:41,,True,admin
MB000402,True,2025-02-01 12:45:12,,True,admin
MB000403,True,2025-02-01 12:57:29,,True,admin
MB000404,True,2025-02-01 13:07:19,,True,admin
MB000405,True,2025-02-01 13:14:36,,True,admin
MB000407,True,2025-02-01 13:23:12,,True,admin
MB000408,True,2025-02-01 13:27:37,,True,admin
MB000409,True,2025-02-01 13:32:37,,True,admin
MB000410,True,2025-02-01 13:38:13,,True,admin
MB000411,True,2025-02-01 13:47:43,,True,admin
MB000412,True,2025-02-01 13:49:04,,True,admin
MB000413,True,2025-02-01 13:51:21,,True,admin
MB000414,True,2025-02-01 13:54:41,,True,admin
MB000415,True,2025-02-01 13:55:00,,True,admin
MB000416,True,2025-02-01 13:57:44,,True,admin
MB000417,True,2025-02-01 13:59:10,,True,admin
MB000418,True,2025-02-01 14:11:35,,True,admin
MB000419,True,2025-02-01 14:11:48,,True,admin
MB000420,True,2025-02-01 14:11:59,,True,admin
MB000421,True,2025-02-01 14:12:54,,True,admin
MB000422,True,2025-02-01 14:12:57,,True,admin
MB000423,True,2025-02-01 14:13:18,,True,admin
MB000424,True,2025-02-01 14:13:58,,True,admin
MB000425,True,2025-02-01 14:15:09,,True,admin
MB000426,True,2025-02-01 14:15:29,,True,admin
MB000427,True,2025-02-01 14:17:47,,True,admin
MB000428,True,2025-02-01 14:18:23,,True,admin
MB000429,True,2025-02-01 14:18:44,,True,admin
MB000430,True,2025-02-01 14:20:11,,True,admin
MB000431,True,2025-02-01 14:21:00,,True,admin
MB000432,True,2025-02-01 14:23:52,,True,admin
MB000433,True,2025-02-01 14:25:33,,True,admin
MB000434,True,2025-02-01 14:30:36,,True,admin
MB000435,True,2025-02-01 14:30:43,,True,admin
MB000436,True,2025-02-01 14:30:48,,True,admin
MB000437,True,2025-02-01 14:30:52,,True,admin
MB000438,True,2025-02-01 14:30:58,,True,admin
MB000439,True,2025-02-01 14:32:43,,True,admin
MB000440,True,2025-02-01 14:32:46,,True,admin
MB000441,True,2025-02-01 14:33:36,,True,admin
MB000442,True,2025-02-01 14:35:15,,True,admin
MB000443,True,2025-02-01 14:41:58,,True,admin
MB000444,True,2025-02-01 14:42:41,,True,admin
MB000445,True,2025-02-01 14:43:19,,True,admin
MB000446,True,2025-02-01 14:44:58,,True,admin
MB000447,True,2025-02-01 14:46:16,,True,admin
MB000448,True,2025-02-01 14:47:30,,True,admin
MB000449,True,2025-02-01 14:48:05,,True,admin
MB000450,True,2025-02-01 14:48:16,,True,admin
MB000451,True,2025-02-01 14:48:00,,True,admin
MB000452,True,2025-02-01 14:49:21,,True,admin
MB000453,True,2025-02-01 14:50:27,,True,admin
MB000454,True,2025-02-01 14:50:41,,True,admin
MB000455,True,2025-02-01 14:51:39,,True,admin
MB000456,True,2025-02-01 14:53:03,,True,admin
MB000457,True,2025-02-01 14:53:11,,True,admin
MB000458,True,2025-02-01 14:58:42,,True,admin
MB000460,True,2025-02-01 15:04:02,,True,admin
MB000461,True,2025-02-01 15:05:23,,True,admin
MB000462,True,2025-02-01 15:05:53,,True,admin
MB000463,True,2025-02-01 15:07:01,,True,admin
MB000464,True,2025-02-01 15:07:17,,True,admin
MB000465,True,2025-02-01 15:08:56,,True,admin
MB000466,True,2025-02-01 15:09:24,,True,admin
MB000467,True,2025-02-01 15:09:52,,True,admin
MB000468,True,2025-02-01 15:09:55,,True,admin
MB000469,True,2025-02-01 15:14:04,,True,admin
MB000470,True,2025-02-01 15:16:26,,True,admin
MB000471,True,2025-02-01 15:17:11,,True,admin
MB000472,True,2025-02-01 15:18:22,,True,admin
MB000473,True,2025-02-01 15:19:28,,True,admin
MB000475,True,2025-02-01 15:26:13,,True,admin
MB000476,True,2025-02-01 15:26:29,,True,admin
MB000478,True,2025-02-01 15:41:12,,True,admin
MB000479,True,2025-02-01 15:42:55,,True,admin
MB000480,True,2025-02-01 15:46:03,,True,admin
MB000481,True,2025-02-01 15:46:18,,True,admin
MB000482,True,2025-02-01 15:47:30,,True,admin
MB000483,True,2025-02-01 15:49:55,,True,admin
MB000484,True,2025-02-01 15:52:51,,True,admin
MB000485,True,2025-02-01 15:54:37,,True,admin
MB000486,True,2025-02-01 15:56:31,,True,admin
MB000487,True,2025-02-01 16:01:06,,True,admin
MB000488,True,2025-02-01 16:01:42,,True,admin
MB000489,True,2025-02-01 16:03:44,,True,admin
MB000490,True,2025-02-01 16:04:41,,True,admin
MB000491,True,2025-02-01 16:04:52,,True,admin
MB000493,True,2025-02-01 16:05:41,,True,admin
MB000494,True,2025-02-01 16:15:29,,True,admin
MB000495,True,2025-02-01 16:20:00,,True,admin
MB000496,True,2025-02-01 16:22:19,,True,admin
MB000497,True,2025-02-01 16:22:56,,True,admin
MB000498,True,2025-02-01 16:23:32,,True,admin
MB000499,True,2025-02-01 16:23:59,,True,admin
MB000500,True,2025-02-01 16:24:02,,True,admin
MB000501,True,2025-02-01 16:43:48,,True,admin
MB000502,True,2025-02-01 16:45:55,,True,admin
MB000503,True,2025-02-01 16:59:38,,True,admin
MB000504,True,2025-02-01 17:01:04,,True,admin
MB000505,True,2025-02-01 17:04:00,,True,admin
MB000506,True,2025-02-01 17:06:02,,True,admin
MB000507,True,2025-02-01 17:33:17,,True,admin
MB000508,True,2025-02-01 17:33:50,,True,admin
MB000509,True,2025-02-01 17:35:02,,True,admin
MB000510,True,2025-02-01 18:09:32,,True,admin
MB000511,True,2025-02-01 19:08:41,,True,admin
MB000512,True,2025-02-01 19:11:43,,True,admin
MB000513,True,2025-02-01 19:14:56,,True,admin
MB000514,True,2025-02-01 19:17:13,,True,admin
MB000515,True,2025-02-01 19:20:59,,True,admin
MB000516,False,2025-02-01 19:20:59,,True,admin
MB000517,True,2025-02-01 20:41:09,,True,admin
MB000518,True,2025-02-01 20:42:02,,True,admin
MB000519,True,2025-02-01 20:42:42,,True,admin
MB000522,True,2025-02-01 20:43:35,,True,admin
MB000523,True,2025-02-01 20:43:36,,True,admin
MB000525,True,2025-02-01 20:43:00,,True,admin
MB000526,True,2025-02-01 20:45:02,,True,admin
MB000527,True,2025-02-01 20:45:17,,True,admin
MB000529,True,2025-02-01 20:46:42,,True,admin
MB000531,True,2025-02-01 20:47:48,,True,admin
MB000532,False,2025-02-01 20:47:48,,True,admin
MB000533,True,2025-02-01 20:48:54,,True,admin
MB000535,True,2025-02-01 20:50:28,,True,admin
MB000539,True,2025-02-01 20:57:44,,True,admin
MB000540,True,2025-02-01 20:57:58,,True,admin
MB000541,True,2025-02-01 20:58:50,,True,admin
MB000542,True,2025-02-01 21:00:47,,True,admin
MB000543,True,2025-02-01 21:02:27,,True,admin
MB000544,True,2025-02-01 21:05:33,,True,admin
MB000545,True,2025-02-01 21:06:06,,True,admin
MB000546,True,2025-02-01 21:06:11,,True,admin
MB000547,True,2025-02-01 21:06:53,,True,admin
MB000548,True,2025-02-01 21:08:56,,True,admin
MB000549,True,2025-02-01 21:10:05,,True,admin
MB000550,True,2025-02-01 21:10:48,,True,admin
MB000551,True,2025-02-01 21:12:05,,True,admin
MB000552,True,2025-02-01 21:13:32,,True,admin
MB000553,True,2025-02-01 21:13:52,,True,admin
MB000554,True,2025-02-01 21:14:44,,True,admin
MB000555,True,2025-02-01 21:14:45,,True,admin
MB000556,True,2025-02-01 21:14:54,,True,admin
MB000557,True,2025-02-01 21:15:14,,True,admin
MB000558,True,2025-02-01 21:16:36,,True,admin
MB000559,True,2025-02-01 21:16:49,,True,admin
MB000560,True,2025-02-01 21:21:06,,True,admin
MB000562,True,2025-02-01 21:33:54,,True,admin
MB000563,True,2025-02-01 21:42:00,,True,admin
MB000565,True,2025-02-01 21:44:07,,True,admin
MB000566,True,2025-02-01 21:44:51,,True,admin
MB000567,True,2025-02-01 21:45:20,,True,admin
MB000568,True,2025-02-01 21:46:43,,True,admin
MB000569,True,2025-02-01 21:49:07,,True,admin
MB000570,True,2025-02-01 21:49:58,,True,admin
MB000571,True,2025-02-01 21:55:58,,True,admin
MB000572,True,2025-02-01 21:59:15,,True,admin
MB000573,True,2025-02-01 22:03:08,,True,admin
MB000574,True,2025-02-01 22:07:55,,True,admin
MB000575,True,2025-02-01 22:09:36,,True,admin
MB000578,True,2025-02-01 22:28:44,,True,admin
MB000579,True,2025-02-01 22:38:12,,True,admin
MB000580,True,2025-02-01 22:39:57,,True,admin
MB000581,True,2025-02-01 22:40:07,,True,admin
MB000582,True,2025-02-01 22:40:12,,True,admin
MB000584,True,2025-02-01 22:40:31,,True,admin
MB000585,True,2025-02-01 22:42:56,,True,admin
MB000587,True,2025-02-01 22:48:27,,True,admin
MB000589,True,2025-02-01 22:58:55,,True,admin
MB000590,True,2025-02-01 23:03:48,,True,admin
MB000591,True,2025-02-01 23:12:18,,True,admin
MB000592,False,2025-02-01 23:12:18,,True,admin
MB000593,True,2025-02-01 23:18:24,,True,admin
MB000594,True,2025-02-01 23:23:27,,True,admin
MB000595,True,2025-02-01 23:26:20,,True,admin
MB000597,True,2025-02-01 23:45:03,,True,admin
MB000599,True,2025-02-02 00:16:32,,True,admin
MB000600,True,2025-02-02 01:27:58,,True,admin
MB000601,True,2025-02-02 06:33:07,,True,admin
MB000602,True,2025-02-02 08:11:00,,True,admin
MB000603,True,2025-02-02 08:35:34,,True,admin
MB000604,True,2025-02-02 10:15:37,,True,admin
MB000607,True,2025-02-02 10:24:42,,True,admin
MB000608,True,2025-02-02 10:27:30,,True,admin
MB000609,True,2025-02-02 10:29:17,,True,admin
MB000610,True,2025-02-02 10:29:38,,True,admin
MB000611,True,2025-02-02 10:30:54,,True,admin
MB000612,True,2025-02-02 10:32:34,,True,admin
MB000613,True,2025-02-02 10:35:12,,True,admin
MB000614,True,2025-02-02 10:36:39,,True,admin
MB000615,True,2025-02-02 10:37:53,,True,admin
MB000616,True,2025-02-02 10:38:12,,True,admin
MB000617,True,2025-02-02 10:39:15,,True,admin
MB000618,True,2025-02-02 10:56:05,,True,admin
MB000619,True,2025-02-02 10:59:22,,True,admin
MB000620,True,2025-02-02 11:00:53,,True,admin
MB000621,True,2025-02-02 11:01:33,,True,admin
MB000622,True,2025-02-02 11:05:34,,True,admin
MB000623,True,2025-02-02 11:06:08,,True,admin
MB000624,True,2025-02-02 11:06:47,,True,admin
MB000625,True,2025-02-02 11:07:01,,True,admin
MB000626,True,2025-02-02 11:09:31,,True,admin
MB000627,True,2025-02-02 11:10:58,,True,admin
MB000628,True,2025-02-02 11:11:06,,True,admin
MB000629,True,2025-02-02 11:19:03,,True,admin
MB000630,True,2025-02-02 11:27:35,,True,admin
MB000631,True,2025-02-02 11:30:23,,True,admin
MB000632,True,2025-02-02 11:31:22,,True,admin
MB000633,True,2025-02-02 11:34:54,,True,admin
MB000634,True,2025-02-02 11:41:45,,True,admin
MB000635,True,2025-02-02 11:43:19,,True,admin
MB000636,True,2025-02-02 11:47:23,,True,admin
MB000637,True,2025-02-02 11:51:20,,True,admin
MB000638,True,2025-02-02 11:54:49,,True,admin
MB000639,True,2025-02-02 11:56:28,,True,admin
MB000640,True,2025-02-02 12:05:00,,True,admin
MB000641,True,2025-02-02 12:31:02,,True,admin
MB000642,True,2025-02-02 12:56:04,,True,admin
MB000643,True,2025-02-02 12:59:35,,True,admin
MB000644,True,2025-02-02 13:03:43,,True,admin
MB000645,True,2025-02-02 13:05:40,,True,admin
MB000646,True,2025-02-02 13:15:16,,True,admin
MB000648,True,2025-02-02 13:19:23,,True,admin
MB000649,True,2025-02-02 13:39:29,,True,admin
MB000650,True,2025-02-02 13:59:05,,True,admin
MB000651,True,2025-02-02 14:14:12,,True,admin
MB000652,True,2025-02-02 15:14:10,,True,admin
MB000653,True,2025-02-02 15:18:09,,True,admin
MB000654,True,2025-02-02 15:23:11,,True,admin
MB000655,True,2025-02-02 15:35:59,,True,admin
MB000656,True,2025-02-02 15:45:21,,True,admin
MB000657,True,2025-02-02 15:45:22,,True,admin
MB000658,True,2025-02-02 16:00:16,,True,admin
MB000659,True,2025-02-02 16:20:21,,True,admin
MB000660,True,2025-02-02 16:33:48,,True,admin
MB000661,True,2025-02-02 16:57:19,,True,admin
MB000662,True,2025-02-02 17:02:30,,True,admin
MB000663,True,2025-02-02 17:30:55,,True,admin
MB000664,True,2025-02-02 18:10:25,,True,admin
MB000665,True,2025-02-02 19:53:09,,True,admin
MB000666,False,2025-02-02 19:53:09,,True,admin
MB000667,True,2025-02-02 20:25:47,,True,admin
MB000669,True,2025-02-02 21:31:45,,True,admin
MB000670,True,2025-02-02 21:47:44,,True,admin
MB000671,True,2025-02-02 21:50:25,,True,admin
MB000672,True,2025-02-02 22:19:38,,True,admin
MB000673,True,2025-02-03 01:37:51,,True,admin
MB000674,True,2025-02-03 12:05:27,,True,admin
MB000676,True,2025-02-03 12:13:38,,True,admin
MB000680,True,2025-02-03 12:25:06,,True,admin
MB000683,True,2025-02-03 12:43:50,,True,admin
MB000686,True,2025-02-03 12:51:01,,True,admin
MB000687,True,2025-02-03 12:51:13,,True,admin
MB000688,True,2025-02-03 12:54:42,,True,admin
MB000691,True,2025-02-03 13:15:11,,True,admin
MB000692,True,2025-02-03 13:17:48,,True,admin
MB000693,True,2025-02-03 14:01:23,,True,admin
MB000694,True,2025-02-03 14:14:22,,True,admin
MB000696,True,2025-02-03 14:17:22,,True,admin
MB000698,True,2025-02-03 14:35:24,,True,admin
MB000699,True,2025-02-03 14:40:28,,True,admin
MB000701,True,2025-02-03 14:50:08,,True,admin
MB000702,True,2025-02-03 15:03:29,,True,admin
MB000703,True,2025-02-03 15:16:42,,True,admin
MB000704,True,2025-02-03 15:23:59,,True,admin
MB000706,True,2025-02-03 15:29:44,,True,admin
MB000707,True,2025-02-03 15:34:04,,True,admin
MB000709,True,2025-02-03 15:36:43,,True,admin
MB000712,True,2025-02-03 15:49:30,,True,admin
MB000713,True,2025-02-03 15:57:31,,True,admin
MB000715,True,2025-02-03 16:03:26,,True,admin
MB000716,True,2025-02-03 16:11:27,,True,admin
MB000717,False,2025-02-03 16:11:27,,True,admin
MB000718,True,2025-02-03 16:48:48,,True,admin
MB000719,True,2025-02-03 16:53:07,,True,admin
MB000722,True,2025-02-03 17:08:31,,True,admin
MB000723,True,2025-02-03 17:50:47,,True,admin
MB000725,True,2025-02-03 18:07:36,,True,admin
MB000726,True,2025-02-03 18:12:54,,True,admin
MB000727,True,2025-02-03 18:14:43,,True,admin
MB000728,True,2025-02-03 18:19:06,,True,admin
MB000729,True,2025-02-03 18:37:02,,True,admin
MB000730,True,2025-02-03 18:44:48,,True,admin
MB000731,True,2025-02-03 18:46:17,,True,admin
MB000732,True,2025-02-03 18:48:56,,True,admin
MB000733,True,2025-02-03 18:52:29,,True,admin
MB000734,True,2025-02-03 19:32:41,,True,admin
MB000735,True,2025-02-03 20:15:43,,True,admin
MB000737,True,2025-02-03 21:57:15,,True,admin
MB000738,True,2025-02-03 21:57:27,,True,admin
MB000740,True,2025-02-03 23:01:11,,True,admin
MB000742,True,2025-02-04 02:39:21,,True,admin
MB000743,True,2025-02-04 06:00:27,,True,admin
MB000744,True,2025-02-04 09:52:07,,True,admin
MB000745,True,2025-02-04 10:05:56,,True,admin
MB000746,True,2025-02-04 11:15:14,,True,admin
MB000748,True,2025-02-04 11:22:27,,True,admin
MB000750,True,2025-02-04 11:24:44,,True,admin
MB000752,True,2025-02-04 11:25:56,,True,admin
MB000754,True,2025-02-04 13:46:24,,True,admin
MB000756,True,2025-02-04 14:04:10,,True,admin
MB000757,True,2025-02-04 14:18:42,,True,admin
MB000758,True,2025-02-04 14:22:31,,True,admin
MB000759,True,2025-02-04 14:24:49,,True,admin
MB000760,True,2025-02-04 14:31:06,,True,admin
MB000761,True,2025-02-04 14:45:34,,True,admin
MB000762,True,2025-02-04 15:30:45,,True,admin
MB000763,True,2025-02-04 16:39:41,,True,admin
MB000764,True,2025-02-04 16:45:47,,True,admin
MB000765,True,2025-02-04 17:39:38,,True,admin
MB000766,True,2025-02-04 17:41:36,,True,admin
MB000767,True,2025-02-04 18:07:40,,True,admin
MB000768,True,2025-02-04 18:08:17,,True,admin
MB000770,True,2025-02-04 18:25:25,,True,admin
MB000771,True,2025-02-04 18:26:59,,True,admin
MB000773,True,2025-02-04 20:08:04,,True,admin
MB000774,True,2025-02-04 21:03:59,,True,admin
MB000775,True,2025-02-04 21:21:59,,True,admin
MB000776,False,2025-02-04 21:21:59,,True,admin
MB000777,True,2025-02-04 21:25:25,,True,admin
MB000778,True,2025-02-04 21:28:39,,True,admin
MB000779,True,2025-02-04 21:37:51,,True,admin
MB000780,True,2025-02-04 23:07:49,,True,admin
MB000781,True,2025-02-05 04:51:45,,True,admin
MB000782,True,2025-02-05 15:01:33,,True,admin
MB000783,True,2025-02-05 16:51:02,,True,admin
MB000786,True,2025-02-05 18:37:38,,True,admin
MB000787,True,2025-02-05 18:58:56,,True,admin
MB000788,True,2025-02-05 22:00:22,,True,admin
MB000789,True,2025-02-05 22:10:00,,True,admin
MB000790,True,2025-02-05 22:11:19,,True,admin
MB000791,True,2025-02-05 22:34:48,,True,admin
MB000792,True,2025-02-05 22:48:37,,True,admin
MB000793,True,2025-02-05 23:04:01,,True,admin
MB000794,True,2025-02-05 23:22:43,,True,admin
MB000795,True,2025-02-06 01:42:19,,True,admin
MB000796,True,2025-02-06 10:29:22,,True,admin
MB000797,True,2025-02-06 10:42:07,,True,admin
MB000798,True,2025-02-06 10:45:40,,True,admin
MB000799,True,2025-02-06 14:56:04,,True,admin
MB000800,True,2025-02-06 15:04:46,,True,admin
MB000801,True,2025-02-06 18:11:08,,True,admin
MB000802,True,2025-02-06 18:41:19,,True,admin
MB000803,True,2025-02-06 22:36:14,,True,admin
MB000804,True,2025-02-07 12:08:32,,True,admin
MB000805,True,2025-02-07 13:24:51,,True,admin
MB000806,True,2025-02-07 13:33:34,,True,admin
MB000807,True,2025-02-07 13:35:18,,True,admin
MB000808,True,2025-02-07 14:23:28,,True,admin
MB000809,True,2025-02-07 15:10:05,,True,admin
MB000810,True,2025-02-07 17:56:30,,True,admin
MB000811,True,2025-02-07 17:58:05,,True,admin
MB000812,True,2025-02-07 19:36:04,,True,admin
MB000813,True,2025-02-08 19:25:28,,True,admin
MB000814,True,2025-02-08 20:39:02,,True,admin
MB000815,True,2025-02-08 21:30:49,,True,admin
MB000816,True,2025-02-08 21:34:59,,True,admin
MB000817,True,2025-02-08 21:35:45,,True,admin
MB000818,True,2025-02-08 21:43:51,,True,admin
MB000819,True,2025-02-08 22:06:15,,True,admin
MB000820,True,2025-02-09 01:47:45,,True,admin
MB000821,True,2025-02-09 02:25:44,,True,admin
MB000822,True,2025-02-09 10:07:08,,True,admin
MB000823,True,2025-02-09 12:23:52,,True,admin
MB000824,True,2025-02-09 17:35:20,,True,admin
MB000825,True,2025-02-09 20:15:01,,True,admin
MB000826,True,2025-02-10 00:32:12,,True,admin
MB000827,True,2025-02-10 08:57:48,,True,admin
MB000828,True,2025-02-10 11:27:30,,True,admin
MB000829,True,2025-02-10 13:44:22,,True,admin
MB000830,True,2025-02-10 14:00:14,,True,admin
MB000831,True,2025-02-10 14:03:48,,True,admin
MB000832,True,2025-02-10 14:04:33,,True,admin
MB000833,True,2025-02-10 14:08:07,,True,admin
MB000834,True,2025-02-10 14:15:44,,True,admin
MB000835,True,2025-02-10 14:16:01,,True,admin
MB000837,True,2025-02-10 14:28:20,,True,admin
MB000838,True,2025-02-10 14:31:49,,True,admin
MB000839,True,2025-02-10 14:34:32,,True,admin
MB000840,True,2025-02-10 14:45:01,,True,admin
MB000841,True,2025-02-10 15:48:51,,True,admin
MB000842,True,2025-02-10 16:00:00,,True,admin
MB000843,True,2025-02-10 16:24:43,,True,admin
MB000844,True,2025-02-10 16:48:13,,True,admin
MB000845,True,2025-02-10 18:09:33,,True,admin
MB000846,True,2025-02-10 18:57:32,,True,admin
MB000847,True,2025-02-10 19:17:41,,True,admin
MB000848,True,2025-02-10 19:38:31,,True,admin
MB000849,True,2025-02-10 21:29:11,,True,admin
MB000851,True,2025-02-11 11:31:05,,True,admin
MB000852,True,2025-02-11 11:32:59,,True,admin
MB000853,True,2025-02-11 16:46:23,,True,admin
MB000854,True,2025-02-11 18:00:20,,True,admin
MB000855,True,2025-02-12 09:20:17,,True,admin
MB000856,True,2025-02-12 22:46:25,,True,admin
MB000857,True,2025-02-12 22:52:32,,True,admin
MB000858,True,2025-02-12 22:57:23,,True,admin
MB000859,True,2025-02-12 22:57:51,,True,admin
MB000860,True,2025-02-12 23:09:34,,True,admin
MB000863,True,2025-02-12 23:18:26,,True,admin
MB000864,True,2025-02-13 13:27:32,,True,admin
MB000865,True,2025-02-13 15:59:30,,True,admin
MB000866,True,2025-02-13 16:02:45,,True,admin
MB000867,True,2025-02-13 16:03:29,,True,admin
MB000868,True,2025-02-13 16:03:40,,True,admin
MB000869,True,2025-02-13 18:20:11,,True,admin
MB000870,True,2025-02-13 18:31:07,,True,admin
MB000871,True,2025-02-15 12:22:06,,True,admin
MB000872,True,2025-02-15 12:23:31,,True,admin
MB000873,True,2025-02-15 12:26:18,,True,admin
MB000874,True,2025-02-15 12:27:11,,True,admin
MB000875,True,2025-02-15 12:29:18,,True,admin
MB000876,True,2025-02-15 12:31:02,,True,admin
MB000877,True,2025-02-15 12:32:21,,True,admin
MB000878,True,2025-02-15 12:33:14,,True,admin
MB000879,True,2025-02-15 12:33:40,,True,admin
MB000880,True,2025-02-15 12:51:49,,True,admin
MB000881,True,2025-02-15 12:55:26,,True,admin
MB000882,True,2025-02-15 13:05:08,,True,admin
MB000883,True,2025-02-15 13:11:55,,True,admin
MB000884,True,2025-02-15 13:15:50,,True,admin
MB000885,True,2025-02-15 13:19:45,,True,admin
MB000886,True,2025-02-15 13:38:35,,True,admin
MB000887,True,2025-02-15 14:50:54,,True,admin
MB000888,True,2025-02-15 15:26:22,,True,admin
MB000889,True,2025-02-15 15:28:07,,True,admin
MB000890,True,2025-02-15 17:11:32,,True,admin
MB000891,True,2025-02-15 17:19:35,,True,admin
MB000892,True,2025-02-15 17:21:23,,True,admin
MB000893,True,2025-02-15 17:30:51,,True,admin
MB000894,True,2025-02-15 18:38:58,,True,admin
MB000895,True,2025-02-15 18:59:41,,True,admin
MB000896,True,2025-02-15 19:01:05,,True,admin
MB000897,True,2025-02-15 19:05:12,,True,admin
MB000898,True,2025-02-15 19:34:17,,True,admin
MB000899,True,2025-02-15 20:20:24,,True,admin
MB000900,True,2025-02-15 20:28:54,,True,admin
MB000901,True,2025-02-15 20:51:14,,True,admin
MB000902,True,2025-02-15 20:56:17,,True,admin
MB000903,True,2025-02-15 21:01:43,,True,admin
MB000904,True,2025-02-16 08:39:42,,True,admin
MB000905,True,2025-02-16 10:39:38,,True,admin
MB000906,True,2025-02-16 10:42:01,,True,admin
MB000907,True,2025-02-16 15:04:50,,True,admin
MB000909,True,2025-02-16 16:17:48,,True,admin
MB000910,True,2025-02-16 22:19:52,,True,admin
MB000911,True,2025-02-16 22:22:17,,True,admin
MB000912,True,2025-02-16 22:28:04,,True,admin
MB000913,True,2025-02-16 22:31:46,,True,admin
MB000914,True,2025-02-16 22:34:36,,True,admin
MB000915,True,2025-02-16 22:38:01,,True,admin
MB000916,True,2025-02-16 22:41:41,,True,admin
MB000917,True,2025-02-16 23:00:12,,True,admin
MB000918,True,2025-02-16 23:01:54,,True,admin
MB000920,True,2025-02-16 23:05:38,,True,admin
MB000921,True,2025-02-16 23:07:31,,True,admin
MB000922,True,2025-02-16 23:07:35,,True,admin
MB000924,True,2025-02-16 23:11:33,,True,admin
MB000925,True,2025-02-16 23:11:37,,True,admin
MB000926,True,2025-02-16 23:13:36,,True,admin
MB000927,True,2025-02-16 23:14:19,,True,admin
MB000928,True,2025-02-16 23:16:18,,True,admin
MB000929,True,2025-02-16 23:17:02,,True,admin
MB000930,True,2025-02-16 23:17:59,,True,admin
MB000931,True,2025-02-16 23:19:41,,True,admin
MB000932,True,2025-02-16 23:24:53,,True,admin
MB000933,True,2025-02-16 23:28:21,,True,admin
MB000934,True,2025-02-16 23:30:48,,True,admin
MB000935,True,2025-02-16 23:32:38,,True,admin
MB000937,True,2025-02-16 23:36:28,,True,admin
MB000938,True,2025-02-17 15:16:36,,True,admin
MB000939,True,2025-02-17 15:26:05,,True,admin
MB000940,True,2025-02-17 15:28:31,,True,admin
MB000941,True,2025-02-17 15:30:42,,True,admin
MB000942,True,2025-02-17 15:32:25,,True,admin
MB000944,True,2025-02-17 15:36:16,,True,admin
MB000946,True,2025-02-17 15:41:47,,True,admin
MB000947,True,2025-02-17 15:45:46,,True,admin
MB000948,True,2025-02-18 12:54:47,,True,admin
MB000949,True,2025-02-18 12:56:46,,True,admin
MB000950,True,2025-02-18 13:05:30,,True,admin
MB000951,True,2025-02-18 13:15:55,,True,admin
MB000952,True,2025-02-18 13:18:05,,True,admin
MB000953,True,2025-02-18 13:20:23,,True,admin
MB000955,True,2025-02-18 13:32:13,,True,admin
MB000956,True,2025-02-18 13:33:25,,True,admin
MB000957,True,2025-02-18 13:33:48,,True,admin
MB000958,True,2025-02-18 13:33:58,,True,admin
MB000959,True,2025-02-18 13:35:20,,True,admin
MB000960,True,2025-02-18 13:36:11,,True,admin
MB000961,True,2025-02-18 13:36:21,,True,admin
MB000962,True,2025-02-18 13:37:37,,True,admin
MB000963,True,2025-02-18 13:46:02,,True,admin
MB000964,True,2025-02-18 13:50:10,,True,admin
MB000965,True,2025-02-18 13:57:23,,True,admin
MB000966,True,2025-02-18 14:04:17,,True,admin
MB000967,True,2025-02-18 14:06:50,,True,admin
MB000968,True,2025-02-18 14:26:08,,True,admin
MB000969,True,2025-02-18 14:56:45,,True,admin
MB000970,True,2025-02-18 15:02:57,,True,admin
MB000971,True,2025-02-18 15:07:07,,True,admin
MB000972,True,2025-02-18 15:07:25,,True,admin
MB000973,True,2025-02-18 15:08:05,,True,admin
MB000974,True,2025-02-18 15:09:34,,True,admin
MB000975,True,2025-02-18 15:51:38,,True,admin
MB000977,True,2025-02-18 19:13:12,,True,admin
MB000978,True,2025-02-18 19:16:15,,True,admin
MB000979,True,2025-02-18 19:49:42,,True,admin
MB000980,True,2025-02-18 20:25:53,,True,admin
MB000981,True,2025-02-18 20:34:49,,True,admin
MB000982,True,2025-02-18 20:48:07,,True,admin
MB000983,True,2025-02-18 20:50:31,,True,admin
MB000984,True,2025-02-18 20:53:52,,True,admin
MB000985,True,2025-02-18 21:04:53,,True,admin
MB000986,True,2025-02-18 22:37:54,,True,admin
MB000987,True,2025-02-19 14:20:19,,True,admin
MB000988,True,2025-02-19 21:36:11,,True,admin
MB000989,True,2025-02-19 21:50:57,,True,admin
MB000990,True,2025-02-19 21:56:53,,True,admin
MB000991,True,2025-02-19 21:57:54,,True,admin
MB000992,True,2025-02-19 21:59:16,,True,admin
MB000993,True,2025-02-19 21:59:56,,True,admin
MB000994,True,2025-02-19 22:00:04,,True,admin
MB000995,True,2025-02-19 22:02:28,,True,admin
MB000996,True,2025-02-19 22:04:12,,True,admin
MB000997,True,2025-02-19 22:07:07,,True,admin
MB000998,True,2025-02-19 22:08:11,,True,admin
MB000999,True,2025-02-19 22:10:16,,True,admin
MB001000,True,2025-02-19 22:11:08,,True,admin
MB001001,True,2025-02-19 22:11:23,,True,admin
MB001002,True,2025-02-19 22:12:53,,True,admin
MB001003,True,2025-02-19 22:14:04,,True,admin
MB001004,True,2025-02-19 22:14:15,,True,admin
MB001005,True,2025-02-19 22:15:52,,True,admin
MB001006,True,2025-02-19 22:16:32,,True,admin
MB001007,True,2025-02-19 22:16:52,,True,admin
MB001008,True,2025-02-19 22:18:40,,True,admin
MB001009,True,2025-02-19 22:19:09,,True,admin
MB001010,True,2025-02-19 22:19:33,,True,admin
MB001011,True,2025-02-19 22:21:12,,True,admin
MB001012,True,2025-02-19 22:23:46,,True,admin
MB001013,True,2025-02-19 22:25:05,,True,admin
MB001014,True,2025-02-19 22:31:35,,True,admin
MB001015,True,2025-02-19 22:33:39,,True,admin
MB001016,True,2025-02-19 22:33:43,,True,admin
MB001017,True,2025-02-19 22:35:34,,True,admin
MB001018,True,2025-02-19 22:37:26,,True,admin
MB001019,True,2025-02-19 22:41:03,,True,admin
MB001020,True,2025-02-19 22:45:33,,True,admin
MB001021,True,2025-02-19 23:01:19,,True,admin
MB001022,True,2025-02-19 23:03:08,,True,admin
MB001023,True,2025-02-19 23:05:39,,True,admin
MB001024,True,2025-02-19 23:07:03,,True,admin
MB001025,True,2025-02-19 23:08:18,,True,admin
MB001026,True,2025-02-19 23:09:59,,True,admin
MB001027,True,2025-02-20 00:02:24,,True,admin
MB001028,True,2025-02-20 00:04:51,,True,admin
MB001029,True,2025-02-20 00:07:28,,True,admin
MB001030,True,2025-02-20 00:09:17,,True,admin
MB001031,True,2025-02-20 00:11:13,,True,admin
MB001032,True,2025-02-20 00:12:35,,True,admin
MB001033,True,2025-02-20 00:13:57,,True,admin
MB001034,True,2025-02-20 14:52:59,,True,admin
MB001035,False,2025-02-20 14:52:59,,True,admin
MB001036,True,2025-02-20 14:55:11,,True,admin
MB001037,False,2025-02-20 14:55:11,,True,admin
MB001038,True,2025-02-20 15:06:12,,True,admin
MB001039,True,2025-02-20 15:09:37,,True,admin
MB001040,True,2025-02-20 17:55:52,,True,admin
MB001041,True,2025-02-20 20:47:40,,True,admin
MB001042,True,2025-02-21 16:40:14,,True,admin
MB001043,True,2025-02-21 16:43:02,,True,admin
MB001044,True,2025-02-21 17:44:07,,True,admin
MB001046,True,2025-02-21 18:26:27,,True,admin
MB001048,True,2025-02-21 21:17:31,,True,admin
MB001049,True,2025-02-21 21:18:34,,True,admin
MB001051,True,2025-02-21 21:58:35,,True,admin
MB001052,True,2025-02-21 22:03:18,,True,admin
MB001053,True,2025-02-21 22:04:16,,True,admin
MB001054,True,2025-02-21 22:07:23,,True,admin
MB001055,True,2025-02-21 22:38:31,,True,admin
MB001056,True,2025-02-21 22:59:56,,True,admin
MB001057,True,2025-02-21 23:16:04,,True,admin
MB001058,True,2025-02-22 04:10:28,,True,admin
MB001059,True,2025-02-22 10:48:20,,True,admin
MB001060,True,2025-02-22 13:51:34,,True,admin
MB001061,True,2025-02-22 15:20:19,,True,admin
MB001062,True,2025-02-22 15:35:27,,True,admin
MB001063,True,2025-02-22 15:41:13,,True,admin
MB001064,True,2025-02-22 15:42:22,,True,admin
MB001065,True,2025-02-22 15:43:08,,True,admin
MB001066,True,2025-02-22 15:46:24,,True,admin
MB001067,True,2025-02-22 15:48:24,,True,admin
MB001068,True,2025-02-22 15:48:24,,True,admin
MB001069,True,2025-02-22 15:50:05,,True,admin
MB001070,True,2025-02-22 15:52:51,,True,admin
MB001071,True,2025-02-22 15:57:48,,True,admin
MB001072,True,2025-02-22 15:59:19,,True,admin
MB001073,True,2025-02-22 16:03:07,,True,admin
MB001074,True,2025-02-22 16:04:46,,True,admin
MB001075,True,2025-02-22 16:05:54,,True,admin
MB001076,True,2025-02-22 16:06:03,,True,admin
MB001077,True,2025-02-22 16:07:38,,True,admin
MB001078,True,2025-02-22 16:13:12,,True,admin
MB001079,True,2025-02-22 16:31:54,,True,admin
MB001080,True,2025-02-22 16:33:18,,True,admin
MB001081,True,2025-02-22 16:34:28,,True,admin
MB001082,True,2025-02-22 16:42:54,,True,admin
MB001083,True,2025-02-22 17:01:30,,True,admin
MB001084,True,2025-02-22 17:03:50,,True,admin
MB001085,True,2025-02-22 17:09:38,,True,admin
MB001086,True,2025-02-22 17:11:01,,True,admin
MB001087,True,2025-02-22 17:16:12,,True,admin
MB001088,True,2025-02-22 17:18:50,,True,admin
MB001089,True,2025-02-22 17:20:18,,True,admin
MB001090,True,2025-02-22 17:28:46,,True,admin
MB001091,True,2025-02-22 17:31:07,,True,admin
MB001092,True,2025-02-22 17:33:53,,True,admin
MB001093,True,2025-02-22 17:57:51,,True,admin
MB001094,True,2025-02-22 18:02:15,,True,admin
MB001095,True,2025-02-22 18:04:24,,True,admin
MB001096,True,2025-02-22 18:12:15,,True,admin
MB001097,True,2025-02-22 18:35:37,,True,admin
MB001098,True,2025-02-22 18:37:17,,True,admin
MB001099,True,2025-02-22 18:39:51,,True,admin
MB001100,True,2025-02-22 18:57:26,,True,admin
MB001101,True,2025-02-22 20:17:24,,True,admin
MB001102,True,2025-02-22 20:44:35,,True,admin
MB001103,True,2025-02-22 21:21:29,,True,admin
MB001104,True,2025-02-22 22:02:30,,True,admin
MB001105,True,2025-02-22 22:09:13,,True,admin
MB001106,True,2025-02-22 22:10:51,,True,admin
MB001107,True,2025-02-22 22:15:09,,True,admin
MB001108,True,2025-02-22 22:57:47,,True,admin
MB001109,True,2025-02-22 23:45:55,,True,admin
MB001110,True,2025-02-22 23:57:41,,True,admin
MB001111,True,2025-02-23 09:41:48,,True,admin
MB001112,True,2025-02-23 10:49:17,,True,admin
MB001113,True,2025-02-23 11:22:23,,True,admin
MB001114,True,2025-02-23 13:00:39,,True,admin
MB001115,True,2025-02-23 14:43:51,,True,admin
MB001116,True,2025-02-23 14:49:10,,True,admin
MB001117,True,2025-02-23 14:49:46,,True,admin
MB001118,True,2025-02-23 14:51:06,,True,admin
MB001120,True,2025-02-23 14:55:49,,True,admin
MB001121,True,2025-02-23 14:58:17,,True,admin
MB001122,True,2025-02-23 15:06:49,,True,admin
MB001123,True,2025-02-23 15:12:18,,True,admin
MB001124,True,2025-02-23 15:17:00,,True,admin
MB001125,True,2025-02-23 15:19:50,,True,admin
MB001126,True,2025-02-23 15:23:37,,True,admin
MB001127,True,2025-02-23 15:25:04,,True,admin
MB001128,True,2025-02-23 16:08:48,,True,admin
MB001129,True,2025-02-23 16:47:25,,True,admin
MB001130,True,2025-02-23 16:48:07,,True,admin
MB001133,True,2025-02-23 16:50:44,,True,admin
MB001134,True,2025-02-23 16:51:55,,True,admin
MB001135,True,2025-02-23 16:52:11,,True,admin
MB001136,True,2025-02-23 16:54:06,,True,admin
MB001137,True,2025-02-23 16:54:10,,True,admin
MB001138,True,2025-02-23 17:01:28,,True,admin
MB001139,True,2025-02-23 17:07:15,,True,admin
MB001140,True,2025-02-23 17:08:27,,True,admin
MB001141,True,2025-02-23 17:12:12,,True,admin
MB001143,True,2025-02-23 19:23:16,,True,admin
MB001144,True,2025-02-23 19:25:01,,True,admin
MB001145,True,2025-02-23 19:27:20,,True,admin
MB001146,True,2025-02-23 19:27:22,,True,admin
MB001147,True,2025-02-23 19:27:46,,True,admin
MB001148,True,2025-02-23 19:27:54,,True,admin
MB001149,True,2025-02-23 19:29:26,,True,admin
MB001150,True,2025-02-23 19:29:31,,True,admin
MB001151,False,2025-02-23 19:29:31,,True,admin
MB001152,True,2025-02-23 19:30:23,,True,admin
MB001153,True,2025-02-23 19:30:44,,True,admin
MB001155,True,2025-02-23 19:37:14,,True,admin
MB001156,True,2025-02-23 19:42:54,,True,admin
MB001157,True,2025-02-23 19:44:22,,True,admin
MB001158,True,2025-02-23 19:48:35,,True,admin
MB001159,True,2025-02-23 20:07:22,,True,admin
MB001160,True,2025-02-23 20:08:59,,True,admin
MB001161,True,2025-02-23 20:10:50,,True,admin
MB001162,True,2025-02-23 20:21:29,,True,admin
MB001163,True,2025-02-23 20:23:57,,True,admin
MB001164,True,2025-02-23 20:31:32,,True,admin
MB001165,True,2025-02-23 20:37:15,,True,admin
MB001166,True,2025-02-23 20:38:52,,True,admin
MB001167,True,2025-02-23 21:25:41,,True,admin
MB001168,True,2025-02-23 21:33:02,,True,admin
MB001169,True,2025-02-23 21:39:02,,True,admin
MB001170,True,2025-02-23 22:46:56,,True,admin
MB001171,True,2025-02-23 22:47:43,,True,admin
MB001172,True,2025-02-23 23:17:52,,True,admin
MB001173,True,2025-02-23 23:21:10,,True,admin
MB001174,True,2025-02-23 23:23:27,,True,admin
MB001175,True,2025-02-24 06:35:03,,True,admin
MB001176,True,2025-02-24 07:13:32,,True,admin
MB001177,True,2025-02-24 10:19:23,,True,admin
MB001178,True,2025-02-24 11:15:23,,True,admin
MB001179,True,2025-02-24 14:22:58,,True,admin
MB001180,True,2025-02-24 14:53:59,,True,admin
MB001181,True,2025-02-24 15:10:53,,True,admin
MB001182,True,2025-02-24 15:22:28,,True,admin
MB001183,True,2025-02-24 15:35:46,,True,admin
MB001184,True,2025-02-24 15:51:36,,True,admin
MB001185,True,2025-02-24 17:58:10,,True,admin
MB001186,True,2025-02-24 18:57:34,,True,admin
MB001187,True,2025-02-24 19:28:12,,True,admin
MB001188,True,2025-02-24 20:50:30,,True,admin
MB001189,True,2025-02-24 21:06:24,,True,admin
MB001191,True,2025-02-24 21:13:28,,True,admin
MB001192,True,2025-02-24 21:14:37,,True,admin
MB001193,True,2025-02-24 21:15:22,,True,admin
MB001194,True,2025-02-24 21:36:34,,True,admin
MB001195,True,2025-02-24 23:51:46,,True,admin
MB001196,True,2025-02-25 00:56:23,,True,admin
MB001197,True,2025-02-25 10:20:48,,True,admin
MB001198,True,2025-02-25 16:37:19,,True,admin
MB001199,True,2025-02-25 16:38:45,,True,admin
MB001200,True,2025-02-25 16:40:35,,True,admin
MB001201,True,2025-02-25 17:25:36,,True,admin
MB001202,True,2025-02-25 17:28:01,,True,admin
MB001204,True,2025-02-25 21:24:17,,True,admin
MB001205,True,2025-02-25 21:27:02,,True,admin
MB001206,True,2025-02-25 21:29:01,,True,admin
MB001207,True,2025-02-25 22:51:43,,True,admin
MB001208,True,2025-02-26 14:00:52,,True,admin
MB001209,True,2025-02-26 14:45:08,,True,admin
MB001210,True,2025-02-26 22:27:22,,True,admin
MB001211,True,2025-02-27 00:16:10,,True,admin
MB001212,True,2025-02-27 01:09:45,,True,admin
MB001213,True,2025-02-27 12:33:59,,True,admin
MB001214,True,2025-02-27 14:19:35,,True,admin
MB001215,True,2025-02-27 15:13:03,,True,admin
MB001216,True,2025-02-27 15:43:20,,True,admin
MB001217,True,2025-02-27 15:54:48,,True,admin
MB001218,True,2025-02-27 15:56:33,,True,admin
MB001219,True,2025-02-27 17:08:53,,True,admin
MB001220,True,2025-02-27 17:13:25,,True,admin
MB001222,True,2025-02-27 18:03:49,,True,admin
MB001223,True,2025-02-27 18:03:49,,True,admin
MB001224,True,2025-02-27 18:04:03,,True,admin
MB001225,True,2025-02-27 18:04:19,,True,admin
MB001226,True,2025-02-27 18:05:19,,True,admin
MB001227,True,2025-02-27 18:05:53,,True,admin
MB001228,True,2025-02-27 18:06:53,,True,admin
MB001229,True,2025-02-27 18:07:05,,True,admin
MB001231,True,2025-02-27 18:09:04,,True,admin
MB001232,True,2025-02-27 19:58:09,,True,admin
MB001233,True,2025-02-27 21:19:22,,True,admin
MB001235,True,2025-02-28 10:24:26,,True,admin
MB001236,True,2025-02-28 11:58:58,,True,admin
MB001237,True,2025-02-28 12:02:07,,True,admin
MB001238,True,2025-02-28 12:05:35,,True,admin
MB001239,True,2025-02-28 19:29:06,,True,admin
MB001240,True,2025-02-28 20:13:47,,True,admin
MB001241,True,2025-03-01 11:14:08,,True,admin
MB001242,True,2025-03-01 13:37:50,,True,admin
MB001244,True,2025-03-01 15:01:24,,True,admin
MB001245,True,2025-03-01 16:20:56,,True,admin
MB001246,True,2025-03-01 16:33:30,,True,admin
MB001247,True,2025-03-01 18:30:19,,True,admin
MB001248,True,2025-03-01 18:53:40,,True,admin
MB001249,True,2025-03-01 19:22:23,,True,admin
MB001250,True,2025-03-01 19:23:29,,True,admin
MB001252,True,2025-03-01 19:41:21,,True,admin
MB001253,True,2025-03-01 20:50:31,,True,admin
MB001254,True,2025-03-01 20:52:06,,True,admin
MB001255,True,2025-03-01 21:04:08,,True,admin
MB001256,True,2025-03-03 08:22:43,,True,admin
MB001257,True,2025-03-04 11:53:22,,True,admin
MB001258,True,2025-03-04 12:17:03,,True,admin
MB001259,True,2025-03-04 12:56:36,,True,admin
MB001261,True,2025-03-04 13:38:27,,True,admin
MB001262,True,2025-03-04 14:06:58,,True,admin
MB001263,True,2025-03-04 15:54:56,,True,admin
MB001264,True,2025-03-04 16:07:26,,True,admin
MB001265,True,2025-03-04 16:24:29,,True,admin
MB001266,True,2025-03-04 16:42:03,,True,admin
MB001267,True,2025-03-06 20:29:42,,True,admin
MB001268,True,2025-03-07 11:38:14,,True,admin
MB001269,True,2025-03-07 12:22:09,,True,admin
MB001270,True,2025-03-07 15:32:29,,True,admin
MB001271,True,2025-03-07 16:17:19,,True,admin
MB001272,True,2025-03-08 21:44:17,,True,admin
MB001273,True,2025-03-08 23:50:47,,True,admin
MB001274,True,2025-03-09 12:43:27,,True,admin
MB001275,True,2025-03-09 12:51:26,,True,admin
MB001276,True,2025-03-09 13:07:10,,True,admin
MB001277,True,2025-03-09 13:10:36,,True,admin
MB001278,True,2025-03-09 13:14:30,,True,admin
MB001279,True,2025-03-09 14:13:07,,True,admin
MB001280,True,2025-03-09 14:58:31,,True,admin
MB001281,True,2025-03-09 15:30:53,,True,admin
MB001282,True,2025-03-09 15:32:58,,True,admin
MB001283,True,2025-03-09 15:34:26,,True,admin
MB001284,True,2025-03-09 15:45:22,,True,admin
MB001285,True,2025-03-09 15:46:31,,True,admin
MB001286,True,2025-03-09 15:51:15,,True,admin
MB001287,True,2025-03-09 15:54:19,,True,admin
MB001288,True,2025-03-09 15:56:52,,True,admin
MB001289,True,2025-03-09 16:27:11,,True,admin
MB001290,True,2025-03-09 16:30:38,,True,admin
MB001291,True,2025-03-09 16:38:22,,True,admin
MB001292,True,2025-03-09 19:40:48,,True,admin
MB001294,True,2025-03-09 22:06:37,,True,admin
MB001296,True,2025-03-09 22:55:43,,True,admin
MB001297,True,2025-03-10 11:49:16,,True,admin
MB001298,True,2025-03-10 14:21:12,,True,admin
MB001301,True,2025-03-10 14:30:34,,True,admin
MB001302,True,2025-03-10 14:41:33,,True,admin
MB001303,True,2025-03-10 15:20:29,,True,admin
MB001304,True,2025-03-10 15:26:37,,True,admin
MB001305,True,2025-03-10 15:26:44,,True,admin
MB001306,True,2025-03-10 15:26:53,,True,admin
MB001307,True,2025-03-10 15:27:15,,True,admin
MB001308,True,2025-03-10 15:27:42,,True,admin
MB001309,True,2025-03-10 15:27:46,,True,admin
MB001310,True,2025-03-10 15:27:46,,True,admin
MB001311,True,2025-03-10 15:27:47,,True,admin
MB001312,True,2025-03-10 15:28:18,,True,admin
MB001313,True,2025-03-10 15:28:19,,True,admin
MB001316,True,2025-03-10 15:29:38,,True,admin
MB001317,True,2025-03-10 15:29:39,,True,admin
MB001318,True,2025-03-10 15:30:29,,True,admin
MB001319,True,2025-03-10 15:30:42,,True,admin
MB001320,True,2025-03-10 15:32:55,,True,admin
MB001321,True,2025-03-10 15:33:39,,True,admin
MB001322,True,2025-03-10 15:33:43,,True,admin
MB001323,True,2025-03-10 15:33:54,,True,admin
MB001324,True,2025-03-10 15:36:44,,True,admin
MB001325,True,2025-03-10 15:38:14,,True,admin
MB001326,True,2025-03-10 15:39:39,,True,admin
MB001327,True,2025-03-10 15:43:46,,True,admin
MB001328,True,2025-03-10 15:47:36,,True,admin
MB001329,True,2025-03-10 15:51:14,,True,admin
MB001330,True,2025-03-10 15:53:23,,True,admin
MB001331,True,2025-03-10 15:57:34,,True,admin
MB001334,True,2025-03-10 16:01:01,,True,admin
MB001335,True,2025-03-10 16:10:19,,True,admin
MB001336,True,2025-03-10 16:12:17,,True,admin
MB001337,True,2025-03-10 16:14:56,,True,admin
MB001338,True,2025-03-10 16:23:50,,True,admin
MB001339,True,2025-03-10 16:23:00,,True,admin
MB001341,True,2025-03-10 16:42:53,,True,admin
MB001342,False,2025-03-10 16:42:53,,True,admin
MB001343,True,2025-03-10 16:45:08,,True,admin
MB001345,True,2025-03-10 17:14:56,,True,admin
MB001346,True,2025-03-10 17:27:26,,True,admin
MB001347,True,2025-03-10 17:29:58,,True,admin
MB001348,True,2025-03-10 17:31:54,,True,admin
MB001349,True,2025-03-10 17:40:05,,True,admin
MB001350,True,2025-03-10 17:49:24,,True,admin
MB001351,True,2025-03-10 18:25:52,,True,admin
MB001353,True,2025-03-10 19:19:09,,True,admin
MB001354,False,2025-03-10 19:19:09,,True,admin
MB001355,True,2025-03-10 19:29:21,,True,admin
MB001356,True,2025-03-10 19:44:44,,True,admin
MB001357,True,2025-03-10 19:51:51,,True,admin
MB001358,True,2025-03-10 20:01:17,,True,admin
MB001359,True,2025-03-10 20:07:45,,True,admin
MB001360,True,2025-03-10 20:38:24,,True,admin
MB001361,True,2025-03-10 20:49:50,,True,admin
MB001362,True,2025-03-10 20:49:53,,True,admin
MB001363,True,2025-03-10 20:59:12,,True,admin
MB001364,True,2025-03-10 21:16:15,,True,admin
MB001365,True,2025-03-10 21:44:50,,True,admin
MB001366,True,2025-03-10 21:46:55,,True,admin
MB001367,True,2025-03-10 21:50:04,,True,admin
MB001369,True,2025-03-11 00:12:44,,True,admin
MB001370,True,2025-03-11 00:22:11,,True,admin
MB001371,True,2025-03-11 01:56:17,,True,admin
MB001373,True,2025-03-11 07:47:29,,True,admin
MB001374,True,2025-03-11 10:15:20,,True,admin
MB001375,True,2025-03-11 10:36:43,,True,admin
MB001376,True,2025-03-11 10:38:06,,True,admin
MB001377,True,2025-03-11 10:48:01,,True,admin
MB001378,True,2025-03-11 10:54:29,,True,admin
MB001380,True,2025-03-11 10:56:57,,True,admin
MB001381,True,2025-03-11 10:57:56,,True,admin
MB001382,True,2025-03-11 10:58:50,,True,admin
MB001383,True,2025-03-11 11:04:16,,True,admin
MB001384,True,2025-03-11 11:12:59,,True,admin
MB001387,True,2025-03-11 11:39:05,,True,admin
MB001388,True,2025-03-11 11:40:34,,True,admin
MB001389,True,2025-03-11 11:42:29,,True,admin
MB001390,True,2025-03-11 11:43:35,,True,admin
MB001392,True,2025-03-11 11:48:53,,True,admin
MB001394,True,2025-03-11 11:56:43,,True,admin
MB001395,True,2025-03-11 11:59:42,,True,admin
MB001396,True,2025-03-11 12:32:34,,True,admin
MB001397,True,2025-03-11 12:48:48,,True,admin
MB001398,True,2025-03-11 12:58:49,,True,admin
MB001399,True,2025-03-11 13:10:16,,True,admin
MB001400,True,2025-03-11 13:11:49,,True,admin
MB001401,True,2025-03-11 13:44:35,,True,admin
MB001402,True,2025-03-11 13:45:03,,True,admin
MB001403,True,2025-03-11 13:52:31,,True,admin
MB001404,True,2025-03-11 14:07:21,,True,admin
MB001406,True,2025-03-11 14:11:14,,True,admin
MB001407,True,2025-03-11 14:15:27,,True,admin
MB001408,True,2025-03-11 14:19:12,,True,admin
MB001410,True,2025-03-11 14:52:56,,True,admin
MB001413,True,2025-03-11 15:03:15,,True,admin
MB001414,True,2025-03-11 15:07:35,,True,admin
MB001415,True,2025-03-11 15:08:40,,True,admin
MB001416,True,2025-03-11 15:11:01,,True,admin
MB001417,True,2025-03-11 15:12:51,,True,admin
MB001418,True,2025-03-11 15:20:01,,True,admin
MB001419,True,2025-03-11 15:30:28,,True,admin
MB001420,True,2025-03-11 15:42:18,,True,admin
MB001421,True,2025-03-11 16:08:42,,True,admin
MB001423,True,2025-03-11 16:22:36,,True,admin
MB001424,True,2025-03-11 16:27:24,,True,admin
MB001425,True,2025-03-11 16:45:09,,True,admin
MB001429,True,2025-03-11 18:18:59,,True,admin
MB001430,True,2025-03-11 19:50:40,,True,admin
MB001431,True,2025-03-11 20:18:08,,True,admin
MB001432,True,2025-03-11 21:18:59,,True,admin
MB001434,True,2025-03-11 21:27:22,,True,admin
MB001435,True,2025-03-11 21:28:43,,True,admin
MB001436,True,2025-03-12 14:05:00,,True,admin
MB001438,True,2025-03-12 15:07:45,,True,admin
MB001439,True,2025-03-12 15:09:42,,True,admin
MB001440,True,2025-03-12 15:12:52,,True,admin
MB001441,True,2025-03-12 15:20:30,,True,admin
MB001442,True,2025-03-12 15:20:53,,True,admin
MB001443,True,2025-03-12 15:23:21,,True,admin
MB001444,True,2025-03-12 15:25:46,,True,admin
MB001445,True,2025-03-12 16:17:47,,True,admin
MB001446,True,2025-03-12 16:23:28,,True,admin
MB001447,True,2025-03-12 16:24:26,,True,admin
MB001448,True,2025-03-12 16:26:25,,True,admin
MB001449,True,2025-03-12 16:48:29,,True,admin
MB001450,True,2025-03-12 17:33:05,,True,admin
MB001452,True,2025-03-12 18:19:59,,True,admin
MB001453,True,2025-03-12 19:05:22,,True,admin
MB001454,True,2025-03-12 19:13:45,,True,admin
MB001455,True,2025-03-12 19:14:55,,True,admin
MB001456,True,2025-03-12 19:39:05,,True,admin
MB001457,True,2025-03-12 19:42:23,,True,admin
MB001458,True,2025-03-12 19:57:24,,True,admin
MB001459,True,2025-03-12 20:04:44,,True,admin
MB001460,True,2025-03-12 20:04:52,,True,admin
MB001461,True,2025-03-12 20:06:10,,True,admin
MB001462,True,2025-03-12 20:12:04,,True,admin
MB001463,True,2025-03-12 20:25:23,,True,admin
MB001465,True,2025-03-12 20:36:26,,True,admin
MB001466,True,2025-03-12 20:40:14,,True,admin
MB001467,True,2025-03-12 20:42:33,,True,admin
MB001468,True,2025-03-12 21:25:48,,True,admin
MB001469,True,2025-03-12 22:16:04,,True,admin
MB001470,True,2025-03-12 22:36:11,,True,admin
MB001471,True,2025-03-12 22:42:32,,True,admin
MB001472,False,2025-03-12 22:42:32,,True,admin
MB001473,True,2025-03-12 22:48:08,,True,admin
MB001474,True,2025-03-12 23:27:18,,True,admin
MB001475,True,2025-03-12 23:47:07,,True,admin
MB001476,True,2025-03-12 23:48:28,,True,admin
MB001477,True,2025-03-12 23:49:46,,True,admin
MB001478,True,2025-03-12 23:50:48,,True,admin
MB001479,True,2025-03-13 00:02:06,,True,admin
MB001480,True,2025-03-13 00:29:53,,True,admin
MB001482,True,2025-03-13 01:38:32,,True,admin
MB001483,True,2025-03-13 01:39:46,,True,admin
MB001484,True,2025-03-13 12:19:35,,True,admin
MB001485,True,2025-03-13 12:21:13,,True,admin
MB001486,True,2025-03-13 12:31:45,,True,admin
MB001487,True,2025-03-13 12:46:43,,True,admin
MB001488,True,2025-03-13 12:56:42,,True,admin
MB001489,True,2025-03-13 13:13:03,,True,admin
MB001490,True,2025-03-13 14:37:50,,True,admin
MB001491,True,2025-03-13 16:37:19,,True,admin
MB001492,True,2025-03-13 16:38:10,,True,admin
MB001494,True,2025-03-13 16:41:40,,True,admin
MB001495,True,2025-03-13 16:41:57,,True,admin
MB001496,True,2025-03-13 18:15:55,,True,admin
MB001497,True,2025-03-13 18:20:26,,True,admin
MB001498,True,2025-03-13 18:21:41,,True,admin
MB001499,True,2025-03-13 18:22:01,,True,admin
MB001500,True,2025-03-13 18:22:14,,True,admin
MB001501,True,2025-03-13 18:22:27,,True,admin
MB001502,True,2025-03-13 18:22:34,,True,admin
MB001503,True,2025-03-13 18:23:50,,True,admin
MB001505,True,2025-03-13 18:23:58,,True,admin
MB001506,False,2025-03-13 18:23:58,,True,admin
MB001507,True,2025-03-13 18:24:01,,True,admin
MB001508,True,2025-03-13 18:24:13,,True,admin
MB001509,True,2025-03-13 18:24:18,,True,admin
MB001510,True,2025-03-13 18:24:31,,True,admin
MB001511,True,2025-03-13 18:25:11,,True,admin
MB001512,True,2025-03-13 18:26:03,,True,admin
MB001513,True,2025-03-13 18:26:55,,True,admin
MB001514,True,2025-03-13 18:27:04,,True,admin
MB001515,True,2025-03-13 18:28:24,,True,admin
MB001516,True,2025-03-13 18:28:45,,True,admin
MB001517,True,2025-03-13 18:28:52,,True,admin
MB001519,True,2025-03-13 18:29:17,,True,admin
MB001520,True,2025-03-13 18:29:35,,True,admin
MB001521,True,2025-03-13 18:30:08,,True,admin
MB001522,True,2025-03-13 18:30:35,,True,admin
MB001523,True,2025-03-13 18:31:03,,True,admin
MB001524,True,2025-03-13 18:31:25,,True,admin
MB001525,True,2025-03-13 18:31:43,,True,admin
MB001526,True,2025-03-13 19:19:47,,True,admin
MB001527,False,2025-03-13 19:19:47,,True,admin
MB001528,True,2025-03-13 19:33:59,,True,admin
MB001529,True,2025-03-13 20:09:08,,True,admin
MB001530,True,2025-03-13 21:26:10,,True,admin
MB001531,True,2025-03-13 23:33:09,,True,admin
MB001532,True,2025-03-14 02:33:22,,True,admin
MB001533,True,2025-03-14 09:00:52,,True,admin
MB001534,True,2025-03-14 09:03:46,,True,admin
MB001535,False,2025-03-14 09:03:46,,True,admin
MB001537,True,2025-03-14 09:06:06,,True,admin
MB001538,True,2025-03-14 09:07:25,,True,admin
MB001539,True,2025-03-14 09:08:09,,True,admin
MB001540,True,2025-03-14 09:09:07,,True,admin
MB001541,True,2025-03-14 09:09:49,,True,admin
MB001542,True,2025-03-14 09:11:47,,True,admin
MB001543,False,2025-03-14 09:11:47,,True,admin
MB001544,True,2025-03-14 09:13:07,,True,admin
MB001545,True,2025-03-14 09:13:50,,True,admin
MB001546,False,2025-03-14 09:13:50,,True,admin
MB001547,True,2025-03-14 09:16:17,,True,admin
MB001548,True,2025-03-14 09:17:20,,True,admin
MB001549,True,2025-03-14 09:17:51,,True,admin
MB001550,True,2025-03-14 09:18:33,,True,admin
MB001551,True,2025-03-14 09:20:25,,True,admin
MB001552,True,2025-03-14 09:21:21,,True,admin
MB001553,True,2025-03-14 09:22:39,,True,admin
MB001554,True,2025-03-14 09:24:34,,True,admin
MB001555,True,2025-03-14 10:04:26,,True,admin
MB001556,True,2025-03-14 10:40:55,,True,admin
MB001557,True,2025-03-14 11:52:44,,True,admin
MB001558,True,2025-03-14 12:21:21,,True,admin
MB001559,True,2025-03-14 12:41:09,,True,admin
MB001561,True,2025-03-14 12:43:05,,True,admin
MB001562,True,2025-03-14 16:35:14,,True,admin
MB001563,True,2025-03-14 16:40:01,,True,admin
MB001564,True,2025-03-14 16:40:39,,True,admin
MB001565,True,2025-03-14 16:43:03,,True,admin
MB001566,True,2025-03-14 16:45:31,,True,admin
MB001567,True,2025-03-14 16:48:31,,True,admin
MB001569,True,2025-03-14 16:51:46,,True,admin
MB001570,True,2025-03-14 17:01:45,,True,admin
MB001571,True,2025-03-14 17:19:56,,True,admin
MB001572,True,2025-03-14 17:23:58,,True,admin
MB001574,True,2025-03-14 18:09:08,,True,admin
MB001576,True,2025-03-14 18:22:04,,True,admin
MB001577,True,2025-03-14 21:25:50,,True,admin
MB001578,True,2025-03-14 21:46:29,,True,admin
MB001579,True,2025-03-14 21:56:16,,True,admin
MB001580,True,2025-03-14 22:33:42,,True,admin
MB001581,True,2025-03-14 22:58:48,,True,admin
MB001582,True,2025-03-14 23:26:22,,True,admin
MB001583,True,2025-03-14 23:50:58,,True,admin
MB001584,True,2025-03-15 04:52:02,,True,admin
MB001585,True,2025-03-15 11:02:07,,True,admin
MB001586,True,2025-03-15 11:05:27,,True,admin
MB001587,True,2025-03-15 12:24:01,,True,admin
MB001588,True,2025-03-15 14:03:19,,True,admin
MB001589,True,2025-03-15 14:37:03,,True,admin
MB001590,True,2025-03-15 15:28:27,,True,admin
MB001591,True,2025-03-15 15:30:13,,True,admin
MB001592,True,2025-03-15 16:16:13,,True,admin
MB001593,True,2025-03-15 16:18:27,,True,admin
MB001594,True,2025-03-15 16:30:24,,True,admin
MB001595,True,2025-03-15 16:34:31,,True,admin
MB001596,True,2025-03-15 16:35:33,,True,admin
MB001597,True,2025-03-15 16:37:10,,True,admin
MB001598,True,2025-03-15 16:39:45,,True,admin
MB001599,True,2025-03-15 16:40:04,,True,admin
MB001600,True,2025-03-15 16:56:20,,True,admin
MB001601,True,2025-03-15 17:02:56,,True,admin
MB001602,True,2025-03-15 17:15:52,,True,admin
MB001603,True,2025-03-15 17:24:19,,True,admin
MB001604,True,2025-03-15 17:26:05,,True,admin
MB001605,True,2025-03-15 17:31:35,,True,admin
MB001606,True,2025-03-15 17:34:14,,True,admin
MB001607,True,2025-03-15 17:36:05,,True,admin
MB001608,True,2025-03-15 17:48:12,,True,admin
MB001609,True,2025-03-15 17:50:02,,True,admin
MB001610,True,2025-03-15 18:09:25,,True,admin
MB001611,True,2025-03-15 18:19:40,,True,admin
MB001614,True,2025-03-15 20:43:22,,True,admin
MB001615,True,2025-03-15 21:22:47,,True,admin
MB001616,True,2025-03-15 21:26:57,,True,admin
MB001617,True,2025-03-15 21:29:37,,True,admin
MB001618,True,2025-03-15 21:43:59,,True,admin
MB001619,True,2025-03-15 21:48:16,,True,admin
MB001620,True,2025-03-15 22:08:27,,True,admin
MB001622,True,2025-03-15 22:25:10,,True,admin
MB001623,True,2025-03-15 22:42:42,,True,admin
MB001624,True,2025-03-15 22:44:36,,True,admin
MB001625,True,2025-03-15 23:00:31,,True,admin
MB001626,True,2025-03-15 23:55:20,,True,admin
MB001627,True,2025-03-16 00:19:00,,True,admin
MB001628,True,2025-03-16 00:21:40,,True,admin
MB001629,True,2025-03-16 00:25:57,,True,admin
MB001630,True,2025-03-16 00:32:55,,True,admin
MB001631,True,2025-03-16 00:53:36,,True,admin
MB001632,True,2025-03-16 07:57:18,,True,admin
MB001633,True,2025-03-16 07:59:07,,True,admin
MB001634,True,2025-03-16 09:34:01,,True,admin
MB001635,True,2025-03-16 09:34:01,,True,admin
MB001636,True,2025-03-16 09:34:01,,True,admin
MB001637,True,2025-03-16 09:34:01,,True,admin
MB001638,True,2025-03-16 09:34:01,,True,admin
MB001639,True,2025-03-16 09:34:01,,True,admin
MB001641,True,2025-03-16 09:34:01,,True,admin
MB001642,True,2025-03-16 12:02:12,,True,admin
MB001643,True,2025-03-16 12:19:30,,True,admin
MB001644,True,2025-03-16 13:00:31,,True,admin
MB001645,True,2025-03-16 13:13:04,,True,admin
MB001646,True,2025-03-16 13:21:01,,True,admin
MB001647,True,2025-03-16 14:12:15,,True,admin
MB001648,False,2025-03-16 14:12:15,,True,admin
MB001649,True,2025-03-16 14:21:46,,True,admin
MB001650,True,2025-03-16 14:26:00,,True,admin
MB001651,True,2025-03-16 14:32:46,,True,admin
MB001652,True,2025-03-16 14:34:30,,True,admin
MB001653,True,2025-03-16 14:35:09,,True,admin
MB001654,True,2025-03-16 14:37:35,,True,admin
MB001655,True,2025-03-16 14:40:41,,True,admin
MB001656,True,2025-03-16 14:41:48,,True,admin
MB001657,True,2025-03-16 14:42:44,,True,admin
MB001658,True,2025-03-16 14:43:56,,True,admin
MB001659,True,2025-03-16 14:45:33,,True,admin
MB001660,True,2025-03-16 14:46:08,,True,admin
MB001661,True,2025-03-16 14:48:05,,True,admin
MB001662,True,2025-03-16 14:48:32,,True,admin
MB001663,True,2025-03-16 14:50:03,,True,admin
MB001664,True,2025-03-16 14:50:18,,True,admin
MB001665,True,2025-03-16 14:53:51,,True,admin
MB001666,True,2025-03-16 14:54:53,,True,admin
MB001667,True,2025-03-16 14:55:29,,True,admin
MB001668,True,2025-03-16 14:55:30,,True,admin
MB001669,True,2025-03-16 14:56:28,,True,admin
MB001670,True,2025-03-16 14:56:39,,True,admin
MB001671,True,2025-03-16 14:58:01,,True,admin
MB001672,True,2025-03-16 14:59:14,,True,admin
MB001673,True,2025-03-16 15:06:07,,True,admin
MB001674,True,2025-03-16 15:14:46,,True,admin
MB001675,True,2025-03-16 15:23:31,,True,admin
MB001676,True,2025-03-16 15:27:02,,True,admin
MB001677,True,2025-03-16 15:28:58,,True,admin
MB001678,True,2025-03-16 15:34:28,,True,admin
MB001679,True,2025-03-16 15:36:46,,True,admin
MB001680,True,2025-03-16 15:50:00,,True,admin
MB001681,True,2025-03-16 15:52:15,,True,admin
MB001682,True,2025-03-16 15:55:22,,True,admin
MB001683,True,2025-03-16 16:02:41,,True,admin
MB001684,True,2025-03-16 16:05:58,,True,admin
MB001685,True,2025-03-16 16:15:10,,True,admin
MB001686,True,2025-03-16 16:32:27,,True,admin
MB001687,True,2025-03-16 16:34:21,,True,admin
MB001688,True,2025-03-16 16:35:54,,True,admin
MB001689,True,2025-03-16 16:54:36,,True,admin
MB001690,True,2025-03-16 16:58:15,,True,admin
MB001691,True,2025-03-16 17:01:15,,True,admin
MB001692,True,2025-03-16 17:39:55,,True,admin
MB001693,True,2025-03-16 17:44:22,,True,admin
MB001694,True,2025-03-16 17:54:21,,True,admin
MB001695,True,2025-03-16 17:54:41,,True,admin
MB001696,True,2025-03-16 18:00:50,,True,admin
MB001697,False,2025-03-16 18:00:50,,True,admin
MB001698,True,2025-03-16 18:11:36,,True,admin
MB001699,True,2025-03-16 18:16:21,,True,admin
MB001700,True,2025-03-16 18:19:50,,True,admin
MB001701,True,2025-03-16 18:20:26,,True,admin
MB001702,True,2025-03-16 18:28:08,,True,admin
MB001703,True,2025-03-16 18:57:01,,True,admin
MB001704,True,2025-03-16 19:00:22,,True,admin
MB001705,True,2025-03-16 19:00:55,,True,admin
MB001706,True,2025-03-16 19:24:57,,True,admin
MB001707,True,2025-03-16 19:26:14,,True,admin
MB001708,True,2025-03-16 19:34:14,,True,admin
MB001709,True,2025-03-16 19:42:40,,True,admin
MB001710,True,2025-03-16 19:53:13,,True,admin
MB001711,True,2025-03-16 20:12:09,,True,admin
MB001712,True,2025-03-16 20:14:13,,True,admin
MB001713,True,2025-03-16 20:18:24,,True,admin
MB001714,True,2025-03-16 20:30:45,,True,admin
MB001715,True,2025-03-16 20:41:43,,True,admin
MB001716,True,2025-03-16 20:43:00,,True,admin
MB001717,True,2025-03-16 20:53:18,,True,admin
MB001718,True,2025-03-16 21:00:00,,True,admin
MB001719,True,2025-03-16 21:00:54,,True,admin
MB001720,True,2025-03-16 21:02:22,,True,admin
MB001721,True,2025-03-16 21:02:45,,True,admin
MB001722,True,2025-03-16 21:06:03,,True,admin
MB001723,True,2025-03-16 21:12:59,,True,admin
MB001726,True,2025-03-16 21:24:50,,True,admin
MB001727,True,2025-03-16 22:10:08,,True,admin
MB001728,True,2025-03-16 22:17:37,,True,admin
MB001729,True,2025-03-16 22:19:42,,True,admin
MB001731,True,2025-03-16 22:35:20,,True,admin
MB001732,True,2025-03-16 22:53:30,,True,admin
MB001733,True,2025-03-16 22:55:14,,True,admin
MB001734,True,2025-03-16 23:51:03,,True,admin
MB001735,True,2025-03-17 03:47:53,,True,admin
MB001736,True,2025-03-17 07:46:58,,True,admin
MB001737,True,2025-03-17 07:49:51,,True,admin
MB001738,True,2025-03-17 08:29:44,,True,admin
MB001739,True,2025-03-17 08:36:55,,True,admin
MB001740,True,2025-03-17 08:38:12,,True,admin
MB001741,True,2025-03-17 08:42:37,,True,admin
MB001742,True,2025-03-17 08:45:41,,True,admin
MB001743,True,2025-03-17 08:51:50,,True,admin
MB001744,True,2025-03-17 08:54:17,,True,admin
MB001745,True,2025-03-17 08:56:47,,True,admin
MB001746,True,2025-03-17 09:26:23,,True,admin
MB001747,True,2025-03-17 09:28:38,,True,admin
MB001748,True,2025-03-17 11:25:36,,True,admin
MB001749,True,2025-03-17 11:28:25,,True,admin
MB001750,True,2025-03-17 14:30:40,,True,admin
MB001751,True,2025-03-17 16:40:29,,True,admin
MB001752,True,2025-03-17 16:56:02,,True,admin
MB001753,True,2025-03-17 16:57:31,,True,admin
MB001754,True,2025-03-17 17:01:26,,True,admin
MB001755,True,2025-03-17 17:03:38,,True,admin
MB001756,True,2025-03-17 17:07:59,,True,admin
MB001757,True,2025-03-17 17:09:34,,True,admin
MB001758,True,2025-03-17 17:39:35,,True,admin
MB001759,True,2025-03-17 18:44:42,,True,admin
MB001760,True,2025-03-17 21:28:30,,True,admin
MB001761,True,2025-03-17 21:45:03,,True,admin
MB001762,True,2025-03-17 23:04:42,,True,admin
MB001763,True,2025-03-17 23:06:35,,True,admin
MB001764,True,2025-03-17 23:08:32,,True,admin
MB001765,True,2025-03-18 00:13:43,,True,admin
MB001766,True,2025-03-18 00:15:17,,True,admin
MB001767,True,2025-03-18 00:19:54,,True,admin
MB001768,True,2025-03-18 00:21:44,,True,admin
MB001769,True,2025-03-18 00:24:06,,True,admin
MB001770,True,2025-03-18 00:25:54,,True,admin
MB001771,True,2025-03-18 00:27:38,,True,admin
MB001772,True,2025-03-18 00:28:43,,True,admin
MB001773,True,2025-03-18 00:34:28,,True,admin
MB001774,True,2025-03-18 00:40:58,,True,admin
MB001775,True,2025-03-18 00:55:22,,True,admin
MB001776,True,2025-03-18 01:18:18,,True,admin
MB001777,True,2025-03-18 01:26:36,,True,admin
MB001778,True,2025-03-18 01:30:14,,True,admin
MB001779,True,2025-03-18 01:31:27,,True,admin
MB001780,True,2025-03-18 01:32:39,,True,admin
MB001781,True,2025-03-18 01:34:10,,True,admin
MB001782,True,2025-03-18 01:39:10,,True,admin
MB001783,True,2025-03-18 07:04:46,,True,admin
MB001784,True,2025-03-18 07:47:50,,True,admin
MB001785,True,2025-03-18 07:49:58,,True,admin
MB001786,True,2025-03-18 07:53:57,,True,admin
MB001787,True,2025-03-18 07:55:34,,True,admin
MB001788,True,2025-03-18 08:20:56,,True,admin
MB001789,True,2025-03-18 08:32:36,,True,admin
MB001790,True,2025-03-18 08:59:38,,True,admin
MB001791,True,2025-03-18 09:02:04,,True,admin
MB001792,True,2025-03-18 09:52:52,,True,admin
MB001793,True,2025-03-18 09:54:10,,True,admin
MB001794,True,2025-03-18 10:19:24,,True,admin
MB001795,True,2025-03-18 10:20:39,,True,admin
MB001796,False,2025-03-18 10:20:39,,True,admin
MB001797,True,2025-03-18 10:21:57,,True,admin
MB001798,True,2025-03-18 10:23:04,,True,admin
MB001799,True,2025-03-18 10:23:11,,True,admin
MB001800,True,2025-03-18 10:24:34,,True,admin
MB001801,True,2025-03-18 10:25:00,,True,admin
MB001802,True,2025-03-18 10:25:40,,True,admin
MB001803,True,2025-03-18 10:26:54,,True,admin
MB001804,True,2025-03-18 10:29:11,,True,admin
MB001805,False,2025-03-18 10:29:11,,True,admin
MB001806,True,2025-03-18 10:33:19,,True,admin
MB001807,True,2025-03-18 11:25:12,,True,admin
MB001808,True,2025-03-18 12:17:01,,True,admin
MB001809,True,2025-03-18 12:25:51,,True,admin
MB001810,True,2025-03-18 12:27:11,,True,admin
MB001811,True,2025-03-18 12:37:11,,True,admin
MB001812,True,2025-03-18 12:42:56,,True,admin
MB001813,True,2025-03-18 13:00:32,,True,admin
MB001814,True,2025-03-18 13:02:49,,True,admin
MB001815,True,2025-03-18 13:04:53,,True,admin
MB001816,True,2025-03-18 16:12:24,,True,admin
MB001817,False,2025-03-18 16:12:24,,True,admin
MB001818,True,2025-03-18 17:55:02,,True,admin
MB001819,True,2025-03-19 08:18:14,,True,admin
MB001820,True,2025-03-19 08:21:04,,True,admin
MB001821,True,2025-03-19 09:42:00,,True,admin
MB001823,True,2025-03-19 13:29:34,,True,admin
MB001824,True,2025-03-19 13:37:52,,True,admin
MB001825,True,2025-03-19 14:17:39,,True,admin
MB001826,True,2025-03-19 14:56:30,,True,admin
MB001827,True,2025-03-19 14:57:57,,True,admin
MB001828,True,2025-03-19 15:13:01,,True,admin
MB001830,True,2025-03-19 15:56:41,,True,admin
MB001831,True,2025-03-19 16:23:31,,True,admin
MB001832,True,2025-03-19 16:28:29,,True,admin
MB001833,True,2025-03-19 16:30:55,,True,admin
MB001834,True,2025-03-19 17:28:34,,True,admin
MB001835,True,2025-03-19 17:30:27,,True,admin
MB001836,True,2025-03-19 18:15:50,,True,admin
MB001837,True,2025-03-19 20:14:02,,True,admin
MB001838,True,2025-03-19 20:16:43,,True,admin
MB001839,True,2025-03-19 23:48:38,,True,admin
MB001840,True,2025-03-20 11:40:28,,True,admin
MB001841,True,2025-03-20 11:41:34,,True,admin
MB001842,True,2025-03-20 12:20:37,,True,admin
MB001843,True,2025-03-20 12:22:27,,True,admin
MB001844,True,2025-03-20 12:23:49,,True,admin
MB001845,True,2025-03-20 12:25:24,,True,admin
MB001846,True,2025-03-20 12:36:05,,True,admin
MB001848,True,2025-03-20 14:25:10,,True,admin
MB001849,True,2025-03-20 14:31:11,,True,admin
MB001850,True,2025-03-20 14:33:43,,True,admin
MB001852,True,2025-03-20 15:10:38,,True,admin
MB001853,True,2025-03-20 15:14:14,,True,admin
MB001854,True,2025-03-20 15:37:16,,True,admin
MB001855,True,2025-03-20 15:37:58,,True,admin
MB001856,True,2025-03-20 15:57:32,,True,admin
MB001857,True,2025-03-20 16:28:15,,True,admin
MB001858,True,2025-03-20 16:44:48,,True,admin
MB001859,True,2025-03-20 16:47:20,,True,admin
MB001860,True,2025-03-20 16:48:19,,True,admin
MB001861,True,2025-03-20 16:49:54,,True,admin
MB001862,True,2025-03-20 16:51:45,,True,admin
MB001863,True,2025-03-20 16:55:31,,True,admin
MB001864,True,2025-03-20 16:57:10,,True,admin
MB001865,True,2025-03-20 16:59:42,,True,admin
MB001866,True,2025-03-20 17:06:59,,True,admin
MB001867,True,2025-03-20 17:12:24,,True,admin
MB001868,True,2025-03-20 17:12:36,,True,admin
MB001869,True,2025-03-20 17:16:51,,True,admin
MB001870,True,2025-03-20 17:17:29,,True,admin
MB001871,True,2025-03-20 17:19:12,,True,admin
MB001872,True,2025-03-20 17:47:33,,True,admin
MB001873,True,2025-03-20 17:48:45,,True,admin
MB001874,True,2025-03-20 17:51:51,,True,admin
MB001875,True,2025-03-20 17:52:55,,True,admin
MB001876,False,2025-03-20 17:52:55,,True,admin
MB001877,True,2025-03-20 17:58:13,,True,admin
MB001878,True,2025-03-20 17:59:51,,True,admin
MB001879,True,2025-03-20 18:01:54,,True,admin
MB001880,True,2025-03-20 18:01:54,,True,admin
MB001881,True,2025-03-20 18:04:55,,True,admin
MB001882,False,2025-03-20 18:04:55,,True,admin
MB001883,True,2025-03-20 18:07:03,,True,admin
MB001884,True,2025-03-20 18:11:59,,True,admin
MB001885,True,2025-03-20 18:14:38,,True,admin
MB001886,True,2025-03-20 18:17:01,,True,admin
MB001887,True,2025-03-20 18:20:39,,True,admin
MB001888,True,2025-03-20 18:29:04,,True,admin
MB001889,True,2025-03-20 18:30:55,,True,admin
MB001890,True,2025-03-20 18:31:31,,True,admin
MB001891,True,2025-03-20 18:31:46,,True,admin
MB001892,True,2025-03-20 18:32:32,,True,admin
MB001893,True,2025-03-20 18:33:27,,True,admin
MB001894,True,2025-03-20 18:34:24,,True,admin
MB001895,True,2025-03-20 18:36:08,,True,admin
MB001896,True,2025-03-20 18:38:13,,True,admin
MB001897,True,2025-03-20 18:40:07,,True,admin
MB001898,True,2025-03-20 18:44:47,,True,admin
MB001899,True,2025-03-20 18:45:03,,True,admin
MB001900,True,2025-03-20 18:47:07,,True,admin
MB001901,True,2025-03-20 18:52:05,,True,admin
MB001902,True,2025-03-20 18:53:49,,True,admin
MB001903,True,2025-03-20 18:55:37,,True,admin
MB001904,False,2025-03-20 18:55:37,,True,admin
MB001905,True,2025-03-20 19:43:18,,True,admin
MB001906,True,2025-03-20 19:45:03,,True,admin
MB001907,True,2025-03-20 19:53:16,,True,admin
MB001908,False,2025-03-20 19:53:16,,True,admin
MB001910,True,2025-03-20 19:58:27,,True,admin
MB001911,True,2025-03-20 19:58:41,,True,admin
MB001912,True,2025-03-20 19:59:49,,True,admin
MB001913,True,2025-03-20 20:07:58,,True,admin
MB001914,True,2025-03-20 20:14:15,,True,admin
MB001915,True,2025-03-20 20:43:09,,True,admin
MB001916,True,2025-03-20 21:11:50,,True,admin
MB001917,True,2025-03-20 21:19:35,,True,admin
MB001918,True,2025-03-20 21:36:46,,True,admin
MB001919,True,2025-03-20 21:40:38,,True,admin
MB001920,True,2025-03-20 21:44:45,,True,admin
MB001921,True,2025-03-20 23:01:39,,True,admin
MB001922,True,2025-03-20 23:03:22,,True,admin
MB001923,True,2025-03-20 23:30:35,,True,admin
MB001924,True,2025-03-20 23:49:35,,True,admin
MB001925,True,2025-03-20 23:55:40,,True,admin
MB001926,True,2025-03-21 01:52:03,,True,admin
MB001927,True,2025-03-21 10:15:00,,True,admin
MB001928,True,2025-03-21 11:06:17,,True,admin
MB001929,True,2025-03-21 11:07:00,,True,admin
MB001930,True,2025-03-21 12:09:47,,True,admin
MB001931,True,2025-03-21 12:13:26,,True,admin
MB001932,True,2025-03-21 12:15:41,,True,admin
MB001933,True,2025-03-21 13:04:24,,True,admin
MB001934,True,2025-03-21 17:59:29,,True,admin
MB001935,True,2025-03-21 18:00:33,,True,admin
MB001936,True,2025-03-21 18:47:34,,True,admin
MB001937,True,2025-03-21 22:41:30,,True,admin
MB001938,True,2025-03-21 23:10:27,,True,admin
MB001939,True,2025-03-22 08:15:47,,True,admin
MB001940,True,2025-03-22 08:18:09,,True,admin
MB001941,True,2025-03-22 10:50:59,,True,admin
MB001942,True,2025-03-22 13:39:49,,True,admin
MB001943,True,2025-03-22 14:18:27,,True,admin
MB001944,True,2025-03-22 14:20:08,,True,admin
MB001945,True,2025-03-22 14:28:09,,True,admin
MB001946,True,2025-03-22 14:37:52,,True,admin
MB001947,True,2025-03-22 15:07:45,,True,admin
MB001948,True,2025-03-22 15:31:18,,True,admin
MB001949,True,2025-03-22 15:33:53,,True,admin
MB001950,True,2025-03-22 15:36:52,,True,admin
MB001951,True,2025-03-22 15:38:56,,True,admin
MB001952,True,2025-03-22 15:46:37,,True,admin
MB001953,True,2025-03-22 15:52:12,,True,admin
MB001954,True,2025-03-22 15:57:52,,True,admin
MB001955,True,2025-03-22 15:59:19,,True,admin
MB001956,True,2025-03-22 16:03:47,,True,admin
MB001957,True,2025-03-22 16:08:46,,True,admin
MB001958,True,2025-03-22 16:11:51,,True,admin
MB001959,True,2025-03-22 16:12:24,,True,admin
MB001960,True,2025-03-22 16:12:46,,True,admin
MB001961,True,2025-03-22 16:12:53,,True,admin
MB001962,True,2025-03-22 16:13:58,,True,admin
MB001963,True,2025-03-22 16:14:12,,True,admin
MB001964,True,2025-03-22 16:15:21,,True,admin
MB001965,True,2025-03-22 16:15:35,,True,admin
MB001966,True,2025-03-22 16:15:55,,True,admin
MB001967,True,2025-03-22 16:19:07,,True,admin
MB001968,True,2025-03-22 16:19:23,,True,admin
MB001969,True,2025-03-22 16:23:01,,True,admin
MB001970,True,2025-03-22 16:23:03,,True,admin
MB001971,True,2025-03-22 16:25:14,,True,admin
MB001972,True,2025-03-22 16:26:50,,True,admin
MB001973,True,2025-03-22 16:28:31,,True,admin
MB001974,True,2025-03-22 16:29:59,,True,admin
MB001975,True,2025-03-22 16:45:12,,True,admin
MB001976,True,2025-03-22 17:03:04,,True,admin
MB001977,True,2025-03-22 17:07:21,,True,admin
MB001978,True,2025-03-22 17:42:15,,True,admin
MB001979,True,2025-03-22 17:47:17,,True,admin
MB001980,True,2025-03-22 18:04:33,,True,admin
MB001982,True,2025-03-22 19:10:01,,True,admin
MB001983,True,2025-03-22 19:10:27,,True,admin
MB001984,True,2025-03-22 19:12:33,,True,admin
MB001985,True,2025-03-22 19:13:10,,True,admin
MB001986,True,2025-03-22 19:14:51,,True,admin
MB001988,True,2025-03-22 19:25:40,,True,admin
MB001989,True,2025-03-22 19:26:40,,True,admin
MB001990,True,2025-03-22 19:28:40,,True,admin
MB001991,True,2025-03-22 19:29:40,,True,admin
MB001992,True,2025-03-22 19:30:32,,True,admin
MB001993,True,2025-03-22 19:33:48,,True,admin
MB001994,True,2025-03-22 19:37:26,,True,admin
MB001995,True,2025-03-22 19:40:15,,True,admin
MB001996,True,2025-03-22 20:00:12,,True,admin
MB001997,True,2025-03-22 20:03:10,,True,admin
MB001998,True,2025-03-22 20:12:25,,True,admin
MB001999,True,2025-03-22 20:13:35,,True,admin
MB002000,True,2025-03-22 20:18:43,,True,admin
MB002001,True,2025-03-22 20:20:08,,True,admin
MB002002,True,2025-03-22 20:25:43,,True,admin
MB002003,True,2025-03-22 20:30:25,,True,admin
MB002004,True,2025-03-22 20:30:52,,True,admin
MB002005,True,2025-03-22 20:40:25,,True,admin
MB002007,True,2025-03-22 20:53:15,,True,admin
MB002008,True,2025-03-22 21:08:00,,True,admin
MB002009,True,2025-03-22 21:10:40,,True,admin
MB002010,True,2025-03-22 21:40:50,,True,admin
MB002011,True,2025-03-22 22:09:35,,True,admin
MB002012,True,2025-03-22 22:09:47,,True,admin
MB002013,True,2025-03-22 23:24:09,,True,admin
MB002014,True,2025-03-22 23:34:54,,True,admin
MB002015,True,2025-03-22 23:36:37,,True,admin
MB002016,True,2025-03-22 23:50:18,,True,admin
MB002017,True,2025-03-23 03:19:33,,True,admin
MB002018,True,2025-03-23 09:52:50,,True,admin
MB002019,True,2025-03-23 11:01:06,,True,admin
MB002020,True,2025-03-23 18:32:42,,True,admin
MB002021,True,2025-03-23 18:35:21,,True,admin
MB002022,True,2025-03-23 18:37:18,,True,admin
MB002023,True,2025-03-23 22:21:34,,True,admin
MB002024,True,2025-03-24 10:38:39,,True,admin
MB002025,True,2025-03-24 17:13:50,,True,admin
MB002026,True,2025-03-24 17:30:35,,True,admin
MB002027,True,2025-03-24 17:34:43,,True,admin
MB002028,True,2025-03-24 17:36:43,,True,admin
MB002029,True,2025-03-24 17:39:35,,True,admin
MB002030,True,2025-03-24 17:47:40,,True,admin
MB002031,True,2025-03-24 17:50:11,,True,admin
MB002032,True,2025-03-24 17:57:57,,True,admin
MB002033,True,2025-03-24 18:01:06,,True,admin
MB002034,True,2025-03-24 18:03:27,,True,admin
MB002035,True,2025-03-24 18:03:29,,True,admin
MB002036,True,2025-03-24 18:06:11,,True,admin
MB002037,True,2025-03-24 18:10:01,,True,admin
MB002039,True,2025-03-24 18:39:58,,True,admin
MB002040,True,2025-03-24 18:41:29,,True,admin
MB002041,True,2025-03-24 19:40:38,,True,admin
MB002042,True,2025-03-24 21:05:03,,True,admin
MB002043,True,2025-03-24 21:30:23,,True,admin
MB002044,True,2025-03-24 21:33:04,,True,admin
MB002045,True,2025-03-24 21:36:38,,True,admin
MB002046,True,2025-03-24 21:49:41,,True,admin
MB002047,True,2025-03-24 22:06:32,,True,admin
MB002048,True,2025-03-24 22:27:16,,True,admin
MB002049,True,2025-03-24 22:28:59,,True,admin
MB002050,True,2025-03-24 22:42:32,,True,admin
MB002051,True,2025-03-25 00:49:48,,True,admin
MB002052,True,2025-03-25 01:45:51,,True,admin
MB002053,True,2025-03-25 08:04:00,,True,admin
MB002054,True,2025-03-25 08:44:20,,True,admin
MB002055,True,2025-03-25 21:22:56,,True,admin
MB002056,True,2025-03-25 21:56:01,,True,admin
MB002057,True,2025-03-26 21:33:19,,True,admin
MB002058,True,2025-03-26 21:34:45,,True,admin
MB002059,True,2025-03-26 23:47:23,,True,admin
MB002060,True,2025-03-27 09:30:38,,True,admin
MB002061,True,2025-03-27 09:31:11,,True,admin
MB002062,True,2025-03-27 09:40:50,,True,admin
MB002063,True,2025-03-27 17:32:56,,True,admin
MB002065,True,2025-03-27 17:34:46,,True,admin
MB002066,True,2025-03-27 17:34:53,,True,admin
MB002067,True,2025-03-27 17:35:11,,True,admin
MB002068,True,2025-03-27 17:35:20,,True,admin
MB002069,True,2025-03-27 17:35:23,,True,admin
MB002072,True,2025-03-27 17:37:15,,True,admin
MB002073,False,2025-03-27 17:37:15,,True,admin
MB002074,True,2025-03-27 17:37:20,,True,admin
MB002076,True,2025-03-27 17:38:52,,True,admin
MB002077,True,2025-03-27 17:39:58,,True,admin
MB002078,True,2025-03-27 17:41:04,,True,admin
MB002081,True,2025-03-27 21:17:00,,True,admin
MB002084,True,2025-03-27 23:39:42,,True,admin
MB002085,True,2025-03-28 09:49:04,,True,admin
MB002086,True,2025-03-28 11:17:39,,True,admin
MB002087,True,2025-03-28 16:28:02,,True,admin
MB002088,True,2025-03-28 16:30:02,,True,admin
MB002089,True,2025-03-28 17:30:30,,True,admin
MB002090,True,2025-03-28 21:24:04,,True,admin
MB002091,True,2025-03-28 21:27:45,,True,admin
MB002092,True,2025-03-28 21:28:30,,True,admin
MB002093,True,2025-03-28 21:28:56,,True,admin
MB002094,True,2025-03-28 21:30:16,,True,admin
MB002095,True,2025-03-28 21:41:46,,True,admin
MB002096,True,2025-03-28 21:44:43,,True,admin
MB002097,True,2025-03-28 23:12:14,,True,admin
MB002098,True,2025-03-28 23:14:03,,True,admin
MB002099,True,2025-03-28 23:14:16,,True,admin
MB002100,True,2025-03-28 23:15:18,,True,admin
MB002101,True,2025-03-28 23:16:58,,True,admin
MB002102,True,2025-03-28 23:18:01,,True,admin
MB002103,True,2025-03-28 23:19:12,,True,admin
MB002104,True,2025-03-28 23:22:24,,True,admin
MB002105,True,2025-03-28 23:28:32,,True,admin
MB002106,True,2025-03-28 23:28:53,,True,admin
MB002107,True,2025-03-28 23:35:36,,True,admin
MB002108,False,2025-03-28 23:35:36,,True,admin
MB002109,True,2025-03-28 23:38:17,,True,admin
MB002111,True,2025-03-29 00:39:34,,True,admin
MB002112,True,2025-03-29 00:41:57,,True,admin
MB002113,True,2025-03-29 01:02:53,,True,admin
MB002114,True,2025-03-29 09:33:31,,True,admin
MB002115,True,2025-03-29 11:41:15,,True,admin
MB002116,True,2025-03-29 12:47:51,,True,admin
MB002117,True,2025-03-29 14:52:45,,True,admin
MB002118,True,2025-03-29 15:50:14,,True,admin
MB002119,True,2025-03-29 18:06:48,,True,admin
MB002123,True,2025-03-29 22:29:52,,True,admin
MB002124,True,2025-03-29 23:21:08,,True,admin
MB002125,True,2025-03-29 23:46:28,,True,admin
MB002126,True,2025-03-30 10:01:36,,True,admin
MB002127,True,2025-03-30 10:06:37,,True,admin
MB002128,True,2025-03-30 10:57:48,,True,admin
MB002129,True,2025-03-30 10:58:55,,True,admin
MB002131,True,2025-03-30 12:00:41,,True,admin
MB002132,True,2025-03-30 12:20:28,,True,admin
MB002133,True,2025-03-30 12:22:56,,True,admin
MB002134,True,2025-03-30 12:40:49,,True,admin
MB002135,True,2025-03-30 12:44:04,,True,admin
MB002136,True,2025-03-30 12:45:30,,True,admin
MB002137,True,2025-03-30 12:45:55,,True,admin
MB002138,True,2025-03-30 14:33:32,,True,admin
MB002139,True,2025-03-30 14:34:59,,True,admin
MB002140,True,2025-03-30 14:54:53,,True,admin
MB002141,True,2025-03-30 15:05:26,,True,admin
MB002142,True,2025-03-30 15:06:30,,True,admin
MB002143,False,2025-03-30 15:06:30,,True,admin
MB002144,True,2025-03-30 15:06:49,,True,admin
MB002145,True,2025-03-30 15:13:10,,True,admin
MB002146,True,2025-03-30 15:15:18,,True,admin
MB002147,True,2025-03-30 15:18:20,,True,admin
MB002148,True,2025-03-30 15:20:55,,True,admin
MB002149,True,2025-03-30 15:21:26,,True,admin
MB002150,True,2025-03-30 15:21:58,,True,admin
MB002151,True,2025-03-30 15:25:48,,True,admin
MB002152,False,2025-03-30 15:25:48,,True,admin
MB002153,True,2025-03-30 15:28:25,,True,admin
MB002154,True,2025-03-30 15:29:56,,True,admin
MB002155,True,2025-03-30 15:36:15,,True,admin
MB002156,True,2025-03-30 15:49:41,,True,admin
MB002158,True,2025-03-30 16:50:29,,True,admin
MB002159,False,2025-03-30 16:50:29,,True,admin
MB002160,True,2025-03-30 16:53:47,,True,admin
MB002161,True,2025-03-30 16:55:32,,True,admin
MB002162,True,2025-03-30 16:57:15,,True,admin
MB002163,True,2025-03-30 16:57:22,,True,admin
MB002164,True,2025-03-30 17:03:08,,True,admin
MB002165,True,2025-03-30 17:05:26,,True,admin
MB002166,True,2025-03-30 17:05:53,,True,admin
MB002167,True,2025-03-30 17:07:27,,True,admin
MB002168,True,2025-03-30 17:23:27,,True,admin
MB002169,True,2025-03-30 17:24:35,,True,admin
MB002170,True,2025-03-30 17:26:43,,True,admin
MB002171,True,2025-03-30 17:28:20,,True,admin
MB002172,True,2025-03-30 17:32:44,,True,admin
MB002173,True,2025-03-30 17:33:48,,True,admin
MB002174,True,2025-03-30 17:35:32,,True,admin
MB002175,True,2025-03-30 18:56:35,,True,admin
MB002176,True,2025-03-30 19:26:55,,True,admin
MB002177,True,2025-03-30 19:26:55,,True,admin
MB002178,True,2025-03-30 19:28:39,,True,admin
MB002179,True,2025-03-30 20:42:33,,True,admin
MB002180,True,2025-03-30 20:45:45,,True,admin
MB002182,True,2025-03-30 21:22:43,,True,admin
MB002183,True,2025-03-30 21:56:44,,True,admin
MB002184,True,2025-03-30 22:07:17,,True,admin
MB002185,True,2025-03-30 22:12:47,,True,admin
MB002186,True,2025-03-30 22:27:51,,True,admin
MB002187,True,2025-03-30 22:37:26,,True,admin
MB002188,True,2025-03-30 22:40:39,,True,admin
MB002189,True,2025-03-31 00:03:18,,True,admin
MB002190,True,2025-03-31 02:22:34,,True,admin
MB002191,True,2025-03-31 02:24:10,,True,admin
MB002192,True,2025-03-31 13:36:29,,True,admin
MB002193,True,2025-03-31 14:05:08,,True,admin
MB002194,True,2025-03-31 14:18:11,,True,admin
MB002195,True,2025-03-31 14:20:08,,True,admin
MB002196,True,2025-03-31 14:41:36,,True,admin
MB002197,True,2025-03-31 14:43:56,,True,admin
MB002198,True,2025-03-31 14:44:53,,True,admin
MB002199,True,2025-03-31 15:25:28,,True,admin
MB002200,True,2025-03-31 16:00:00,,True,admin
MB002201,True,2025-03-31 17:51:13,,True,admin
MB002202,True,2025-03-31 20:35:34,,True,admin
MB002203,True,2025-03-31 20:37:10,,True,admin
MB002204,True,2025-03-31 20:46:33,,True,admin
MB002205,True,2025-03-31 20:48:28,,True,admin
MB002206,True,2025-03-31 22:29:52,,True,admin
MB002207,True,2025-03-31 22:31:30,,True,admin
MB002208,True,2025-04-01 10:42:57,,True,admin
MB002209,True,2025-04-01 10:45:04,,True,admin
MB002210,True,2025-04-01 13:21:32,,True,admin
MB002211,True,2025-04-01 15:34:50,,True,admin
MB002213,True,2025-04-01 21:32:26,,True,admin
MB002214,True,2025-04-01 21:36:24,,True,admin
MB002215,True,2025-04-01 21:38:54,,True,admin
MB002216,True,2025-04-02 11:01:22,,True,admin
MB002217,True,2025-04-02 14:50:27,,True,admin
MB002218,True,2025-04-02 14:52:13,,True,admin
MB002220,True,2025-04-02 21:05:39,,True,admin
MB002221,True,2025-04-02 21:38:11,,True,admin
MB002222,True,2025-04-03 11:11:53,,True,admin
MB002223,True,2025-04-03 11:20:40,,True,admin
MB002224,True,2025-04-03 11:22:31,,True,admin
MB002225,True,2025-04-03 11:23:41,,True,admin
MB002226,True,2025-04-04 15:18:51,,True,admin
MB002227,True,2025-04-04 15:25:17,,True,admin
MB002228,True,2025-04-04 15:45:17,,True,admin
MB002229,True,2025-04-04 17:18:40,,True,admin
MB002230,True,2025-04-04 20:37:07,,True,admin
MB002234,True,2025-04-05 09:51:11,,True,admin
MB002235,True,2025-04-05 19:39:13,,True,admin
MB002238,True,2025-04-05 19:44:28,,True,admin
MB002239,True,2025-04-05 20:02:13,,True,admin
MB002241,True,2025-04-05 20:18:37,,True,admin
MB002242,True,2025-04-05 22:13:43,,True,admin
MB002243,True,2025-04-05 22:43:03,,True,admin
MB002244,True,2025-04-06 19:09:34,,True,admin
MB002245,True,2025-04-06 19:11:15,,True,admin
MB002246,True,2025-04-07 18:44:05,,True,admin
MB002247,True,2025-04-07 19:12:51,,True,admin
MB002248,True,2025-04-07 19:14:26,,True,admin
MB002249,True,2025-04-07 19:17:19,,True,admin
MB002250,True,2025-04-07 19:18:32,,True,admin
MB002251,True,2025-04-07 19:19:48,,True,admin
MB002252,True,2025-04-07 19:20:10,,True,admin
MB002253,True,2025-04-07 19:21:31,,True,admin
MB002254,True,2025-04-07 19:21:51,,True,admin
MB002255,True,2025-04-07 19:22:31,,True,admin
MB002256,True,2025-04-07 19:23:11,,True,admin
MB002257,True,2025-04-07 19:23:50,,True,admin
MB002258,True,2025-04-07 19:43:52,,True,admin
MB002259,True,2025-04-07 22:49:24,,True,admin
MB002260,True,2025-04-08 13:34:59,,True,admin
MB002261,True,2025-04-08 16:52:15,,True,admin
MB002262,True,2025-04-09 23:24:34,,True,admin
MB002263,True,2025-04-10 07:56:46,,True,admin
MB002264,True,2025-04-10 07:58:09,,True,admin
MB002265,True,2025-04-10 07:59:27,,True,admin
MB002266,True,2025-04-12 22:03:58,,True,admin
MB002267,True,2025-04-12 22:04:22,,True,admin
MB002268,True,2025-04-17 16:01:47,,True,admin
MB002269,True,2025-04-17 22:44:27,,True,admin
MB002270,True,2025-04-17 23:12:13,,True,admin
MB002271,True,2025-04-18 19:52:40,,True,admin
MB002272,True,2025-04-18 23:45:23,,True,admin
MB002273,True,2025-04-21 14:55:58,,True,admin
MB002274,True,2025-04-21 14:58:51,,True,admin
MB002275,True,2025-04-21 14:59:55,,True,admin
MB002276,True,2025-04-21 15:00:37,,True,admin
MB002277,False,2025-04-21 15:00:37,,True,admin
MB002279,True,2025-04-21 15:11:51,,True,admin
MB002281,True,2025-04-21 15:33:42,,True,admin
MB002282,True,2025-04-21 16:08:58,,True,admin
MB002283,True,2025-04-21 16:08:59,,True,admin
MB002284,True,2025-04-21 16:26:05,,True,admin
MB002285,True,2025-04-21 16:35:25,,True,admin
MB002286,True,2025-04-21 18:05:20,,True,admin
MB002287,True,2025-04-21 19:46:01,,True,admin
MB002288,True,2025-04-21 23:59:29,,True,admin
MB002289,True,2025-04-22 00:15:10,,True,admin
MB002290,True,2025-04-22 14:40:12,,True,admin
MB002291,True,2025-04-22 17:29:07,,True,admin
MB002293,True,2025-04-22 22:49:19,,True,admin
MB002294,True,2025-04-23 18:28:56,,True,admin
MB002295,True,2025-04-23 22:17:32,,True,admin
MB002296,True,2025-04-23 22:24:30,,True,admin
MB002297,True,2025-04-23 23:10:34,,True,admin
MB002298,True,2025-04-23 23:28:02,,True,admin
MB002299,True,2025-04-24 01:09:45,,True,admin
MB002300,True,2025-04-24 09:59:21,,True,admin
MB002301,True,2025-04-24 10:03:27,,True,admin
MB002302,True,2025-04-24 12:12:31,,True,admin
MB002303,True,2025-04-26 14:11:38,,True,admin
MB002304,True,2025-04-27 12:39:08,,True,admin
MB002305,True,2025-04-27 16:35:38,,True,admin
MB002308,True,2025-04-28 19:10:37,,True,admin
MB002310,True,2025-05-01 12:43:13,,True,admin
MB002311,True,2025-05-01 13:42:47,,True,admin
MB002312,True,2025-05-01 13:45:00,,True,admin
MB002313,True,2025-05-01 13:48:29,,True,admin
MB002314,True,2025-05-01 13:49:42,,True,admin
MB002315,True,2025-05-01 13:51:53,,True,admin
MB002316,True,2025-05-01 13:53:38,,True,admin
MB002317,True,2025-05-01 13:55:26,,True,admin
MB002318,True,2025-05-01 13:56:40,,True,admin
MB002319,True,2025-05-01 13:57:55,,True,admin
MB002320,True,2025-05-01 13:59:08,,True,admin
MB002321,True,2025-05-01 14:00:42,,True,admin
MB002322,True,2025-05-01 14:01:57,,True,admin
MB002323,True,2025-05-01 16:10:11,,True,admin
MB002324,True,2025-05-01 17:05:22,,True,admin
MB002325,True,2025-05-01 17:08:25,,True,admin
MB002326,True,2025-05-01 17:10:21,,True,admin
MB002327,True,2025-05-01 17:14:12,,True,admin
MB002328,True,2025-05-01 17:17:18,,True,admin
MB002329,True,2025-05-01 17:19:40,,True,admin
MB002330,True,2025-05-01 17:21:31,,True,admin
MB002331,True,2025-05-01 17:23:06,,True,admin
MB002332,True,2025-05-01 17:24:34,,True,admin
MB002333,True,2025-05-01 17:26:05,,True,admin
MB002334,True,2025-05-01 17:27:35,,True,admin
MB002335,True,2025-05-01 17:29:22,,True,admin
MB002336,True,2025-05-01 17:31:33,,True,admin
MB002337,True,2025-05-01 17:32:59,,True,admin
MB002338,True,2025-05-01 17:34:35,,True,admin
MB002339,True,2025-05-01 17:35:52,,True,admin
MB002340,True,2025-05-01 17:37:08,,True,admin
MB002341,True,2025-05-01 17:38:32,,True,admin
MB002342,True,2025-05-01 17:40:08,,True,admin
MB002343,True,2025-05-01 17:41:18,,True,admin
MB002344,True,2025-05-01 17:42:41,,True,admin
MB002345,True,2025-05-01 17:44:04,,True,admin
MB002346,True,2025-05-01 17:45:44,,True,admin
MB002347,True,2025-05-01 17:47:04,,True,admin
MB002348,True,2025-05-01 17:48:28,,True,admin
MB002349,True,2025-05-02 10:59:14,,True,admin
MB002350,True,2025-05-02 20:56:41,,True,admin
MB002351,True,2025-05-02 20:58:57,,True,admin
MB002352,True,2025-05-02 21:17:38,,True,admin
MB002353,True,2025-05-02 21:19:27,,True,admin
MB002354,True,2025-05-02 21:23:29,,True,admin
MB002355,True,2025-05-02 21:26:50,,True,admin
MB002356,True,2025-05-02 21:27:55,,True,admin
MB002357,True,2025-05-02 21:31:06,,True,admin
MB002358,True,2025-05-02 21:32:22,,True,admin
MB002359,True,2025-05-02 21:33:07,,True,admin
MB002360,True,2025-05-02 21:34:31,,True,admin
MB002361,True,2025-05-02 21:36:49,,True,admin
MB002362,True,2025-05-02 21:47:09,,True,admin
MB002363,True,2025-05-02 21:48:22,,True,admin
MB002364,True,2025-05-02 21:50:01,,True,admin
MB002365,True,2025-05-02 21:52:14,,True,admin
MB002366,True,2025-05-02 21:55:51,,True,admin
MB002367,True,2025-05-02 21:56:56,,True,admin
MB002368,True,2025-05-05 19:16:35,,True,admin
MB002369,True,2025-05-06 00:02:23,,True,admin
MB002370,True,2025-05-06 00:03:37,,True,admin
MB002371,True,2025-05-07 15:39:13,,True,admin
MB002372,True,2025-05-07 15:45:35,,True,admin
MB002373,True,2025-05-07 15:45:48,,True,admin
MB002374,True,2025-05-07 22:17:27,,True,admin
MB002376,True,2025-05-10 20:14:35,,True,admin
MB002377,True,2025-05-11 13:51:42,,True,admin
MB002378,True,2025-05-11 20:58:41,,True,admin
MB002379,True,2025-05-11 21:06:38,,True,admin
MB002380,True,2025-05-11 21:08:54,,True,admin
MB002381,True,2025-05-11 21:12:27,,True,admin
MB002382,True,2025-05-11 21:14:01,,True,admin
MB002383,True,2025-05-11 21:14:57,,True,admin
MB002384,True,2025-05-11 21:16:50,,True,admin
MB002385,True,2025-05-11 21:18:27,,True,admin
MB002386,True,2025-05-11 21:23:09,,True,admin
MB002387,True,2025-05-11 21:24:27,,True,admin
MB002388,True,2025-05-11 21:28:49,,True,admin
MB002389,True,2025-05-11 21:30:54,,True,admin
MB002390,True,2025-05-11 21:31:58,,True,admin
MB002391,True,2025-05-11 21:32:51,,True,admin
MB002392,True,2025-05-11 21:34:50,,True,admin
MB002393,True,2025-05-11 21:35:44,,True,admin
MB002394,True,2025-05-11 21:37:23,,True,admin
MB002395,True,2025-05-11 21:38:44,,True,admin
MB002396,True,2025-05-12 08:04:33,,True,admin
MB002397,True,2025-05-12 08:07:12,,True,admin
MB002398,True,2025-05-12 08:09:15,,True,admin
MB002399,True,2025-05-12 08:10:44,,True,admin
MB002400,True,2025-05-12 08:12:20,,True,admin
MB002401,True,2025-05-12 08:14:02,,True,admin
MB002402,True,2025-05-12 08:19:26,,True,admin
MB002403,True,2025-05-12 08:21:01,,True,admin
MB002404,True,2025-05-12 08:29:39,,True,admin
MB002405,True,2025-05-12 08:30:49,,True,admin
MB002406,True,2025-05-12 08:31:44,,True,admin
MB002407,True,2025-05-12 08:32:42,,True,admin
MB002408,True,2025-05-12 08:33:46,,True,admin
MB002409,True,2025-05-12 08:34:55,,True,admin
MB002410,True,2025-05-12 08:36:04,,True,admin
MB002411,True,2025-05-12 08:37:02,,True,admin
MB002412,True,2025-05-12 08:38:05,,True,admin
MB002413,True,2025-05-12 08:39:10,,True,admin
MB002414,True,2025-05-12 08:40:16,,True,admin
MB002415,True,2025-05-12 08:41:12,,True,admin
MB002416,True,2025-05-12 08:42:22,,True,admin
MB002417,True,2025-05-12 08:43:13,,True,admin
MB002418,True,2025-05-12 08:44:23,,True,admin
MB002419,True,2025-05-12 08:45:29,,True,admin
MB002420,True,2025-05-12 08:47:08,,True,admin
MB002421,True,2025-05-12 08:48:03,,True,admin
MB002422,True,2025-05-12 08:50:40,,True,admin
MB002423,True,2025-05-12 08:52:32,,True,admin
MB002424,True,2025-05-12 09:22:51,,True,admin
MB002425,True,2025-05-12 09:24:53,,True,admin
MB002426,True,2025-05-12 09:25:43,,True,admin
MB002427,True,2025-05-12 09:26:41,,True,admin
MB002428,True,2025-05-12 09:31:46,,True,admin
MB002429,True,2025-05-12 09:32:52,,True,admin
MB002430,True,2025-05-12 09:34:14,,True,admin
MB002431,True,2025-05-12 09:35:07,,True,admin
MB002432,True,2025-05-12 09:36:15,,True,admin
MB002433,True,2025-05-12 09:37:10,,True,admin
MB002434,True,2025-05-12 09:38:09,,True,admin
MB002435,True,2025-05-12 09:39:06,,True,admin
MB002436,True,2025-05-12 09:40:19,,True,admin
MB002437,True,2025-05-12 09:41:25,,True,admin
MB002438,True,2025-05-12 09:42:15,,True,admin
MB002439,True,2025-05-12 09:43:06,,True,admin
MB002440,True,2025-05-28 08:47:23,,True,admin
MB002441,True,2025-05-28 08:48:25,,True,admin
MB002442,True,2025-05-28 08:51:55,,True,admin
MB002443,True,2025-05-28 08:52:09,,True,admin
MB002444,True,2025-05-28 08:54:49,,True,admin
MB002445,True,2025-05-28 08:55:01,,True,admin
MB002446,True,2025-05-28 08:56:32,,True,admin
MB002447,True,2025-05-28 08:57:10,,True,admin
MB002448,True,2025-05-28 08:57:38,,True,admin
MB002450,True,2025-05-28 09:55:14,,True,admin
MB002451,True,2025-05-28 10:03:30,,True,admin
MB002452,True,2025-05-28 10:05:22,,True,admin
MB002453,True,2025-05-28 10:22:00,,True,admin
MB002454,True,2025-05-28 10:25:16,,True,admin
MB002455,True,2025-05-28 14:01:06,,True,admin
MB002456,True,2025-05-28 14:04:53,,True,admin
MB002457,True,2025-05-28 14:11:39,,True,admin
MB002458,True,2025-05-28 14:14:17,,True,admin
MB002459,True,2025-05-28 16:42:01,,True,admin
MB002460,True,2025-05-28 17:33:09,,True,admin
MB002461,True,2025-05-28 17:41:02,,True,admin
MB002462,True,2025-05-28 17:47:09,,True,admin
MB002463,True,2025-05-28 20:29:09,,True,admin
MB002464,True,2025-05-28 20:39:15,,True,admin
MB002465,True,2025-05-28 21:17:59,,True,admin
MB002466,True,2025-05-29 11:32:41,,True,admin
MB002467,True,2025-05-29 17:01:44,,True,admin
MB002468,True,2025-05-30 22:15:34,,True,admin
MB002469,True,2025-05-30 22:17:48,,True,admin
MB002470,True,2025-06-04 11:22:31,,True,admin
MB002471,True,2025-06-04 12:47:16,,True,admin
MB002472,True,2025-06-07 22:29:46,,True,admin
MB002473,True,2025-06-07 22:31:07,,True,admin
MB002474,True,2025-06-07 22:37:24,,True,admin
MB002475,True,2025-06-09 13:20:44,,True,admin
MB002476,True,2025-06-09 13:20:47,,True,admin
MB002477,True,2025-06-09 13:21:57,,True,admin
MB002478,True,2025-06-09 13:22:55,,True,admin
MB002479,True,2025-06-09 13:27:19,,True,admin
MB002480,True,2025-06-09 13:36:54,,True,admin
MB002481,True,2025-06-09 14:13:53,,True,admin
MB002492,True,2025-06-10 15:58:23,,True,admin
MB002495,True,2025-06-10 19:21:25,,True,admin
MB002496,False,2025-06-10 19:21:25,,True,admin
MB002499,True,2025-06-11 11:36:23,,True,admin
MB002500,True,2025-06-11 11:46:58,,True,admin
MB002501,True,2025-06-11 11:49:20,,True,admin
MB002502,True,2025-06-11 15:20:56,,True,admin
MB002503,True,2025-06-14 17:33:04,,True,admin
MB002504,True,2025-06-14 17:35:32,,True,admin
MB002505,True,2025-06-14 17:36:35,,True,admin
MB002506,True,2025-06-14 17:37:20,,True,admin
MB002507,True,2025-06-14 17:37:36,,True,admin
MB002508,True,2025-06-14 17:39:50,,True,admin
MB002509,True,2025-06-14 17:40:29,,True,admin
MB002510,True,2025-06-14 17:44:36,,True,admin
MB002511,True,2025-06-14 17:50:37,,True,admin
MB002512,True,2025-06-14 18:33:22,,True,admin
MB002513,True,2025-06-14 20:12:33,,True,admin
MB002514,True,2025-06-14 20:42:45,,True,admin
MB002515,True,2025-06-14 20:48:52,,True,admin
MB002516,True,2025-06-14 22:12:46,,True,admin
MB002517,True,2025-06-15 20:38:34,,True,admin
MB002518,True,2025-06-16 13:39:21,,True,admin
MB002519,True,2025-06-16 13:41:06,,True,admin
MB002520,True,2025-06-16 15:09:35,,True,admin
MB002521,True,2025-06-16 15:11:12,,True,admin
MB002522,True,2025-06-16 17:21:22,,True,admin
MB002523,True,2025-06-16 17:21:49,,True,admin
MB002524,True,2025-06-16 17:23:20,,True,admin
MB002525,True,2025-06-16 17:38:52,,True,admin
MB002526,True,2025-06-16 17:40:40,,True,admin
MB002527,True,2025-06-16 18:11:59,,True,admin
MB002528,True,2025-06-16 18:15:35,,True,admin
MB002529,True,2025-06-16 18:29:04,,True,admin
MB002530,True,2025-06-16 18:52:45,,True,admin
MB002531,True,2025-06-16 19:05:35,,True,admin
MB002532,True,2025-06-17 03:44:30,,True,admin
MB002533,True,2025-06-18 17:03:38,,True,admin
MB002534,True,2025-06-18 21:13:55,,True,admin
MB002535,True,2025-06-18 21:29:15,,True,admin
MB002536,True,2025-06-18 21:54:51,,True,admin
MB002537,True,2025-06-19 00:50:52,,True,admin
MB002538,True,2025-06-19 07:46:18,,True,admin
MB002539,True,2025-06-19 14:15:51,,True,admin
MB002541,True,2025-06-19 16:33:51,,True,admin
MB002542,True,2025-06-19 17:30:55,,True,admin
MB002543,True,2025-06-20 12:11:59,,True,admin
MB002544,True,2025-06-20 14:04:05,,True,admin
MB002545,True,2025-06-21 13:09:15,,True,admin
MB002546,True,2025-06-22 14:46:22,,True,admin
MB002547,True,2025-06-24 15:39:04,,True,admin
MB002548,True,2025-06-24 21:37:10,,True,admin
MB002549,True,2025-06-24 21:38:50,,True,admin
MB002550,True,2025-06-24 21:46:54,,True,admin
MB002551,True,2025-06-24 22:04:39,,True,admin
MB002552,True,2025-06-24 22:54:34,,True,admin
MB002553,True,2025-06-24 23:04:31,,True,admin
MB002554,True,2025-06-25 11:53:01,,True,admin
MB002555,True,2025-06-25 12:59:08,,True,admin
MB002556,True,2025-06-26 09:52:09,,True,admin
MB002557,True,2025-06-26 10:01:07,,True,admin
MB002558,True,2025-06-26 10:52:14,,True,admin
MB002559,True,2025-06-26 10:55:11,,True,admin
MB002560,True,2025-06-26 11:52:06,,True,admin
MB002561,True,2025-06-26 12:10:00,,True,admin
MB002562,True,2025-06-26 15:07:34,,True,admin
MB002563,True,2025-06-26 21:12:05,,True,admin
MB002564,True,2025-06-26 23:08:30,,True,admin
MB002565,True,2025-06-27 00:38:15,,True,admin
MB002566,True,2025-06-27 03:51:21,,True,admin
MB002567,True,2025-06-29 14:27:09,,True,admin
MB002568,True,2025-06-30 14:20:43,,True,admin
MB002569,True,2025-07-04 16:20:31,,True,admin
MB002570,True,2025-07-04 16:23:40,,True,admin
MB002572,True,2025-07-08 22:42:46,,True,admin
MB002573,True,2025-07-08 22:46:29,,True,admin
MB002574,True,2025-07-08 22:49:07,,True,admin
MB002575,True,2025-07-09 19:42:17,,True,admin
MB002577,True,2025-07-13 22:47:18,,True,admin
MB002578,True,2025-07-15 11:24:30,,True,admin
MB002580,True,2025-07-15 12:04:53,,True,admin
MB002582,True,2025-07-16 10:40:31,,True,admin
MB002602,True,2025-08-12 14:19:53,,True,admin
MB002604,True,2025-09-10 20:47:49,,True,admin
MB002605,True,2025-09-10 20:51:45,,True,admin
MB002606,True,2025-09-10 20:53:09,,True,admin
MB002607,True,2025-09-10 20:53:20,,True,admin
MB002608,True,2025-09-10 20:55:06,,True,admin
MB002609,True,2025-09-10 20:56:18,,True,admin
MB002610,True,2025-09-10 20:56:36,,True,admin
MB002611,True,2025-09-10 20:58:31,,True,admin
MB002612,True,2025-09-10 21:01:56,,True,admin
MB002613,True,2025-09-10 21:19:54,,True,admin
MB002614,True,2025-09-10 21:23:02,,True,admin
MB002615,True,2025-09-10 21:48:08,,True,admin
MB002616,True,2025-09-10 22:45:43,,True,admin
MB002617,True,2025-09-10 22:51:51,,True,admin
MB002618,True,2025-09-10 22:54:52,,True,admin
MB002619,True,2025-09-10 23:10:27,,True,admin
MB002620,True,2025-09-12 07:53:42,,True,admin
MB002621,True,2025-09-12 07:54:59,,True,admin
MB002622,True,2025-09-12 09:46:57,,True,admin
MB002623,True,2025-09-12 13:31:51,,True,admin
MB002624,True,2025-09-12 17:06:30,,True,admin
MB002625,True,2025-09-12 17:07:46,,True,admin
MB002626,True,2025-09-12 18:32:40,,True,admin
MB002628,True,2025-09-13 14:42:50,,True,admin
MB002631,True,2025-09-14 17:30:30,,True,admin
MB002632,True,2025-09-15 21:57:49,,True,admin
MB002633,True,2025-09-15 22:15:16,,True,admin
MB002634,True,2025-09-19 13:24:01,,True,admin
MB002656,True,2025-09-27 17:50:01,,True,admin
MB002657,True,2025-09-27 17:50:30,,True,admin
MB002696,True,2025-10-28 18:13:52,,True,admin
MB002698,True,2025-10-28 18:33:54,,True,admin
MB002699,True,2025-10-28 21:22:24,,True,admin
MB002705,True,2025-10-29 11:04:54,,True,admin
MB002710,True,2025-10-29 21:39:43,,True,admin
MB002712,True,2025-10-30 14:05:04,,True,admin
MB002713,True,2025-10-30 14:37:52,,True,admin
MB002714,True,2025-10-30 14:48:03,,True,admin
MB002716,True,2025-10-31 15:02:56,,True,admin
MB002718,True,2025-10-31 15:32:44,,True,admin
MB002719,True,2025-10-31 15:41:22,,True,admin
MB002720,True,2025-10-31 15:46:20,,True,admin
MB002721,True,2025-10-31 16:01:21,,True,admin
MB002722,True,2025-10-31 16:23:51,,True,admin
MB002725,True,2025-10-31 19:49:34,,True,admin
MB002726,True,2025-10-31 19:51:23,,True,admin
MB002727,True,2025-10-31 20:58:23,,True,admin
MB002728,True,2025-10-31 21:14:49,,True,admin
MB002729,True,2025-10-31 21:21:07,,True,admin
MB002730,True,2025-10-31 21:22:40,,True,admin
MB002731,True,2025-10-31 21:25:44,,True,admin
MB002732,True,2025-10-31 21:26:26,,True,admin
MB002733,True,2025-10-31 23:56:06,,True,admin
MB002734,True,2025-10-31 23:58:22,,True,admin
MB002735,True,2025-11-01 00:06:32,,True,admin
MB002736,True,2025-11-01 00:09:46,,True,admin
MB002737,True,2025-11-01 00:09:59,,True,admin
MB002739,True,2025-11-01 12:53:22,,True,admin
MB002740,True,2025-11-01 12:54:57,,True,admin
MB002741,True,2025-11-01 12:56:39,,True,admin
MB002742,True,2025-11-01 12:57:35,,True,admin
MB002743,True,2025-11-01 13:04:27,,True,admin
MB002744,True,2025-11-01 13:04:58,,True,admin
MB002745,True,2025-11-01 13:07:30,,True,admin
MB002746,True,2025-11-01 13:09:55,,True,admin
MB002747,True,2025-11-01 13:10:42,,True,admin
MB002748,True,2025-11-01 13:10:43,,True,admin
MB002749,True,2025-11-01 13:15:47,,True,admin
MB002750,True,2025-11-01 13:38:15,,True,admin
MB002751,True,2025-11-01 13:42:24,,True,admin
MB002752,True,2025-11-01 13:45:21,,True,admin
MB002753,True,2025-11-01 13:47:48,,True,admin
MB002754,True,2025-11-01 13:54:24,,True,admin
MB002755,True,2025-11-01 13:54:51,,True,admin
MB002756,True,2025-11-01 14:14:31,,True,admin
MB002757,True,2025-11-01 14:14:33,,True,admin
MB002758,True,2025-11-01 14:16:46,,True,admin
MB002759,True,2025-11-01 14:22:07,,True,admin
MB002760,True,2025-11-01 14:23:33,,True,admin
MB002761,True,2025-11-01 14:26:49,,True,admin
MB002762,True,2025-11-01 14:30:32,,True,admin
MB002763,True,2025-11-01 14:32:39,,True,admin
MB002764,True,2025-11-01 14:37:02,,True,admin
MB002765,True,2025-11-01 14:37:23,,True,admin
MB002766,True,2025-11-01 14:38:41,,True,admin
MB002767,True,2025-11-01 14:39:55,,True,admin
MB002768,True,2025-11-01 14:44:21,,True,admin
MB002769,True,2025-11-01 14:55:13,,True,admin
MB002770,True,2025-11-01 14:56:14,,True,admin
MB002771,True,2025-11-01 15:16:15,,True,admin
MB002772,True,2025-11-01 15:27:30,,True,admin
MB002774,True,2025-11-01 15:31:36,,True,admin
MB002775,True,2025-11-01 15:36:24,,True,admin
MB002776,True,2025-11-01 15:36:39,,True,admin
MB002777,True,2025-11-01 15:39:14,,True,admin
MB002778,True,2025-11-01 15:40:51,,True,admin
MB002779,True,2025-11-01 15:42:04,,True,admin
MB002780,True,2025-11-01 15:44:04,,True,admin
MB002781,True,2025-11-01 15:44:27,,True,admin
MB002782,True,2025-11-01 15:45:23,,True,admin
MB002783,True,2025-11-01 15:46:54,,True,admin
MB002784,False,2025-11-01 15:46:54,,True,admin
MB002785,True,2025-11-01 15:50:56,,True,admin
MB002786,False,2025-11-01 15:50:56,,True,admin
MB002787,True,2025-11-01 15:57:39,,True,admin
MB002788,True,2025-11-01 16:01:30,,True,admin
MB002789,True,2025-11-01 16:21:38,,True,admin
MB002790,True,2025-11-01 16:25:41,,True,admin
MB002791,True,2025-11-01 17:19:07,,True,admin
MB002792,True,2025-11-01 17:19:44,,True,admin
MB002793,True,2025-11-01 17:22:02,,True,admin
MB002794,True,2025-11-01 17:31:29,,True,admin
MB002795,True,2025-11-01 17:44:14,,True,admin
MB002796,True,2025-11-01 18:36:01,,True,admin
MB002797,True,2025-11-01 18:54:11,,True,admin
MB002798,True,2025-11-01 18:59:46,,True,admin
MB002800,True,2025-11-01 19:21:29,,True,admin
MB002801,True,2025-11-01 19:26:29,,True,admin
MB002802,True,2025-11-01 20:03:05,,True,admin
MB002803,True,2025-11-01 20:04:12,,True,admin
MB002804,True,2025-11-01 20:20:26,,True,admin
MB002805,True,2025-11-01 20:50:17,,True,admin
MB002806,True,2025-11-01 21:21:30,,True,admin
MB002808,True,2025-11-01 22:12:46,,True,admin
MB002809,True,2025-11-01 22:25:46,,True,admin
MB002810,True,2025-11-01 22:36:54,,True,admin
MB002811,True,2025-11-01 23:31:58,,True,admin
MB002812,True,2025-11-01 23:34:04,,True,admin
MB002813,True,2025-11-02 02:32:53,,True,admin
MB002814,True,2025-11-02 07:36:54,,True,admin
MB002815,True,2025-11-02 09:06:38,,True,admin
MB002816,True,2025-11-02 09:59:02,,True,admin
MB002817,True,2025-11-02 11:10:16,,True,admin
MB002819,True,2025-11-02 15:31:58,,True,admin
MB002820,True,2025-11-02 15:32:31,,True,admin
MB002821,True,2025-11-02 15:36:25,,True,admin
MB002822,True,2025-11-02 15:45:41,,True,admin
MB002823,True,2025-11-02 15:47:15,,True,admin
MB002824,True,2025-11-02 15:47:19,,True,admin
MB002825,True,2025-11-02 15:49:59,,True,admin
MB002826,True,2025-11-02 15:57:35,,True,admin
MB002827,True,2025-11-02 16:07:15,,True,admin
MB002828,True,2025-11-02 18:02:40,,True,admin
MB002830,True,2025-11-02 22:51:00,,True,admin
MB002831,True,2025-11-02 22:59:14,,True,admin
MB002832,True,2025-11-02 23:06:10,,True,admin
MB002833,True,2025-11-02 23:28:35,,True,admin
MB002835,True,2025-11-03 11:44:49,,True,admin
MB002836,True,2025-11-03 11:47:05,,True,admin
MB002837,True,2025-11-03 11:48:14,,True,admin
MB002838,True,2025-11-03 15:20:43,,True,admin
MB002839,True,2025-11-03 15:21:27,,True,admin
MB002840,True,2025-11-03 15:21:39,,True,admin
MB002841,True,2025-11-03 15:29:03,,True,admin
MB002843,True,2025-11-03 15:34:19,,True,admin
MB002844,True,2025-11-03 16:41:36,,True,admin
MB002845,True,2025-11-03 17:48:53,,True,admin
MB002846,True,2025-11-03 18:11:29,,True,admin
MB002847,True,2025-11-03 18:13:36,,True,admin
MB002848,True,2025-11-03 18:15:43,,True,admin
MB002849,True,2025-11-03 19:02:59,,True,admin
MB002850,True,2025-11-03 19:20:56,,True,admin
MB002851,True,2025-11-03 19:55:34,,True,admin
MB002853,True,2025-11-03 23:43:39,,True,admin
MB002854,True,2025-11-03 23:57:42,,True,admin
MB002855,True,2025-11-03 23:59:22,,True,admin
MB002856,True,2025-11-04 00:17:50,,True,admin
MB002857,True,2025-11-04 01:12:23,,True,admin
MB002858,True,2025-11-04 03:52:51,,True,admin
MB002859,True,2025-11-04 08:13:58,,True,admin
MB002860,True,2025-11-04 10:39:05,,True,admin
MB002861,True,2025-11-04 10:45:12,,True,admin
MB002862,True,2025-11-04 10:48:33,,True,admin
MB002863,True,2025-11-04 10:49:25,,True,admin
MB002864,True,2025-11-04 12:44:13,,True,admin
MB002865,True,2025-11-04 12:48:22,,True,admin
MB002866,True,2025-11-04 12:53:27,,True,admin
MB002867,True,2025-11-04 13:26:56,,True,admin
MB002868,True,2025-11-04 13:36:14,,True,admin
MB002869,True,2025-11-04 14:12:03,,True,admin
MB002870,True,2025-11-04 18:53:40,,True,admin
MB002871,True,2025-11-04 19:16:47,,True,admin
MB002872,True,2025-11-04 21:01:49,,True,admin
MB002873,True,2025-11-04 21:32:50,,True,admin
MB002874,True,2025-11-04 22:46:01,,True,admin
MB002875,True,2025-11-05 07:25:13,,True,admin
MB002876,True,2025-11-05 07:27:01,,True,admin
MB002877,True,2025-11-05 07:31:11,,True,admin
MB002878,True,2025-11-05 07:32:51,,True,admin
MB002879,True,2025-11-05 07:36:03,,True,admin
MB002880,True,2025-11-05 07:38:50,,True,admin
MB002881,True,2025-11-05 07:40:38,,True,admin
MB002882,True,2025-11-05 07:42:21,,True,admin
MB002883,True,2025-11-05 07:44:46,,True,admin
MB002884,True,2025-11-05 07:46:10,,True,admin
MB002885,True,2025-11-05 07:49:01,,True,admin
MB002886,True,2025-11-05 07:50:22,,True,admin
MB002887,True,2025-11-05 07:51:40,,True,admin
MB002888,True,2025-11-05 07:56:59,,True,admin
MB002889,True,2025-11-05 07:57:55,,True,admin
MB002892,True,2025-11-05 10:53:05,,True,admin
MB002893,True,2025-11-05 10:58:40,,True,admin
MB002894,True,2025-11-05 13:11:33,,True,admin
MB002895,True,2025-11-05 13:44:21,,True,admin
MB002896,True,2025-11-05 13:59:04,,True,admin
MB002897,True,2025-11-05 14:00:41,,True,admin
MB002898,True,2025-11-05 14:02:40,,True,admin
MB002899,True,2025-11-05 15:13:06,,True,admin
MB002900,True,2025-11-05 19:24:23,,True,admin
MB002901,True,2025-11-05 19:24:56,,True,admin
MB002902,True,2025-11-05 20:28:11,,True,admin
MB002903,True,2025-11-05 21:21:05,,True,admin
MB002904,True,2025-11-06 08:16:31,,True,admin
MB002905,True,2025-11-06 20:13:22,,True,admin
MB002906,True,2025-11-06 20:15:02,,True,admin
MB002907,True,2025-11-06 20:19:41,,True,admin
MB002908,True,2025-11-06 20:29:08,,True,admin
MB002909,True,2025-11-06 20:42:16,,True,admin
MB002910,True,2025-11-06 21:08:17,,True,admin
MB002911,True,2025-11-06 22:34:57,,True,admin
MB002912,True,2025-11-07 14:15:50,,True,admin
MB002913,True,2025-11-07 14:26:50,,True,admin
MB002914,True,2025-11-07 14:28:07,,True,admin
MB002915,True,2025-11-07 15:37:58,,True,admin
MB002916,True,2025-11-07 16:29:29,,True,admin
MB002917,True,2025-11-07 16:31:32,,True,admin
MB002918,True,2025-11-07 19:30:19,,True,admin
MB002920,True,2025-11-07 23:26:35,,True,admin
MB002921,True,2025-11-07 23:40:26,,True,admin
MB002922,True,2025-11-08 10:52:17,,True,admin
MB002923,True,2025-11-08 11:56:50,,True,admin
MB002924,True,2025-11-08 13:49:07,,True,admin
MB002925,True,2025-11-08 17:28:43,,True,admin
MB002926,True,2025-11-08 17:41:23,,True,admin
MB002927,True,2025-11-08 20:22:41,,True,admin
MB002928,True,2025-11-08 20:25:06,,True,admin
MB002929,True,2025-11-08 20:29:36,,True,admin
MB002930,True,2025-11-08 20:32:35,,True,admin
MB002931,True,2025-11-08 22:12:28,,True,admin
MB002932,True,2025-11-08 22:17:09,,True,admin
MB002933,True,2025-11-08 22:18:55,,True,admin
MB002934,True,2025-11-08 22:21:19,,True,admin
MB002935,True,2025-11-08 22:23:43,,True,admin
MB002936,True,2025-11-08 22:25:56,,True,admin
MB002937,True,2025-11-08 22:28:03,,True,admin
MB002938,True,2025-11-08 22:32:43,,True,admin
MB002939,True,2025-11-08 22:34:43,,True,admin
MB002940,True,2025-11-08 22:37:14,,True,admin
MB002941,True,2025-11-08 22:38:59,,True,admin
MB002942,True,2025-11-09 15:19:41,,True,admin
MB002943,True,2025-11-09 15:21:48,,True,admin
MB002944,True,2025-11-09 15:23:17,,True,admin
MB002945,True,2025-11-09 15:26:22,,True,admin
MB002946,True,2025-11-09 15:27:57,,True,admin
MB002947,True,2025-11-09 15:29:40,,True,admin
MB002948,True,2025-11-09 15:31:05,,True,admin
MB002949,True,2025-11-09 18:05:54,,True,admin
MB002950,True,2025-11-09 18:08:18,,True,admin
MB002951,True,2025-11-09 18:10:53,,True,admin
MB002952,True,2025-11-09 18:12:33,,True,admin
MB002953,True,2025-11-09 18:14:45,,True,admin
MB002957,True,2025-11-10 19:05:12,,True,admin
MB002958,True,2025-11-10 19:07:26,,True,admin
MB002959,True,2025-11-10 19:08:37,,True,admin
MB002960,True,2025-11-11 12:43:57,,True,admin
MB002961,True,2025-11-11 12:45:29,,True,admin
MB002962,True,2025-11-11 13:37:24,,True,admin
MB002963,True,2025-11-11 13:39:32,,True,admin
MB002964,True,2025-11-11 13:42:41,,True,admin
MB002965,True,2025-11-11 13:49:25,,True,admin
MB002967,True,2025-11-11 15:09:21,,True,admin
MB002968,True,2025-11-11 16:54:22,,True,admin
MB002969,True,2025-11-11 18:21:19,,True,admin
MB002970,True,2025-11-13 07:06:23,,True,admin
MB002971,True,2025-11-13 13:58:35,,True,admin
MB002972,True,2025-11-13 19:12:49,,True,admin
MB002973,True,2025-11-13 19:25:10,,True,admin
MB002974,True,2025-11-13 21:49:38,,True,admin
MB002975,True,2025-11-13 22:42:51,,True,admin
MB002978,True,2025-12-09 17:06:58,,True,admin
MB002988,True,2026-01-23 12:08:47,,True,admin
MB002989,True,2026-01-23 12:21:47,,True,admin
MB002990,True,2026-01-23 12:38:16,,True,admin
MB002991,True,2026-01-23 14:52:14,,True,admin
MB002992,True,2026-01-23 15:00:55,,True,admin
MB002993,True,2026-01-23 15:12:44,,True,admin
MB002994,True,2026-01-23 15:17:51,,True,admin
MB002995,True,2026-01-23 16:47:13,,True,admin
MB002996,True,2026-01-23 19:49:32,,True,admin
MB002997,True,2026-01-23 19:50:03,,True,admin
MB002998,True,2026-01-23 20:05:22,,True,admin
MB002999,True,2026-01-23 20:07:40,,True,admin
MB003000,True,2026-01-23 20:09:28,,True,admin
MB003001,True,2026-01-23 20:11:40,,True,admin
MB003002,True,2026-01-23 20:47:52,,True,admin
MB003003,True,2026-01-23 20:57:49,,True,admin
MB003004,True,2026-01-23 20:57:51,,True,admin
MB003005,True,2026-01-24 05:39:15,,True,admin
MB003006,True,2026-01-24 16:17:17,,True,admin
MB003007,True,2026-01-24 16:26:57,,True,admin
MB003008,True,2026-01-24 16:29:53,,True,admin
MB003009,True,2026-01-24 16:29:56,,True,admin
MB003010,True,2026-01-24 17:04:22,,True,admin
MB003011,True,2026-01-24 17:09:23,,True,admin
MB003013,True,2026-01-24 18:00:12,,True,admin
MB003014,True,2026-01-24 18:10:14,,True,admin
MB003015,True,2026-01-24 18:54:43,,True,admin
MB003016,True,2026-01-24 19:22:00,,True,admin
MB003017,True,2026-01-24 19:54:01,,True,admin
MB003018,True,2026-01-24 20:00:53,,True,admin
MB003019,True,2026-01-24 20:30:17,,True,admin
MB003020,True,2026-01-24 21:33:30,,True,admin
MB003021,True,2026-01-24 21:46:57,,True,admin
MB003022,True,2026-01-24 22:05:52,,True,admin
MB003023,True,2026-01-24 22:36:22,,True,admin
MB003024,True,2026-01-24 23:16:10,,True,admin
MB003025,True,2026-01-25 10:34:04,,True,admin
MB003026,True,2026-01-25 10:51:02,,True,admin
MB003027,True,2026-01-25 11:40:53,,True,admin
MB003028,True,2026-01-25 11:47:17,,True,admin
MB003029,True,2026-01-25 11:49:16,,True,admin
MB003030,True,2026-01-25 13:44:59,,True,admin
MB003031,True,2026-01-25 13:54:04,,True,admin
MB003032,True,2026-01-25 13:59:29,,True,admin
MB003033,True,2026-01-25 14:16:28,,True,admin
MB003034,True,2026-01-25 14:20:21,,True,admin
MB003035,True,2026-01-25 14:26:11,,True,admin
MB003036,True,2026-01-25 14:26:36,,True,admin
MB003039,True,2026-01-25 15:19:18,,True,admin
MB003040,True,2026-01-25 15:20:17,,True,admin
MB003041,True,2026-01-25 15:47:05,,True,admin
MB003042,True,2026-01-25 16:21:37,,True,admin
MB003043,True,2026-01-25 17:12:32,,True,admin
MB003044,True,2026-01-25 18:20:15,,True,admin
MB003045,True,2026-01-25 18:40:43,,True,admin
MB003046,True,2026-01-25 19:57:46,,True,admin
MB003047,True,2026-01-25 22:47:05,,True,admin
MB003048,True,2026-01-25 22:51:28,,True,admin
MB003049,True,2026-01-25 22:59:13,,True,admin
MB003050,True,2026-01-26 13:57:47,,True,admin
MB003051,True,2026-01-26 14:16:17,,True,admin
MB003052,True,2026-01-26 14:26:47,,True,admin
MB003053,True,2026-01-26 14:47:06,,True,admin
MB003054,True,2026-01-26 15:58:12,,True,admin
MB003055,True,2026-01-26 16:18:16,,True,admin
MB003056,True,2026-01-26 16:26:28,,True,admin
MB003058,True,2026-01-26 17:31:54,,True,admin
MB003059,True,2026-01-26 18:05:39,,True,admin
MB003060,True,2026-01-26 19:00:27,,True,admin
MB003061,True,2026-01-26 19:04:09,,True,admin
MB003062,True,2026-01-26 19:07:22,,True,admin
MB003063,True,2026-01-26 19:09:21,,True,admin
MB003064,True,2026-01-26 21:24:35,,True,admin
MB003065,True,2026-01-26 22:58:56,,True,admin
MB003066,True,2026-01-26 23:24:59,,True,admin
MB003067,True,2026-01-27 07:47:13,,True,admin
MB003068,True,2026-01-29 00:17:18,,True,admin
MB003069,True,2026-01-29 12:23:50,,True,admin
MB003070,True,2026-01-30 08:18:05,,True,admin
MB003071,True,2026-01-23 14:59:38,,True,admin
MB003072,True,2025-02-01 23:13:34,,True,admin
MB003073,True,2025-03-31 14:16:09,,True,admin
MB003074,True,2025-02-01 23:15:04,,True,admin
MB003076,True,2025-02-06 13:23:06,,True,admin
MB003077,True,2025-03-01 14:25:20,,True,admin
MB003078,True,2025-01-31 11:14:24,,True,admin
MB003079,True,2025-01-31 11:17:40,,True,admin
MB003080,True,2025-05-02 21:54:16,,True,admin
MB003081,True,2025-11-01 14:20:17,,True,admin
MB003082,True,2025-11-05 12:50:56,,True,admin
MB003083,True,2025-11-01 14:23:22,,True,admin
MB003084,True,2025-01-31 11:16:48,,True,admin
MB003085,True,2025-01-31 11:14:59,,True,admin
MB003086,True,2025-03-05 08:22:07,,True,admin
MB003087,True,2025-03-01 12:50:05,,True,admin
MB003089,True,2025-03-04 12:51:54,,True,admin
MB003090,True,2025-01-31 11:17:01,,True,admin
MB003091,True,2025-02-03 02:09:11,,True,admin
MB003092,True,2025-02-02 11:15:34,,True,admin
MB003093,True,2025-03-11 10:52:37,,True,admin
MB003095,True,2025-02-23 14:17:18,,True,admin
MB003096,True,2025-01-31 11:12:11,,True,admin
MB003097,True,2025-01-31 19:56:06,,True,admin
MB003098,True,2025-03-11 11:43:48,,True,admin
MB003100,True,2025-02-01 22:59:31,,True,admin
MB003147,True,2025-02-03 12:12:02,,True,admin
MB003180,True,2025-09-24 07:35:26,,True,admin
MB002491,True,2025-06-10 14:57:28,,True,admin
MB001427,True,2025-03-11 17:15:49,,True,admin
MB000561,True,2025-02-01 21:24:12,,True,admin
MB000530,True,2025-02-01 20:47:03,,True,admin
MB000520,True,2025-02-01 20:43:02,,True,admin
MB002237,True,2025-04-05 19:41:37,,True,admin
MB000724,True,2025-02-03 18:02:45,,True,admin
MB002829,True,2025-11-02 21:38:50,,True,admin
MB001411,True,2025-03-11 15:01:15,,True,admin
MB000736,True,2025-02-03 20:49:37,,True,admin
MB003199,True,2025-09-24 07:39:52,,True,admin
MB001379,True,2025-03-11 10:55:00,,True,admin
MB003215,True,2025-10-10 10:53:48,,True,admin
MB001422,True,2025-03-11 16:14:12,,True,admin
MB002122,True,2025-03-29 21:47:52,,True,admin
MB002240,True,2025-04-05 20:07:12,,True,admin
MB003038,True,2026-01-25 15:18:01,,True,admin
MB000596,True,2025-02-01 23:40:39,,True,admin
MB002818,True,2025-11-02 13:45:07,,True,admin
MB003711,True,2025-02-04 11:23:29,,True,admin
MB003804,True,2025-11-27 12:59:52,,True,admin
MB003806,True,2025-11-27 21:40:48,,True,admin
MB003805,True,2025-11-27 21:24:48,,True,admin
MB003094,True,2025-02-20 16:54:29,,True,admin
MB002449,True,2025-05-28 09:08:20,,True,admin
MB001829,True,2025-03-19 15:15:48,,True,admin
MB000191,True,2025-01-31 11:15:47,,True,admin
MB000018,True,2025-01-31 11:13:04,,True,admin
MB000477,True,2025-02-01 15:39:32,,True,admin
MB003099,True,2025-01-31 11:13:56,,True,admin
MB000194,True,2025-01-31 11:15:50,,True,admin
MB000406,True,2025-02-01 13:19:33,,True,admin
MB000042,True,2025-01-31 11:13:28,,True,admin
MB000253,True,2025-01-31 11:17:10,,True,admin
MB001047,True,2025-02-21 20:59:58,,True,admin
MB001260,True,2025-03-04 13:01:58,,True,admin
MB000166,True,2025-01-31 11:15:32,,True,admin
MB001612,True,2025-03-15 20:14:08,,True,admin
MB001050,True,2025-02-21 21:32:01,,True,admin
MB000080,True,2025-01-31 11:14:13,,True,admin
MB000066,True,2025-01-31 11:13:50,,True,admin
MB000492,True,2025-02-01 16:05:19,,True,admin
MB001847,True,2025-03-20 12:51:00,,True,admin
MB000586,True,2025-02-01 22:43:40,,True,admin
MB000036,True,2025-01-31 11:13:23,,True,admin
MB000103,True,2025-01-31 11:14:35,,True,admin
MB001575,True,2025-03-14 18:13:40,,True,admin
MB000099,True,2025-01-31 11:14:32,,True,admin
MB000110,True,2025-01-31 11:14:40,,True,admin
MB001568,True,2025-03-14 16:51:29,,True,admin
MB000184,True,2025-01-31 11:15:44,,True,admin
MB002219,True,2025-04-02 20:56:43,,True,admin
MB000096,True,2025-01-31 11:14:28,,True,admin
MB000126,True,2025-01-31 11:14:50,,True,admin
MB001822,True,2025-03-19 12:42:41,,True,admin
MB001295,True,2025-03-09 22:09:10,,True,admin
MB000202,True,2025-01-31 11:15:57,,True,admin
MB000076,True,2025-01-31 11:14:09,,True,admin
MB000108,True,2025-01-31 11:14:39,,True,admin
MB000014,True,2025-01-31 11:13:01,,True,admin
MB000164,True,2025-01-31 11:15:27,,True,admin
MB000474,True,2025-02-01 15:25:08,,True,admin
MB000192,True,2025-01-31 11:15:47,,True,admin
MB000265,True,2025-01-31 11:17:41,,True,admin
MB000291,True,2025-01-31 11:18:44,,True,admin
MB000218,True,2025-01-31 11:16:14,,True,admin
MB000089,True,2025-01-31 11:14:25,,True,admin
MB000148,True,2025-01-31 11:15:07,,True,admin
MB000075,True,2025-01-31 11:14:05,,True,admin
MB002306,True,2025-04-28 00:04:55,,True,admin
MB001987,True,2025-03-22 19:24:12,,True,admin
MB000259,True,2025-01-31 11:17:17,,True,admin
MB001251,True,2025-03-01 19:37:37,,True,admin
MB001851,True,2025-03-20 14:44:03,,True,admin
MB000142,True,2025-01-31 11:15:01,,True,admin
MB000308,True,2025-01-31 11:22:37,,True,admin
MB000303,True,2025-01-31 11:20:08,,True,admin
MB000384,True,2025-02-01 08:43:18,,True,admin
MB001300,True,2025-03-10 14:29:55,,True,admin
MB002309,True,2025-04-30 14:40:21,,True,admin
MB000135,True,2025-01-31 11:14:57,,True,admin
MB000258,True,2025-01-31 11:17:16,,True,admin
MB000605,True,2025-02-02 10:18:23,,True,admin
MB001981,True,2025-03-22 19:04:27,,True,admin
MB000160,True,2025-01-31 11:15:20,,True,admin
MB001730,True,2025-03-16 22:26:54,,True,admin
MB002212,True,2025-04-01 18:35:47,,True,admin
MB001131,True,2025-02-23 16:48:58,,True,admin
MB003819,False,2025-02-23 16:48:58,,True,admin
MB001536,True,2025-03-14 09:05:49,,True,admin
MB000697,True,2025-02-03 14:23:56,,True,admin
MB000183,True,2025-01-31 11:15:44,,True,admin
MB001464,True,2025-03-12 20:35:46,,True,admin
MB001493,True,2025-03-13 16:39:21,,True,admin
MB003825,False,2025-03-13 16:39:21,,True,admin
MB001412,True,2025-03-11 15:01:54,,True,admin
MB003075,True,2025-03-12 17:28:51,,True,admin
MB001640,True,2025-03-16 09:34:01,,True,admin
MB001234,True,2025-02-28 03:21:59,,True,admin
MB000936,True,2025-02-16 23:34:41,,True,admin
MB002006,True,2025-03-22 20:51:25,,True,admin
MB001573,True,2025-03-14 17:26:25,,True,admin
MB001132,True,2025-02-23 16:48:59,,True,admin
MB000286,True,2025-01-31 11:18:33,,True,admin
MB003833,False,2025-01-31 11:18:33,,True,admin
MB000534,True,2025-02-01 20:49:57,,True,admin
MB000685,True,2025-02-03 12:49:04,,True,admin
MB000537,True,2025-02-01 20:51:51,,True,admin
MB002236,True,2025-04-05 19:39:30,,True,admin
MB000606,True,2025-02-02 10:19:52,,True,admin
MB000230,True,2025-01-31 11:16:28,,True,admin
MB000220,True,2025-01-31 11:16:16,,True,admin
MB002307,True,2025-04-28 18:12:07,,True,admin
MB001386,True,2025-03-11 11:25:56,,True,admin
MB000238,True,2025-01-31 11:16:43,,True,admin
MB001243,True,2025-03-01 14:46:42,,True,admin
MB000755,True,2025-02-04 13:52:51,,True,admin
MB001621,True,2025-03-15 22:12:45,,True,admin
MB001451,True,2025-03-12 17:46:20,,True,admin
MB000398,True,2025-02-01 12:23:59,,True,admin
MB000536,True,2025-02-01 20:50:47,,True,admin
MB000524,True,2025-02-01 20:43:43,,True,admin
MB000538,True,2025-02-01 20:56:13,,True,admin
MB000954,True,2025-02-18 13:31:59,,True,admin
MB000122,True,2025-01-31 11:14:47,,True,admin
MB001393,True,2025-03-11 11:51:10,,True,admin
MB001613,True,2025-03-15 20:32:02,,True,admin
MB000919,True,2025-02-16 23:03:25,,True,admin
MB003840,False,2025-02-16 23:03:25,,True,admin
MB002482,True,2025-06-09 17:38:08,,True,admin
MB003843,False,2025-06-09 17:38:08,,True,admin
MB001203,True,2025-02-25 20:28:35,,True,admin
MB000785,True,2025-02-05 17:12:40,,True,admin
MB000271,True,2025-01-31 11:18:02,,True,admin
MB001560,True,2025-03-14 12:41:23,,True,admin
MB002280,True,2025-04-21 15:15:50,,True,admin
MB003847,False,2025-04-21 15:15:50,,True,admin
MB000059,True,2025-01-31 11:13:46,,True,admin
MB000262,True,2025-01-31 11:17:21,,True,admin
MB002834,True,2025-11-03 00:02:06,,True,admin
MB003856,False,2025-11-03 00:02:06,,True,admin
MB001293,True,2025-03-09 20:05:01,,True,admin
MB001154,True,2025-02-23 19:35:32,,True,admin
MB001299,True,2025-03-10 14:23:29,,True,admin
MB003862,False,2025-03-10 14:23:29,,True,admin
MB000393,True,2025-02-01 12:13:29,,True,admin
MB000583,True,2025-02-01 22:40:21,,True,admin
MB002080,True,2025-03-27 20:53:21,,True,admin
MB001504,True,2025-03-13 18:23:57,,True,admin
MB002579,True,2025-07-15 11:53:26,,True,admin
MB003871,False,2025-07-15 11:53:26,,True,admin
MB000862,True,2025-02-12 23:16:47,,True,admin
MB000200,True,2025-01-31 11:15:55,,True,admin
MB002232,True,2025-04-04 22:09:12,,True,admin
MB000311,True,2025-01-31 11:23:15,,True,admin
MB000273,True,2025-01-31 11:18:06,,True,admin
MB002233,True,2025-04-04 22:09:38,,True,admin
MB000394,True,2025-02-01 12:19:50,,True,admin
MB000400,True,2025-02-01 12:34:29,,True,admin
MB000201,True,2025-01-31 11:15:55,,True,admin
MB003088,True,2025-02-18 13:29:59,,True,admin
MB000306,True,2025-01-31 11:21:26,,True,admin
MB000368,True,2025-01-31 21:34:04,,True,admin
MB000264,True,2025-01-31 11:17:34,,True,admin
MB000598,True,2025-02-02 00:11:15,,True,admin
MB000943,True,2025-02-17 15:34:07,,True,admin
MB000836,True,2025-02-10 14:23:55,,True,admin
MB002064,True,2025-03-27 17:33:02,,True,admin
MB001518,True,2025-03-13 18:29:05,,True,admin
MB000316,True,2025-01-31 11:29:09,,True,admin
MB000923,True,2025-02-16 23:09:17,,True,admin
MB002231,True,2025-04-04 20:38:24,,True,admin
MB000459,True,2025-02-01 14:59:02,,True,admin
MB003876,False,2025-02-01 14:59:02,,True,admin
MB000784,True,2025-02-05 16:55:37,,True,admin
MB001190,True,2025-02-24 21:13:12,,True,admin
MB003885,False,2025-02-24 21:13:12,,True,admin
MB001372,True,2025-03-11 07:47:15,,True,admin
MB000945,True,2025-02-17 15:39:54,,True,admin
MB001221,True,2025-02-27 18:03:13,,True,admin
MB003896,False,2025-02-27 18:03:13,,True,admin
MB001409,True,2025-03-11 14:45:00,,True,admin
MB001481,True,2025-03-13 01:31:19,,True,admin
MB000249,True,2025-01-31 11:17:01,,True,admin
MB000203,True,2025-01-31 11:15:57,,True,admin
MB003012,True,2026-01-24 17:45:48,,True,admin
MB001332,True,2025-03-10 15:59:32,,True,admin
MB003908,True,2024-11-02 15:18:54,,True,admin
MB003915,True,2024-03-01 12:12:39,,True,admin
MB003931,True,2024-02-28 23:04:44,,True,admin
MB003941,True,2024-03-02 01:00:18,,True,admin
MB000861,True,2025-02-12 23:15:02,,True,admin
MB003946,False,2025-02-12 23:15:02,,True,admin
MB000908,True,2025-02-16 15:32:27,,True,admin
MB000705,True,2025-02-03 15:28:18,,True,admin
MB000714,True,2025-02-03 15:57:39,,True,admin
MB000136,True,2025-01-31 11:14:58,,True,admin
MB003957,True,2024-04-15 19:59:12,,True,admin
MB000588,True,2025-02-01 22:58:19,,True,admin
MB000229,True,2025-01-31 11:16:27,,True,admin
MB003968,False,2025-01-31 11:16:27,,True,admin
MB000708,True,2025-02-03 15:34:05,,True,admin
MB003976,False,2025-02-03 15:34:05,,True,admin
MB003037,True,2026-01-25 15:16:45,,True,admin
MB002120,True,2025-03-29 18:07:08,,True,admin
MB003981,False,2025-03-29 18:07:08,,True,admin
MB000681,True,2025-02-03 12:34:52,,True,admin
MB000700,True,2025-02-03 14:48:20,,True,admin
MB003987,False,2025-02-03 14:48:20,,True,admin
MB000668,True,2025-02-02 21:06:35,,True,admin
MB003991,True,2025-03-29 18:07:06,,True,admin
MB001428,True,2025-03-11 17:50:00,,True,admin
MB003998,True,2024-04-15 20:09:38,,True,admin
MB004006,True,2024-11-07 20:39:56,,True,admin
MB004014,True,2024-04-15 20:11:25,,True,admin
MB000208,True,2025-01-31 11:16:02,,True,admin
MB003150,True,2025-01-31 11:12:21,,True,admin
MB002540,True,2025-06-19 15:42:54,,True,admin
MB003057,True,2026-01-26 16:51:49,,True,admin
MB001385,True,2025-03-11 11:15:24,,True,admin
MB003810,True,2024-03-23 22:26:10,,True,admin
MB003102,True,2025-02-17 13:17:50,,True,admin
MB000976,True,2026-05-27 19:49:48,,True,admin
MB004052,False,2026-05-27 19:49:48,,True,admin
MB004058,False,,,True,
MB004059,False,,,True,
MB004057,True,2026-05-28 20:21:02,,True,admin
MB004055,True,2026-05-28 20:23:50,,True,admin
MB004060,True,2026-05-29 13:40:34,,True,admin
MB004061,True,2026-05-29 13:44:42,,True,admin
MB004062,True,2026-05-29 14:00:26,,True,admin
MB004063,True,2026-05-29 14:02:58,,True,admin
MB004064,True,2026-05-29 14:05:15,,True,admin
MB002082,True,2026-06-22 21:53:32,,True,admin
MB004075,False,2026-06-22 21:53:32,,True,admin
MB002083,True,2026-06-22 21:54:14,,True,admin
MB004076,False,2026-06-22 21:54:14,,True,admin
MB004073,True,2026-06-22 21:26:37,,True,admin
MB004079,True,2026-06-23 18:51:53,,True,admin
MB004080,True,2026-06-23 18:54:38,,True,admin
MB004083,True,2026-06-23 19:06:29,,True,admin
MB004074,True,2026-06-23 19:08:34,,True,admin
MB004084,False,2026-06-23 19:08:34,,True,admin
MB004086,True,2026-06-23 19:14:33,,True,admin
MB004082,True,2026-06-23 19:00:08,,True,admin
MB004088,True,2026-06-23 19:18:20,,True,admin
MB002157,True,2026-06-23 19:42:39,,True,admin
MB004090,False,2026-06-23 19:42:39,,True,admin
MB002738,True,2026-06-23 19:43:30,,True,admin
MB004092,True,2026-06-24 15:25:39,,True,admin
MB004093,True,2026-06-24 15:28:14,,True,admin
MB004072,True,2026-06-22 16:13:05,,True,admin
MB004094,True,2026-06-24 15:34:04,,True,admin
MB004095,True,2026-06-24 15:36:47,,True,admin
MB004089,True,2026-06-23 19:37:58,,True,admin
MB004097,True,2026-06-25 15:25:59,,True,admin
MB004096,True,2026-06-25 15:20:50,,True,admin
MB004098,True,2026-06-28 10:11:05,,True,admin
MB004099,True,2026-06-28 10:27:53,,True,admin
MB004100,True,2026-06-28 16:37:28,,True,admin
MB004101,True,2026-06-28 16:39:41,,True,admin
MB004103,True,2026-06-28 19:19:40,,True,admin
MB004105,True,2026-07-05 09:51:23,,True,admin
MB004107,True,2026-07-05 10:01:25,,True,admin
MB004106,True,2026-07-05 09:53:23,,True,admin
MB003174,True,2026-07-05 14:12:51,,True,admin
MB004104,True,2026-07-05 09:38:53,,True,admin
MB004108,True,2026-07-06 08:47:34,,True,admin
MB002581,True,2026-07-06 08:50:13,,True,admin
MB004109,False,2026-07-06 08:50:13,,True,admin
MB001142,True,2026-07-07 08:44:24,,True,admin
MB004111,False,2026-07-07 08:44:24,,True,admin
MB004112,False,2026-07-07 08:44:24,,True,admin
MB004113,True,2026-07-07 08:55:24,,True,admin
MB000647,True,2026-07-07 09:20:38,,True,admin
MB004114,False,2026-07-07 09:20:38,,True,admin
MB004115,True,2026-07-07 09:24:42,,True,admin
MB004117,True,2026-07-07 09:31:41,,True,admin
MB002966,True,2026-07-07 09:39:16,,True,admin
MB004118,False,2026-07-07 09:39:16,,True,admin
MB004119,True,2026-07-07 09:42:08,,True,admin
MB004120,True,2026-07-07 09:44:37,,True,admin
MB004122,True,2026-07-07 09:53:25,,True,admin
MB004123,True,2026-07-07 09:56:35,,True,admin
MB004124,True,2026-07-07 09:59:17,,True,admin
MB004125,True,2026-07-07 10:02:24,,True,admin
MB004126,True,2026-07-07 10:05:35,,True,admin
MB004127,True,2026-07-07 10:12:48,,True,admin
MB004128,True,2026-07-07 14:10:45,,True,admin
MB004129,True,2026-07-07 14:41:33,,True,admin
MB004110,True,2026-07-07 08:42:45,,True,admin
MB004130,True,2026-07-07 18:54:31,,True,admin
MB004131,False,2026-07-07 18:54:31,,True,admin
MB004132,True,2026-07-10 11:25:53,,True,admin
MB001724,False,2026-07-11 09:42:00,,True,admin
MB001725,True,2026-07-11 09:42:00,,True,admin
MB002130,True,2026-07-11 09:42:52,,True,admin
MB004133,False,2026-07-11 09:42:52,,True,admin
MB002110,False,2026-07-11 09:43:32,,True,admin
MB004135,True,2026-07-11 09:43:32,,True,admin
MB002070,False,2026-07-11 09:53:40,,True,admin
MB004138,True,2026-07-11 09:53:40,,True,admin
MB002071,False,2026-07-11 09:54:26,,True,admin
MB004139,True,2026-07-11 09:54:26,,True,admin
MB002075,True,2026-07-11 09:55:05,,True,admin
MB004140,False,2026-07-11 09:55:05,,True,admin
MB002079,True,2026-07-11 09:59:29,,True,admin
MB004145,False,2026-07-11 09:59:29,,True,admin
MB004144,True,2026-07-11 10:03:13,,True,admin
MB004146,False,2026-07-11 10:03:13,,True,admin
MB004143,True,2026-07-11 10:05:21,,True,admin
MB004147,False,2026-07-11 10:05:21,,True,admin
MB004142,True,2026-07-11 10:07:02,,True,admin
MB004148,False,2026-07-11 10:07:02,,True,admin
MB001340,False,2026-07-11 19:43:10,,True,admin
MB004149,True,2026-07-11 19:43:10,,True,admin
MB001344,False,2026-07-11 19:46:24,,True,admin
MB004150,True,2026-07-11 19:46:24,,True,admin
MB001333,False,2026-07-11 19:47:19,,True,admin
MB004151,True,2026-07-11 19:47:19,,True,admin
MB001405,False,2026-07-11 19:48:09,,True,admin
MB004152,True,2026-07-11 19:48:09,,True,admin
MB001437,False,2026-07-11 19:49:27,,True,admin
MB004153,True,2026-07-11 19:49:27,,True,admin
MB001315,False,2026-07-11 19:50:17,,True,admin
MB004154,True,2026-07-11 19:50:17,,True,admin
MB001314,False,2026-07-11 19:51:18,,True,admin
MB004155,True,2026-07-11 19:51:18,,True,admin
MB001352,False,2026-07-11 20:00:39,,True,admin
MB004156,True,2026-07-11 20:00:39,,True,admin
MB001433,False,2026-07-11 20:01:24,,True,admin
MB004157,True,2026-07-11 20:01:24,,True,admin
MB004136,True,2026-07-11 21:04:08,,True,admin
MB004158,False,2026-07-11 21:04:08,,True,admin
MB002890,False,2026-07-11 21:05:48,,True,admin
MB004159,True,2026-07-11 21:05:48,,True,admin
MB001391,False,2026-07-11 21:07:02,,True,admin
MB004160,True,2026-07-11 21:07:02,,True,admin
MB004141,True,2026-07-11 21:08:30,,True,admin
MB004161,False,2026-07-11 21:08:30,,True,admin
MB002038,True,2026-07-11 21:16:37,,True,admin
MB004163,False,2026-07-11 21:16:37,,True,admin
MB004164,True,2026-07-12 12:28:01,,True,admin
MB004184,True,2026-07-12 13:08:11,,True,admin
MB004208,True,2026-07-12 14:24:31,,True,admin
MB004209,True,2026-07-12 14:28:02,,True,admin
MB004210,True,2026-07-12 14:59:19,,True,admin
MB004212,True,2026-07-12 17:26:57,,True,admin
MB004219,True,2026-07-12 17:45:37,,True,admin
MB002807,False,2026-07-12 23:50:03,,True,admin
MB004254,True,2026-07-12 23:50:03,,True,admin
MB002601,False,2026-07-12 23:51:44,,True,admin
MB004255,True,2026-07-12 23:51:44,,True,admin
MB004116,False,2026-07-12 23:52:30,,True,admin
MB004256,True,2026-07-12 23:52:30,,True,admin
MB004121,False,2026-07-12 23:53:27,,True,admin
MB004257,True,2026-07-12 23:53:27,,True,admin
MB002571,False,2026-07-12 23:55:11,,True,admin
MB004258,True,2026-07-12 23:55:11,,True,admin
MB004259,True,2026-07-13 00:15:33,,True,admin
MB004252,True,2026-07-12 23:45:29,,True,admin
MB004260,True,2026-07-13 00:19:06,,True,admin
MB004253,True,2026-07-12 23:46:07,,True,admin
MB004173,True,2026-07-12 12:58:21,,True,admin
MB004242,True,2026-07-12 22:48:38,,True,admin
MB004241,True,2026-07-12 21:57:13,,True,admin
MB004202,True,2026-07-13 08:28:17,,True,admin
MB004263,False,2026-07-13 08:28:17,,True,admin
MB004199,True,2026-07-13 12:54:28,,True,admin
MB004170,True,2026-07-13 12:56:00,,True,admin
MB004174,True,2026-07-13 13:06:22,,True,admin
MB002292,False,2026-07-13 23:07:57,,True,admin
MB004277,True,2026-07-13 23:07:57,,True,admin
MB002278,False,2026-07-13 23:08:34,,True,admin
MB004278,True,2026-07-13 23:08:34,,True,admin
MB002773,False,2026-07-13 23:14:57,,True,admin
MB004279,True,2026-07-13 23:14:57,,True,admin
MB001909,False,2026-07-13 23:18:15,,True,admin
MB004280,True,2026-07-13 23:18:15,,True,admin
MB001230,False,2026-07-13 23:22:50,,True,admin
MB004281,True,2026-07-13 23:22:50,,True,admin
MB004282,True,2026-07-13 23:29:54,,True,admin
MB004283,True,2026-07-14 08:17:24,,True,admin
MB004273,True,2026-07-13 23:03:08,,True,admin
MB004276,True,2026-07-13 23:05:15,,True,admin
MB004272,True,2026-07-13 23:02:19,,True,admin
MB004284,True,2026-07-20 16:27:29,,True,admin
MB000689,True,2026-07-20 16:29:12,,True,admin
MB004285,False,2026-07-20 16:29:12,,True,admin
MB004275,True,2026-07-13 23:04:33,,True,admin
MB004274,True,2026-07-20 16:31:55,,True,admin
MB004286,False,2026-07-20 16:31:55,,True,admin
MB004287,True,2026-07-20 16:37:10,,True,admin
MB002891,False,2026-07-20 16:39:08,,True,admin
MB004162,True,2026-07-20 16:39:08,,True,admin
MB004289,True,2026-07-21 09:14:03,,True,admin
MB004290,True,2026-07-28 08:56:36,,True,admin
MB004291,True,2026-07-28 09:00:30,,True,admin
MB004292,True,2026-07-28 09:17:34,,True,admin
MB000087,False,2026-08-02 20:09:04,,True,admin
MB004293,True,2026-08-02 20:09:04,,True,admin
MB003151,True,2026-02-27 18:29:53,,True,admin
MB003152,True,2026-02-27 18:36:57,,True,admin
MB003153,False,2026-02-27 18:36:57,,True,admin
MB003154,True,2026-03-22 09:21:34,,True,admin
MB003155,True,2026-03-02 21:17:47,,True,admin
MB003809,True,2026-03-08 21:22:49,,True,admin
MB004017,True,2026-05-02 09:45:12,,True,admin
MB004020,True,2026-05-02 09:45:50,,True,admin
MB004021,True,2026-05-02 12:01:29,,True,admin
MB004047,True,2026-05-02 13:06:17,,True,admin
MB004048,False,2026-05-02 13:06:17,,True,admin
MB004049,False,2026-05-02 13:06:17,,True,admin
MB004050,True,2026-05-02 12:21:50,,True,admin
MB004065,True,2026-05-29 14:48:04,,True,admin
MB004066,True,2026-05-29 16:56:23,,True,admin
MB004172,True,2026-07-12 12:57:37,,True,admin
MB004176,True,2026-07-12 13:00:17,,True,admin
MB004181,True,2026-07-12 13:02:57,,True,admin
MB004201,True,2026-07-12 14:19:04,,True,admin
MB004243,True,2026-07-12 22:49:22,,True,admin
MB004244,True,2026-07-12 22:50:02,,True,admin
MB004245,True,2026-07-12 22:50:45,,True,admin
MB004246,True,2026-07-12 22:51:26,,True,admin
MB004247,True,2026-07-12 22:52:03,,True,admin
MB004294,True,2026-08-02 20:24:01,,True,admin
MB004068,True,2026-08-02 20:25:38,,True,admin
MB004295,False,2026-08-02 20:25:38,,True,admin
MB000087,True,2025-01-31 11:14:19,2026-08-02 20:09:04,False,admin
MB002891,False,2026-07-11 21:15:03,2026-07-20 16:39:08,False,admin
MB004162,True,2026-07-11 21:15:03,2026-07-20 16:39:08,False,admin
MB000689,True,2025-02-03 12:59:56,2026-07-20 16:29:12,False,admin
MB001230,True,2025-02-27 18:08:07,2026-07-13 23:22:50,False,admin
MB001909,True,2025-03-20 19:57:16,2026-07-13 23:18:15,False,admin
MB002773,True,2025-11-01 15:30:17,2026-07-13 23:14:57,False,admin
MB002278,True,2025-04-21 15:01:45,2026-07-13 23:08:34,False,admin
MB002292,True,2025-04-22 18:50:30,2026-07-13 23:07:57,False,admin
MB002571,True,2025-07-08 18:51:25,2026-07-12 23:55:11,False,admin
MB004121,True,2026-07-07 09:49:44,2026-07-12 23:53:27,False,admin
MB004116,True,2026-07-07 09:28:36,2026-07-12 23:52:30,False,admin
MB002601,True,2025-08-12 13:19:31,2026-07-12 23:51:44,False,admin
MB002807,True,2025-11-01 22:08:22,2026-07-12 23:50:03,False,admin
MB002038,True,2025-03-24 18:36:34,2026-07-11 21:16:37,False,admin
MB002891,True,2025-11-05 08:00:35,2026-07-11 21:15:03,False,admin
MB001391,True,2025-03-11 11:47:36,2026-07-11 21:07:02,False,admin
MB002890,True,2025-11-05 07:59:10,2026-07-11 21:05:48,False,admin
MB001433,True,2025-03-11 21:26:20,2026-07-11 20:01:24,False,admin
MB001352,True,2025-03-10 19:16:29,2026-07-11 20:00:39,False,admin
MB001314,True,2025-03-10 15:29:32,2026-07-11 19:51:18,False,admin
MB001315,True,2025-03-10 15:29:32,2026-07-11 19:50:17,False,admin
MB001437,True,2025-03-12 14:57:48,2026-07-11 19:49:27,False,admin
MB001405,True,2025-03-11 14:08:48,2026-07-11 19:48:09,False,admin
MB001333,True,2025-03-10 16:00:12,2026-07-11 19:47:19,False,admin
MB001344,True,2025-03-10 17:13:25,2026-07-11 19:46:24,False,admin
MB001340,True,2025-03-10 16:40:33,2026-07-11 19:43:10,False,admin
MB002079,True,2025-03-27 17:41:35,2026-07-11 09:59:29,False,admin
MB002075,True,2025-03-27 17:38:18,2026-07-11 09:55:05,False,admin
MB002071,True,2025-03-27 17:37:00,2026-07-11 09:54:26,False,admin
MB002070,True,2026-07-11 09:53:31,2026-07-11 09:53:40,False,admin
MB004137,False,2026-07-11 09:53:31,2026-07-11 09:53:40,False,admin
MB002070,True,2025-03-27 17:36:10,2026-07-11 09:53:31,False,admin
MB002110,True,2026-07-11 09:43:22,2026-07-11 09:43:32,False,admin
MB004134,False,2026-07-11 09:43:22,2026-07-11 09:43:32,False,admin
MB002110,True,2025-03-28 23:42:09,2026-07-11 09:43:22,False,admin
MB002130,True,2025-03-30 11:22:01,2026-07-11 09:42:52,False,admin
MB001724,True,2025-03-16 21:19:31,2026-07-11 09:42:00,False,admin
MB001725,False,2025-03-16 21:19:31,2026-07-11 09:42:00,False,admin
MB002966,True,2025-11-11 14:18:59,2026-07-07 09:39:16,False,admin
MB000647,True,2025-02-02 13:16:54,2026-07-07 09:20:38,False,admin
MB001142,True,2025-02-23 17:34:58,2026-07-07 08:44:24,False,admin
MB002581,True,2025-07-15 16:06:27,2026-07-06 08:50:13,False,admin
MB003174,True,2025-08-09 22:27:02,2026-07-05 14:12:51,False,admin
MB002738,True,2025-11-01 12:53:09,2026-06-23 19:43:30,False,admin
MB002157,True,2025-03-30 15:53:17,2026-06-23 19:42:39,False,admin
MB002181,True,2025-03-30 20:48:20,2026-06-23 19:41:46,False,admin
MB000564,True,2025-02-01 21:43:21,2026-06-23 19:40:40,False,admin
MB001119,True,2025-02-23 14:51:16,2026-06-22 22:01:22,False,admin
MB002083,True,2025-03-27 23:26:01,2026-06-22 21:54:14,False,admin
MB002082,True,2025-03-27 23:22:19,2026-06-22 21:53:32,False,admin
MB002697,True,2025-10-28 18:15:39,2026-06-22 16:11:11,False,admin
MB004055,False,,2026-05-28 20:23:50,False,admin
MB004057,False,,2026-05-28 20:21:02,False,admin
MB000976,True,2026-05-27 19:48:44,2026-05-27 19:49:48,False,admin
MB004051,False,2026-05-27 19:48:44,2026-05-27 19:49:48,False,admin
MB000976,True,2025-02-18 18:08:19,2026-05-27 19:48:44,False,admin
MB004053,True,2026-05-28 13:45:37,2026-05-28 13:46:08,False,admin
MB004067,True,2026-05-29 16:57:35,2026-05-29 16:57:50,False,admin
MB004081,True,2026-06-23 18:58:40,2026-06-23 19:00:08,False,admin
MB004074,True,2026-06-22 21:50:42,2026-06-23 19:08:34,False,admin
MB004085,True,2026-06-23 19:13:48,2026-06-23 19:14:33,False,admin
MB004102,True,2026-06-28 19:19:29,2026-06-28 19:19:40,False,admin
MB004144,True,2026-07-11 09:58:51,2026-07-11 10:03:13,False,admin
MB004143,True,2026-07-11 09:58:02,2026-07-11 10:05:21,False,admin
MB004142,True,2026-07-11 09:57:04,2026-07-11 10:07:02,False,admin
MB004136,True,2026-07-11 09:44:56,2026-07-11 21:04:08,False,admin
MB004141,True,2026-07-11 09:56:07,2026-07-11 21:08:30,False,admin
MB004180,True,2026-07-12 13:02:53,2026-07-12 13:02:57,False,admin
MB004203,True,2026-07-12 14:20:43,2026-07-12 17:26:57,False,admin
MB004187,True,2026-07-12 13:42:34,2026-07-12 17:29:48,False,admin
MB004195,True,2026-07-12 13:56:51,2026-07-12 17:32:54,False,admin
MB004188,True,2026-07-12 13:43:02,2026-07-12 17:36:46,False,admin
MB004171,True,2026-07-12 12:57:05,2026-07-12 17:39:44,False,admin
MB004193,True,2026-07-12 13:55:35,2026-07-12 17:42:44,False,admin
MB004178,True,2026-07-12 13:01:41,2026-07-12 17:45:37,False,admin
MB004185,True,2026-07-12 13:40:59,2026-07-12 17:51:31,False,admin
MB004179,True,2026-07-12 13:02:20,2026-07-12 17:54:27,False,admin
MB004198,True,2026-07-12 14:17:01,2026-07-12 17:56:59,False,admin
MB004200,True,2026-07-12 14:18:30,2026-07-12 17:59:46,False,admin
MB004190,True,2026-07-12 13:44:48,2026-07-12 18:02:04,False,admin
MB004175,True,2026-07-12 12:59:41,2026-07-12 18:04:44,False,admin
MB004177,True,2026-07-12 13:00:53,2026-07-12 18:07:02,False,admin
MB004197,True,2026-07-12 14:03:22,2026-07-12 18:09:48,False,admin
MB004194,True,2026-07-12 13:56:19,2026-07-12 18:12:10,False,admin
MB004168,True,2026-07-12 12:54:35,2026-07-12 18:15:01,False,admin
MB004205,True,2026-07-12 14:22:03,2026-07-12 20:52:01,False,admin
MB004191,True,2026-07-12 13:45:49,2026-07-12 20:56:17,False,admin
MB004207,True,2026-07-12 14:23:29,2026-07-12 21:36:08,False,admin
MB004167,True,2026-07-12 12:53:56,2026-07-12 21:38:35,False,admin
MB004182,True,2026-07-12 13:03:52,2026-07-12 21:42:15,False,admin
MB004248,True,2026-07-12 22:54:58,2026-07-12 22:55:13,False,admin
MB004251,True,2026-07-12 23:45:24,2026-07-12 23:45:29,False,admin
MB004202,True,2026-07-12 14:20:11,2026-07-13 08:28:17,False,admin
MB004199,True,2026-07-12 14:17:56,2026-07-13 12:54:28,False,admin
MB004170,True,2026-07-12 12:56:04,2026-07-13 12:56:00,False,admin
MB004206,True,2026-07-12 14:22:43,2026-07-13 12:57:57,False,admin
MB004192,True,2026-07-12 13:54:36,2026-07-13 12:59:47,False,admin
MB004174,True,2026-07-12 12:58:59,2026-07-13 13:06:22,False,admin
MB004196,True,2026-07-12 13:57:23,2026-07-20 16:42:44,False,admin
MB004068,True,2026-05-29 16:57:50,2026-08-02 20:25:38,False,admin
