person_id,nationality,scd_active_from,scd_active_to,scd_currently_active_flag,scd_changed_by_user
2,أردنيّة,2025-01-31 11:12:25,,True,admin
3,أردنيّة,2025-01-31 11:12:25,,True,admin
4,أردنيّة,2025-01-31 11:12:25,,True,admin
5,أردنيّة,2025-01-31 11:12:25,,True,admin
6,أردنيّة,2025-01-31 11:12:25,,True,admin
7,أردنيّة,2025-01-31 11:12:25,,True,admin
8,أردنيّة,2025-01-31 11:12:25,,True,admin
9,أردنيّة,2025-01-31 11:12:25,,True,admin
10,أردنيّة,2025-01-31 11:12:25,,True,admin
11,أردنيّة,2025-01-31 11:12:25,,True,admin
12,أردنيّة,2025-01-31 11:12:25,,True,admin
13,أردنيّة,2025-01-31 11:12:25,,True,admin
14,أردنيّة,2025-01-31 11:12:25,,True,admin
16,أردنيّة,2025-01-31 11:12:25,,True,admin
17,أردنيّة,2025-01-31 11:12:25,,True,admin
18,أردنيّة,2025-01-31 11:12:25,,True,admin
20,أردنيّة,2025-01-31 11:12:25,,True,admin
21,أردنيّة,2025-01-31 11:12:25,,True,admin
22,أردنيّة,2025-01-31 11:12:25,,True,admin
23,أردنيّة,2025-01-31 11:12:25,,True,admin
24,أردنيّة,2025-01-31 11:12:25,,True,admin
25,أردنيّة,2025-01-31 11:12:25,,True,admin
26,أردنيّة,2025-01-31 11:12:25,,True,admin
27,أردنيّة,2025-01-31 11:12:25,,True,admin
28,أردنيّة,2025-01-31 11:12:25,,True,admin
29,أردنيّة,2025-01-31 11:12:25,,True,admin
30,أردنيّة,2025-01-31 11:12:25,,True,admin
31,أردنيّة,2025-01-31 11:12:25,,True,admin
32,أردنيّة,2025-01-31 11:12:25,,True,admin
33,أردنيّة,2025-01-31 11:12:25,,True,admin
34,عراقيّة,2025-01-31 11:13:20,,True,admin
35,أردنيّة,2025-01-31 11:12:25,,True,admin
36,أردنيّة,2025-01-31 11:12:25,,True,admin
38,أردنيّة,2025-01-31 11:12:25,,True,admin
39,أردنيّة,2025-01-31 11:12:25,,True,admin
40,أردنيّة,2025-01-31 11:12:25,,True,admin
41,أردنيّة,2025-01-31 11:12:25,,True,admin
42,أردنيّة,2025-01-31 11:12:25,,True,admin
44,أردنيّة,2025-01-31 11:12:25,,True,admin
45,أردنيّة,2025-01-31 11:12:25,,True,admin
46,أردنيّة,2025-01-31 11:12:25,,True,admin
47,أردنيّة,2025-01-31 11:12:25,,True,admin
48,أردنيّة,2025-01-31 11:12:25,,True,admin
49,أردنيّة,2025-01-31 11:12:25,,True,admin
50,أردنيّة,2025-01-31 11:12:25,,True,admin
51,أردنيّة,2025-01-31 11:12:25,,True,admin
52,أردنيّة,2025-01-31 11:12:25,,True,admin
53,أردنيّة,2025-01-31 11:12:25,,True,admin
54,أردنيّة,2025-01-31 11:12:25,,True,admin
55,أردنيّة,2025-01-31 11:12:25,,True,admin
56,أردنيّة,2025-01-31 11:12:25,,True,admin
57,أردنيّة,2025-01-31 11:12:25,,True,admin
58,مصريّة,2025-01-31 11:13:45,,True,admin
60,أردنيّة,2025-01-31 11:12:25,,True,admin
61,أردنيّة,2025-01-31 11:12:25,,True,admin
62,أردنيّة,2025-01-31 11:12:25,,True,admin
63,أردنيّة,2025-01-31 11:12:25,,True,admin
64,أردنيّة,2025-01-31 11:12:25,,True,admin
65,أردنيّة,2025-01-31 11:12:25,,True,admin
67,أردنيّة,2025-01-31 11:12:25,,True,admin
68,أردنيّة,2025-01-31 11:12:25,,True,admin
69,أردنيّة,2025-01-31 11:12:25,,True,admin
70,أردنيّة,2025-01-31 11:12:25,,True,admin
72,أردنيّة,2025-01-31 11:12:25,,True,admin
73,أردنيّة,2025-01-31 11:12:25,,True,admin
74,أردنيّة,2025-01-31 11:12:25,,True,admin
75,أردنيّة,2025-01-31 11:12:25,,True,admin
78,أردنيّة,2025-01-31 11:12:25,,True,admin
79,أردنيّة,2025-01-31 11:12:25,,True,admin
80,أردنيّة,2025-01-31 11:12:25,,True,admin
82,أردنيّة,2025-01-31 11:12:25,,True,admin
83,أردنيّة,2025-01-31 11:12:25,,True,admin
84,أردنيّة,2025-01-31 11:12:25,,True,admin
85,أردنيّة,2025-01-31 11:12:25,,True,admin
86,أردنيّة,2025-01-31 11:12:25,,True,admin
87,أردنيّة,2025-01-31 11:12:25,,True,admin
88,أردنيّة,2025-01-31 11:12:25,,True,admin
89,أردنيّة,2025-01-31 11:12:25,,True,admin
92,أردنيّة,2025-01-31 11:12:25,,True,admin
93,أردنيّة,2025-01-31 11:12:25,,True,admin
94,أردنيّة,2025-01-31 11:12:25,,True,admin
95,أردنيّة,2025-01-31 11:12:25,,True,admin
96,أردنيّة,2025-01-31 11:12:25,,True,admin
97,أردنيّة,2025-01-31 11:12:25,,True,admin
99,أردنيّة,2025-01-31 11:12:25,,True,admin
100,أردنيّة,2025-01-31 11:12:25,,True,admin
102,أردنيّة,2025-01-31 11:12:25,,True,admin
103,أردنيّة,2025-01-31 11:12:25,,True,admin
104,أردنيّة,2025-01-31 11:12:25,,True,admin
106,أردنيّة,2025-01-31 11:12:25,,True,admin
107,عراقيّة,2025-01-31 11:13:20,,True,admin
108,أردنيّة,2025-01-31 11:12:25,,True,admin
109,أردنيّة,2025-01-31 11:12:25,,True,admin
111,أردنيّة,2025-01-31 11:12:25,,True,admin
113,أردنيّة,2025-01-31 11:12:25,,True,admin
114,أردنيّة,2025-01-31 11:12:25,,True,admin
115,أردنيّة,2025-01-31 11:12:25,,True,admin
116,أردنيّة,2025-01-31 11:12:25,,True,admin
117,أردنيّة,2025-01-31 11:12:25,,True,admin
118,أردنيّة,2025-01-31 11:12:25,,True,admin
119,أردنيّة,2025-01-31 11:12:25,,True,admin
120,أردنيّة,2025-01-31 11:12:25,,True,admin
121,عراقيّة,2025-01-31 11:13:20,,True,admin
122,أردنيّة,2025-01-31 11:12:25,,True,admin
123,أردنيّة,2025-01-31 11:12:25,,True,admin
125,أردنيّة,2025-01-31 11:12:25,,True,admin
126,أردنيّة,2025-01-31 11:12:25,,True,admin
127,أردنيّة,2025-01-31 11:12:25,,True,admin
129,أردنيّة,2025-01-31 11:12:25,,True,admin
130,أردنيّة,2025-01-31 11:12:25,,True,admin
131,أردنيّة,2025-01-31 11:12:25,,True,admin
132,أردنيّة,2025-01-31 11:12:25,,True,admin
133,أردنيّة,2025-01-31 11:12:25,,True,admin
134,أردنيّة,2025-01-31 11:12:25,,True,admin
135,أردنيّة,2025-01-31 11:12:25,,True,admin
136,أردنيّة,2025-01-31 11:12:25,,True,admin
139,أردنيّة,2025-01-31 11:12:25,,True,admin
140,أردنيّة,2025-01-31 11:12:25,,True,admin
142,أردنيّة,2025-01-31 11:12:25,,True,admin
143,أردنيّة,2025-01-31 11:12:25,,True,admin
144,أردنيّة,2025-01-31 11:12:25,,True,admin
146,أردنيّة,2025-01-31 11:12:25,,True,admin
147,أردنيّة,2025-01-31 11:12:25,,True,admin
148,أردنيّة,2025-01-31 11:12:25,,True,admin
149,مصريّة,2025-01-31 11:13:45,,True,admin
150,أردنيّة,2025-01-31 11:12:25,,True,admin
152,أردنيّة,2025-01-31 11:12:25,,True,admin
153,أردنيّة,2025-01-31 11:12:25,,True,admin
154,عراقيّة,2025-01-31 11:13:20,,True,admin
155,أردنيّة,2025-01-31 11:12:25,,True,admin
156,أردنيّة,2025-01-31 11:12:25,,True,admin
157,أردنيّة,2025-01-31 11:12:25,,True,admin
158,أردنيّة,2025-01-31 11:12:25,,True,admin
159,أردنيّة,2025-01-31 11:12:25,,True,admin
160,أردنيّة,2025-01-31 11:12:25,,True,admin
161,أردنيّة,2025-01-31 11:12:25,,True,admin
162,أردنيّة,2025-01-31 11:12:25,,True,admin
164,أردنيّة,2025-01-31 11:12:25,,True,admin
165,أردنيّة,2025-01-31 11:12:25,,True,admin
166,أردنيّة,2025-01-31 11:12:25,,True,admin
168,أردنيّة,2025-01-31 11:12:25,,True,admin
170,أردنيّة,2025-01-31 11:12:25,,True,admin
171,أردنيّة,2025-01-31 11:12:25,,True,admin
172,أردنيّة,2025-01-31 11:12:25,,True,admin
173,أردنيّة,2025-01-31 11:12:25,,True,admin
174,أردنيّة,2025-01-31 11:12:25,,True,admin
175,أردنيّة,2025-01-31 11:12:25,,True,admin
176,أردنيّة,2025-01-31 11:12:25,,True,admin
177,أردنيّة,2025-01-31 11:12:25,,True,admin
178,أردنيّة,2025-01-31 11:12:25,,True,admin
179,أردنيّة,2025-01-31 11:12:25,,True,admin
180,أردنيّة,2025-01-31 11:12:25,,True,admin
181,أردنيّة,2025-01-31 11:12:25,,True,admin
182,أردنيّة,2025-01-31 11:12:25,,True,admin
183,أردنيّة,2025-01-31 11:12:25,,True,admin
184,عراقيّة,2025-01-31 11:13:20,,True,admin
185,أردنيّة,2025-01-31 11:12:25,,True,admin
188,أردنيّة,2025-01-31 11:12:25,,True,admin
189,أردنيّة,2025-01-31 11:12:25,,True,admin
190,أردنيّة,2025-01-31 11:12:25,,True,admin
191,أردنيّة,2025-01-31 11:12:25,,True,admin
192,أردنيّة,2025-01-31 11:12:25,,True,admin
193,أردنيّة,2025-01-31 11:12:25,,True,admin
196,أردنيّة,2025-01-31 11:12:25,,True,admin
198,عراقيّة,2025-01-31 11:13:20,,True,admin
199,أردنيّة,2025-01-31 11:12:25,,True,admin
200,أردنيّة,2025-01-31 11:12:25,,True,admin
201,أردنيّة,2025-01-31 11:12:25,,True,admin
202,أردنيّة,2025-01-31 11:12:25,,True,admin
207,أردنيّة,2025-01-31 11:12:25,,True,admin
208,أردنيّة,2025-01-31 11:12:25,,True,admin
209,أردنيّة,2025-01-31 11:12:25,,True,admin
210,أردنيّة,2025-01-31 11:12:25,,True,admin
212,أردنيّة,2025-01-31 11:12:25,,True,admin
213,أردنيّة,2025-01-31 11:12:25,,True,admin
214,أردنيّة,2025-01-31 11:12:25,,True,admin
215,أردنيّة,2025-01-31 11:12:25,,True,admin
216,عراقيّة,2025-01-31 11:13:20,,True,admin
217,أردنيّة,2025-01-31 11:12:25,,True,admin
218,أردنيّة,2025-01-31 11:12:25,,True,admin
219,أردنيّة,2025-01-31 11:12:25,,True,admin
220,أردنيّة,2025-01-31 11:12:25,,True,admin
222,أردنيّة,2025-01-31 11:12:25,,True,admin
224,أردنيّة,2025-01-31 11:12:25,,True,admin
225,أردنيّة,2025-01-31 11:12:25,,True,admin
226,أردنيّة,2025-01-31 11:12:25,,True,admin
227,أردنيّة,2025-01-31 11:12:25,,True,admin
228,أردنيّة,2025-01-31 11:12:25,,True,admin
229,أردنيّة,2025-01-31 11:12:25,,True,admin
230,أردنيّة,2025-01-31 11:12:25,,True,admin
231,أردنيّة,2025-01-31 11:12:25,,True,admin
234,عراقيّة,2025-01-31 11:13:20,,True,admin
235,أردنيّة,2025-01-31 11:12:25,,True,admin
236,أردنيّة,2025-01-31 11:12:25,,True,admin
237,أردنيّة,2025-01-31 11:12:25,,True,admin
238,أردنيّة,2025-01-31 11:12:25,,True,admin
239,أردنيّة,2025-01-31 11:12:25,,True,admin
240,أردنيّة,2025-01-31 11:12:25,,True,admin
242,أردنيّة,2025-01-31 11:12:25,,True,admin
243,مصريّة,2025-01-31 11:13:45,,True,admin
244,أردنيّة,2025-01-31 11:12:25,,True,admin
246,أمريكيّة,2025-01-31 11:16:50,,True,admin
247,أردنيّة,2025-01-31 11:12:25,,True,admin
248,أردنيّة,2025-01-31 11:12:25,,True,admin
249,أردنيّة,2025-01-31 11:12:25,,True,admin
250,أردنيّة,2025-01-31 11:12:25,,True,admin
251,أردنيّة,2025-01-31 11:12:25,,True,admin
252,أردنيّة,2025-01-31 11:12:25,,True,admin
255,أردنيّة,2025-01-31 11:12:25,,True,admin
256,أردنيّة,2025-01-31 11:12:25,,True,admin
257,أردنيّة,2025-01-31 11:12:25,,True,admin
259,أردنيّة,2025-01-31 11:12:25,,True,admin
260,أردنيّة,2025-01-31 11:12:25,,True,admin
261,أردنيّة,2025-01-31 11:12:25,,True,admin
262,أردنيّة,2025-01-31 11:12:25,,True,admin
265,أردنيّة,2025-01-31 11:12:25,,True,admin
266,أردنيّة,2025-01-31 11:12:25,,True,admin
268,أردنيّة,2025-01-31 11:12:25,,True,admin
270,أردنيّة,2025-01-31 11:12:25,,True,admin
273,أردنيّة,2025-01-31 11:12:25,,True,admin
274,أردنيّة,2025-01-31 11:12:25,,True,admin
275,أردنيّة,2025-01-31 11:12:25,,True,admin
276,عراقيّة,2025-01-31 11:13:20,,True,admin
277,أردنيّة,2025-01-31 11:12:25,,True,admin
279,فلسطينيّة,2025-01-31 11:18:03,,True,admin
281,عراقيّة,2025-01-31 11:13:20,,True,admin
282,أردنيّة,2025-01-31 11:12:25,,True,admin
283,أردنيّة,2025-01-31 11:12:25,,True,admin
284,أردنيّة,2025-01-31 11:12:25,,True,admin
285,أردنيّة,2025-01-31 11:12:25,,True,admin
286,أردنيّة,2025-01-31 11:12:25,,True,admin
287,أردنيّة,2025-01-31 11:12:25,,True,admin
288,أردنيّة,2025-01-31 11:12:25,,True,admin
289,أردنيّة,2025-01-31 11:12:25,,True,admin
290,أردنيّة,2025-01-31 11:12:25,,True,admin
291,أردنيّة,2025-01-31 11:12:25,,True,admin
292,مصريّة,2025-01-31 11:13:45,,True,admin
294,أردنيّة,2025-01-31 11:12:25,,True,admin
295,عراقيّة,2025-01-31 11:13:20,,True,admin
296,أردنيّة,2025-01-31 11:12:25,,True,admin
297,أردنيّة,2025-01-31 11:12:25,,True,admin
299,أردنيّة,2025-01-31 11:12:25,,True,admin
300,أردنيّة,2025-01-31 11:12:25,,True,admin
301,أردنيّة,2025-01-31 11:12:25,,True,admin
302,أردنيّة,2025-01-31 11:12:25,,True,admin
303,أردنيّة,2025-01-31 11:12:25,,True,admin
304,أردنيّة,2025-01-31 11:12:25,,True,admin
305,أردنيّة,2025-01-31 11:12:25,,True,admin
306,أردنيّة,2025-01-31 11:12:25,,True,admin
307,عراقيّة,2025-01-31 11:13:20,,True,admin
308,أردنيّة,2025-01-31 11:12:25,,True,admin
309,أردنيّة,2025-01-31 11:12:25,,True,admin
311,أردنيّة,2025-01-31 11:12:25,,True,admin
312,عراقيّة,2025-01-31 11:13:20,,True,admin
312,مصريّة,2025-01-31 11:13:45,,True,admin
314,أردنيّة,2025-01-31 11:12:25,,True,admin
316,أردنيّة,2025-01-31 11:12:25,,True,admin
317,أردنيّة,2025-01-31 11:12:25,,True,admin
319,أردنيّة,2025-01-31 11:12:25,,True,admin
320,أردنيّة,2025-01-31 11:12:25,,True,admin
321,أردنيّة,2025-01-31 11:12:25,,True,admin
322,أردنيّة,2025-01-31 11:12:25,,True,admin
324,أردنيّة,2025-01-31 11:12:25,,True,admin
325,أردنيّة,2025-01-31 11:12:25,,True,admin
326,أردنيّة,2025-01-31 11:12:25,,True,admin
327,أردنيّة,2025-01-31 11:12:25,,True,admin
328,أردنيّة,2025-01-31 11:12:25,,True,admin
329,أردنيّة,2025-01-31 11:12:25,,True,admin
330,أردنيّة,2025-01-31 11:12:25,,True,admin
331,أردنيّة,2025-01-31 11:12:25,,True,admin
332,أردنيّة,2025-01-31 11:12:25,,True,admin
333,أردنيّة,2025-01-31 11:12:25,,True,admin
334,أردنيّة,2025-01-31 11:12:25,,True,admin
335,أردنيّة,2025-01-31 11:12:25,,True,admin
336,أردنيّة,2025-01-31 11:12:25,,True,admin
337,أردنيّة,2025-01-31 11:12:25,,True,admin
338,أردنيّة,2025-01-31 11:12:25,,True,admin
339,أردنيّة,2025-01-31 11:12:25,,True,admin
340,أردنيّة,2025-01-31 11:12:25,,True,admin
341,أردنيّة,2025-01-31 11:12:25,,True,admin
342,أردنيّة,2025-01-31 11:12:25,,True,admin
343,أردنيّة,2025-01-31 11:12:25,,True,admin
344,أردنيّة,2025-01-31 11:12:25,,True,admin
345,أردنيّة,2025-01-31 11:12:25,,True,admin
346,أردنيّة,2025-01-31 11:12:25,,True,admin
346,أمريكيّة,2025-01-31 11:16:50,,True,admin
347,أردنيّة,2025-01-31 11:12:25,,True,admin
348,أردنيّة,2025-01-31 11:12:25,,True,admin
349,أردنيّة,2025-01-31 11:12:25,,True,admin
350,أردنيّة,2025-01-31 11:12:25,,True,admin
351,أردنيّة,2025-01-31 11:12:25,,True,admin
352,أردنيّة,2025-01-31 11:12:25,,True,admin
353,أردنيّة,2025-01-31 11:12:25,,True,admin
354,أردنيّة,2025-01-31 11:12:25,,True,admin
355,أردنيّة,2025-01-31 11:12:25,,True,admin
356,أردنيّة,2025-01-31 11:12:25,,True,admin
357,أردنيّة,2025-01-31 11:12:25,,True,admin
358,أردنيّة,2025-01-31 11:12:25,,True,admin
359,أردنيّة,2025-01-31 11:12:25,,True,admin
360,أردنيّة,2025-01-31 11:12:25,,True,admin
361,أردنيّة,2025-01-31 11:12:25,,True,admin
362,أردنيّة,2025-01-31 11:12:25,,True,admin
363,أردنيّة,2025-01-31 11:12:25,,True,admin
365,أردنيّة,2025-01-31 11:12:25,,True,admin
366,أردنيّة,2025-01-31 11:12:25,,True,admin
367,أردنيّة,2025-01-31 11:12:25,,True,admin
368,أردنيّة,2025-01-31 11:12:25,,True,admin
369,أردنيّة,2025-01-31 11:12:25,,True,admin
370,أردنيّة,2025-01-31 11:12:25,,True,admin
371,أردنيّة,2025-01-31 11:12:25,,True,admin
372,مصريّة,2025-01-31 11:13:45,,True,admin
373,أردنيّة,2025-01-31 11:12:25,,True,admin
374,أردنيّة,2025-01-31 11:12:25,,True,admin
376,أردنيّة,2025-01-31 11:12:25,,True,admin
377,أردنيّة,2025-01-31 11:12:25,,True,admin
378,أردنيّة,2025-01-31 11:12:25,,True,admin
379,أردنيّة,2025-01-31 11:12:25,,True,admin
380,أردنيّة,2025-01-31 11:12:25,,True,admin
381,أردنيّة,2025-01-31 11:12:25,,True,admin
382,أردنيّة,2025-01-31 11:12:25,,True,admin
383,أردنيّة,2025-01-31 11:12:25,,True,admin
384,أردنيّة,2025-01-31 11:12:25,,True,admin
385,أردنيّة,2025-01-31 11:12:25,,True,admin
386,أردنيّة,2025-01-31 11:12:25,,True,admin
387,أردنيّة,2025-01-31 11:12:25,,True,admin
388,أردنيّة,2025-01-31 11:12:25,,True,admin
389,أردنيّة,2025-01-31 11:12:25,,True,admin
390,أردنيّة,2025-01-31 11:12:25,,True,admin
392,أردنيّة,2025-01-31 11:12:25,,True,admin
393,أردنيّة,2025-01-31 11:12:25,,True,admin
394,أردنيّة,2025-01-31 11:12:25,,True,admin
395,أردنيّة,2025-01-31 11:12:25,,True,admin
396,أردنيّة,2025-01-31 11:12:25,,True,admin
397,أردنيّة,2025-01-31 11:12:25,,True,admin
398,أردنيّة,2025-01-31 11:12:25,,True,admin
399,أردنيّة,2025-01-31 11:12:25,,True,admin
402,أردنيّة,2025-01-31 11:12:25,,True,admin
403,أردنيّة,2025-01-31 11:12:25,,True,admin
405,أردنيّة,2025-01-31 11:12:25,,True,admin
407,أردنيّة,2025-01-31 11:12:25,,True,admin
408,أردنيّة,2025-01-31 11:12:25,,True,admin
409,أردنيّة,2025-01-31 11:12:25,,True,admin
410,أردنيّة,2025-01-31 11:12:25,,True,admin
411,أردنيّة,2025-01-31 11:12:25,,True,admin
413,أردنيّة,2025-01-31 11:12:25,,True,admin
414,أردنيّة,2025-01-31 11:12:25,,True,admin
415,أردنيّة,2025-01-31 11:12:25,,True,admin
416,أردنيّة,2025-01-31 11:12:25,,True,admin
417,أردنيّة,2025-01-31 11:12:25,,True,admin
418,أردنيّة,2025-01-31 11:12:25,,True,admin
419,أردنيّة,2025-01-31 11:12:25,,True,admin
420,أردنيّة,2025-01-31 11:12:25,,True,admin
421,أردنيّة,2025-01-31 11:12:25,,True,admin
422,أردنيّة,2025-01-31 11:12:25,,True,admin
423,أردنيّة,2025-01-31 11:12:25,,True,admin
424,أردنيّة,2025-01-31 11:12:25,,True,admin
425,أردنيّة,2025-01-31 11:12:25,,True,admin
426,أردنيّة,2025-01-31 11:12:25,,True,admin
427,أردنيّة,2025-01-31 11:12:25,,True,admin
428,أردنيّة,2025-01-31 11:12:25,,True,admin
429,أردنيّة,2025-01-31 11:12:25,,True,admin
430,أردنيّة,2025-01-31 11:12:25,,True,admin
431,أردنيّة,2025-01-31 11:12:25,,True,admin
432,أردنيّة,2025-01-31 11:12:25,,True,admin
433,أردنيّة,2025-01-31 11:12:25,,True,admin
434,أردنيّة,2025-01-31 11:12:25,,True,admin
435,أردنيّة,2025-01-31 11:12:25,,True,admin
436,أردنيّة,2025-01-31 11:12:25,,True,admin
437,أردنيّة,2025-01-31 11:12:25,,True,admin
438,أردنيّة,2025-01-31 11:12:25,,True,admin
439,أردنيّة,2025-01-31 11:12:25,,True,admin
440,أردنيّة,2025-01-31 11:12:25,,True,admin
441,أردنيّة,2025-01-31 11:12:25,,True,admin
442,أردنيّة,2025-01-31 11:12:25,,True,admin
443,أردنيّة,2025-01-31 11:12:25,,True,admin
444,أردنيّة,2025-01-31 11:12:25,,True,admin
445,أردنيّة,2025-01-31 11:12:25,,True,admin
446,أردنيّة,2025-01-31 11:12:25,,True,admin
447,أردنيّة,2025-01-31 11:12:25,,True,admin
448,أردنيّة,2025-01-31 11:12:25,,True,admin
449,أردنيّة,2025-01-31 11:12:25,,True,admin
450,أردنيّة,2025-01-31 11:12:25,,True,admin
451,أردنيّة,2025-01-31 11:12:25,,True,admin
452,أردنيّة,2025-01-31 11:12:25,,True,admin
453,أردنيّة,2025-01-31 11:12:25,,True,admin
454,أردنيّة,2025-01-31 11:12:25,,True,admin
455,أردنيّة,2025-01-31 11:12:25,,True,admin
456,أردنيّة,2025-01-31 11:12:25,,True,admin
457,أردنيّة,2025-01-31 11:12:25,,True,admin
458,أردنيّة,2025-01-31 11:12:25,,True,admin
459,أردنيّة,2025-01-31 11:12:25,,True,admin
460,أردنيّة,2025-01-31 11:12:25,,True,admin
461,أردنيّة,2025-01-31 11:12:25,,True,admin
462,أردنيّة,2025-01-31 11:12:25,,True,admin
463,أردنيّة,2025-01-31 11:12:25,,True,admin
464,أردنيّة,2025-01-31 11:12:25,,True,admin
466,عراقيّة,2025-01-31 11:13:20,,True,admin
467,مصريّة,2025-01-31 11:13:45,,True,admin
468,أردنيّة,2025-01-31 11:12:25,,True,admin
469,أردنيّة,2025-01-31 11:12:25,,True,admin
470,مصريّة,2025-01-31 11:13:45,,True,admin
471,أردنيّة,2025-01-31 11:12:25,,True,admin
472,أردنيّة,2025-01-31 11:12:25,,True,admin
473,أردنيّة,2025-01-31 11:12:25,,True,admin
474,مصريّة,2025-01-31 11:13:45,,True,admin
475,أردنيّة,2025-01-31 11:12:25,,True,admin
476,أردنيّة,2025-01-31 11:12:25,,True,admin
477,أردنيّة,2025-01-31 11:12:25,,True,admin
478,أردنيّة,2025-01-31 11:12:25,,True,admin
479,أردنيّة,2025-01-31 11:12:25,,True,admin
481,أردنيّة,2025-01-31 11:12:25,,True,admin
482,أردنيّة,2025-01-31 11:12:25,,True,admin
484,أردنيّة,2025-01-31 11:12:25,,True,admin
485,أردنيّة,2025-01-31 11:12:25,,True,admin
486,أردنيّة,2025-01-31 11:12:25,,True,admin
487,أردنيّة,2025-01-31 11:12:25,,True,admin
488,أردنيّة,2025-01-31 11:12:25,,True,admin
489,أردنيّة,2025-01-31 11:12:25,,True,admin
490,أردنيّة,2025-01-31 11:12:25,,True,admin
491,أردنيّة,2025-01-31 11:12:25,,True,admin
492,أردنيّة,2025-01-31 11:12:25,,True,admin
493,أردنيّة,2025-01-31 11:12:25,,True,admin
494,عراقيّة,2025-01-31 11:13:20,,True,admin
495,أردنيّة,2025-01-31 11:12:25,,True,admin
496,عراقيّة,2025-01-31 11:13:20,,True,admin
497,مصريّة,2025-01-31 11:13:45,,True,admin
499,أردنيّة,2025-01-31 11:12:25,,True,admin
500,عراقيّة,2025-01-31 11:13:20,,True,admin
501,أردنيّة,2025-01-31 11:12:25,,True,admin
502,أردنيّة,2025-01-31 11:12:25,,True,admin
503,عراقيّة,2025-01-31 11:13:20,,True,admin
504,أردنيّة,2025-01-31 11:12:25,,True,admin
505,عراقيّة,2025-01-31 11:13:20,,True,admin
506,أردنيّة,2025-01-31 11:12:25,,True,admin
507,أردنيّة,2025-01-31 11:12:25,,True,admin
508,أردنيّة,2025-01-31 11:12:25,,True,admin
509,أردنيّة,2025-01-31 11:12:25,,True,admin
510,أردنيّة,2025-01-31 11:12:25,,True,admin
511,أردنيّة,2025-01-31 11:12:25,,True,admin
512,عراقيّة,2025-01-31 11:13:20,,True,admin
513,أردنيّة,2025-01-31 11:12:25,,True,admin
514,أردنيّة,2025-01-31 11:12:25,,True,admin
515,أردنيّة,2025-01-31 11:12:25,,True,admin
516,أردنيّة,2025-01-31 11:12:25,,True,admin
517,أردنيّة,2025-01-31 11:12:25,,True,admin
518,أردنيّة,2025-01-31 11:12:25,,True,admin
519,أردنيّة,2025-01-31 11:12:25,,True,admin
520,أردنيّة,2025-01-31 11:12:25,,True,admin
521,أردنيّة,2025-01-31 11:12:25,,True,admin
522,أردنيّة,2025-01-31 11:12:25,,True,admin
523,أردنيّة,2025-01-31 11:12:25,,True,admin
524,أردنيّة,2025-01-31 11:12:25,,True,admin
527,أردنيّة,2025-01-31 11:12:25,,True,admin
528,أردنيّة,2025-01-31 11:12:25,,True,admin
530,أردنيّة,2025-01-31 11:12:25,,True,admin
531,أردنيّة,2025-01-31 11:12:25,,True,admin
532,أردنيّة,2025-01-31 11:12:25,,True,admin
534,أردنيّة,2025-01-31 11:12:25,,True,admin
536,أردنيّة,2025-01-31 11:12:25,,True,admin
537,أردنيّة,2025-01-31 11:12:25,,True,admin
539,أردنيّة,2025-01-31 11:12:25,,True,admin
543,أردنيّة,2025-01-31 11:12:25,,True,admin
544,مصريّة,2025-01-31 11:13:45,,True,admin
545,أردنيّة,2025-01-31 11:12:25,,True,admin
546,أمريكيّة,2025-01-31 11:16:50,,True,admin
547,أمريكيّة,2025-01-31 11:16:50,,True,admin
548,أردنيّة,2025-01-31 11:12:25,,True,admin
549,أردنيّة,2025-01-31 11:12:25,,True,admin
550,أردنيّة,2025-01-31 11:12:25,,True,admin
551,أردنيّة,2025-01-31 11:12:25,,True,admin
552,أردنيّة,2025-01-31 11:12:25,,True,admin
553,أردنيّة,2025-01-31 11:12:25,,True,admin
554,أردنيّة,2025-01-31 11:12:25,,True,admin
555,أردنيّة,2025-01-31 11:12:25,,True,admin
556,أردنيّة,2025-01-31 11:12:25,,True,admin
557,أردنيّة,2025-01-31 11:12:25,,True,admin
558,أمريكيّة,2025-01-31 11:16:50,,True,admin
559,أردنيّة,2025-01-31 11:12:25,,True,admin
560,أردنيّة,2025-01-31 11:12:25,,True,admin
561,أردنيّة,2025-01-31 11:12:25,,True,admin
562,أردنيّة,2025-01-31 11:12:25,,True,admin
563,أردنيّة,2025-01-31 11:12:25,,True,admin
564,أردنيّة,2025-01-31 11:12:25,,True,admin
566,عراقيّة,2025-01-31 11:13:20,,True,admin
567,أردنيّة,2025-01-31 11:12:25,,True,admin
568,أردنيّة,2025-01-31 11:12:25,,True,admin
569,أردنيّة,2025-01-31 11:12:25,,True,admin
570,أردنيّة,2025-01-31 11:12:25,,True,admin
571,أردنيّة,2025-01-31 11:12:25,,True,admin
572,أردنيّة,2025-01-31 11:12:25,,True,admin
573,أردنيّة,2025-01-31 11:12:25,,True,admin
574,أردنيّة,2025-01-31 11:12:25,,True,admin
575,أردنيّة,2025-01-31 11:12:25,,True,admin
576,أردنيّة,2025-01-31 11:12:25,,True,admin
577,أردنيّة,2025-01-31 11:12:25,,True,admin
578,أردنيّة,2025-01-31 11:12:25,,True,admin
579,أردنيّة,2025-01-31 11:12:25,,True,admin
582,أردنيّة,2025-01-31 11:12:25,,True,admin
583,أردنيّة,2025-01-31 11:12:25,,True,admin
584,أردنيّة,2025-01-31 11:12:25,,True,admin
585,أردنيّة,2025-01-31 11:12:25,,True,admin
586,أردنيّة,2025-01-31 11:12:25,,True,admin
588,أردنيّة,2025-01-31 11:12:25,,True,admin
589,أردنيّة,2025-01-31 11:12:25,,True,admin
591,أردنيّة,2025-01-31 11:12:25,,True,admin
593,أردنيّة,2025-01-31 11:12:25,,True,admin
595,أردنيّة,2025-01-31 11:12:25,,True,admin
596,أردنيّة,2025-01-31 11:12:25,,True,admin
599,أردنيّة,2025-01-31 11:12:25,,True,admin
600,أردنيّة,2025-01-31 11:12:25,,True,admin
601,أردنيّة,2025-01-31 11:12:25,,True,admin
603,أردنيّة,2025-01-31 11:12:25,,True,admin
605,أردنيّة,2025-01-31 11:12:25,,True,admin
606,أردنيّة,2025-01-31 11:12:25,,True,admin
607,أردنيّة,2025-01-31 11:12:25,,True,admin
608,أردنيّة,2025-01-31 11:12:25,,True,admin
609,أردنيّة,2025-01-31 11:12:25,,True,admin
610,أردنيّة,2025-01-31 11:12:25,,True,admin
613,أردنيّة,2025-01-31 11:12:25,,True,admin
614,أردنيّة,2025-01-31 11:12:25,,True,admin
615,أردنيّة,2025-01-31 11:12:25,,True,admin
616,أردنيّة,2025-01-31 11:12:25,,True,admin
617,أردنيّة,2025-01-31 11:12:25,,True,admin
618,أردنيّة,2025-01-31 11:12:25,,True,admin
619,أردنيّة,2025-01-31 11:12:25,,True,admin
620,أردنيّة,2025-01-31 11:12:25,,True,admin
621,أردنيّة,2025-01-31 11:12:25,,True,admin
622,أردنيّة,2025-01-31 11:12:25,,True,admin
623,أردنيّة,2025-01-31 11:12:25,,True,admin
624,أردنيّة,2025-01-31 11:12:25,,True,admin
625,أردنيّة,2025-01-31 11:12:25,,True,admin
626,أردنيّة,2025-01-31 11:12:25,,True,admin
627,أردنيّة,2025-01-31 11:12:25,,True,admin
628,أردنيّة,2025-01-31 11:12:25,,True,admin
629,أردنيّة,2025-01-31 11:12:25,,True,admin
630,أردنيّة,2025-01-31 11:12:25,,True,admin
631,أردنيّة,2025-01-31 11:12:25,,True,admin
632,أردنيّة,2025-01-31 11:12:25,,True,admin
633,أردنيّة,2025-01-31 11:12:25,,True,admin
634,أردنيّة,2025-01-31 11:12:25,,True,admin
636,أردنيّة,2025-01-31 11:12:25,,True,admin
637,أردنيّة,2025-01-31 11:12:25,,True,admin
638,أردنيّة,2025-01-31 11:12:25,,True,admin
639,أردنيّة,2025-01-31 11:12:25,,True,admin
640,أردنيّة,2025-01-31 11:12:25,,True,admin
641,أردنيّة,2025-01-31 11:12:25,,True,admin
642,أردنيّة,2025-01-31 11:12:25,,True,admin
643,أردنيّة,2025-01-31 11:12:25,,True,admin
644,أردنيّة,2025-01-31 11:12:25,,True,admin
645,أردنيّة,2025-01-31 11:12:25,,True,admin
646,أردنيّة,2025-01-31 11:12:25,,True,admin
647,أردنيّة,2025-01-31 11:12:25,,True,admin
648,أردنيّة,2025-01-31 11:12:25,,True,admin
649,أردنيّة,2025-01-31 11:12:25,,True,admin
650,أردنيّة,2025-01-31 11:12:25,,True,admin
651,أردنيّة,2025-01-31 11:12:25,,True,admin
652,أردنيّة,2025-01-31 11:12:25,,True,admin
653,أردنيّة,2025-01-31 11:12:25,,True,admin
654,أردنيّة,2025-01-31 11:12:25,,True,admin
655,أردنيّة,2025-01-31 11:12:25,,True,admin
656,أردنيّة,2025-01-31 11:12:25,,True,admin
657,أردنيّة,2025-01-31 11:12:25,,True,admin
658,أردنيّة,2025-01-31 11:12:25,,True,admin
659,أردنيّة,2025-01-31 11:12:25,,True,admin
660,أردنيّة,2025-01-31 11:12:25,,True,admin
661,أردنيّة,2025-01-31 11:12:25,,True,admin
662,أردنيّة,2025-01-31 11:12:25,,True,admin
663,أردنيّة,2025-01-31 11:12:25,,True,admin
664,أردنيّة,2025-01-31 11:12:25,,True,admin
665,أردنيّة,2025-01-31 11:12:25,,True,admin
666,أردنيّة,2025-01-31 11:12:25,,True,admin
667,أردنيّة,2025-01-31 11:12:25,,True,admin
668,أردنيّة,2025-01-31 11:12:25,,True,admin
669,أردنيّة,2025-01-31 11:12:25,,True,admin
670,أردنيّة,2025-01-31 11:12:25,,True,admin
671,أردنيّة,2025-01-31 11:12:25,,True,admin
672,أردنيّة,2025-01-31 11:12:25,,True,admin
673,أردنيّة,2025-01-31 11:12:25,,True,admin
675,أردنيّة,2025-01-31 11:12:25,,True,admin
676,أردنيّة,2025-01-31 11:12:25,,True,admin
677,أردنيّة,2025-01-31 11:12:25,,True,admin
678,أردنيّة,2025-01-31 11:12:25,,True,admin
679,أردنيّة,2025-01-31 11:12:25,,True,admin
681,أردنيّة,2025-01-31 11:12:25,,True,admin
684,أردنيّة,2025-01-31 11:12:25,,True,admin
688,أردنيّة,2025-01-31 11:12:25,,True,admin
691,أردنيّة,2025-01-31 11:12:25,,True,admin
694,أردنيّة,2025-01-31 11:12:25,,True,admin
695,مصريّة,2025-01-31 11:13:45,,True,admin
696,مصريّة,2025-01-31 11:13:45,,True,admin
697,أردنيّة,2025-01-31 11:12:25,,True,admin
699,أردنيّة,2025-01-31 11:12:25,,True,admin
700,أردنيّة,2025-01-31 11:12:25,,True,admin
701,أردنيّة,2025-01-31 11:12:25,,True,admin
702,أردنيّة,2025-01-31 11:12:25,,True,admin
704,أردنيّة,2025-01-31 11:12:25,,True,admin
706,أردنيّة,2025-01-31 11:12:25,,True,admin
707,أردنيّة,2025-01-31 11:12:25,,True,admin
709,أردنيّة,2025-01-31 11:12:25,,True,admin
710,أردنيّة,2025-01-31 11:12:25,,True,admin
711,أردنيّة,2025-01-31 11:12:25,,True,admin
712,أردنيّة,2025-01-31 11:12:25,,True,admin
714,أردنيّة,2025-01-31 11:12:25,,True,admin
715,أردنيّة,2025-01-31 11:12:25,,True,admin
717,أردنيّة,2025-01-31 11:12:25,,True,admin
719,أردنيّة,2025-01-31 11:12:25,,True,admin
720,أردنيّة,2025-01-31 11:12:25,,True,admin
722,أردنيّة,2025-01-31 11:12:25,,True,admin
723,أردنيّة,2025-01-31 11:12:25,,True,admin
725,سوريّة,2025-02-03 16:48:48,,True,admin
726,أردنيّة,2025-01-31 11:12:25,,True,admin
729,أردنيّة,2025-01-31 11:12:25,,True,admin
730,أردنيّة,2025-01-31 11:12:25,,True,admin
732,أردنيّة,2025-01-31 11:12:25,,True,admin
733,أردنيّة,2025-01-31 11:12:25,,True,admin
734,أردنيّة,2025-01-31 11:12:25,,True,admin
735,أردنيّة,2025-01-31 11:12:25,,True,admin
736,أردنيّة,2025-01-31 11:12:25,,True,admin
737,أردنيّة,2025-01-31 11:12:25,,True,admin
738,أردنيّة,2025-01-31 11:12:25,,True,admin
739,أردنيّة,2025-01-31 11:12:25,,True,admin
740,أردنيّة,2025-01-31 11:12:25,,True,admin
741,أردنيّة,2025-01-31 11:12:25,,True,admin
742,مصريّة,2025-01-31 11:13:45,,True,admin
744,أردنيّة,2025-01-31 11:12:25,,True,admin
745,أردنيّة,2025-01-31 11:12:25,,True,admin
747,أردنيّة,2025-01-31 11:12:25,,True,admin
749,أردنيّة,2025-01-31 11:12:25,,True,admin
750,أردنيّة,2025-01-31 11:12:25,,True,admin
751,أردنيّة,2025-01-31 11:12:25,,True,admin
752,أردنيّة,2025-01-31 11:12:25,,True,admin
753,أردنيّة,2025-01-31 11:12:25,,True,admin
755,أردنيّة,2025-01-31 11:12:25,,True,admin
757,أردنيّة,2025-01-31 11:12:25,,True,admin
759,أردنيّة,2025-01-31 11:12:25,,True,admin
761,أردنيّة,2025-01-31 11:12:25,,True,admin
763,أردنيّة,2025-01-31 11:12:25,,True,admin
764,أردنيّة,2025-01-31 11:12:25,,True,admin
765,أردنيّة,2025-01-31 11:12:25,,True,admin
766,أردنيّة,2025-01-31 11:12:25,,True,admin
767,أردنيّة,2025-01-31 11:12:25,,True,admin
768,أردنيّة,2025-01-31 11:12:25,,True,admin
769,أردنيّة,2025-01-31 11:12:25,,True,admin
770,أردنيّة,2025-01-31 11:12:25,,True,admin
771,أردنيّة,2025-01-31 11:12:25,,True,admin
772,أردنيّة,2025-01-31 11:12:25,,True,admin
773,أردنيّة,2025-01-31 11:12:25,,True,admin
774,أردنيّة,2025-01-31 11:12:25,,True,admin
775,أردنيّة,2025-01-31 11:12:25,,True,admin
777,أردنيّة,2025-01-31 11:12:25,,True,admin
778,أردنيّة,2025-01-31 11:12:25,,True,admin
780,أردنيّة,2025-01-31 11:12:25,,True,admin
781,أردنيّة,2025-01-31 11:12:25,,True,admin
782,أردنيّة,2025-01-31 11:12:25,,True,admin
783,أردنيّة,2025-01-31 11:12:25,,True,admin
784,أردنيّة,2025-01-31 11:12:25,,True,admin
785,أردنيّة,2025-01-31 11:12:25,,True,admin
786,أردنيّة,2025-01-31 11:12:25,,True,admin
787,أردنيّة,2025-01-31 11:12:25,,True,admin
788,أردنيّة,2025-01-31 11:12:25,,True,admin
789,أردنيّة,2025-01-31 11:12:25,,True,admin
792,أردنيّة,2025-01-31 11:12:25,,True,admin
793,أردنيّة,2025-01-31 11:12:25,,True,admin
794,أردنيّة,2025-01-31 11:12:25,,True,admin
795,أردنيّة,2025-01-31 11:12:25,,True,admin
796,أردنيّة,2025-01-31 11:12:25,,True,admin
797,أردنيّة,2025-01-31 11:12:25,,True,admin
798,أردنيّة,2025-01-31 11:12:25,,True,admin
799,أردنيّة,2025-01-31 11:12:25,,True,admin
800,أردنيّة,2025-01-31 11:12:25,,True,admin
801,أردنيّة,2025-01-31 11:12:25,,True,admin
802,أردنيّة,2025-01-31 11:12:25,,True,admin
803,أردنيّة,2025-01-31 11:12:25,,True,admin
804,أردنيّة,2025-01-31 11:12:25,,True,admin
806,أردنيّة,2025-01-31 11:12:25,,True,admin
807,أردنيّة,2025-01-31 11:12:25,,True,admin
808,أردنيّة,2025-01-31 11:12:25,,True,admin
809,أردنيّة,2025-01-31 11:12:25,,True,admin
810,أردنيّة,2025-01-31 11:12:25,,True,admin
811,أردنيّة,2025-01-31 11:12:25,,True,admin
812,أردنيّة,2025-01-31 11:12:25,,True,admin
813,أردنيّة,2025-01-31 11:12:25,,True,admin
814,أردنيّة,2025-01-31 11:12:25,,True,admin
815,أردنيّة,2025-01-31 11:12:25,,True,admin
816,أردنيّة,2025-01-31 11:12:25,,True,admin
817,أردنيّة,2025-01-31 11:12:25,,True,admin
818,أردنيّة,2025-01-31 11:12:25,,True,admin
819,أردنيّة,2025-01-31 11:12:25,,True,admin
820,أردنيّة,2025-01-31 11:12:25,,True,admin
821,أردنيّة,2025-01-31 11:12:25,,True,admin
822,أردنيّة,2025-01-31 11:12:25,,True,admin
823,أردنيّة,2025-01-31 11:12:25,,True,admin
824,أردنيّة,2025-01-31 11:12:25,,True,admin
825,أردنيّة,2025-01-31 11:12:25,,True,admin
826,أردنيّة,2025-01-31 11:12:25,,True,admin
827,أردنيّة,2025-01-31 11:12:25,,True,admin
828,أردنيّة,2025-01-31 11:12:25,,True,admin
829,أردنيّة,2025-01-31 11:12:25,,True,admin
830,أردنيّة,2025-01-31 11:12:25,,True,admin
831,أردنيّة,2025-01-31 11:12:25,,True,admin
832,أردنيّة,2025-01-31 11:12:25,,True,admin
833,أردنيّة,2025-01-31 11:12:25,,True,admin
834,أردنيّة,2025-01-31 11:12:25,,True,admin
835,أردنيّة,2025-01-31 11:12:25,,True,admin
836,أردنيّة,2025-01-31 11:12:25,,True,admin
837,أردنيّة,2025-01-31 11:12:25,,True,admin
838,أردنيّة,2025-01-31 11:12:25,,True,admin
839,أردنيّة,2025-01-31 11:12:25,,True,admin
840,أردنيّة,2025-01-31 11:12:25,,True,admin
841,أردنيّة,2025-01-31 11:12:25,,True,admin
842,أردنيّة,2025-01-31 11:12:25,,True,admin
844,أردنيّة,2025-01-31 11:12:25,,True,admin
845,أردنيّة,2025-01-31 11:12:25,,True,admin
846,أردنيّة,2025-01-31 11:12:25,,True,admin
847,أردنيّة,2025-01-31 11:12:25,,True,admin
848,أردنيّة,2025-01-31 11:12:25,,True,admin
849,أردنيّة,2025-01-31 11:12:25,,True,admin
850,أردنيّة,2025-01-31 11:12:25,,True,admin
851,عراقيّة,2025-01-31 11:13:20,,True,admin
852,أردنيّة,2025-01-31 11:12:25,,True,admin
853,أردنيّة,2025-01-31 11:12:25,,True,admin
854,أردنيّة,2025-01-31 11:12:25,,True,admin
855,أردنيّة,2025-01-31 11:12:25,,True,admin
856,أردنيّة,2025-01-31 11:12:25,,True,admin
858,أردنيّة,2025-01-31 11:12:25,,True,admin
859,أردنيّة,2025-01-31 11:12:25,,True,admin
860,أردنيّة,2025-01-31 11:12:25,,True,admin
861,أردنيّة,2025-01-31 11:12:25,,True,admin
862,أردنيّة,2025-01-31 11:12:25,,True,admin
863,أردنيّة,2025-01-31 11:12:25,,True,admin
864,أردنيّة,2025-01-31 11:12:25,,True,admin
865,أردنيّة,2025-01-31 11:12:25,,True,admin
866,أردنيّة,2025-01-31 11:12:25,,True,admin
867,أردنيّة,2025-01-31 11:12:25,,True,admin
868,أردنيّة,2025-01-31 11:12:25,,True,admin
869,أردنيّة,2025-01-31 11:12:25,,True,admin
872,أردنيّة,2025-01-31 11:12:25,,True,admin
873,أردنيّة,2025-01-31 11:12:25,,True,admin
874,أردنيّة,2025-01-31 11:12:25,,True,admin
875,أردنيّة,2025-01-31 11:12:25,,True,admin
876,أردنيّة,2025-01-31 11:12:25,,True,admin
877,أردنيّة,2025-01-31 11:12:25,,True,admin
878,أردنيّة,2025-01-31 11:12:25,,True,admin
879,أردنيّة,2025-01-31 11:12:25,,True,admin
880,أردنيّة,2025-01-31 11:12:25,,True,admin
881,أردنيّة,2025-01-31 11:12:25,,True,admin
882,أردنيّة,2025-01-31 11:12:25,,True,admin
883,أردنيّة,2025-01-31 11:12:25,,True,admin
884,أردنيّة,2025-01-31 11:12:25,,True,admin
885,أردنيّة,2025-01-31 11:12:25,,True,admin
886,أردنيّة,2025-01-31 11:12:25,,True,admin
887,أردنيّة,2025-01-31 11:12:25,,True,admin
888,أردنيّة,2025-01-31 11:12:25,,True,admin
889,أردنيّة,2025-01-31 11:12:25,,True,admin
890,أردنيّة,2025-01-31 11:12:25,,True,admin
891,أردنيّة,2025-01-31 11:12:25,,True,admin
892,أردنيّة,2025-01-31 11:12:25,,True,admin
893,أردنيّة,2025-01-31 11:12:25,,True,admin
894,أردنيّة,2025-01-31 11:12:25,,True,admin
895,أردنيّة,2025-01-31 11:12:25,,True,admin
896,أردنيّة,2025-01-31 11:12:25,,True,admin
897,أردنيّة,2025-01-31 11:12:25,,True,admin
898,أردنيّة,2025-01-31 11:12:25,,True,admin
899,أردنيّة,2025-01-31 11:12:25,,True,admin
900,أردنيّة,2025-01-31 11:12:25,,True,admin
901,أردنيّة,2025-01-31 11:12:25,,True,admin
902,أردنيّة,2025-01-31 11:12:25,,True,admin
903,أردنيّة,2025-01-31 11:12:25,,True,admin
904,أردنيّة,2025-01-31 11:12:25,,True,admin
905,أردنيّة,2025-01-31 11:12:25,,True,admin
906,أردنيّة,2025-01-31 11:12:25,,True,admin
907,أردنيّة,2025-01-31 11:12:25,,True,admin
908,أردنيّة,2025-01-31 11:12:25,,True,admin
909,أردنيّة,2025-01-31 11:12:25,,True,admin
910,أردنيّة,2025-01-31 11:12:25,,True,admin
911,أردنيّة,2025-01-31 11:12:25,,True,admin
912,أردنيّة,2025-01-31 11:12:25,,True,admin
913,أردنيّة,2025-01-31 11:12:25,,True,admin
914,أردنيّة,2025-01-31 11:12:25,,True,admin
915,أردنيّة,2025-01-31 11:12:25,,True,admin
916,سوريّة,2025-02-03 16:48:48,,True,admin
917,أردنيّة,2025-01-31 11:12:25,,True,admin
919,أردنيّة,2025-01-31 11:12:25,,True,admin
920,أردنيّة,2025-01-31 11:12:25,,True,admin
921,أردنيّة,2025-01-31 11:12:25,,True,admin
922,أردنيّة,2025-01-31 11:12:25,,True,admin
923,أردنيّة,2025-01-31 11:12:25,,True,admin
924,أردنيّة,2025-01-31 11:12:25,,True,admin
925,أردنيّة,2025-01-31 11:12:25,,True,admin
926,أردنيّة,2025-01-31 11:12:25,,True,admin
927,أردنيّة,2025-01-31 11:12:25,,True,admin
928,أردنيّة,2025-01-31 11:12:25,,True,admin
930,أردنيّة,2025-01-31 11:12:25,,True,admin
931,أردنيّة,2025-01-31 11:12:25,,True,admin
932,أردنيّة,2025-01-31 11:12:25,,True,admin
934,أردنيّة,2025-01-31 11:12:25,,True,admin
935,أردنيّة,2025-01-31 11:12:25,,True,admin
936,أردنيّة,2025-01-31 11:12:25,,True,admin
937,أردنيّة,2025-01-31 11:12:25,,True,admin
938,أردنيّة,2025-01-31 11:12:25,,True,admin
939,أردنيّة,2025-01-31 11:12:25,,True,admin
940,أردنيّة,2025-01-31 11:12:25,,True,admin
941,أردنيّة,2025-01-31 11:12:25,,True,admin
942,أردنيّة,2025-01-31 11:12:25,,True,admin
943,أردنيّة,2025-01-31 11:12:25,,True,admin
944,أردنيّة,2025-01-31 11:12:25,,True,admin
945,أردنيّة,2025-01-31 11:12:25,,True,admin
947,أردنيّة,2025-01-31 11:12:25,,True,admin
949,أردنيّة,2025-01-31 11:12:25,,True,admin
950,أردنيّة,2025-01-31 11:12:25,,True,admin
951,أردنيّة,2025-01-31 11:12:25,,True,admin
952,أردنيّة,2025-01-31 11:12:25,,True,admin
953,أردنيّة,2025-01-31 11:12:25,,True,admin
955,أردنيّة,2025-01-31 11:12:25,,True,admin
957,أردنيّة,2025-01-31 11:12:25,,True,admin
958,أردنيّة,2025-01-31 11:12:25,,True,admin
959,أردنيّة,2025-01-31 11:12:25,,True,admin
960,أردنيّة,2025-01-31 11:12:25,,True,admin
961,أردنيّة,2025-01-31 11:12:25,,True,admin
962,أردنيّة,2025-01-31 11:12:25,,True,admin
963,أردنيّة,2025-01-31 11:12:25,,True,admin
964,أردنيّة,2025-01-31 11:12:25,,True,admin
967,أردنيّة,2025-01-31 11:12:25,,True,admin
968,أردنيّة,2025-01-31 11:12:25,,True,admin
969,أردنيّة,2025-01-31 11:12:25,,True,admin
970,أردنيّة,2025-01-31 11:12:25,,True,admin
971,أردنيّة,2025-01-31 11:12:25,,True,admin
972,أردنيّة,2025-01-31 11:12:25,,True,admin
973,أردنيّة,2025-01-31 11:12:25,,True,admin
974,أردنيّة,2025-01-31 11:12:25,,True,admin
975,أردنيّة,2025-01-31 11:12:25,,True,admin
976,فلسطينيّة,2025-01-31 11:18:03,,True,admin
977,أردنيّة,2025-01-31 11:12:25,,True,admin
978,لبنانيّة,2025-02-18 14:04:17,,True,admin
979,أردنيّة,2025-01-31 11:12:25,,True,admin
980,أردنيّة,2025-01-31 11:12:25,,True,admin
981,أردنيّة,2025-01-31 11:12:25,,True,admin
982,أردنيّة,2025-01-31 11:12:25,,True,admin
983,فلسطينيّة,2025-01-31 11:18:03,,True,admin
984,أردنيّة,2025-01-31 11:12:25,,True,admin
985,أردنيّة,2025-01-31 11:12:25,,True,admin
986,أردنيّة,2025-01-31 11:12:25,,True,admin
987,أردنيّة,2025-01-31 11:12:25,,True,admin
988,أردنيّة,2025-01-31 11:12:25,,True,admin
989,أردنيّة,2025-01-31 11:12:25,,True,admin
990,أردنيّة,2025-01-31 11:12:25,,True,admin
991,أردنيّة,2025-01-31 11:12:25,,True,admin
992,أردنيّة,2025-01-31 11:12:25,,True,admin
993,أردنيّة,2025-01-31 11:12:25,,True,admin
994,أردنيّة,2025-01-31 11:12:25,,True,admin
995,أردنيّة,2025-01-31 11:12:25,,True,admin
996,أردنيّة,2025-01-31 11:12:25,,True,admin
997,أردنيّة,2025-01-31 11:12:25,,True,admin
998,أردنيّة,2025-01-31 11:12:25,,True,admin
999,أردنيّة,2025-01-31 11:12:25,,True,admin
1000,أردنيّة,2025-01-31 11:12:25,,True,admin
1001,أردنيّة,2025-01-31 11:12:25,,True,admin
1002,أردنيّة,2025-01-31 11:12:25,,True,admin
1003,أردنيّة,2025-01-31 11:12:25,,True,admin
1004,أردنيّة,2025-01-31 11:12:25,,True,admin
1005,أردنيّة,2025-01-31 11:12:25,,True,admin
1006,أردنيّة,2025-01-31 11:12:25,,True,admin
1007,أردنيّة,2025-01-31 11:12:25,,True,admin
1008,أردنيّة,2025-01-31 11:12:25,,True,admin
1009,أردنيّة,2025-01-31 11:12:25,,True,admin
1010,أردنيّة,2025-01-31 11:12:25,,True,admin
1011,أردنيّة,2025-01-31 11:12:25,,True,admin
1012,أردنيّة,2025-01-31 11:12:25,,True,admin
1013,مصريّة,2025-01-31 11:13:45,,True,admin
1014,أردنيّة,2025-01-31 11:12:25,,True,admin
1015,أردنيّة,2025-01-31 11:12:25,,True,admin
1016,أردنيّة,2025-01-31 11:12:25,,True,admin
1017,أردنيّة,2025-01-31 11:12:25,,True,admin
1018,أردنيّة,2025-01-31 11:12:25,,True,admin
1019,أردنيّة,2025-01-31 11:12:25,,True,admin
1020,أردنيّة,2025-01-31 11:12:25,,True,admin
1021,أردنيّة,2025-01-31 11:12:25,,True,admin
1022,أردنيّة,2025-01-31 11:12:25,,True,admin
1023,أردنيّة,2025-01-31 11:12:25,,True,admin
1024,أردنيّة,2025-01-31 11:12:25,,True,admin
1025,أردنيّة,2025-01-31 11:12:25,,True,admin
1026,أردنيّة,2025-01-31 11:12:25,,True,admin
1027,أردنيّة,2025-01-31 11:12:25,,True,admin
1028,أردنيّة,2025-01-31 11:12:25,,True,admin
1029,أردنيّة,2025-01-31 11:12:25,,True,admin
1030,أردنيّة,2025-01-31 11:12:25,,True,admin
1031,أردنيّة,2025-01-31 11:12:25,,True,admin
1032,أردنيّة,2025-01-31 11:12:25,,True,admin
1033,أردنيّة,2025-01-31 11:12:25,,True,admin
1034,أردنيّة,2025-01-31 11:12:25,,True,admin
1035,أردنيّة,2025-01-31 11:12:25,,True,admin
1036,أردنيّة,2025-01-31 11:12:25,,True,admin
1037,أردنيّة,2025-01-31 11:12:25,,True,admin
1038,أردنيّة,2025-01-31 11:12:25,,True,admin
1039,أردنيّة,2025-01-31 11:12:25,,True,admin
1040,أردنيّة,2025-01-31 11:12:25,,True,admin
1041,أردنيّة,2025-01-31 11:12:25,,True,admin
1042,أردنيّة,2025-01-31 11:12:25,,True,admin
1043,أردنيّة,2025-01-31 11:12:25,,True,admin
1044,أردنيّة,2025-01-31 11:12:25,,True,admin
1045,أردنيّة,2025-01-31 11:12:25,,True,admin
1046,أردنيّة,2025-01-31 11:12:25,,True,admin
1047,أردنيّة,2025-01-31 11:12:25,,True,admin
1048,أردنيّة,2025-01-31 11:12:25,,True,admin
1049,أردنيّة,2025-01-31 11:12:25,,True,admin
1051,أردنيّة,2025-01-31 11:12:25,,True,admin
1052,أردنيّة,2025-01-31 11:12:25,,True,admin
1053,أردنيّة,2025-01-31 11:12:25,,True,admin
1054,أردنيّة,2025-01-31 11:12:25,,True,admin
1055,مصريّة,2025-01-31 11:13:45,,True,admin
1057,أردنيّة,2025-01-31 11:12:25,,True,admin
1059,أردنيّة,2025-01-31 11:12:25,,True,admin
1060,أردنيّة,2025-01-31 11:12:25,,True,admin
1062,أردنيّة,2025-01-31 11:12:25,,True,admin
1063,أردنيّة,2025-01-31 11:12:25,,True,admin
1064,أردنيّة,2025-01-31 11:12:25,,True,admin
1065,أردنيّة,2025-01-31 11:12:25,,True,admin
1066,أردنيّة,2025-01-31 11:12:25,,True,admin
1067,أردنيّة,2025-01-31 11:12:25,,True,admin
1068,أردنيّة,2025-01-31 11:12:25,,True,admin
1069,أردنيّة,2025-01-31 11:12:25,,True,admin
1070,عراقيّة,2025-01-31 11:13:20,,True,admin
1071,أردنيّة,2025-01-31 11:12:25,,True,admin
1072,أردنيّة,2025-01-31 11:12:25,,True,admin
1073,أردنيّة,2025-01-31 11:12:25,,True,admin
1074,أردنيّة,2025-01-31 11:12:25,,True,admin
1075,أردنيّة,2025-01-31 11:12:25,,True,admin
1076,أردنيّة,2025-01-31 11:12:25,,True,admin
1077,أردنيّة,2025-01-31 11:12:25,,True,admin
1078,أردنيّة,2025-01-31 11:12:25,,True,admin
1079,أردنيّة,2025-01-31 11:12:25,,True,admin
1080,أردنيّة,2025-01-31 11:12:25,,True,admin
1081,أردنيّة,2025-01-31 11:12:25,,True,admin
1082,أردنيّة,2025-01-31 11:12:25,,True,admin
1083,أردنيّة,2025-01-31 11:12:25,,True,admin
1084,أردنيّة,2025-01-31 11:12:25,,True,admin
1085,أردنيّة,2025-01-31 11:12:25,,True,admin
1086,أردنيّة,2025-01-31 11:12:25,,True,admin
1087,أردنيّة,2025-01-31 11:12:25,,True,admin
1088,أردنيّة,2025-01-31 11:12:25,,True,admin
1089,أردنيّة,2025-01-31 11:12:25,,True,admin
1090,أردنيّة,2025-01-31 11:12:25,,True,admin
1091,أردنيّة,2025-01-31 11:12:25,,True,admin
1092,أردنيّة,2025-01-31 11:12:25,,True,admin
1093,أردنيّة,2025-01-31 11:12:25,,True,admin
1094,أردنيّة,2025-01-31 11:12:25,,True,admin
1095,أردنيّة,2025-01-31 11:12:25,,True,admin
1096,أردنيّة,2025-01-31 11:12:25,,True,admin
1097,أردنيّة,2025-01-31 11:12:25,,True,admin
1098,أردنيّة,2025-01-31 11:12:25,,True,admin
1099,أردنيّة,2025-01-31 11:12:25,,True,admin
1100,مصريّة,2025-01-31 11:13:45,,True,admin
1101,أردنيّة,2025-01-31 11:12:25,,True,admin
1102,أردنيّة,2025-01-31 11:12:25,,True,admin
1103,أمريكيّة,2025-01-31 11:16:50,,True,admin
1104,أردنيّة,2025-01-31 11:12:25,,True,admin
1105,أردنيّة,2025-01-31 11:12:25,,True,admin
1106,أردنيّة,2025-01-31 11:12:25,,True,admin
1107,أردنيّة,2025-01-31 11:12:25,,True,admin
1108,أردنيّة,2025-01-31 11:12:25,,True,admin
1109,أردنيّة,2025-01-31 11:12:25,,True,admin
1110,أردنيّة,2025-01-31 11:12:25,,True,admin
1111,أردنيّة,2025-01-31 11:12:25,,True,admin
1112,أردنيّة,2025-01-31 11:12:25,,True,admin
1113,أردنيّة,2025-01-31 11:12:25,,True,admin
1114,عراقيّة,2025-01-31 11:13:20,,True,admin
1115,أردنيّة,2025-01-31 11:12:25,,True,admin
1116,أردنيّة,2025-01-31 11:12:25,,True,admin
1117,أردنيّة,2025-01-31 11:12:25,,True,admin
1118,أردنيّة,2025-01-31 11:12:25,,True,admin
1119,أردنيّة,2025-01-31 11:12:25,,True,admin
1120,أردنيّة,2025-01-31 11:12:25,,True,admin
1121,أردنيّة,2025-01-31 11:12:25,,True,admin
1122,أردنيّة,2025-01-31 11:12:25,,True,admin
1123,أردنيّة,2025-01-31 11:12:25,,True,admin
1124,أردنيّة,2025-01-31 11:12:25,,True,admin
1125,أردنيّة,2025-01-31 11:12:25,,True,admin
1127,أردنيّة,2025-01-31 11:12:25,,True,admin
1128,أردنيّة,2025-01-31 11:12:25,,True,admin
1129,أردنيّة,2025-01-31 11:12:25,,True,admin
1130,أردنيّة,2025-01-31 11:12:25,,True,admin
1131,أردنيّة,2025-01-31 11:12:25,,True,admin
1132,أردنيّة,2025-01-31 11:12:25,,True,admin
1133,أردنيّة,2025-01-31 11:12:25,,True,admin
1134,أردنيّة,2025-01-31 11:12:25,,True,admin
1135,أردنيّة,2025-01-31 11:12:25,,True,admin
1136,أردنيّة,2025-01-31 11:12:25,,True,admin
1137,مصريّة,2025-01-31 11:13:45,,True,admin
1138,مصريّة,2025-01-31 11:13:45,,True,admin
1139,أردنيّة,2025-01-31 11:12:25,,True,admin
1140,أردنيّة,2025-01-31 11:12:25,,True,admin
1141,أردنيّة,2025-01-31 11:12:25,,True,admin
1142,أردنيّة,2025-01-31 11:12:25,,True,admin
1145,أردنيّة,2025-01-31 11:12:25,,True,admin
1146,أردنيّة,2025-01-31 11:12:25,,True,admin
1147,أردنيّة,2025-01-31 11:12:25,,True,admin
1148,أردنيّة,2025-01-31 11:12:25,,True,admin
1149,أردنيّة,2025-01-31 11:12:25,,True,admin
1150,أردنيّة,2025-01-31 11:12:25,,True,admin
1151,أردنيّة,2025-01-31 11:12:25,,True,admin
1152,أردنيّة,2025-01-31 11:12:25,,True,admin
1153,أردنيّة,2025-01-31 11:12:25,,True,admin
1154,أردنيّة,2025-01-31 11:12:25,,True,admin
1155,أردنيّة,2025-01-31 11:12:25,,True,admin
1156,أردنيّة,2025-01-31 11:12:25,,True,admin
1157,أردنيّة,2025-01-31 11:12:25,,True,admin
1158,أردنيّة,2025-01-31 11:12:25,,True,admin
1159,أردنيّة,2025-01-31 11:12:25,,True,admin
1160,مصريّة,2025-01-31 11:13:45,,True,admin
1161,أردنيّة,2025-01-31 11:12:25,,True,admin
1162,أردنيّة,2025-01-31 11:12:25,,True,admin
1163,أردنيّة,2025-01-31 11:12:25,,True,admin
1164,أردنيّة,2025-01-31 11:12:25,,True,admin
1166,أردنيّة,2025-01-31 11:12:25,,True,admin
1167,أردنيّة,2025-01-31 11:12:25,,True,admin
1168,أردنيّة,2025-01-31 11:12:25,,True,admin
1169,أردنيّة,2025-01-31 11:12:25,,True,admin
1170,أردنيّة,2025-01-31 11:12:25,,True,admin
1171,أردنيّة,2025-01-31 11:12:25,,True,admin
1172,أردنيّة,2025-01-31 11:12:25,,True,admin
1173,أردنيّة,2025-01-31 11:12:25,,True,admin
1174,أردنيّة,2025-01-31 11:12:25,,True,admin
1175,أردنيّة,2025-01-31 11:12:25,,True,admin
1176,أردنيّة,2025-01-31 11:12:25,,True,admin
1177,أردنيّة,2025-01-31 11:12:25,,True,admin
1178,أردنيّة,2025-01-31 11:12:25,,True,admin
1179,أردنيّة,2025-01-31 11:12:25,,True,admin
1180,أردنيّة,2025-01-31 11:12:25,,True,admin
1181,مصريّة,2025-01-31 11:13:45,,True,admin
1182,أردنيّة,2025-01-31 11:12:25,,True,admin
1183,أردنيّة,2025-01-31 11:12:25,,True,admin
1184,أردنيّة,2025-01-31 11:12:25,,True,admin
1185,أردنيّة,2025-01-31 11:12:25,,True,admin
1186,أردنيّة,2025-01-31 11:12:25,,True,admin
1187,أردنيّة,2025-01-31 11:12:25,,True,admin
1188,أردنيّة,2025-01-31 11:12:25,,True,admin
1189,أردنيّة,2025-01-31 11:12:25,,True,admin
1190,أردنيّة,2025-01-31 11:12:25,,True,admin
1191,أردنيّة,2025-01-31 11:12:25,,True,admin
1192,أردنيّة,2025-01-31 11:12:25,,True,admin
1193,أردنيّة,2025-01-31 11:12:25,,True,admin
1194,أردنيّة,2025-01-31 11:12:25,,True,admin
1195,أردنيّة,2025-01-31 11:12:25,,True,admin
1196,أردنيّة,2025-01-31 11:12:25,,True,admin
1197,أردنيّة,2025-01-31 11:12:25,,True,admin
1198,أردنيّة,2025-01-31 11:12:25,,True,admin
1199,أردنيّة,2025-01-31 11:12:25,,True,admin
1200,أردنيّة,2025-01-31 11:12:25,,True,admin
1202,أردنيّة,2025-01-31 11:12:25,,True,admin
1203,أردنيّة,2025-01-31 11:12:25,,True,admin
1204,أردنيّة,2025-01-31 11:12:25,,True,admin
1205,أردنيّة,2025-01-31 11:12:25,,True,admin
1206,أردنيّة,2025-01-31 11:12:25,,True,admin
1207,أردنيّة,2025-01-31 11:12:25,,True,admin
1208,أردنيّة,2025-01-31 11:12:25,,True,admin
1209,أردنيّة,2025-01-31 11:12:25,,True,admin
1210,أردنيّة,2025-01-31 11:12:25,,True,admin
1211,أردنيّة,2025-01-31 11:12:25,,True,admin
1212,أردنيّة,2025-01-31 11:12:25,,True,admin
1213,مصريّة,2025-01-31 11:13:45,,True,admin
1215,أردنيّة,2025-01-31 11:12:25,,True,admin
1216,أردنيّة,2025-01-31 11:12:25,,True,admin
1217,أردنيّة,2025-01-31 11:12:25,,True,admin
1218,أردنيّة,2025-01-31 11:12:25,,True,admin
1219,أردنيّة,2025-01-31 11:12:25,,True,admin
1220,أردنيّة,2025-01-31 11:12:25,,True,admin
1221,أردنيّة,2025-01-31 11:12:25,,True,admin
1222,أردنيّة,2025-01-31 11:12:25,,True,admin
1223,أردنيّة,2025-01-31 11:12:25,,True,admin
1224,أردنيّة,2025-01-31 11:12:25,,True,admin
1225,أردنيّة,2025-01-31 11:12:25,,True,admin
1226,أردنيّة,2025-01-31 11:12:25,,True,admin
1227,أردنيّة,2025-01-31 11:12:25,,True,admin
1228,أردنيّة,2025-01-31 11:12:25,,True,admin
1229,أردنيّة,2025-01-31 11:12:25,,True,admin
1230,أردنيّة,2025-01-31 11:12:25,,True,admin
1231,أردنيّة,2025-01-31 11:12:25,,True,admin
1233,أردنيّة,2025-01-31 11:12:25,,True,admin
1234,أردنيّة,2025-01-31 11:12:25,,True,admin
1235,أردنيّة,2025-01-31 11:12:25,,True,admin
1236,أردنيّة,2025-01-31 11:12:25,,True,admin
1237,أردنيّة,2025-01-31 11:12:25,,True,admin
1238,أردنيّة,2025-01-31 11:12:25,,True,admin
1239,أردنيّة,2025-01-31 11:12:25,,True,admin
1240,أردنيّة,2025-01-31 11:12:25,,True,admin
1241,أردنيّة,2025-01-31 11:12:25,,True,admin
1242,أردنيّة,2025-01-31 11:12:25,,True,admin
1243,أردنيّة,2025-01-31 11:12:25,,True,admin
1244,أردنيّة,2025-01-31 11:12:25,,True,admin
1246,أردنيّة,2025-01-31 11:12:25,,True,admin
1247,أردنيّة,2025-01-31 11:12:25,,True,admin
1248,أردنيّة,2025-01-31 11:12:25,,True,admin
1249,أردنيّة,2025-01-31 11:12:25,,True,admin
1250,أردنيّة,2025-01-31 11:12:25,,True,admin
1251,أردنيّة,2025-01-31 11:12:25,,True,admin
1252,أردنيّة,2025-01-31 11:12:25,,True,admin
1254,أردنيّة,2025-01-31 11:12:25,,True,admin
1257,أردنيّة,2025-01-31 11:12:25,,True,admin
1258,أردنيّة,2025-01-31 11:12:25,,True,admin
1259,أردنيّة,2025-01-31 11:12:25,,True,admin
1260,أردنيّة,2025-01-31 11:12:25,,True,admin
1261,أردنيّة,2025-01-31 11:12:25,,True,admin
1262,أردنيّة,2025-01-31 11:12:25,,True,admin
1263,أردنيّة,2025-01-31 11:12:25,,True,admin
1265,أردنيّة,2025-01-31 11:12:25,,True,admin
1266,أردنيّة,2025-01-31 11:12:25,,True,admin
1267,أردنيّة,2025-01-31 11:12:25,,True,admin
1268,أردنيّة,2025-01-31 11:12:25,,True,admin
1269,أردنيّة,2025-01-31 11:12:25,,True,admin
1270,أردنيّة,2025-01-31 11:12:25,,True,admin
1271,أردنيّة,2025-01-31 11:12:25,,True,admin
1273,أردنيّة,2025-01-31 11:12:25,,True,admin
1275,عراقيّة,2025-01-31 11:13:20,,True,admin
1276,أردنيّة,2025-01-31 11:12:25,,True,admin
1277,أردنيّة,2025-01-31 11:12:25,,True,admin
1278,أردنيّة,2025-01-31 11:12:25,,True,admin
1279,أردنيّة,2025-01-31 11:12:25,,True,admin
1280,أردنيّة,2025-01-31 11:12:25,,True,admin
1282,أردنيّة,2025-01-31 11:12:25,,True,admin
1283,أردنيّة,2025-01-31 11:12:25,,True,admin
1284,أردنيّة,2025-01-31 11:12:25,,True,admin
1285,أردنيّة,2025-01-31 11:12:25,,True,admin
1286,أردنيّة,2025-01-31 11:12:25,,True,admin
1287,أردنيّة,2025-01-31 11:12:25,,True,admin
1288,أردنيّة,2025-01-31 11:12:25,,True,admin
1289,أردنيّة,2025-01-31 11:12:25,,True,admin
1290,أردنيّة,2025-01-31 11:12:25,,True,admin
1291,أردنيّة,2025-01-31 11:12:25,,True,admin
1292,أردنيّة,2025-01-31 11:12:25,,True,admin
1293,أردنيّة,2025-01-31 11:12:25,,True,admin
1294,أردنيّة,2025-01-31 11:12:25,,True,admin
1295,أردنيّة,2025-01-31 11:12:25,,True,admin
1296,أردنيّة,2025-01-31 11:12:25,,True,admin
1297,أردنيّة,2025-01-31 11:12:25,,True,admin
1298,أردنيّة,2025-01-31 11:12:25,,True,admin
1299,أردنيّة,2025-01-31 11:12:25,,True,admin
1300,أردنيّة,2025-01-31 11:12:25,,True,admin
1301,أردنيّة,2025-01-31 11:12:25,,True,admin
1302,أردنيّة,2025-01-31 11:12:25,,True,admin
1303,أردنيّة,2025-01-31 11:12:25,,True,admin
1304,أردنيّة,2025-01-31 11:12:25,,True,admin
1305,أردنيّة,2025-01-31 11:12:25,,True,admin
1306,أردنيّة,2025-01-31 11:12:25,,True,admin
1307,أردنيّة,2025-01-31 11:12:25,,True,admin
1309,أردنيّة,2025-01-31 11:12:25,,True,admin
1311,أردنيّة,2025-01-31 11:12:25,,True,admin
1312,أردنيّة,2025-01-31 11:12:25,,True,admin
1313,أردنيّة,2025-01-31 11:12:25,,True,admin
1316,أردنيّة,2025-01-31 11:12:25,,True,admin
1317,أردنيّة,2025-01-31 11:12:25,,True,admin
1318,أردنيّة,2025-01-31 11:12:25,,True,admin
1319,أردنيّة,2025-01-31 11:12:25,,True,admin
1320,أردنيّة,2025-01-31 11:12:25,,True,admin
1321,أردنيّة,2025-01-31 11:12:25,,True,admin
1322,أردنيّة,2025-01-31 11:12:25,,True,admin
1323,أردنيّة,2025-01-31 11:12:25,,True,admin
1324,أردنيّة,2025-01-31 11:12:25,,True,admin
1325,أردنيّة,2025-01-31 11:12:25,,True,admin
1326,أردنيّة,2025-01-31 11:12:25,,True,admin
1327,أردنيّة,2025-01-31 11:12:25,,True,admin
1328,أردنيّة,2025-01-31 11:12:25,,True,admin
1329,أردنيّة,2025-01-31 11:12:25,,True,admin
1330,أردنيّة,2025-01-31 11:12:25,,True,admin
1331,أردنيّة,2025-01-31 11:12:25,,True,admin
1332,أردنيّة,2025-01-31 11:12:25,,True,admin
1333,أردنيّة,2025-01-31 11:12:25,,True,admin
1334,أردنيّة,2025-01-31 11:12:25,,True,admin
1335,أردنيّة,2025-01-31 11:12:25,,True,admin
1336,أردنيّة,2025-01-31 11:12:25,,True,admin
1337,أردنيّة,2025-01-31 11:12:25,,True,admin
1338,أردنيّة,2025-01-31 11:12:25,,True,admin
1339,أردنيّة,2025-01-31 11:12:25,,True,admin
1340,أردنيّة,2025-01-31 11:12:25,,True,admin
1341,أردنيّة,2025-01-31 11:12:25,,True,admin
1342,أردنيّة,2025-01-31 11:12:25,,True,admin
1343,أردنيّة,2025-01-31 11:12:25,,True,admin
1344,أردنيّة,2025-01-31 11:12:25,,True,admin
1345,أردنيّة,2025-01-31 11:12:25,,True,admin
1346,أردنيّة,2025-01-31 11:12:25,,True,admin
1348,أردنيّة,2025-01-31 11:12:25,,True,admin
1349,أردنيّة,2025-01-31 11:12:25,,True,admin
1350,أردنيّة,2025-01-31 11:12:25,,True,admin
1351,أردنيّة,2025-01-31 11:12:25,,True,admin
1352,أردنيّة,2025-01-31 11:12:25,,True,admin
1353,أردنيّة,2025-01-31 11:12:25,,True,admin
1354,أردنيّة,2025-01-31 11:12:25,,True,admin
1355,أردنيّة,2025-01-31 11:12:25,,True,admin
1356,أردنيّة,2025-01-31 11:12:25,,True,admin
1357,أردنيّة,2025-01-31 11:12:25,,True,admin
1358,أردنيّة,2025-01-31 11:12:25,,True,admin
1359,أردنيّة,2025-01-31 11:12:25,,True,admin
1360,أردنيّة,2025-01-31 11:12:25,,True,admin
1361,أردنيّة,2025-01-31 11:12:25,,True,admin
1362,أردنيّة,2025-01-31 11:12:25,,True,admin
1363,أردنيّة,2025-01-31 11:12:25,,True,admin
1364,أردنيّة,2025-01-31 11:12:25,,True,admin
1365,أردنيّة,2025-01-31 11:12:25,,True,admin
1366,أردنيّة,2025-01-31 11:12:25,,True,admin
1367,أردنيّة,2025-01-31 11:12:25,,True,admin
1368,أردنيّة,2025-01-31 11:12:25,,True,admin
1369,أردنيّة,2025-01-31 11:12:25,,True,admin
1370,أردنيّة,2025-01-31 11:12:25,,True,admin
1371,أردنيّة,2025-01-31 11:12:25,,True,admin
1372,أردنيّة,2025-01-31 11:12:25,,True,admin
1373,أردنيّة,2025-01-31 11:12:25,,True,admin
1374,أردنيّة,2025-01-31 11:12:25,,True,admin
1375,أردنيّة,2025-01-31 11:12:25,,True,admin
1376,أردنيّة,2025-01-31 11:12:25,,True,admin
1377,أردنيّة,2025-01-31 11:12:25,,True,admin
1378,أردنيّة,2025-01-31 11:12:25,,True,admin
1379,أردنيّة,2025-01-31 11:12:25,,True,admin
1380,أردنيّة,2025-01-31 11:12:25,,True,admin
1381,أردنيّة,2025-01-31 11:12:25,,True,admin
1382,أردنيّة,2025-01-31 11:12:25,,True,admin
1383,أردنيّة,2025-01-31 11:12:25,,True,admin
1384,أردنيّة,2025-01-31 11:12:25,,True,admin
1386,أردنيّة,2025-01-31 11:12:25,,True,admin
1387,أردنيّة,2025-01-31 11:12:25,,True,admin
1388,أردنيّة,2025-01-31 11:12:25,,True,admin
1389,أردنيّة,2025-01-31 11:12:25,,True,admin
1390,أردنيّة,2025-01-31 11:12:25,,True,admin
1392,أردنيّة,2025-01-31 11:12:25,,True,admin
1394,أردنيّة,2025-01-31 11:12:25,,True,admin
1395,أردنيّة,2025-01-31 11:12:25,,True,admin
1396,أردنيّة,2025-01-31 11:12:25,,True,admin
1397,أردنيّة,2025-01-31 11:12:25,,True,admin
1398,أردنيّة,2025-01-31 11:12:25,,True,admin
1401,أردنيّة,2025-01-31 11:12:25,,True,admin
1402,أردنيّة,2025-01-31 11:12:25,,True,admin
1403,أردنيّة,2025-01-31 11:12:25,,True,admin
1404,أردنيّة,2025-01-31 11:12:25,,True,admin
1406,أردنيّة,2025-01-31 11:12:25,,True,admin
1407,أردنيّة,2025-01-31 11:12:25,,True,admin
1409,أردنيّة,2025-01-31 11:12:25,,True,admin
1410,أردنيّة,2025-01-31 11:12:25,,True,admin
1411,أردنيّة,2025-01-31 11:12:25,,True,admin
1412,أردنيّة,2025-01-31 11:12:25,,True,admin
1413,أردنيّة,2025-01-31 11:12:25,,True,admin
1414,أردنيّة,2025-01-31 11:12:25,,True,admin
1415,أردنيّة,2025-01-31 11:12:25,,True,admin
1416,أردنيّة,2025-01-31 11:12:25,,True,admin
1417,أردنيّة,2025-01-31 11:12:25,,True,admin
1418,أردنيّة,2025-01-31 11:12:25,,True,admin
1419,أردنيّة,2025-01-31 11:12:25,,True,admin
1420,أردنيّة,2025-01-31 11:12:25,,True,admin
1421,أردنيّة,2025-01-31 11:12:25,,True,admin
1422,أردنيّة,2025-01-31 11:12:25,,True,admin
1423,أردنيّة,2025-01-31 11:12:25,,True,admin
1425,أردنيّة,2025-01-31 11:12:25,,True,admin
1428,أردنيّة,2025-01-31 11:12:25,,True,admin
1429,أردنيّة,2025-01-31 11:12:25,,True,admin
1430,أردنيّة,2025-01-31 11:12:25,,True,admin
1431,أردنيّة,2025-01-31 11:12:25,,True,admin
1432,أردنيّة,2025-01-31 11:12:25,,True,admin
1433,أردنيّة,2025-01-31 11:12:25,,True,admin
1434,أردنيّة,2025-01-31 11:12:25,,True,admin
1435,أردنيّة,2025-01-31 11:12:25,,True,admin
1436,أردنيّة,2025-01-31 11:12:25,,True,admin
1438,أردنيّة,2025-01-31 11:12:25,,True,admin
1439,أردنيّة,2025-01-31 11:12:25,,True,admin
1440,أردنيّة,2025-01-31 11:12:25,,True,admin
1443,أردنيّة,2025-01-31 11:12:25,,True,admin
1444,أردنيّة,2025-01-31 11:12:25,,True,admin
1445,أردنيّة,2025-01-31 11:12:25,,True,admin
1446,أردنيّة,2025-01-31 11:12:25,,True,admin
1447,أردنيّة,2025-01-31 11:12:25,,True,admin
1448,أردنيّة,2025-01-31 11:12:25,,True,admin
1449,أردنيّة,2025-01-31 11:12:25,,True,admin
1450,أردنيّة,2025-01-31 11:12:25,,True,admin
1451,أردنيّة,2025-01-31 11:12:25,,True,admin
1452,أردنيّة,2025-01-31 11:12:25,,True,admin
1453,عراقيّة,2025-01-31 11:13:20,,True,admin
1454,أردنيّة,2025-01-31 11:12:25,,True,admin
1455,أردنيّة,2025-01-31 11:12:25,,True,admin
1456,أردنيّة,2025-01-31 11:12:25,,True,admin
1457,أردنيّة,2025-01-31 11:12:25,,True,admin
1458,أردنيّة,2025-01-31 11:12:25,,True,admin
1459,عراقيّة,2025-01-31 11:13:20,,True,admin
1460,عراقيّة,2025-01-31 11:13:20,,True,admin
1461,أردنيّة,2025-01-31 11:12:25,,True,admin
1462,أردنيّة,2025-01-31 11:12:25,,True,admin
1463,أردنيّة,2025-01-31 11:12:25,,True,admin
1465,أردنيّة,2025-01-31 11:12:25,,True,admin
1467,عراقيّة,2025-01-31 11:13:20,,True,admin
1468,أردنيّة,2025-01-31 11:12:25,,True,admin
1469,أردنيّة,2025-01-31 11:12:25,,True,admin
1470,أردنيّة,2025-01-31 11:12:25,,True,admin
1471,عراقيّة,2025-01-31 11:13:20,,True,admin
1472,عراقيّة,2025-01-31 11:13:20,,True,admin
1473,أردنيّة,2025-01-31 11:12:25,,True,admin
1474,أردنيّة,2025-01-31 11:12:25,,True,admin
1475,أردنيّة,2025-01-31 11:12:25,,True,admin
1476,أردنيّة,2025-01-31 11:12:25,,True,admin
1477,أردنيّة,2025-01-31 11:12:25,,True,admin
1478,أردنيّة,2025-01-31 11:12:25,,True,admin
1480,أردنيّة,2025-01-31 11:12:25,,True,admin
1481,أردنيّة,2025-01-31 11:12:25,,True,admin
1482,أردنيّة,2025-01-31 11:12:25,,True,admin
1483,أردنيّة,2025-01-31 11:12:25,,True,admin
1484,أردنيّة,2025-01-31 11:12:25,,True,admin
1485,مصريّة,2025-01-31 11:13:45,,True,admin
1486,أردنيّة,2025-01-31 11:12:25,,True,admin
1487,أردنيّة,2025-01-31 11:12:25,,True,admin
1488,عراقيّة,2025-01-31 11:13:20,,True,admin
1489,أردنيّة,2025-01-31 11:12:25,,True,admin
1490,أردنيّة,2025-01-31 11:12:25,,True,admin
1491,أردنيّة,2025-01-31 11:12:25,,True,admin
1492,أردنيّة,2025-01-31 11:12:25,,True,admin
1493,أردنيّة,2025-01-31 11:12:25,,True,admin
1494,أردنيّة,2025-01-31 11:12:25,,True,admin
1496,أردنيّة,2025-01-31 11:12:25,,True,admin
1497,أردنيّة,2025-01-31 11:12:25,,True,admin
1498,أردنيّة,2025-01-31 11:12:25,,True,admin
1499,أردنيّة,2025-01-31 11:12:25,,True,admin
1500,أردنيّة,2025-01-31 11:12:25,,True,admin
1501,أردنيّة,2025-01-31 11:12:25,,True,admin
1502,أردنيّة,2025-01-31 11:12:25,,True,admin
1503,أردنيّة,2025-01-31 11:12:25,,True,admin
1504,أردنيّة,2025-01-31 11:12:25,,True,admin
1505,أردنيّة,2025-01-31 11:12:25,,True,admin
1506,أردنيّة,2025-01-31 11:12:25,,True,admin
1508,أردنيّة,2025-01-31 11:12:25,,True,admin
1509,أردنيّة,2025-01-31 11:12:25,,True,admin
1510,أردنيّة,2025-01-31 11:12:25,,True,admin
1511,عراقيّة,2025-01-31 11:13:20,,True,admin
1512,أردنيّة,2025-01-31 11:12:25,,True,admin
1513,أردنيّة,2025-01-31 11:12:25,,True,admin
1514,أردنيّة,2025-01-31 11:12:25,,True,admin
1515,أردنيّة,2025-01-31 11:12:25,,True,admin
1516,أردنيّة,2025-01-31 11:12:25,,True,admin
1517,أردنيّة,2025-01-31 11:12:25,,True,admin
1519,أردنيّة,2025-01-31 11:12:25,,True,admin
1520,أردنيّة,2025-01-31 11:12:25,,True,admin
1521,أردنيّة,2025-01-31 11:12:25,,True,admin
1522,أردنيّة,2025-01-31 11:12:25,,True,admin
1523,أردنيّة,2025-01-31 11:12:25,,True,admin
1524,أردنيّة,2025-01-31 11:12:25,,True,admin
1525,أردنيّة,2025-01-31 11:12:25,,True,admin
1526,أردنيّة,2025-01-31 11:12:25,,True,admin
1527,أردنيّة,2025-01-31 11:12:25,,True,admin
1528,أردنيّة,2025-01-31 11:12:25,,True,admin
1529,أردنيّة,2025-01-31 11:12:25,,True,admin
1530,أردنيّة,2025-01-31 11:12:25,,True,admin
1532,أردنيّة,2025-01-31 11:12:25,,True,admin
1533,أردنيّة,2025-01-31 11:12:25,,True,admin
1534,أردنيّة,2025-01-31 11:12:25,,True,admin
1535,أردنيّة,2025-01-31 11:12:25,,True,admin
1536,أردنيّة,2025-01-31 11:12:25,,True,admin
1537,أردنيّة,2025-01-31 11:12:25,,True,admin
1538,أردنيّة,2025-01-31 11:12:25,,True,admin
1539,أردنيّة,2025-01-31 11:12:25,,True,admin
1540,أردنيّة,2025-01-31 11:12:25,,True,admin
1541,أردنيّة,2025-01-31 11:12:25,,True,admin
1542,أردنيّة,2025-01-31 11:12:25,,True,admin
1543,أردنيّة,2025-01-31 11:12:25,,True,admin
1544,عراقيّة,2025-01-31 11:13:20,,True,admin
1545,أردنيّة,2025-01-31 11:12:25,,True,admin
1546,أردنيّة,2025-01-31 11:12:25,,True,admin
1548,أردنيّة,2025-01-31 11:12:25,,True,admin
1549,أردنيّة,2025-01-31 11:12:25,,True,admin
1550,أردنيّة,2025-01-31 11:12:25,,True,admin
1551,أردنيّة,2025-01-31 11:12:25,,True,admin
1552,أردنيّة,2025-01-31 11:12:25,,True,admin
1553,أردنيّة,2025-01-31 11:12:25,,True,admin
1554,أردنيّة,2025-01-31 11:12:25,,True,admin
1555,أردنيّة,2025-01-31 11:12:25,,True,admin
1556,أردنيّة,2025-01-31 11:12:25,,True,admin
1557,أردنيّة,2025-01-31 11:12:25,,True,admin
1558,أردنيّة,2025-01-31 11:12:25,,True,admin
1559,أردنيّة,2025-01-31 11:12:25,,True,admin
1560,أردنيّة,2025-01-31 11:12:25,,True,admin
1561,أردنيّة,2025-01-31 11:12:25,,True,admin
1562,أردنيّة,2025-01-31 11:12:25,,True,admin
1563,أردنيّة,2025-01-31 11:12:25,,True,admin
1564,أردنيّة,2025-01-31 11:12:25,,True,admin
1565,أردنيّة,2025-01-31 11:12:25,,True,admin
1566,أردنيّة,2025-01-31 11:12:25,,True,admin
1567,أردنيّة,2025-01-31 11:12:25,,True,admin
1568,أردنيّة,2025-01-31 11:12:25,,True,admin
1570,أردنيّة,2025-01-31 11:12:25,,True,admin
1571,أردنيّة,2025-01-31 11:12:25,,True,admin
1572,عراقيّة,2025-01-31 11:13:20,,True,admin
1573,عراقيّة,2025-01-31 11:13:20,,True,admin
1574,عراقيّة,2025-01-31 11:13:20,,True,admin
1575,عراقيّة,2025-01-31 11:13:20,,True,admin
1576,عراقيّة,2025-01-31 11:13:20,,True,admin
1578,عراقيّة,2025-01-31 11:13:20,,True,admin
1579,أردنيّة,2025-01-31 11:12:25,,True,admin
1580,عراقيّة,2025-01-31 11:13:20,,True,admin
1581,فنزوليّة,2025-03-14 17:23:58,,True,admin
1583,عراقيّة,2025-01-31 11:13:20,,True,admin
1585,عراقيّة,2025-01-31 11:13:20,,True,admin
1586,أردنيّة,2025-01-31 11:12:25,,True,admin
1587,عراقيّة,2025-01-31 11:13:20,,True,admin
1588,عراقيّة,2025-01-31 11:13:20,,True,admin
1589,عراقيّة,2025-01-31 11:13:20,,True,admin
1590,عراقيّة,2025-01-31 11:13:20,,True,admin
1591,أردنيّة,2025-01-31 11:12:25,,True,admin
1592,عراقيّة,2025-01-31 11:13:20,,True,admin
1593,عراقيّة,2025-01-31 11:13:20,,True,admin
1594,أردنيّة,2025-01-31 11:12:25,,True,admin
1595,أردنيّة,2025-01-31 11:12:25,,True,admin
1596,عراقيّة,2025-01-31 11:13:20,,True,admin
1597,عراقيّة,2025-01-31 11:13:20,,True,admin
1598,أردنيّة,2025-01-31 11:12:25,,True,admin
1599,أردنيّة,2025-01-31 11:12:25,,True,admin
1600,أردنيّة,2025-01-31 11:12:25,,True,admin
1601,أردنيّة,2025-01-31 11:12:25,,True,admin
1602,أردنيّة,2025-01-31 11:12:25,,True,admin
1603,أردنيّة,2025-01-31 11:12:25,,True,admin
1604,أردنيّة,2025-01-31 11:12:25,,True,admin
1605,أردنيّة,2025-01-31 11:12:25,,True,admin
1606,أردنيّة,2025-01-31 11:12:25,,True,admin
1607,أردنيّة,2025-01-31 11:12:25,,True,admin
1608,أردنيّة,2025-01-31 11:12:25,,True,admin
1609,أردنيّة,2025-01-31 11:12:25,,True,admin
1610,أردنيّة,2025-01-31 11:12:25,,True,admin
1611,أردنيّة,2025-01-31 11:12:25,,True,admin
1612,أردنيّة,2025-01-31 11:12:25,,True,admin
1613,أردنيّة,2025-01-31 11:12:25,,True,admin
1614,أردنيّة,2025-01-31 11:12:25,,True,admin
1615,أردنيّة,2025-01-31 11:12:25,,True,admin
1616,أردنيّة,2025-01-31 11:12:25,,True,admin
1617,أردنيّة,2025-01-31 11:12:25,,True,admin
1618,أردنيّة,2025-01-31 11:12:25,,True,admin
1619,أردنيّة,2025-01-31 11:12:25,,True,admin
1620,أردنيّة,2025-01-31 11:12:25,,True,admin
1623,عراقيّة,2025-01-31 11:13:20,,True,admin
1624,عراقيّة,2025-01-31 11:13:20,,True,admin
1625,أردنيّة,2025-01-31 11:12:25,,True,admin
1626,أردنيّة,2025-01-31 11:12:25,,True,admin
1627,أردنيّة,2025-01-31 11:12:25,,True,admin
1628,أردنيّة,2025-01-31 11:12:25,,True,admin
1629,أردنيّة,2025-01-31 11:12:25,,True,admin
1631,أردنيّة,2025-01-31 11:12:25,,True,admin
1632,أردنيّة,2025-01-31 11:12:25,,True,admin
1633,أردنيّة,2025-01-31 11:12:25,,True,admin
1634,أردنيّة,2025-01-31 11:12:25,,True,admin
1635,عراقيّة,2025-01-31 11:13:20,,True,admin
1636,مصريّة,2025-01-31 11:13:45,,True,admin
1637,مصريّة,2025-01-31 11:13:45,,True,admin
1638,مصريّة,2025-01-31 11:13:45,,True,admin
1639,مصريّة,2025-01-31 11:13:45,,True,admin
1640,أردنيّة,2025-01-31 11:12:25,,True,admin
1641,أردنيّة,2025-01-31 11:12:25,,True,admin
1642,أردنيّة,2025-01-31 11:12:25,,True,admin
1643,أردنيّة,2025-01-31 11:12:25,,True,admin
1644,أردنيّة,2025-01-31 11:12:25,,True,admin
1645,أردنيّة,2025-01-31 11:12:25,,True,admin
1646,أردنيّة,2025-01-31 11:12:25,,True,admin
1647,أردنيّة,2025-01-31 11:12:25,,True,admin
1648,أردنيّة,2025-01-31 11:12:25,,True,admin
1650,أردنيّة,2025-01-31 11:12:25,,True,admin
1651,أردنيّة,2025-01-31 11:12:25,,True,admin
1652,أردنيّة,2025-01-31 11:12:25,,True,admin
1653,عراقيّة,2025-01-31 11:13:20,,True,admin
1654,أردنيّة,2025-01-31 11:12:25,,True,admin
1655,أردنيّة,2025-01-31 11:12:25,,True,admin
1656,أردنيّة,2025-01-31 11:12:25,,True,admin
1657,أردنيّة,2025-01-31 11:12:25,,True,admin
1658,أردنيّة,2025-01-31 11:12:25,,True,admin
1659,أردنيّة,2025-01-31 11:12:25,,True,admin
1660,أردنيّة,2025-01-31 11:12:25,,True,admin
1661,أردنيّة,2025-01-31 11:12:25,,True,admin
1662,أردنيّة,2025-01-31 11:12:25,,True,admin
1663,أردنيّة,2025-01-31 11:12:25,,True,admin
1664,عراقيّة,2025-01-31 11:13:20,,True,admin
1665,أردنيّة,2025-01-31 11:12:25,,True,admin
1666,عراقيّة,2025-01-31 11:13:20,,True,admin
1667,عراقيّة,2025-01-31 11:13:20,,True,admin
1668,أردنيّة,2025-01-31 11:12:25,,True,admin
1669,عراقيّة,2025-01-31 11:13:20,,True,admin
1670,أردنيّة,2025-01-31 11:12:25,,True,admin
1671,أردنيّة,2025-01-31 11:12:25,,True,admin
1672,أردنيّة,2025-01-31 11:12:25,,True,admin
1673,أردنيّة,2025-01-31 11:12:25,,True,admin
1674,أردنيّة,2025-01-31 11:12:25,,True,admin
1675,عراقيّة,2025-01-31 11:13:20,,True,admin
1676,عراقيّة,2025-01-31 11:13:20,,True,admin
1677,عراقيّة,2025-01-31 11:13:20,,True,admin
1678,أردنيّة,2025-01-31 11:12:25,,True,admin
1679,عراقيّة,2025-01-31 11:13:20,,True,admin
1680,عراقيّة,2025-01-31 11:13:20,,True,admin
1681,أردنيّة,2025-01-31 11:12:25,,True,admin
1682,أردنيّة,2025-01-31 11:12:25,,True,admin
1683,عراقيّة,2025-01-31 11:13:20,,True,admin
1684,عراقيّة,2025-01-31 11:13:20,,True,admin
1685,عراقيّة,2025-01-31 11:13:20,,True,admin
1686,عراقيّة,2025-01-31 11:13:20,,True,admin
1687,عراقيّة,2025-01-31 11:13:20,,True,admin
1688,أردنيّة,2025-01-31 11:12:25,,True,admin
1689,أردنيّة,2025-01-31 11:12:25,,True,admin
1690,عراقيّة,2025-01-31 11:13:20,,True,admin
1691,أردنيّة,2025-01-31 11:12:25,,True,admin
1692,أردنيّة,2025-01-31 11:12:25,,True,admin
1693,أردنيّة,2025-01-31 11:12:25,,True,admin
1694,أردنيّة,2025-01-31 11:12:25,,True,admin
1695,أردنيّة,2025-01-31 11:12:25,,True,admin
1696,أردنيّة,2025-01-31 11:12:25,,True,admin
1697,أردنيّة,2025-01-31 11:12:25,,True,admin
1698,أردنيّة,2025-01-31 11:12:25,,True,admin
1699,أردنيّة,2025-01-31 11:12:25,,True,admin
1700,أردنيّة,2025-01-31 11:12:25,,True,admin
1701,أردنيّة,2025-01-31 11:12:25,,True,admin
1702,أردنيّة,2025-01-31 11:12:25,,True,admin
1703,عراقيّة,2025-01-31 11:13:20,,True,admin
1704,أردنيّة,2025-01-31 11:12:25,,True,admin
1705,أردنيّة,2025-01-31 11:12:25,,True,admin
1705,فلسطينيّة,2025-01-31 11:18:03,,True,admin
1706,أردنيّة,2025-01-31 11:12:25,,True,admin
1707,أردنيّة,2025-01-31 11:12:25,,True,admin
1708,أردنيّة,2025-01-31 11:12:25,,True,admin
1709,أردنيّة,2025-01-31 11:12:25,,True,admin
1710,أردنيّة,2025-01-31 11:12:25,,True,admin
1711,أردنيّة,2025-01-31 11:12:25,,True,admin
1712,أردنيّة,2025-01-31 11:12:25,,True,admin
1713,عراقيّة,2025-01-31 11:13:20,,True,admin
1714,أردنيّة,2025-01-31 11:12:25,,True,admin
1715,أردنيّة,2025-01-31 11:12:25,,True,admin
1716,أردنيّة,2025-01-31 11:12:25,,True,admin
1717,أردنيّة,2025-01-31 11:12:25,,True,admin
1718,أردنيّة,2025-01-31 11:12:25,,True,admin
1719,أردنيّة,2025-01-31 11:12:25,,True,admin
1720,أردنيّة,2025-01-31 11:12:25,,True,admin
1721,أردنيّة,2025-01-31 11:12:25,,True,admin
1722,أردنيّة,2025-01-31 11:12:25,,True,admin
1723,أردنيّة,2025-01-31 11:12:25,,True,admin
1724,عراقيّة,2025-01-31 11:13:20,,True,admin
1725,عراقيّة,2025-01-31 11:13:20,,True,admin
1726,عراقيّة,2025-01-31 11:13:20,,True,admin
1727,عراقيّة,2025-01-31 11:13:20,,True,admin
1728,عراقيّة,2025-01-31 11:13:20,,True,admin
1729,عراقيّة,2025-01-31 11:13:20,,True,admin
1730,أردنيّة,2025-01-31 11:12:25,,True,admin
1731,أردنيّة,2025-01-31 11:12:25,,True,admin
1732,أردنيّة,2025-01-31 11:12:25,,True,admin
1733,أردنيّة,2025-01-31 11:12:25,,True,admin
1734,أردنيّة,2025-01-31 11:12:25,,True,admin
1735,عراقيّة,2025-01-31 11:13:20,,True,admin
1736,عراقيّة,2025-01-31 11:13:20,,True,admin
1738,عراقيّة,2025-01-31 11:13:20,,True,admin
1739,أردنيّة,2025-01-31 11:12:25,,True,admin
1740,أردنيّة,2025-01-31 11:12:25,,True,admin
1741,أردنيّة,2025-01-31 11:12:25,,True,admin
1742,عراقيّة,2025-01-31 11:13:20,,True,admin
1743,أردنيّة,2025-01-31 11:12:25,,True,admin
1744,أردنيّة,2025-01-31 11:12:25,,True,admin
1745,أردنيّة,2025-01-31 11:12:25,,True,admin
1746,أردنيّة,2025-01-31 11:12:25,,True,admin
1747,أردنيّة,2025-01-31 11:12:25,,True,admin
1748,أردنيّة,2025-01-31 11:12:25,,True,admin
1749,أردنيّة,2025-01-31 11:12:25,,True,admin
1750,عراقيّة,2025-01-31 11:13:20,,True,admin
1751,عراقيّة,2025-01-31 11:13:20,,True,admin
1752,عراقيّة,2025-01-31 11:13:20,,True,admin
1753,عراقيّة,2025-01-31 11:13:20,,True,admin
1754,عراقيّة,2025-01-31 11:13:20,,True,admin
1755,عراقيّة,2025-01-31 11:13:20,,True,admin
1756,عراقيّة,2025-01-31 11:13:20,,True,admin
1757,عراقيّة,2025-01-31 11:13:20,,True,admin
1758,أردنيّة,2025-01-31 11:12:25,,True,admin
1759,أردنيّة,2025-01-31 11:12:25,,True,admin
1760,أردنيّة,2025-01-31 11:12:25,,True,admin
1761,عراقيّة,2025-01-31 11:13:20,,True,admin
1762,عراقيّة,2025-01-31 11:13:20,,True,admin
1763,عراقيّة,2025-01-31 11:13:20,,True,admin
1764,عراقيّة,2025-01-31 11:13:20,,True,admin
1765,أردنيّة,2025-01-31 11:12:25,,True,admin
1766,أردنيّة,2025-01-31 11:12:25,,True,admin
1767,أردنيّة,2025-01-31 11:12:25,,True,admin
1768,عراقيّة,2025-01-31 11:13:20,,True,admin
1769,أردنيّة,2025-01-31 11:12:25,,True,admin
1770,أردنيّة,2025-01-31 11:12:25,,True,admin
1771,أردنيّة,2025-01-31 11:12:25,,True,admin
1772,أردنيّة,2025-01-31 11:12:25,,True,admin
1773,أردنيّة,2025-01-31 11:12:25,,True,admin
1774,أردنيّة,2025-01-31 11:12:25,,True,admin
1775,أردنيّة,2025-01-31 11:12:25,,True,admin
1776,أردنيّة,2025-01-31 11:12:25,,True,admin
1777,أردنيّة,2025-01-31 11:12:25,,True,admin
1778,أردنيّة,2025-01-31 11:12:25,,True,admin
1779,أردنيّة,2025-01-31 11:12:25,,True,admin
1780,أردنيّة,2025-01-31 11:12:25,,True,admin
1781,أردنيّة,2025-01-31 11:12:25,,True,admin
1782,أردنيّة,2025-01-31 11:12:25,,True,admin
1783,أردنيّة,2025-01-31 11:12:25,,True,admin
1784,أردنيّة,2025-01-31 11:12:25,,True,admin
1785,أردنيّة,2025-01-31 11:12:25,,True,admin
1786,أردنيّة,2025-01-31 11:12:25,,True,admin
1787,أردنيّة,2025-01-31 11:12:25,,True,admin
1788,أردنيّة,2025-01-31 11:12:25,,True,admin
1789,أردنيّة,2025-01-31 11:12:25,,True,admin
1790,أردنيّة,2025-01-31 11:12:25,,True,admin
1791,أردنيّة,2025-01-31 11:12:25,,True,admin
1792,أردنيّة,2025-01-31 11:12:25,,True,admin
1793,أردنيّة,2025-01-31 11:12:25,,True,admin
1794,مصريّة,2025-01-31 11:13:45,,True,admin
1795,أردنيّة,2025-01-31 11:12:25,,True,admin
1796,أردنيّة,2025-01-31 11:12:25,,True,admin
1797,مصريّة,2025-01-31 11:13:45,,True,admin
1798,مصريّة,2025-01-31 11:13:45,,True,admin
1799,أردنيّة,2025-01-31 11:12:25,,True,admin
1800,أردنيّة,2025-01-31 11:12:25,,True,admin
1801,أردنيّة,2025-01-31 11:12:25,,True,admin
1802,أردنيّة,2025-01-31 11:12:25,,True,admin
1803,أردنيّة,2025-01-31 11:12:25,,True,admin
1804,أردنيّة,2025-01-31 11:12:25,,True,admin
1805,أردنيّة,2025-01-31 11:12:25,,True,admin
1806,أردنيّة,2025-01-31 11:12:25,,True,admin
1807,أردنيّة,2025-01-31 11:12:25,,True,admin
1808,أردنيّة,2025-01-31 11:12:25,,True,admin
1809,أردنيّة,2025-01-31 11:12:25,,True,admin
1810,أردنيّة,2025-01-31 11:12:25,,True,admin
1811,أردنيّة,2025-01-31 11:12:25,,True,admin
1812,أردنيّة,2025-01-31 11:12:25,,True,admin
1813,أردنيّة,2025-01-31 11:12:25,,True,admin
1814,أردنيّة,2025-01-31 11:12:25,,True,admin
1815,أردنيّة,2025-01-31 11:12:25,,True,admin
1816,أردنيّة,2025-01-31 11:12:25,,True,admin
1817,أردنيّة,2025-01-31 11:12:25,,True,admin
1818,مصريّة,2025-01-31 11:13:45,,True,admin
1819,مصريّة,2025-01-31 11:13:45,,True,admin
1820,أردنيّة,2025-01-31 11:12:25,,True,admin
1821,أردنيّة,2025-01-31 11:12:25,,True,admin
1822,أردنيّة,2025-01-31 11:12:25,,True,admin
1823,أردنيّة,2025-01-31 11:12:25,,True,admin
1824,أردنيّة,2025-01-31 11:12:25,,True,admin
1825,أردنيّة,2025-01-31 11:12:25,,True,admin
1827,أردنيّة,2025-01-31 11:12:25,,True,admin
1828,أردنيّة,2025-01-31 11:12:25,,True,admin
1829,أردنيّة,2025-01-31 11:12:25,,True,admin
1830,أردنيّة,2025-01-31 11:12:25,,True,admin
1831,أردنيّة,2025-01-31 11:12:25,,True,admin
1832,أردنيّة,2025-01-31 11:12:25,,True,admin
1834,أردنيّة,2025-01-31 11:12:25,,True,admin
1835,عراقيّة,2025-01-31 11:13:20,,True,admin
1836,عراقيّة,2025-01-31 11:13:20,,True,admin
1837,أردنيّة,2025-01-31 11:12:25,,True,admin
1838,أردنيّة,2025-01-31 11:12:25,,True,admin
1839,أردنيّة,2025-01-31 11:12:25,,True,admin
1840,أردنيّة,2025-01-31 11:12:25,,True,admin
1841,أردنيّة,2025-01-31 11:12:25,,True,admin
1842,أردنيّة,2025-01-31 11:12:25,,True,admin
1843,أردنيّة,2025-01-31 11:12:25,,True,admin
1844,أردنيّة,2025-01-31 11:12:25,,True,admin
1845,أردنيّة,2025-01-31 11:12:25,,True,admin
1846,أردنيّة,2025-01-31 11:12:25,,True,admin
1847,أردنيّة,2025-01-31 11:12:25,,True,admin
1848,أردنيّة,2025-01-31 11:12:25,,True,admin
1849,أردنيّة,2025-01-31 11:12:25,,True,admin
1850,أردنيّة,2025-01-31 11:12:25,,True,admin
1852,أردنيّة,2025-01-31 11:12:25,,True,admin
1853,عراقيّة,2025-01-31 11:13:20,,True,admin
1854,عراقيّة,2025-01-31 11:13:20,,True,admin
1856,أردنيّة,2025-01-31 11:12:25,,True,admin
1857,عراقيّة,2025-01-31 11:13:20,,True,admin
1858,أردنيّة,2025-01-31 11:12:25,,True,admin
1859,عراقيّة,2025-01-31 11:13:20,,True,admin
1860,أردنيّة,2025-01-31 11:12:25,,True,admin
1861,أردنيّة,2025-01-31 11:12:25,,True,admin
1862,أردنيّة,2025-01-31 11:12:25,,True,admin
1863,أردنيّة,2025-01-31 11:12:25,,True,admin
1864,أردنيّة,2025-01-31 11:12:25,,True,admin
1865,أردنيّة,2025-01-31 11:12:25,,True,admin
1866,أردنيّة,2025-01-31 11:12:25,,True,admin
1867,أردنيّة,2025-01-31 11:12:25,,True,admin
1868,أردنيّة,2025-01-31 11:12:25,,True,admin
1869,أردنيّة,2025-01-31 11:12:25,,True,admin
1870,أردنيّة,2025-01-31 11:12:25,,True,admin
1871,أردنيّة,2025-01-31 11:12:25,,True,admin
1872,أردنيّة,2025-01-31 11:12:25,,True,admin
1873,أردنيّة,2025-01-31 11:12:25,,True,admin
1874,أردنيّة,2025-01-31 11:12:25,,True,admin
1875,أردنيّة,2025-01-31 11:12:25,,True,admin
1876,أردنيّة,2025-01-31 11:12:25,,True,admin
1877,أردنيّة,2025-01-31 11:12:25,,True,admin
1878,أردنيّة,2025-01-31 11:12:25,,True,admin
1879,أردنيّة,2025-01-31 11:12:25,,True,admin
1880,أردنيّة,2025-01-31 11:12:25,,True,admin
1881,أردنيّة,2025-01-31 11:12:25,,True,admin
1882,أردنيّة,2025-01-31 11:12:25,,True,admin
1883,أردنيّة,2025-01-31 11:12:25,,True,admin
1884,أردنيّة,2025-01-31 11:12:25,,True,admin
1885,أردنيّة,2025-01-31 11:12:25,,True,admin
1886,أردنيّة,2025-01-31 11:12:25,,True,admin
1887,أردنيّة,2025-01-31 11:12:25,,True,admin
1888,أردنيّة,2025-01-31 11:12:25,,True,admin
1889,أردنيّة,2025-01-31 11:12:25,,True,admin
1890,أردنيّة,2025-01-31 11:12:25,,True,admin
1891,أردنيّة,2025-01-31 11:12:25,,True,admin
1892,أردنيّة,2025-01-31 11:12:25,,True,admin
1893,أردنيّة,2025-01-31 11:12:25,,True,admin
1894,أردنيّة,2025-01-31 11:12:25,,True,admin
1895,أردنيّة,2025-01-31 11:12:25,,True,admin
1896,أردنيّة,2025-01-31 11:12:25,,True,admin
1897,أردنيّة,2025-01-31 11:12:25,,True,admin
1898,أردنيّة,2025-01-31 11:12:25,,True,admin
1899,أردنيّة,2025-01-31 11:12:25,,True,admin
1900,أردنيّة,2025-01-31 11:12:25,,True,admin
1901,أردنيّة,2025-01-31 11:12:25,,True,admin
1902,أردنيّة,2025-01-31 11:12:25,,True,admin
1903,أردنيّة,2025-01-31 11:12:25,,True,admin
1904,أردنيّة,2025-01-31 11:12:25,,True,admin
1905,أردنيّة,2025-01-31 11:12:25,,True,admin
1906,أردنيّة,2025-01-31 11:12:25,,True,admin
1907,أردنيّة,2025-01-31 11:12:25,,True,admin
1908,أردنيّة,2025-01-31 11:12:25,,True,admin
1909,أردنيّة,2025-01-31 11:12:25,,True,admin
1910,أردنيّة,2025-01-31 11:12:25,,True,admin
1911,أردنيّة,2025-01-31 11:12:25,,True,admin
1912,أردنيّة,2025-01-31 11:12:25,,True,admin
1913,أردنيّة,2025-01-31 11:12:25,,True,admin
1914,أردنيّة,2025-01-31 11:12:25,,True,admin
1915,أردنيّة,2025-01-31 11:12:25,,True,admin
1916,أردنيّة,2025-01-31 11:12:25,,True,admin
1917,أردنيّة,2025-01-31 11:12:25,,True,admin
1918,أردنيّة,2025-01-31 11:12:25,,True,admin
1919,أردنيّة,2025-01-31 11:12:25,,True,admin
1920,أردنيّة,2025-01-31 11:12:25,,True,admin
1921,أردنيّة,2025-01-31 11:12:25,,True,admin
1922,عراقيّة,2025-01-31 11:13:20,,True,admin
1923,أردنيّة,2025-01-31 11:12:25,,True,admin
1924,أردنيّة,2025-01-31 11:12:25,,True,admin
1925,أردنيّة,2025-01-31 11:12:25,,True,admin
1926,أردنيّة,2025-01-31 11:12:25,,True,admin
1927,أردنيّة,2025-01-31 11:12:25,,True,admin
1928,أردنيّة,2025-01-31 11:12:25,,True,admin
1929,أردنيّة,2025-01-31 11:12:25,,True,admin
1930,أردنيّة,2025-01-31 11:12:25,,True,admin
1931,أردنيّة,2025-01-31 11:12:25,,True,admin
1932,أردنيّة,2025-01-31 11:12:25,,True,admin
1933,أردنيّة,2025-01-31 11:12:25,,True,admin
1934,عراقيّة,2025-01-31 11:13:20,,True,admin
1935,أردنيّة,2025-01-31 11:12:25,,True,admin
1936,أردنيّة,2025-01-31 11:12:25,,True,admin
1937,أردنيّة,2025-01-31 11:12:25,,True,admin
1938,عراقيّة,2025-01-31 11:13:20,,True,admin
1939,أردنيّة,2025-01-31 11:12:25,,True,admin
1940,أردنيّة,2025-01-31 11:12:25,,True,admin
1941,أردنيّة,2025-01-31 11:12:25,,True,admin
1942,أردنيّة,2025-01-31 11:12:25,,True,admin
1943,أردنيّة,2025-01-31 11:12:25,,True,admin
1944,أردنيّة,2025-01-31 11:12:25,,True,admin
1945,أردنيّة,2025-01-31 11:12:25,,True,admin
1946,أردنيّة,2025-01-31 11:12:25,,True,admin
1947,أردنيّة,2025-01-31 11:12:25,,True,admin
1948,أردنيّة,2025-01-31 11:12:25,,True,admin
1949,أردنيّة,2025-01-31 11:12:25,,True,admin
1950,أردنيّة,2025-01-31 11:12:25,,True,admin
1951,أردنيّة,2025-01-31 11:12:25,,True,admin
1952,أردنيّة,2025-01-31 11:12:25,,True,admin
1953,أردنيّة,2025-01-31 11:12:25,,True,admin
1954,أردنيّة,2025-01-31 11:12:25,,True,admin
1955,أردنيّة,2025-01-31 11:12:25,,True,admin
1956,أردنيّة,2025-01-31 11:12:25,,True,admin
1957,أردنيّة,2025-01-31 11:12:25,,True,admin
1958,أردنيّة,2025-01-31 11:12:25,,True,admin
1959,أردنيّة,2025-01-31 11:12:25,,True,admin
1960,أردنيّة,2025-01-31 11:12:25,,True,admin
1961,أردنيّة,2025-01-31 11:12:25,,True,admin
1962,أردنيّة,2025-01-31 11:12:25,,True,admin
1963,أردنيّة,2025-01-31 11:12:25,,True,admin
1964,أردنيّة,2025-01-31 11:12:25,,True,admin
1965,أردنيّة,2025-01-31 11:12:25,,True,admin
1966,أردنيّة,2025-01-31 11:12:25,,True,admin
1967,أردنيّة,2025-01-31 11:12:25,,True,admin
1968,أردنيّة,2025-01-31 11:12:25,,True,admin
1969,أردنيّة,2025-01-31 11:12:25,,True,admin
1970,أردنيّة,2025-01-31 11:12:25,,True,admin
1971,أردنيّة,2025-01-31 11:12:25,,True,admin
1972,أردنيّة,2025-01-31 11:12:25,,True,admin
1973,أردنيّة,2025-01-31 11:12:25,,True,admin
1974,أردنيّة,2025-01-31 11:12:25,,True,admin
1975,أردنيّة,2025-01-31 11:12:25,,True,admin
1976,أردنيّة,2025-01-31 11:12:25,,True,admin
1977,أردنيّة,2025-01-31 11:12:25,,True,admin
1978,أردنيّة,2025-01-31 11:12:25,,True,admin
1979,أردنيّة,2025-01-31 11:12:25,,True,admin
1980,أردنيّة,2025-01-31 11:12:25,,True,admin
1981,أردنيّة,2025-01-31 11:12:25,,True,admin
1983,عراقيّة,2025-01-31 11:13:20,,True,admin
1984,عراقيّة,2025-01-31 11:13:20,,True,admin
1985,عراقيّة,2025-01-31 11:13:20,,True,admin
1986,عراقيّة,2025-01-31 11:13:20,,True,admin
1987,أردنيّة,2025-01-31 11:12:25,,True,admin
1989,عراقيّة,2025-01-31 11:13:20,,True,admin
1990,أردنيّة,2025-01-31 11:12:25,,True,admin
1991,أردنيّة,2025-01-31 11:12:25,,True,admin
1992,أردنيّة,2025-01-31 11:12:25,,True,admin
1993,أردنيّة,2025-01-31 11:12:25,,True,admin
1994,أردنيّة,2025-01-31 11:12:25,,True,admin
1995,أردنيّة,2025-01-31 11:12:25,,True,admin
1996,عراقيّة,2025-01-31 11:13:20,,True,admin
1997,أردنيّة,2025-01-31 11:12:25,,True,admin
1998,أردنيّة,2025-01-31 11:12:25,,True,admin
1999,أردنيّة,2025-01-31 11:12:25,,True,admin
2000,أردنيّة,2025-01-31 11:12:25,,True,admin
2001,أردنيّة,2025-01-31 11:12:25,,True,admin
2002,أردنيّة,2025-01-31 11:12:25,,True,admin
2003,أردنيّة,2025-01-31 11:12:25,,True,admin
2004,عراقيّة,2025-01-31 11:13:20,,True,admin
2005,أردنيّة,2025-01-31 11:12:25,,True,admin
2006,أردنيّة,2025-01-31 11:12:25,,True,admin
2008,عراقيّة,2025-01-31 11:13:20,,True,admin
2009,أردنيّة,2025-01-31 11:12:25,,True,admin
2010,أردنيّة,2025-01-31 11:12:25,,True,admin
2011,أردنيّة,2025-01-31 11:12:25,,True,admin
2012,أردنيّة,2025-01-31 11:12:25,,True,admin
2013,أردنيّة,2025-01-31 11:12:25,,True,admin
2014,عراقيّة,2025-01-31 11:13:20,,True,admin
2015,أردنيّة,2025-01-31 11:12:25,,True,admin
2016,أردنيّة,2025-01-31 11:12:25,,True,admin
2017,أردنيّة,2025-01-31 11:12:25,,True,admin
2018,أردنيّة,2025-01-31 11:12:25,,True,admin
2019,أردنيّة,2025-01-31 11:12:25,,True,admin
2020,أردنيّة,2025-01-31 11:12:25,,True,admin
2021,أردنيّة,2025-01-31 11:12:25,,True,admin
2022,أردنيّة,2025-01-31 11:12:25,,True,admin
2023,أردنيّة,2025-01-31 11:12:25,,True,admin
2024,أردنيّة,2025-01-31 11:12:25,,True,admin
2025,فلسطينيّة,2025-01-31 11:18:03,,True,admin
2026,أردنيّة,2025-01-31 11:12:25,,True,admin
2027,أردنيّة,2025-01-31 11:12:25,,True,admin
2028,أردنيّة,2025-01-31 11:12:25,,True,admin
2029,أردنيّة,2025-01-31 11:12:25,,True,admin
2030,أردنيّة,2025-01-31 11:12:25,,True,admin
2031,أردنيّة,2025-01-31 11:12:25,,True,admin
2032,أردنيّة,2025-01-31 11:12:25,,True,admin
2033,أردنيّة,2025-01-31 11:12:25,,True,admin
2034,أردنيّة,2025-01-31 11:12:25,,True,admin
2035,أردنيّة,2025-01-31 11:12:25,,True,admin
2036,أردنيّة,2025-01-31 11:12:25,,True,admin
2037,أردنيّة,2025-01-31 11:12:25,,True,admin
2038,أردنيّة,2025-01-31 11:12:25,,True,admin
2039,أردنيّة,2025-01-31 11:12:25,,True,admin
2040,أردنيّة,2025-01-31 11:12:25,,True,admin
2041,أردنيّة,2025-01-31 11:12:25,,True,admin
2042,أردنيّة,2025-01-31 11:12:25,,True,admin
2043,عراقيّة,2025-01-31 11:13:20,,True,admin
2044,أردنيّة,2025-01-31 11:12:25,,True,admin
2045,أردنيّة,2025-01-31 11:12:25,,True,admin
2046,أردنيّة,2025-01-31 11:12:25,,True,admin
2047,أردنيّة,2025-01-31 11:12:25,,True,admin
2048,أردنيّة,2025-01-31 11:12:25,,True,admin
2049,أردنيّة,2025-01-31 11:12:25,,True,admin
2050,أردنيّة,2025-01-31 11:12:25,,True,admin
2051,أردنيّة,2025-01-31 11:12:25,,True,admin
2052,أردنيّة,2025-01-31 11:12:25,,True,admin
2053,أردنيّة,2025-01-31 11:12:25,,True,admin
2054,أردنيّة,2025-01-31 11:12:25,,True,admin
2055,أردنيّة,2025-01-31 11:12:25,,True,admin
2056,أردنيّة,2025-01-31 11:12:25,,True,admin
2057,أردنيّة,2025-01-31 11:12:25,,True,admin
2058,فلسطينيّة,2025-01-31 11:18:03,,True,admin
2059,أردنيّة,2025-01-31 11:12:25,,True,admin
2060,عراقيّة,2025-01-31 11:13:20,,True,admin
2061,أردنيّة,2025-01-31 11:12:25,,True,admin
2062,أردنيّة,2025-01-31 11:12:25,,True,admin
2063,أردنيّة,2025-01-31 11:12:25,,True,admin
2064,أردنيّة,2025-01-31 11:12:25,,True,admin
2066,أردنيّة,2025-01-31 11:12:25,,True,admin
2067,أردنيّة,2025-01-31 11:12:25,,True,admin
2068,أردنيّة,2025-01-31 11:12:25,,True,admin
2069,أردنيّة,2025-01-31 11:12:25,,True,admin
2070,أردنيّة,2025-01-31 11:12:25,,True,admin
2071,أردنيّة,2025-01-31 11:12:25,,True,admin
2072,أردنيّة,2025-01-31 11:12:25,,True,admin
2073,أردنيّة,2025-01-31 11:12:25,,True,admin
2074,أردنيّة,2025-01-31 11:12:25,,True,admin
2075,أردنيّة,2025-01-31 11:12:25,,True,admin
2076,أردنيّة,2025-01-31 11:12:25,,True,admin
2077,أردنيّة,2025-01-31 11:12:25,,True,admin
2078,أردنيّة,2025-01-31 11:12:25,,True,admin
2079,أردنيّة,2025-01-31 11:12:25,,True,admin
2081,أردنيّة,2025-01-31 11:12:25,,True,admin
2082,أردنيّة,2025-01-31 11:12:25,,True,admin
2083,أردنيّة,2025-01-31 11:12:25,,True,admin
2084,أردنيّة,2025-01-31 11:12:25,,True,admin
2085,أردنيّة,2025-01-31 11:12:25,,True,admin
2086,أردنيّة,2025-01-31 11:12:25,,True,admin
2087,أردنيّة,2025-01-31 11:12:25,,True,admin
2088,أردنيّة,2025-01-31 11:12:25,,True,admin
2089,أردنيّة,2025-01-31 11:12:25,,True,admin
2090,أردنيّة,2025-01-31 11:12:25,,True,admin
2091,أردنيّة,2025-01-31 11:12:25,,True,admin
2092,عراقيّة,2025-01-31 11:13:20,,True,admin
2093,أردنيّة,2025-01-31 11:12:25,,True,admin
2094,أردنيّة,2025-01-31 11:12:25,,True,admin
2095,أردنيّة,2025-01-31 11:12:25,,True,admin
2096,عراقيّة,2025-01-31 11:13:20,,True,admin
2097,أردنيّة,2025-01-31 11:12:25,,True,admin
2098,أردنيّة,2025-01-31 11:12:25,,True,admin
2099,أردنيّة,2025-01-31 11:12:25,,True,admin
2100,أردنيّة,2025-01-31 11:12:25,,True,admin
2101,أردنيّة,2025-01-31 11:12:25,,True,admin
2102,أردنيّة,2025-01-31 11:12:25,,True,admin
2103,أردنيّة,2025-01-31 11:12:25,,True,admin
2104,أردنيّة,2025-01-31 11:12:25,,True,admin
2105,أردنيّة,2025-01-31 11:12:25,,True,admin
2106,أردنيّة,2025-01-31 11:12:25,,True,admin
2107,أردنيّة,2025-01-31 11:12:25,,True,admin
2108,أردنيّة,2025-01-31 11:12:25,,True,admin
2109,أردنيّة,2025-01-31 11:12:25,,True,admin
2110,أردنيّة,2025-01-31 11:12:25,,True,admin
2111,أردنيّة,2025-01-31 11:12:25,,True,admin
2112,أردنيّة,2025-01-31 11:12:25,,True,admin
2113,أردنيّة,2025-01-31 11:12:25,,True,admin
2114,أردنيّة,2025-01-31 11:12:25,,True,admin
2115,أردنيّة,2025-01-31 11:12:25,,True,admin
2116,أردنيّة,2025-01-31 11:12:25,,True,admin
2117,أردنيّة,2025-01-31 11:12:25,,True,admin
2118,أردنيّة,2025-01-31 11:12:25,,True,admin
2123,أمريكيّة,2025-01-31 11:16:50,,True,admin
2124,أردنيّة,2025-01-31 11:12:25,,True,admin
2125,أردنيّة,2025-01-31 11:12:25,,True,admin
2126,أردنيّة,2025-01-31 11:12:25,,True,admin
2127,أردنيّة,2025-01-31 11:12:25,,True,admin
2128,أردنيّة,2025-01-31 11:12:25,,True,admin
2129,أردنيّة,2025-01-31 11:12:25,,True,admin
2130,أردنيّة,2025-01-31 11:12:25,,True,admin
2131,مصريّة,2025-01-31 11:13:45,,True,admin
2132,أردنيّة,2025-01-31 11:12:25,,True,admin
2133,أردنيّة,2025-01-31 11:12:25,,True,admin
2134,أردنيّة,2025-01-31 11:12:25,,True,admin
2135,أردنيّة,2025-01-31 11:12:25,,True,admin
2136,أردنيّة,2025-01-31 11:12:25,,True,admin
2137,أردنيّة,2025-01-31 11:12:25,,True,admin
2138,أردنيّة,2025-01-31 11:12:25,,True,admin
2139,أردنيّة,2025-01-31 11:12:25,,True,admin
2140,أردنيّة,2025-01-31 11:12:25,,True,admin
2141,أردنيّة,2025-01-31 11:12:25,,True,admin
2142,أردنيّة,2025-01-31 11:12:25,,True,admin
2143,أردنيّة,2025-01-31 11:12:25,,True,admin
2144,أردنيّة,2025-01-31 11:12:25,,True,admin
2145,أردنيّة,2025-01-31 11:12:25,,True,admin
2146,أردنيّة,2025-01-31 11:12:25,,True,admin
2147,أردنيّة,2025-01-31 11:12:25,,True,admin
2148,أردنيّة,2025-01-31 11:12:25,,True,admin
2149,أردنيّة,2025-01-31 11:12:25,,True,admin
2150,أردنيّة,2025-01-31 11:12:25,,True,admin
2151,أردنيّة,2025-01-31 11:12:25,,True,admin
2152,أردنيّة,2025-01-31 11:12:25,,True,admin
2153,أردنيّة,2025-01-31 11:12:25,,True,admin
2154,أردنيّة,2025-01-31 11:12:25,,True,admin
2155,أردنيّة,2025-01-31 11:12:25,,True,admin
2156,أردنيّة,2025-01-31 11:12:25,,True,admin
2157,أردنيّة,2025-01-31 11:12:25,,True,admin
2158,أردنيّة,2025-01-31 11:12:25,,True,admin
2159,أردنيّة,2025-01-31 11:12:25,,True,admin
2160,أردنيّة,2025-01-31 11:12:25,,True,admin
2161,أردنيّة,2025-01-31 11:12:25,,True,admin
2162,أردنيّة,2025-01-31 11:12:25,,True,admin
2163,أردنيّة,2025-01-31 11:12:25,,True,admin
2164,أردنيّة,2025-01-31 11:12:25,,True,admin
2165,أردنيّة,2025-01-31 11:12:25,,True,admin
2166,أردنيّة,2025-01-31 11:12:25,,True,admin
2167,أردنيّة,2025-01-31 11:12:25,,True,admin
2168,أردنيّة,2025-01-31 11:12:25,,True,admin
2169,أردنيّة,2025-01-31 11:12:25,,True,admin
2170,أردنيّة,2025-01-31 11:12:25,,True,admin
2171,أردنيّة,2025-01-31 11:12:25,,True,admin
2172,أردنيّة,2025-01-31 11:12:25,,True,admin
2173,أردنيّة,2025-01-31 11:12:25,,True,admin
2174,أردنيّة,2025-01-31 11:12:25,,True,admin
2175,أردنيّة,2025-01-31 11:12:25,,True,admin
2176,أردنيّة,2025-01-31 11:12:25,,True,admin
2177,أردنيّة,2025-01-31 11:12:25,,True,admin
2178,أردنيّة,2025-01-31 11:12:25,,True,admin
2179,أردنيّة,2025-01-31 11:12:25,,True,admin
2180,أردنيّة,2025-01-31 11:12:25,,True,admin
2181,مصريّة,2025-01-31 11:13:45,,True,admin
2182,مصريّة,2025-01-31 11:13:45,,True,admin
2183,أردنيّة,2025-01-31 11:12:25,,True,admin
2184,أردنيّة,2025-01-31 11:12:25,,True,admin
2185,أردنيّة,2025-01-31 11:12:25,,True,admin
2186,أردنيّة,2025-01-31 11:12:25,,True,admin
2187,أردنيّة,2025-01-31 11:12:25,,True,admin
2188,أردنيّة,2025-01-31 11:12:25,,True,admin
2189,أردنيّة,2025-01-31 11:12:25,,True,admin
2190,مصريّة,2025-01-31 11:13:45,,True,admin
2192,أردنيّة,2025-01-31 11:12:25,,True,admin
2193,أردنيّة,2025-01-31 11:12:25,,True,admin
2194,أردنيّة,2025-01-31 11:12:25,,True,admin
2195,أردنيّة,2025-01-31 11:12:25,,True,admin
2196,أردنيّة,2025-01-31 11:12:25,,True,admin
2197,أردنيّة,2025-01-31 11:12:25,,True,admin
2198,أردنيّة,2025-01-31 11:12:25,,True,admin
2199,مصريّة,2025-01-31 11:13:45,,True,admin
2200,أردنيّة,2025-01-31 11:12:25,,True,admin
2201,أردنيّة,2025-01-31 11:12:25,,True,admin
2202,أردنيّة,2025-01-31 11:12:25,,True,admin
2203,أردنيّة,2025-01-31 11:12:25,,True,admin
2204,أردنيّة,2025-01-31 11:12:25,,True,admin
2205,أردنيّة,2025-01-31 11:12:25,,True,admin
2206,أردنيّة,2025-01-31 11:12:25,,True,admin
2207,أردنيّة,2025-01-31 11:12:25,,True,admin
2208,أردنيّة,2025-01-31 11:12:25,,True,admin
2209,أردنيّة,2025-01-31 11:12:25,,True,admin
2211,أردنيّة,2025-01-31 11:12:25,,True,admin
2212,أردنيّة,2025-01-31 11:12:25,,True,admin
2213,أردنيّة,2025-01-31 11:12:25,,True,admin
2214,أردنيّة,2025-01-31 11:12:25,,True,admin
2215,أردنيّة,2025-01-31 11:12:25,,True,admin
2216,أردنيّة,2025-01-31 11:12:25,,True,admin
2218,أردنيّة,2025-01-31 11:12:25,,True,admin
2219,أردنيّة,2025-01-31 11:12:25,,True,admin
2220,أردنيّة,2025-01-31 11:12:25,,True,admin
2221,أردنيّة,2025-01-31 11:12:25,,True,admin
2222,أردنيّة,2025-01-31 11:12:25,,True,admin
2223,أردنيّة,2025-01-31 11:12:25,,True,admin
2224,أردنيّة,2025-01-31 11:12:25,,True,admin
2225,أردنيّة,2025-01-31 11:12:25,,True,admin
2226,أردنيّة,2025-01-31 11:12:25,,True,admin
2227,أردنيّة,2025-01-31 11:12:25,,True,admin
2228,أردنيّة,2025-01-31 11:12:25,,True,admin
2232,أردنيّة,2025-01-31 11:12:25,,True,admin
2233,أردنيّة,2025-01-31 11:12:25,,True,admin
2236,أردنيّة,2025-01-31 11:12:25,,True,admin
2237,أردنيّة,2025-01-31 11:12:25,,True,admin
2239,أردنيّة,2025-01-31 11:12:25,,True,admin
2240,أردنيّة,2025-01-31 11:12:25,,True,admin
2241,أردنيّة,2025-01-31 11:12:25,,True,admin
2242,أردنيّة,2025-01-31 11:12:25,,True,admin
2243,أردنيّة,2025-01-31 11:12:25,,True,admin
2244,أردنيّة,2025-01-31 11:12:25,,True,admin
2245,أردنيّة,2025-01-31 11:12:25,,True,admin
2246,مصريّة,2025-01-31 11:13:45,,True,admin
2247,أردنيّة,2025-01-31 11:12:25,,True,admin
2248,أردنيّة,2025-01-31 11:12:25,,True,admin
2249,أردنيّة,2025-01-31 11:12:25,,True,admin
2250,أردنيّة,2025-01-31 11:12:25,,True,admin
2251,أردنيّة,2025-01-31 11:12:25,,True,admin
2252,أردنيّة,2025-01-31 11:12:25,,True,admin
2253,أردنيّة,2025-01-31 11:12:25,,True,admin
2254,مصريّة,2025-01-31 11:13:45,,True,admin
2255,أردنيّة,2025-01-31 11:12:25,,True,admin
2256,أردنيّة,2025-01-31 11:12:25,,True,admin
2257,أردنيّة,2025-01-31 11:12:25,,True,admin
2258,أردنيّة,2025-01-31 11:12:25,,True,admin
2259,أردنيّة,2025-01-31 11:12:25,,True,admin
2260,عراقيّة,2025-01-31 11:13:20,,True,admin
2261,أردنيّة,2025-01-31 11:12:25,,True,admin
2262,أردنيّة,2025-01-31 11:12:25,,True,admin
2263,أردنيّة,2025-01-31 11:12:25,,True,admin
2264,أردنيّة,2025-01-31 11:12:25,,True,admin
2265,أردنيّة,2025-01-31 11:12:25,,True,admin
2266,عراقيّة,2025-01-31 11:13:20,,True,admin
2267,أردنيّة,2025-01-31 11:12:25,,True,admin
2268,أردنيّة,2025-01-31 11:12:25,,True,admin
2269,أردنيّة,2025-01-31 11:12:25,,True,admin
2270,أردنيّة,2025-01-31 11:12:25,,True,admin
2271,أردنيّة,2025-01-31 11:12:25,,True,admin
2272,أردنيّة,2025-01-31 11:12:25,,True,admin
2273,أردنيّة,2025-01-31 11:12:25,,True,admin
2274,أردنيّة,2025-01-31 11:12:25,,True,admin
2275,أردنيّة,2025-01-31 11:12:25,,True,admin
2276,أردنيّة,2025-01-31 11:12:25,,True,admin
2278,أردنيّة,2025-01-31 11:12:25,,True,admin
2279,أردنيّة,2025-01-31 11:12:25,,True,admin
2280,أردنيّة,2025-01-31 11:12:25,,True,admin
2281,أردنيّة,2025-01-31 11:12:25,,True,admin
2282,أردنيّة,2025-01-31 11:12:25,,True,admin
2283,أردنيّة,2025-01-31 11:12:25,,True,admin
2284,أردنيّة,2025-01-31 11:12:25,,True,admin
2285,أردنيّة,2025-01-31 11:12:25,,True,admin
2286,أردنيّة,2025-01-31 11:12:25,,True,admin
2287,أردنيّة,2025-01-31 11:12:25,,True,admin
2288,أردنيّة,2025-01-31 11:12:25,,True,admin
2289,أردنيّة,2025-01-31 11:12:25,,True,admin
2290,أردنيّة,2025-01-31 11:12:25,,True,admin
2291,أردنيّة,2025-01-31 11:12:25,,True,admin
2292,أردنيّة,2025-01-31 11:12:25,,True,admin
2293,أردنيّة,2025-01-31 11:12:25,,True,admin
2294,أردنيّة,2025-01-31 11:12:25,,True,admin
2295,أردنيّة,2025-01-31 11:12:25,,True,admin
2296,أردنيّة,2025-01-31 11:12:25,,True,admin
2297,أردنيّة,2025-01-31 11:12:25,,True,admin
2298,أردنيّة,2025-01-31 11:12:25,,True,admin
2299,أردنيّة,2025-01-31 11:12:25,,True,admin
2300,أردنيّة,2025-01-31 11:12:25,,True,admin
2301,أردنيّة,2025-01-31 11:12:25,,True,admin
2302,عراقيّة,2025-01-31 11:13:20,,True,admin
2305,أردنيّة,2025-01-31 11:12:25,,True,admin
2307,أردنيّة,2025-01-31 11:12:25,,True,admin
2308,عراقيّة,2025-01-31 11:13:20,,True,admin
2309,عراقيّة,2025-01-31 11:13:20,,True,admin
2310,عراقيّة,2025-01-31 11:13:20,,True,admin
2311,عراقيّة,2025-01-31 11:13:20,,True,admin
2312,عراقيّة,2025-01-31 11:13:20,,True,admin
2313,عراقيّة,2025-01-31 11:13:20,,True,admin
2314,عراقيّة,2025-01-31 11:13:20,,True,admin
2315,عراقيّة,2025-01-31 11:13:20,,True,admin
2316,عراقيّة,2025-01-31 11:13:20,,True,admin
2317,عراقيّة,2025-01-31 11:13:20,,True,admin
2318,أردنيّة,2025-01-31 11:12:25,,True,admin
2319,أردنيّة,2025-01-31 11:12:25,,True,admin
2320,عراقيّة,2025-01-31 11:13:20,,True,admin
2321,عراقيّة,2025-01-31 11:13:20,,True,admin
2322,أردنيّة,2025-01-31 11:12:25,,True,admin
2323,عراقيّة,2025-01-31 11:13:20,,True,admin
2324,عراقيّة,2025-01-31 11:13:20,,True,admin
2325,عراقيّة,2025-01-31 11:13:20,,True,admin
2326,عراقيّة,2025-01-31 11:13:20,,True,admin
2327,عراقيّة,2025-01-31 11:13:20,,True,admin
2328,عراقيّة,2025-01-31 11:13:20,,True,admin
2329,عراقيّة,2025-01-31 11:13:20,,True,admin
2330,أردنيّة,2025-01-31 11:12:25,,True,admin
2331,عراقيّة,2025-01-31 11:13:20,,True,admin
2332,عراقيّة,2025-01-31 11:13:20,,True,admin
2333,عراقيّة,2025-01-31 11:13:20,,True,admin
2334,عراقيّة,2025-01-31 11:13:20,,True,admin
2335,عراقيّة,2025-01-31 11:13:20,,True,admin
2336,عراقيّة,2025-01-31 11:13:20,,True,admin
2337,عراقيّة,2025-01-31 11:13:20,,True,admin
2338,عراقيّة,2025-01-31 11:13:20,,True,admin
2339,عراقيّة,2025-01-31 11:13:20,,True,admin
2340,عراقيّة,2025-01-31 11:13:20,,True,admin
2341,عراقيّة,2025-01-31 11:13:20,,True,admin
2342,عراقيّة,2025-01-31 11:13:20,,True,admin
2343,عراقيّة,2025-01-31 11:13:20,,True,admin
2344,عراقيّة,2025-01-31 11:13:20,,True,admin
2345,عراقيّة,2025-01-31 11:13:20,,True,admin
2346,عراقيّة,2025-01-31 11:13:20,,True,admin
2347,عراقيّة,2025-01-31 11:13:20,,True,admin
2348,عراقيّة,2025-01-31 11:13:20,,True,admin
2349,عراقيّة,2025-01-31 11:13:20,,True,admin
2350,عراقيّة,2025-01-31 11:13:20,,True,admin
2351,عراقيّة,2025-01-31 11:13:20,,True,admin
2352,عراقيّة,2025-01-31 11:13:20,,True,admin
2353,عراقيّة,2025-01-31 11:13:20,,True,admin
2354,عراقيّة,2025-01-31 11:13:20,,True,admin
2355,عراقيّة,2025-01-31 11:13:20,,True,admin
2356,عراقيّة,2025-01-31 11:13:20,,True,admin
2357,عراقيّة,2025-01-31 11:13:20,,True,admin
2358,أردنيّة,2025-01-31 11:12:25,,True,admin
2359,أردنيّة,2025-01-31 11:12:25,,True,admin
2360,عراقيّة,2025-01-31 11:13:20,,True,admin
2361,عراقيّة,2025-01-31 11:13:20,,True,admin
2362,عراقيّة,2025-01-31 11:13:20,,True,admin
2364,عراقيّة,2025-01-31 11:13:20,,True,admin
2365,عراقيّة,2025-01-31 11:13:20,,True,admin
2366,أردنيّة,2025-01-31 11:12:25,,True,admin
2367,أردنيّة,2025-01-31 11:12:25,,True,admin
2368,أردنيّة,2025-01-31 11:12:25,,True,admin
2369,أردنيّة,2025-01-31 11:12:25,,True,admin
2370,أردنيّة,2025-01-31 11:12:25,,True,admin
2371,أردنيّة,2025-01-31 11:12:25,,True,admin
2372,أردنيّة,2025-01-31 11:12:25,,True,admin
2373,أردنيّة,2025-01-31 11:12:25,,True,admin
2374,أردنيّة,2025-01-31 11:12:25,,True,admin
2375,أردنيّة,2025-01-31 11:12:25,,True,admin
2376,عراقيّة,2025-01-31 11:13:20,,True,admin
2377,عراقيّة,2025-01-31 11:13:20,,True,admin
2378,عراقيّة,2025-01-31 11:13:20,,True,admin
2379,عراقيّة,2025-01-31 11:13:20,,True,admin
2380,أردنيّة,2025-01-31 11:12:25,,True,admin
2381,عراقيّة,2025-01-31 11:13:20,,True,admin
2382,عراقيّة,2025-01-31 11:13:20,,True,admin
2383,عراقيّة,2025-01-31 11:13:20,,True,admin
2384,عراقيّة,2025-01-31 11:13:20,,True,admin
2385,عراقيّة,2025-01-31 11:13:20,,True,admin
2386,أردنيّة,2025-01-31 11:12:25,,True,admin
2387,عراقيّة,2025-01-31 11:13:20,,True,admin
2388,عراقيّة,2025-01-31 11:13:20,,True,admin
2389,عراقيّة,2025-01-31 11:13:20,,True,admin
2390,عراقيّة,2025-01-31 11:13:20,,True,admin
2391,عراقيّة,2025-01-31 11:13:20,,True,admin
2392,عراقيّة,2025-01-31 11:13:20,,True,admin
2393,أردنيّة,2025-01-31 11:12:25,,True,admin
2394,عراقيّة,2025-01-31 11:13:20,,True,admin
2395,عراقيّة,2025-01-31 11:13:20,,True,admin
2396,عراقيّة,2025-01-31 11:13:20,,True,admin
2397,عراقيّة,2025-01-31 11:13:20,,True,admin
2398,عراقيّة,2025-01-31 11:13:20,,True,admin
2399,عراقيّة,2025-01-31 11:13:20,,True,admin
2400,عراقيّة,2025-01-31 11:13:20,,True,admin
2401,عراقيّة,2025-01-31 11:13:20,,True,admin
2402,عراقيّة,2025-01-31 11:13:20,,True,admin
2403,عراقيّة,2025-01-31 11:13:20,,True,admin
2404,عراقيّة,2025-01-31 11:13:20,,True,admin
2405,عراقيّة,2025-01-31 11:13:20,,True,admin
2406,أردنيّة,2025-01-31 11:12:25,,True,admin
2407,أردنيّة,2025-01-31 11:12:25,,True,admin
2408,عراقيّة,2025-01-31 11:13:20,,True,admin
2409,عراقيّة,2025-01-31 11:13:20,,True,admin
2410,أردنيّة,2025-01-31 11:12:25,,True,admin
2411,عراقيّة,2025-01-31 11:13:20,,True,admin
2412,عراقيّة,2025-01-31 11:13:20,,True,admin
2413,عراقيّة,2025-01-31 11:13:20,,True,admin
2414,عراقيّة,2025-01-31 11:13:20,,True,admin
2415,عراقيّة,2025-01-31 11:13:20,,True,admin
2416,عراقيّة,2025-01-31 11:13:20,,True,admin
2417,عراقيّة,2025-01-31 11:13:20,,True,admin
2418,عراقيّة,2025-01-31 11:13:20,,True,admin
2419,عراقيّة,2025-01-31 11:13:20,,True,admin
2420,عراقيّة,2025-01-31 11:13:20,,True,admin
2421,عراقيّة,2025-01-31 11:13:20,,True,admin
2422,عراقيّة,2025-01-31 11:13:20,,True,admin
2423,أردنيّة,2025-01-31 11:12:25,,True,admin
2424,عراقيّة,2025-01-31 11:13:20,,True,admin
2425,عراقيّة,2025-01-31 11:13:20,,True,admin
2426,عراقيّة,2025-01-31 11:13:20,,True,admin
2427,عراقيّة,2025-01-31 11:13:20,,True,admin
2428,أردنيّة,2025-01-31 11:12:25,,True,admin
2429,عراقيّة,2025-01-31 11:13:20,,True,admin
2430,عراقيّة,2025-01-31 11:13:20,,True,admin
2431,عراقيّة,2025-01-31 11:13:20,,True,admin
2432,أردنيّة,2025-01-31 11:12:25,,True,admin
2433,عراقيّة,2025-01-31 11:13:20,,True,admin
2434,أردنيّة,2025-01-31 11:12:25,,True,admin
2435,أردنيّة,2025-01-31 11:12:25,,True,admin
2436,أردنيّة,2025-01-31 11:12:25,,True,admin
2437,عراقيّة,2025-01-31 11:13:20,,True,admin
2438,أردنيّة,2025-01-31 11:12:25,,True,admin
2439,أردنيّة,2025-01-31 11:12:25,,True,admin
2440,أردنيّة,2025-01-31 11:12:25,,True,admin
2441,مصريّة,2025-01-31 11:13:45,,True,admin
2442,أردنيّة,2025-01-31 11:12:25,,True,admin
2443,أردنيّة,2025-01-31 11:12:25,,True,admin
2444,أردنيّة,2025-01-31 11:12:25,,True,admin
2445,أردنيّة,2025-01-31 11:12:25,,True,admin
2446,أردنيّة,2025-01-31 11:12:25,,True,admin
2448,أردنيّة,2025-01-31 11:12:25,,True,admin
2449,أردنيّة,2025-01-31 11:12:25,,True,admin
2450,أردنيّة,2025-01-31 11:12:25,,True,admin
2451,أردنيّة,2025-01-31 11:12:25,,True,admin
2452,أردنيّة,2025-01-31 11:12:25,,True,admin
2453,أردنيّة,2025-01-31 11:12:25,,True,admin
2454,أردنيّة,2025-01-31 11:12:25,,True,admin
2455,أردنيّة,2025-01-31 11:12:25,,True,admin
2456,أردنيّة,2025-01-31 11:12:25,,True,admin
2457,أردنيّة,2025-01-31 11:12:25,,True,admin
2458,أردنيّة,2025-01-31 11:12:25,,True,admin
2459,أردنيّة,2025-01-31 11:12:25,,True,admin
2460,أردنيّة,2025-01-31 11:12:25,,True,admin
2461,أردنيّة,2025-01-31 11:12:25,,True,admin
2462,أردنيّة,2025-01-31 11:12:25,,True,admin
2463,أردنيّة,2025-01-31 11:12:25,,True,admin
2464,أردنيّة,2025-01-31 11:12:25,,True,admin
2465,أردنيّة,2025-01-31 11:12:25,,True,admin
2466,أردنيّة,2025-01-31 11:12:25,,True,admin
2467,أردنيّة,2025-01-31 11:12:25,,True,admin
2468,أردنيّة,2025-01-31 11:12:25,,True,admin
2469,أردنيّة,2025-01-31 11:12:25,,True,admin
2470,أردنيّة,2025-01-31 11:12:25,,True,admin
2471,أردنيّة,2025-01-31 11:12:25,,True,admin
2472,أردنيّة,2025-01-31 11:12:25,,True,admin
2473,أردنيّة,2025-01-31 11:12:25,,True,admin
2474,أردنيّة,2025-01-31 11:12:25,,True,admin
2475,أردنيّة,2025-01-31 11:12:25,,True,admin
2476,أردنيّة,2025-01-31 11:12:25,,True,admin
2477,أردنيّة,2025-01-31 11:12:25,,True,admin
2478,أردنيّة,2025-01-31 11:12:25,,True,admin
2479,أردنيّة,2025-01-31 11:12:25,,True,admin
2483,أردنيّة,2025-01-31 11:12:25,,True,admin
2484,أردنيّة,2025-01-31 11:12:25,,True,admin
2486,أردنيّة,2025-01-31 11:12:25,,True,admin
2487,أردنيّة,2025-01-31 11:12:25,,True,admin
2490,أردنيّة,2025-01-31 11:12:25,,True,admin
2493,أردنيّة,2025-01-31 11:12:25,,True,admin
2494,أردنيّة,2025-01-31 11:12:25,,True,admin
2495,أردنيّة,2025-01-31 11:12:25,,True,admin
2496,أردنيّة,2025-01-31 11:12:25,,True,admin
2497,عراقيّة,2025-01-31 11:13:20,,True,admin
2498,عراقيّة,2025-01-31 11:13:20,,True,admin
2499,عراقيّة,2025-01-31 11:13:20,,True,admin
2500,عراقيّة,2025-01-31 11:13:20,,True,admin
2501,عراقيّة,2025-01-31 11:13:20,,True,admin
2502,عراقيّة,2025-01-31 11:13:20,,True,admin
2503,عراقيّة,2025-01-31 11:13:20,,True,admin
2504,عراقيّة,2025-01-31 11:13:20,,True,admin
2505,عراقيّة,2025-01-31 11:13:20,,True,admin
2506,عراقيّة,2025-01-31 11:13:20,,True,admin
2507,عراقيّة,2025-01-31 11:13:20,,True,admin
2508,عراقيّة,2025-01-31 11:13:20,,True,admin
2509,عراقيّة,2025-01-31 11:13:20,,True,admin
2510,عراقيّة,2025-01-31 11:13:20,,True,admin
2511,عراقيّة,2025-01-31 11:13:20,,True,admin
2512,عراقيّة,2025-01-31 11:13:20,,True,admin
2513,عراقيّة,2025-01-31 11:13:20,,True,admin
2514,أردنيّة,2025-01-31 11:12:25,,True,admin
2515,أردنيّة,2025-01-31 11:12:25,,True,admin
2516,أردنيّة,2025-01-31 11:12:25,,True,admin
2517,أردنيّة,2025-01-31 11:12:25,,True,admin
2518,أردنيّة,2025-01-31 11:12:25,,True,admin
2519,مصريّة,2025-01-31 11:13:45,,True,admin
2520,أردنيّة,2025-01-31 11:12:25,,True,admin
2521,أردنيّة,2025-01-31 11:12:25,,True,admin
2522,أردنيّة,2025-01-31 11:12:25,,True,admin
2523,أردنيّة,2025-01-31 11:12:25,,True,admin
2524,أردنيّة,2025-01-31 11:12:25,,True,admin
2525,أردنيّة,2025-01-31 11:12:25,,True,admin
2526,أردنيّة,2025-01-31 11:12:25,,True,admin
2527,أردنيّة,2025-01-31 11:12:25,,True,admin
2528,أردنيّة,2025-01-31 11:12:25,,True,admin
2529,مصريّة,2025-01-31 11:13:45,,True,admin
2530,أردنيّة,2025-01-31 11:12:25,,True,admin
2531,أردنيّة,2025-01-31 11:12:25,,True,admin
2532,أردنيّة,2025-01-31 11:12:25,,True,admin
2533,أردنيّة,2025-01-31 11:12:25,,True,admin
2534,أردنيّة,2025-01-31 11:12:25,,True,admin
2535,أردنيّة,2025-01-31 11:12:25,,True,admin
2536,أردنيّة,2025-01-31 11:12:25,,True,admin
2538,أردنيّة,2025-01-31 11:12:25,,True,admin
2539,أردنيّة,2025-01-31 11:12:25,,True,admin
2540,أردنيّة,2025-01-31 11:12:25,,True,admin
2541,أردنيّة,2025-01-31 11:12:25,,True,admin
2542,أردنيّة,2025-01-31 11:12:25,,True,admin
2543,أردنيّة,2025-01-31 11:12:25,,True,admin
2544,أردنيّة,2025-01-31 11:12:25,,True,admin
2545,أردنيّة,2025-01-31 11:12:25,,True,admin
2546,أردنيّة,2025-01-31 11:12:25,,True,admin
2547,أردنيّة,2025-01-31 11:12:25,,True,admin
2548,أردنيّة,2025-01-31 11:12:25,,True,admin
2549,أردنيّة,2025-01-31 11:12:25,,True,admin
2550,أردنيّة,2025-01-31 11:12:25,,True,admin
2551,أردنيّة,2025-01-31 11:12:25,,True,admin
2552,أردنيّة,2025-01-31 11:12:25,,True,admin
2553,عراقيّة,2025-01-31 11:13:20,,True,admin
2554,عراقيّة,2025-01-31 11:13:20,,True,admin
2555,عراقيّة,2025-01-31 11:13:20,,True,admin
2556,عراقيّة,2025-01-31 11:13:20,,True,admin
2557,عراقيّة,2025-01-31 11:13:20,,True,admin
2558,عراقيّة,2025-01-31 11:13:20,,True,admin
2559,أردنيّة,2025-01-31 11:12:25,,True,admin
2560,أردنيّة,2025-01-31 11:12:25,,True,admin
2561,عراقيّة,2025-01-31 11:13:20,,True,admin
2562,عراقيّة,2025-01-31 11:13:20,,True,admin
2563,عراقيّة,2025-01-31 11:13:20,,True,admin
2564,أردنيّة,2025-01-31 11:12:25,,True,admin
2565,عراقيّة,2025-01-31 11:13:20,,True,admin
2566,أردنيّة,2025-01-31 11:12:25,,True,admin
2567,أردنيّة,2025-01-31 11:12:25,,True,admin
2568,أردنيّة,2025-01-31 11:12:25,,True,admin
2569,أردنيّة,2025-01-31 11:12:25,,True,admin
2570,أردنيّة,2025-01-31 11:12:25,,True,admin
2571,أردنيّة,2025-01-31 11:12:25,,True,admin
2572,أردنيّة,2025-01-31 11:12:25,,True,admin
2574,أردنيّة,2025-01-31 11:12:25,,True,admin
2575,أردنيّة,2025-01-31 11:12:25,,True,admin
2577,أردنيّة,2025-01-31 11:12:25,,True,admin
2578,أردنيّة,2025-01-31 11:12:25,,True,admin
2579,أردنيّة,2025-01-31 11:12:25,,True,admin
2600,أردنيّة,2025-01-31 11:12:25,,True,admin
2601,أردنيّة,2025-01-31 11:12:25,,True,admin
2603,أردنيّة,2025-01-31 11:12:25,,True,admin
2604,أردنيّة,2025-01-31 11:12:25,,True,admin
2605,أردنيّة,2025-01-31 11:12:25,,True,admin
2607,أردنيّة,2025-01-31 11:12:25,,True,admin
2608,أردنيّة,2025-01-31 11:12:25,,True,admin
2609,أردنيّة,2025-01-31 11:12:25,,True,admin
2610,أردنيّة,2025-01-31 11:12:25,,True,admin
2611,أردنيّة,2025-01-31 11:12:25,,True,admin
2612,أردنيّة,2025-01-31 11:12:25,,True,admin
2613,أردنيّة,2025-01-31 11:12:25,,True,admin
2614,أردنيّة,2025-01-31 11:12:25,,True,admin
2616,أردنيّة,2025-01-31 11:12:25,,True,admin
2617,أردنيّة,2025-01-31 11:12:25,,True,admin
2618,أردنيّة,2025-01-31 11:12:25,,True,admin
2619,أردنيّة,2025-01-31 11:12:25,,True,admin
2620,أردنيّة,2025-01-31 11:12:25,,True,admin
2621,أردنيّة,2025-01-31 11:12:25,,True,admin
2622,أردنيّة,2025-01-31 11:12:25,,True,admin
2623,أردنيّة,2025-01-31 11:12:25,,True,admin
2624,أردنيّة,2025-01-31 11:12:25,,True,admin
2625,أردنيّة,2025-01-31 11:12:25,,True,admin
2626,أردنيّة,2025-01-31 11:12:25,,True,admin
2627,أردنيّة,2025-01-31 11:12:25,,True,admin
2628,أردنيّة,2025-01-31 11:12:25,,True,admin
2629,أردنيّة,2025-01-31 11:12:25,,True,admin
2630,أردنيّة,2025-01-31 11:12:25,,True,admin
2631,أردنيّة,2025-01-31 11:12:25,,True,admin
2632,أردنيّة,2025-01-31 11:12:25,,True,admin
2633,أردنيّة,2025-01-31 11:12:25,,True,admin
2634,لبنانيّة,2025-02-18 14:04:17,,True,admin
2635,أردنيّة,2025-01-31 11:12:25,,True,admin
2636,أردنيّة,2025-01-31 11:12:25,,True,admin
2637,أردنيّة,2025-01-31 11:12:25,,True,admin
2638,أردنيّة,2025-01-31 11:12:25,,True,admin
2639,أردنيّة,2025-01-31 11:12:25,,True,admin
2640,أردنيّة,2025-01-31 11:12:25,,True,admin
2641,أردنيّة,2025-01-31 11:12:25,,True,admin
2642,أردنيّة,2025-01-31 11:12:25,,True,admin
2643,أردنيّة,2025-01-31 11:12:25,,True,admin
2644,أردنيّة,2025-01-31 11:12:25,,True,admin
2645,لبنانيّة,2025-02-18 14:04:17,,True,admin
2646,أردنيّة,2025-01-31 11:12:25,,True,admin
2647,أردنيّة,2025-01-31 11:12:25,,True,admin
2648,أردنيّة,2025-01-31 11:12:25,,True,admin
2649,أردنيّة,2025-01-31 11:12:25,,True,admin
2650,أردنيّة,2025-01-31 11:12:25,,True,admin
2651,أردنيّة,2025-01-31 11:12:25,,True,admin
2652,أردنيّة,2025-01-31 11:12:25,,True,admin
2653,أردنيّة,2025-01-31 11:12:25,,True,admin
2655,أردنيّة,2025-01-31 11:12:25,,True,admin
2658,أردنيّة,2025-01-31 11:12:25,,True,admin
2659,أردنيّة,2025-01-31 11:12:25,,True,admin
2661,أردنيّة,2025-01-31 11:12:25,,True,admin
2662,مصريّة,2025-01-31 11:13:45,,True,admin
2664,أردنيّة,2025-01-31 11:12:25,,True,admin
2665,أردنيّة,2025-01-31 11:12:25,,True,admin
2666,أردنيّة,2025-01-31 11:12:25,,True,admin
2668,أردنيّة,2025-01-31 11:12:25,,True,admin
2669,أردنيّة,2025-01-31 11:12:25,,True,admin
2671,أردنيّة,2025-01-31 11:12:25,,True,admin
2672,أردنيّة,2025-01-31 11:12:25,,True,admin
2673,أردنيّة,2025-01-31 11:12:25,,True,admin
2674,أردنيّة,2025-01-31 11:12:25,,True,admin
2675,مصريّة,2025-01-31 11:13:45,,True,admin
2677,أردنيّة,2025-01-31 11:12:25,,True,admin
2678,أردنيّة,2025-01-31 11:12:25,,True,admin
2680,أردنيّة,2025-01-31 11:12:25,,True,admin
2681,أردنيّة,2025-01-31 11:12:25,,True,admin
2682,أردنيّة,2025-01-31 11:12:25,,True,admin
2683,أردنيّة,2025-01-31 11:12:25,,True,admin
2684,أردنيّة,2025-01-31 11:12:25,,True,admin
2687,أردنيّة,2025-01-31 11:12:25,,True,admin
2688,أردنيّة,2025-01-31 11:12:25,,True,admin
2689,أردنيّة,2025-01-31 11:12:25,,True,admin
2689,أمريكيّة,2025-01-31 11:16:50,,True,admin
2690,أردنيّة,2025-01-31 11:12:25,,True,admin
2690,أمريكيّة,2025-01-31 11:16:50,,True,admin
2692,أردنيّة,2025-01-31 11:12:25,,True,admin
2693,أردنيّة,2025-01-31 11:12:25,,True,admin
2694,أردنيّة,2025-01-31 11:12:25,,True,admin
2695,أردنيّة,2025-01-31 11:12:25,,True,admin
2696,أردنيّة,2025-01-31 11:12:25,,True,admin
2697,أردنيّة,2025-01-31 11:12:25,,True,admin
2698,أردنيّة,2025-01-31 11:12:25,,True,admin
2701,أردنيّة,2025-01-31 11:12:25,,True,admin
2702,أردنيّة,2025-01-31 11:12:25,,True,admin
2703,أردنيّة,2025-01-31 11:12:25,,True,admin
2704,أردنيّة,2025-01-31 11:12:25,,True,admin
2705,أردنيّة,2025-01-31 11:12:25,,True,admin
2706,أردنيّة,2025-01-31 11:12:25,,True,admin
2707,أردنيّة,2025-01-31 11:12:25,,True,admin
2710,أردنيّة,2025-01-31 11:12:25,,True,admin
2713,أردنيّة,2025-01-31 11:12:25,,True,admin
2714,أردنيّة,2025-01-31 11:12:25,,True,admin
2715,أردنيّة,2025-01-31 11:12:25,,True,admin
2716,أردنيّة,2025-01-31 11:12:25,,True,admin
2717,أردنيّة,2025-01-31 11:12:25,,True,admin
2718,أردنيّة,2025-01-31 11:12:25,,True,admin
2719,أردنيّة,2025-01-31 11:12:25,,True,admin
2721,أردنيّة,2025-01-31 11:12:25,,True,admin
2722,أردنيّة,2025-01-31 11:12:25,,True,admin
2723,أردنيّة,2025-01-31 11:12:25,,True,admin
2724,أردنيّة,2025-01-31 11:12:25,,True,admin
2725,أردنيّة,2025-01-31 11:12:25,,True,admin
2727,أردنيّة,2025-01-31 11:12:25,,True,admin
2729,أردنيّة,2025-01-31 11:12:25,,True,admin
2730,أردنيّة,2025-01-31 11:12:25,,True,admin
2731,أردنيّة,2025-01-31 11:12:25,,True,admin
2732,أردنيّة,2025-01-31 11:12:25,,True,admin
2733,أردنيّة,2025-01-31 11:12:25,,True,admin
2734,أردنيّة,2025-01-31 11:12:25,,True,admin
2735,أردنيّة,2025-01-31 11:12:25,,True,admin
2736,أردنيّة,2025-01-31 11:12:25,,True,admin
2737,أردنيّة,2025-01-31 11:12:25,,True,admin
2738,أردنيّة,2025-01-31 11:12:25,,True,admin
2739,أردنيّة,2025-01-31 11:12:25,,True,admin
2740,أردنيّة,2025-01-31 11:12:25,,True,admin
2741,أردنيّة,2025-01-31 11:12:25,,True,admin
2742,أردنيّة,2025-01-31 11:12:25,,True,admin
2743,أردنيّة,2025-01-31 11:12:25,,True,admin
2744,أردنيّة,2025-01-31 11:12:25,,True,admin
2745,أردنيّة,2025-01-31 11:12:25,,True,admin
2746,أردنيّة,2025-01-31 11:12:25,,True,admin
2747,أردنيّة,2025-01-31 11:12:25,,True,admin
2748,أردنيّة,2025-01-31 11:12:25,,True,admin
2749,أردنيّة,2025-01-31 11:12:25,,True,admin
2750,أردنيّة,2025-01-31 11:12:25,,True,admin
2751,أردنيّة,2025-01-31 11:12:25,,True,admin
2752,عراقيّة,2025-01-31 11:13:20,,True,admin
2753,أردنيّة,2025-01-31 11:12:25,,True,admin
2754,عراقيّة,2025-01-31 11:13:20,,True,admin
2755,أردنيّة,2025-01-31 11:12:25,,True,admin
2756,أردنيّة,2025-01-31 11:12:25,,True,admin
2757,أردنيّة,2025-01-31 11:12:25,,True,admin
2758,أردنيّة,2025-01-31 11:12:25,,True,admin
2759,أردنيّة,2025-01-31 11:12:25,,True,admin
2760,أردنيّة,2025-01-31 11:12:25,,True,admin
2761,أردنيّة,2025-01-31 11:12:25,,True,admin
2762,أردنيّة,2025-01-31 11:12:25,,True,admin
2763,أردنيّة,2025-01-31 11:12:25,,True,admin
2764,أردنيّة,2025-01-31 11:12:25,,True,admin
2765,أردنيّة,2025-01-31 11:12:25,,True,admin
2766,أردنيّة,2025-01-31 11:12:25,,True,admin
2767,أردنيّة,2025-01-31 11:12:25,,True,admin
2768,أردنيّة,2025-01-31 11:12:25,,True,admin
2768,أوكرانيّة,2025-11-01 13:42:24,,True,admin
2769,أردنيّة,2025-01-31 11:12:25,,True,admin
2770,أردنيّة,2025-01-31 11:12:25,,True,admin
2771,أردنيّة,2025-01-31 11:12:25,,True,admin
2772,أردنيّة,2025-01-31 11:12:25,,True,admin
2773,أردنيّة,2025-01-31 11:12:25,,True,admin
2774,أردنيّة,2025-01-31 11:12:25,,True,admin
2775,أردنيّة,2025-01-31 11:12:25,,True,admin
2777,أردنيّة,2025-01-31 11:12:25,,True,admin
2779,أردنيّة,2025-01-31 11:12:25,,True,admin
2780,أردنيّة,2025-01-31 11:12:25,,True,admin
2781,أردنيّة,2025-01-31 11:12:25,,True,admin
2782,أردنيّة,2025-01-31 11:12:25,,True,admin
2783,أردنيّة,2025-01-31 11:12:25,,True,admin
2784,أردنيّة,2025-01-31 11:12:25,,True,admin
2785,أردنيّة,2025-01-31 11:12:25,,True,admin
2786,أردنيّة,2025-01-31 11:12:25,,True,admin
2787,أردنيّة,2025-01-31 11:12:25,,True,admin
2788,أردنيّة,2025-01-31 11:12:25,,True,admin
2789,أردنيّة,2025-01-31 11:12:25,,True,admin
2790,أردنيّة,2025-01-31 11:12:25,,True,admin
2791,أردنيّة,2025-01-31 11:12:25,,True,admin
2792,أردنيّة,2025-01-31 11:12:25,,True,admin
2793,أردنيّة,2025-01-31 11:12:25,,True,admin
2794,أردنيّة,2025-01-31 11:12:25,,True,admin
2795,أردنيّة,2025-01-31 11:12:25,,True,admin
2796,أردنيّة,2025-01-31 11:12:25,,True,admin
2797,أردنيّة,2025-01-31 11:12:25,,True,admin
2798,أردنيّة,2025-01-31 11:12:25,,True,admin
2799,أردنيّة,2025-01-31 11:12:25,,True,admin
2800,أردنيّة,2025-01-31 11:12:25,,True,admin
2801,أردنيّة,2025-01-31 11:12:25,,True,admin
2802,أردنيّة,2025-01-31 11:12:25,,True,admin
2803,أردنيّة,2025-01-31 11:12:25,,True,admin
2804,أردنيّة,2025-01-31 11:12:25,,True,admin
2805,أردنيّة,2025-01-31 11:12:25,,True,admin
2806,أردنيّة,2025-01-31 11:12:25,,True,admin
2807,أردنيّة,2025-01-31 11:12:25,,True,admin
2808,عراقيّة,2025-01-31 11:13:20,,True,admin
2809,عراقيّة,2025-01-31 11:13:20,,True,admin
2810,أردنيّة,2025-01-31 11:12:25,,True,admin
2811,أردنيّة,2025-01-31 11:12:25,,True,admin
2812,أردنيّة,2025-01-31 11:12:25,,True,admin
2813,أردنيّة,2025-01-31 11:12:25,,True,admin
2814,أردنيّة,2025-01-31 11:12:25,,True,admin
2815,أردنيّة,2025-01-31 11:12:25,,True,admin
2817,أردنيّة,2025-01-31 11:12:25,,True,admin
2818,أردنيّة,2025-01-31 11:12:25,,True,admin
2819,أردنيّة,2025-01-31 11:12:25,,True,admin
2820,أردنيّة,2025-01-31 11:12:25,,True,admin
2821,أردنيّة,2025-01-31 11:12:25,,True,admin
2822,أردنيّة,2025-01-31 11:12:25,,True,admin
2823,أردنيّة,2025-01-31 11:12:25,,True,admin
2824,أردنيّة,2025-01-31 11:12:25,,True,admin
2825,أردنيّة,2025-01-31 11:12:25,,True,admin
2826,أردنيّة,2025-01-31 11:12:25,,True,admin
2827,أردنيّة,2025-01-31 11:12:25,,True,admin
2828,أردنيّة,2025-01-31 11:12:25,,True,admin
2829,أردنيّة,2025-01-31 11:12:25,,True,admin
2830,أردنيّة,2025-01-31 11:12:25,,True,admin
2831,سوريّة,2025-02-03 16:48:48,,True,admin
2832,أردنيّة,2025-01-31 11:12:25,,True,admin
2833,أردنيّة,2025-01-31 11:12:25,,True,admin
2834,أردنيّة,2025-01-31 11:12:25,,True,admin
2836,أردنيّة,2025-01-31 11:12:25,,True,admin
2837,أردنيّة,2025-01-31 11:12:25,,True,admin
2838,أردنيّة,2025-01-31 11:12:25,,True,admin
2839,أردنيّة,2025-01-31 11:12:25,,True,admin
2840,أردنيّة,2025-01-31 11:12:25,,True,admin
2841,أردنيّة,2025-01-31 11:12:25,,True,admin
2842,أردنيّة,2025-01-31 11:12:25,,True,admin
2843,أردنيّة,2025-01-31 11:12:25,,True,admin
2844,أردنيّة,2025-01-31 11:12:25,,True,admin
2845,أردنيّة,2025-01-31 11:12:25,,True,admin
2847,أردنيّة,2025-01-31 11:12:25,,True,admin
2848,أردنيّة,2025-01-31 11:12:25,,True,admin
2849,أردنيّة,2025-01-31 11:12:25,,True,admin
2850,أردنيّة,2025-01-31 11:12:25,,True,admin
2852,أردنيّة,2025-01-31 11:12:25,,True,admin
2853,مصريّة,2025-01-31 11:13:45,,True,admin
2854,أردنيّة,2025-01-31 11:12:25,,True,admin
2855,سوريّة,2025-02-03 16:48:48,,True,admin
2856,أردنيّة,2025-01-31 11:12:25,,True,admin
2857,أردنيّة,2025-01-31 11:12:25,,True,admin
2858,أردنيّة,2025-01-31 11:12:25,,True,admin
2860,مصريّة,2025-01-31 11:13:45,,True,admin
2861,أردنيّة,2025-01-31 11:12:25,,True,admin
2862,عراقيّة,2025-01-31 11:13:20,,True,admin
2863,أردنيّة,2025-01-31 11:12:25,,True,admin
2864,أردنيّة,2025-01-31 11:12:25,,True,admin
2865,أردنيّة,2025-01-31 11:12:25,,True,admin
2866,أردنيّة,2025-01-31 11:12:25,,True,admin
2867,أردنيّة,2025-01-31 11:12:25,,True,admin
2868,أردنيّة,2025-01-31 11:12:25,,True,admin
2871,أردنيّة,2025-01-31 11:12:25,,True,admin
2872,أردنيّة,2025-01-31 11:12:25,,True,admin
2873,أردنيّة,2025-01-31 11:12:25,,True,admin
2874,أردنيّة,2025-01-31 11:12:25,,True,admin
2875,عراقيّة,2025-01-31 11:13:20,,True,admin
2876,أردنيّة,2025-01-31 11:12:25,,True,admin
2877,أردنيّة,2025-01-31 11:12:25,,True,admin
2878,أردنيّة,2025-01-31 11:12:25,,True,admin
2879,أردنيّة,2025-01-31 11:12:25,,True,admin
2880,عراقيّة,2025-01-31 11:13:20,,True,admin
2881,أردنيّة,2025-01-31 11:12:25,,True,admin
2882,أردنيّة,2025-01-31 11:12:25,,True,admin
2883,أردنيّة,2025-01-31 11:12:25,,True,admin
2884,أردنيّة,2025-01-31 11:12:25,,True,admin
2885,أردنيّة,2025-01-31 11:12:25,,True,admin
2886,أردنيّة,2025-01-31 11:12:25,,True,admin
2887,أردنيّة,2025-01-31 11:12:25,,True,admin
2888,أردنيّة,2025-01-31 11:12:25,,True,admin
2889,أردنيّة,2025-01-31 11:12:25,,True,admin
2890,أردنيّة,2025-01-31 11:12:25,,True,admin
2891,أردنيّة,2025-01-31 11:12:25,,True,admin
2892,أردنيّة,2025-01-31 11:12:25,,True,admin
2893,أردنيّة,2025-01-31 11:12:25,,True,admin
2894,أردنيّة,2025-01-31 11:12:25,,True,admin
2895,أردنيّة,2025-01-31 11:12:25,,True,admin
2896,أردنيّة,2025-01-31 11:12:25,,True,admin
2897,أردنيّة,2025-01-31 11:12:25,,True,admin
2898,أردنيّة,2025-01-31 11:12:25,,True,admin
2899,أردنيّة,2025-01-31 11:12:25,,True,admin
2900,أردنيّة,2025-01-31 11:12:25,,True,admin
2901,أردنيّة,2025-01-31 11:12:25,,True,admin
2902,أردنيّة,2025-01-31 11:12:25,,True,admin
2903,أردنيّة,2025-01-31 11:12:25,,True,admin
2904,أردنيّة,2025-01-31 11:12:25,,True,admin
2905,أردنيّة,2025-01-31 11:12:25,,True,admin
2906,أردنيّة,2025-01-31 11:12:25,,True,admin
2907,أردنيّة,2025-01-31 11:12:25,,True,admin
2908,أردنيّة,2025-01-31 11:12:25,,True,admin
2909,أردنيّة,2025-01-31 11:12:25,,True,admin
2910,أردنيّة,2025-01-31 11:12:25,,True,admin
2911,أردنيّة,2025-01-31 11:12:25,,True,admin
2913,أردنيّة,2025-01-31 11:12:25,,True,admin
2914,أردنيّة,2025-01-31 11:12:25,,True,admin
2915,أردنيّة,2025-01-31 11:12:25,,True,admin
2916,أردنيّة,2025-01-31 11:12:25,,True,admin
2917,أردنيّة,2025-01-31 11:12:25,,True,admin
2918,مصريّة,2025-01-31 11:13:45,,True,admin
2919,أردنيّة,2025-01-31 11:12:25,,True,admin
2920,أردنيّة,2025-01-31 11:12:25,,True,admin
2921,أردنيّة,2025-01-31 11:12:25,,True,admin
2922,أردنيّة,2025-01-31 11:12:25,,True,admin
2923,أردنيّة,2025-01-31 11:12:25,,True,admin
2924,أردنيّة,2025-01-31 11:12:25,,True,admin
2925,أردنيّة,2025-01-31 11:12:25,,True,admin
2926,أردنيّة,2025-01-31 11:12:25,,True,admin
2927,أردنيّة,2025-01-31 11:12:25,,True,admin
2928,أردنيّة,2025-01-31 11:12:25,,True,admin
2929,أردنيّة,2025-01-31 11:12:25,,True,admin
2930,أردنيّة,2025-01-31 11:12:25,,True,admin
2931,عراقيّة,2025-01-31 11:13:20,,True,admin
2932,أردنيّة,2025-01-31 11:12:25,,True,admin
2933,أردنيّة,2025-01-31 11:12:25,,True,admin
2934,أردنيّة,2025-01-31 11:12:25,,True,admin
2935,أردنيّة,2025-01-31 11:12:25,,True,admin
2936,أردنيّة,2025-01-31 11:12:25,,True,admin
2937,أردنيّة,2025-01-31 11:12:25,,True,admin
2939,عراقيّة,2025-01-31 11:13:20,,True,admin
2940,عراقيّة,2025-01-31 11:13:20,,True,admin
2941,أردنيّة,2025-01-31 11:12:25,,True,admin
2942,أردنيّة,2025-01-31 11:12:25,,True,admin
2943,أردنيّة,2025-01-31 11:12:25,,True,admin
2944,أردنيّة,2025-01-31 11:12:25,,True,admin
2945,أردنيّة,2025-01-31 11:12:25,,True,admin
2946,أردنيّة,2025-01-31 11:12:25,,True,admin
2947,أردنيّة,2025-01-31 11:12:25,,True,admin
2948,أردنيّة,2025-01-31 11:12:25,,True,admin
2949,أردنيّة,2025-01-31 11:12:25,,True,admin
2950,أردنيّة,2025-01-31 11:12:25,,True,admin
2951,أردنيّة,2025-01-31 11:12:25,,True,admin
2952,أردنيّة,2025-01-31 11:12:25,,True,admin
2953,أردنيّة,2025-01-31 11:12:25,,True,admin
2954,أردنيّة,2025-01-31 11:12:25,,True,admin
2955,أردنيّة,2025-01-31 11:12:25,,True,admin
2956,أردنيّة,2025-01-31 11:12:25,,True,admin
2957,أردنيّة,2025-01-31 11:12:25,,True,admin
2958,أردنيّة,2025-01-31 11:12:25,,True,admin
2959,أردنيّة,2025-01-31 11:12:25,,True,admin
2960,أردنيّة,2025-01-31 11:12:25,,True,admin
2961,أردنيّة,2025-01-31 11:12:25,,True,admin
2962,أردنيّة,2025-01-31 11:12:25,,True,admin
2963,أردنيّة,2025-01-31 11:12:25,,True,admin
2964,أردنيّة,2025-01-31 11:12:25,,True,admin
2965,أردنيّة,2025-01-31 11:12:25,,True,admin
2966,أردنيّة,2025-01-31 11:12:25,,True,admin
2967,أردنيّة,2025-01-31 11:12:25,,True,admin
2968,أردنيّة,2025-01-31 11:12:25,,True,admin
2969,أردنيّة,2025-01-31 11:12:25,,True,admin
2970,مصريّة,2025-01-31 11:13:45,,True,admin
2971,أردنيّة,2025-01-31 11:12:25,,True,admin
2972,أردنيّة,2025-01-31 11:12:25,,True,admin
2973,أردنيّة,2025-01-31 11:12:25,,True,admin
2974,أردنيّة,2025-01-31 11:12:25,,True,admin
2975,أردنيّة,2025-01-31 11:12:25,,True,admin
2976,أردنيّة,2025-01-31 11:12:25,,True,admin
2977,أردنيّة,2025-01-31 11:12:25,,True,admin
2978,أردنيّة,2025-01-31 11:12:25,,True,admin
2979,عراقيّة,2025-01-31 11:13:20,,True,admin
2980,عراقيّة,2025-01-31 11:13:20,,True,admin
2981,أردنيّة,2025-01-31 11:12:25,,True,admin
2982,أردنيّة,2025-01-31 11:12:25,,True,admin
2983,أردنيّة,2025-01-31 11:12:25,,True,admin
2984,أردنيّة,2025-01-31 11:12:25,,True,admin
2985,أردنيّة,2025-01-31 11:12:25,,True,admin
2986,أردنيّة,2025-01-31 11:12:25,,True,admin
2987,أردنيّة,2025-01-31 11:12:25,,True,admin
2988,أردنيّة,2025-01-31 11:12:25,,True,admin
2989,أمريكيّة,2025-01-31 11:16:50,,True,admin
2990,أردنيّة,2025-01-31 11:12:25,,True,admin
2991,أردنيّة,2025-01-31 11:12:25,,True,admin
2992,أردنيّة,2025-01-31 11:12:25,,True,admin
2993,أردنيّة,2025-01-31 11:12:25,,True,admin
2994,أردنيّة,2025-01-31 11:12:25,,True,admin
2995,أردنيّة,2025-01-31 11:12:25,,True,admin
2996,أردنيّة,2025-01-31 11:12:25,,True,admin
2997,أردنيّة,2025-01-31 11:12:25,,True,admin
2998,أردنيّة,2025-01-31 11:12:25,,True,admin
2999,أردنيّة,2025-01-31 11:12:25,,True,admin
3000,أردنيّة,2025-01-31 11:12:25,,True,admin
3001,أردنيّة,2025-01-31 11:12:25,,True,admin
3003,أردنيّة,2025-01-31 11:12:25,,True,admin
3004,أردنيّة,2025-01-31 11:12:25,,True,admin
3005,أردنيّة,2025-01-31 11:12:25,,True,admin
3006,أردنيّة,2025-01-31 11:12:25,,True,admin
3007,أردنيّة,2025-01-31 11:12:25,,True,admin
3008,عراقيّة,2025-01-31 11:13:20,,True,admin
3009,عراقيّة,2025-01-31 11:13:20,,True,admin
3010,أردنيّة,2025-01-31 11:12:25,,True,admin
3011,أردنيّة,2025-01-31 11:12:25,,True,admin
3012,أردنيّة,2025-01-31 11:12:25,,True,admin
3013,أردنيّة,2025-01-31 11:12:25,,True,admin
3014,أردنيّة,2025-01-31 11:12:25,,True,admin
3015,مصريّة,2025-01-31 11:13:45,,True,admin
3016,أردنيّة,2025-01-31 11:12:25,,True,admin
3017,أردنيّة,2025-01-31 11:12:25,,True,admin
3018,أردنيّة,2025-01-31 11:12:25,,True,admin
3019,أردنيّة,2025-01-31 11:12:25,,True,admin
3020,أردنيّة,2025-01-31 11:12:25,,True,admin
3021,أردنيّة,2025-01-31 11:12:25,,True,admin
3022,أردنيّة,2025-01-31 11:12:25,,True,admin
3023,أردنيّة,2025-01-31 11:12:25,,True,admin
3024,أردنيّة,2025-01-31 11:12:25,,True,admin
3025,أردنيّة,2025-01-31 11:12:25,,True,admin
3026,أردنيّة,2025-01-31 11:12:25,,True,admin
3027,أردنيّة,2025-01-31 11:12:25,,True,admin
3028,أردنيّة,2025-01-31 11:12:25,,True,admin
3029,أردنيّة,2025-01-31 11:12:25,,True,admin
3030,أردنيّة,2025-01-31 11:12:25,,True,admin
3031,أردنيّة,2025-01-31 11:12:25,,True,admin
3033,أردنيّة,2025-01-31 11:12:25,,True,admin
3034,أردنيّة,2025-01-31 11:12:25,,True,admin
3035,أردنيّة,2025-01-31 11:12:25,,True,admin
3036,أردنيّة,2025-01-31 11:12:25,,True,admin
3037,أردنيّة,2025-01-31 11:12:25,,True,admin
3038,أردنيّة,2025-01-31 11:12:25,,True,admin
3039,أردنيّة,2025-01-31 11:12:25,,True,admin
3040,أردنيّة,2025-01-31 11:12:25,,True,admin
3041,أردنيّة,2025-01-31 11:12:25,,True,admin
3042,أردنيّة,2025-01-31 11:12:25,,True,admin
3043,أردنيّة,2025-01-31 11:12:25,,True,admin
3044,أردنيّة,2025-01-31 11:12:25,,True,admin
3045,أردنيّة,2025-01-31 11:12:25,,True,admin
3046,أردنيّة,2025-01-31 11:12:25,,True,admin
3047,أردنيّة,2025-01-31 11:12:25,,True,admin
3048,أردنيّة,2025-01-31 11:12:25,,True,admin
3049,أردنيّة,2025-01-31 11:12:25,,True,admin
3050,أردنيّة,2025-01-31 11:12:25,,True,admin
3051,أردنيّة,2025-01-31 11:12:25,,True,admin
3052,أردنيّة,2025-01-31 11:12:25,,True,admin
3053,عراقيّة,2025-01-31 11:13:20,,True,admin
3054,عراقيّة,2025-01-31 11:13:20,,True,admin
3055,عراقيّة,2025-01-31 11:13:20,,True,admin
3056,عراقيّة,2025-01-31 11:13:20,,True,admin
3059,أردنيّة,2025-01-31 11:12:25,,True,admin
3060,أردنيّة,2025-01-31 11:12:25,,True,admin
3061,أردنيّة,2025-01-31 11:12:25,,True,admin
3062,أردنيّة,2025-01-31 11:12:25,,True,admin
3063,أردنيّة,2025-01-31 11:12:25,,True,admin
3064,أردنيّة,2025-01-31 11:12:25,,True,admin
3065,أردنيّة,2025-01-31 11:12:25,,True,admin
3066,أردنيّة,2025-01-31 11:12:25,,True,admin
3067,أردنيّة,2025-01-31 11:12:25,,True,admin
3068,أردنيّة,2025-01-31 11:12:25,,True,admin
3069,أردنيّة,2025-01-31 11:12:25,,True,admin
3070,أردنيّة,2025-01-31 11:12:25,,True,admin
3071,أردنيّة,2025-01-31 11:12:25,,True,admin
3072,عراقيّة,2025-01-31 11:13:20,,True,admin
3073,أردنيّة,2025-01-31 11:12:25,,True,admin
3074,أردنيّة,2025-01-31 11:12:25,,True,admin
3075,أردنيّة,2025-01-31 11:12:25,,True,admin
3076,أردنيّة,2025-01-31 11:12:25,,True,admin
3078,أردنيّة,2025-01-31 11:12:25,,True,admin
3079,أردنيّة,2025-01-31 11:12:25,,True,admin
3080,أردنيّة,2025-01-31 11:12:25,,True,admin
3081,أردنيّة,2025-01-31 11:12:25,,True,admin
3082,أردنيّة,2025-01-31 11:12:25,,True,admin
3083,أردنيّة,2025-01-31 11:12:25,,True,admin
3084,أردنيّة,2025-01-31 11:12:25,,True,admin
3085,أردنيّة,2025-01-31 11:12:25,,True,admin
3086,أردنيّة,2025-01-31 11:12:25,,True,admin
3087,أردنيّة,2025-01-31 11:12:25,,True,admin
3088,أردنيّة,2025-01-31 11:12:25,,True,admin
3089,أردنيّة,2025-01-31 11:12:25,,True,admin
3090,أردنيّة,2025-01-31 11:12:25,,True,admin
597,أردنيّة,2025-01-31 11:12:25,,True,admin
2191,أردنيّة,2025-01-31 11:12:25,,True,admin
598,أردنيّة,2025-01-31 11:12:25,,True,admin
805,أردنيّة,2025-01-31 11:12:25,,True,admin
1255,أردنيّة,2025-01-31 11:12:25,,True,admin
90,أردنيّة,2025-01-31 11:12:25,,True,admin
271,أردنيّة,2025-01-31 11:12:25,,True,admin
2363,عراقيّة,2025-01-31 11:13:20,,True,admin
2776,أردنيّة,2025-01-31 11:12:25,,True,admin
2912,أردنيّة,2025-01-31 11:12:25,,True,admin
2778,أردنيّة,2025-01-31 11:12:25,,True,admin
245,أردنيّة,2025-01-31 11:12:25,,True,admin
141,أردنيّة,2025-01-31 11:12:25,,True,admin
1281,أردنيّة,2025-01-31 11:12:25,,True,admin
1253,أردنيّة,2025-01-31 11:12:25,,True,admin
1272,أردنيّة,2025-01-31 11:12:25,,True,admin
254,أردنيّة,2025-01-31 11:12:25,,True,admin
680,أردنيّة,2025-01-31 11:12:25,,True,admin
635,أردنيّة,2025-01-31 11:12:25,,True,admin
1391,أردنيّة,2025-01-31 11:12:25,,True,admin
1126,سوريّة,2025-02-03 16:48:48,,True,admin
1126,أبناء الأردنيّات,2025-02-23 14:17:18,,True,admin
0,أردنيّة,2025-01-31 11:12:25,,True,admin
364,أردنيّة,2025-01-31 11:12:25,,True,admin
1405,أردنيّة,2025-01-31 11:12:25,,True,admin
594,أردنيّة,2025-01-31 11:12:25,,True,admin
857,أردنيّة,2025-01-31 11:12:25,,True,admin
2581,أردنيّة,2025-01-31 11:12:25,,True,admin
2580,أردنيّة,2025-01-31 11:12:25,,True,admin
2582,أردنيّة,2025-01-31 11:12:25,,True,admin
2583,أردنيّة,2025-01-31 11:12:25,,True,admin
2584,أردنيّة,2025-01-31 11:12:25,,True,admin
2585,أردنيّة,2025-01-31 11:12:25,,True,admin
2586,أردنيّة,2025-01-31 11:12:25,,True,admin
2587,عراقيّة,2025-01-31 11:13:20,,True,admin
2588,أردنيّة,2025-01-31 11:12:25,,True,admin
2589,أردنيّة,2025-01-31 11:12:25,,True,admin
2590,أردنيّة,2025-01-31 11:12:25,,True,admin
2591,عراقيّة,2025-01-31 11:13:20,,True,admin
2592,أردنيّة,2025-01-31 11:12:25,,True,admin
2593,أردنيّة,2025-01-31 11:12:25,,True,admin
2594,عراقيّة,2025-01-31 11:13:20,,True,admin
2595,أردنيّة,2025-01-31 11:12:25,,True,admin
2596,أردنيّة,2025-01-31 11:12:25,,True,admin
2597,أردنيّة,2025-01-31 11:12:25,,True,admin
2598,أردنيّة,2025-01-31 11:12:25,,True,admin
724,أردنيّة,2025-01-31 11:12:25,,True,admin
682,أردنيّة,2025-01-31 11:12:25,,True,admin
2686,أردنيّة,2025-01-31 11:12:25,,True,admin
2670,أردنيّة,2025-01-31 11:12:25,,True,admin
2482,أردنيّة,2025-01-31 11:12:25,,True,admin
2488,أردنيّة,2025-01-31 11:12:25,,True,admin
2615,أردنيّة,2025-01-31 11:12:25,,True,admin
2656,أردنيّة,2025-01-31 11:12:25,,True,admin
2654,أردنيّة,2025-01-31 11:12:25,,True,admin
2663,عراقيّة,2025-01-31 11:13:20,,True,admin
748,أردنيّة,2025-01-31 11:12:25,,True,admin
2667,أردنيّة,2025-01-31 11:12:25,,True,admin
746,أردنيّة,2025-01-31 11:12:25,,True,admin
2691,أردنيّة,2025-01-31 11:12:25,,True,admin
2489,أردنيّة,2025-01-31 11:12:25,,True,admin
2491,أردنيّة,2025-01-31 11:12:25,,True,admin
2699,أردنيّة,2025-01-31 11:12:25,,True,admin
2711,أردنيّة,2025-01-31 11:12:25,,True,admin
2712,أردنيّة,2025-01-31 11:12:25,,True,admin
2660,أردنيّة,2025-01-31 11:12:25,,True,admin
760,أردنيّة,2025-01-31 11:12:25,,True,admin
728,أردنيّة,2025-01-31 11:12:25,,True,admin
1441,أردنيّة,2025-01-31 11:12:25,,True,admin
2728,أردنيّة,2025-01-31 11:12:25,,True,admin
2938,أردنيّة,2025-01-31 11:12:25,,True,admin
703,أردنيّة,2025-01-31 11:12:25,,True,admin
565,أردنيّة,2025-01-31 11:12:25,,True,admin
683,أردنيّة,2025-01-31 11:12:25,,True,admin
686,أردنيّة,2025-01-31 11:12:25,,True,admin
687,أردنيّة,2025-01-31 11:12:25,,True,admin
2859,أردنيّة,2025-01-31 11:12:25,,True,admin
533,أردنيّة,2025-01-31 11:12:25,,True,admin
580,أردنيّة,2025-01-31 11:12:25,,True,admin
581,أردنيّة,2025-01-31 11:12:25,,True,admin
535,أردنيّة,2025-01-31 11:12:25,,True,admin
2720,أردنيّة,2025-01-31 11:12:25,,True,admin
2816,أردنيّة,2025-01-31 11:12:25,,True,admin
685,أردنيّة,2025-01-31 11:12:25,,True,admin
2121,مصريّة,2025-01-31 11:13:45,,True,admin
525,أردنيّة,2025-01-31 11:12:25,,True,admin
2870,أردنيّة,2025-01-31 11:12:25,,True,admin
2235,أردنيّة,2025-01-31 11:12:25,,True,admin
731,أردنيّة,2025-01-31 11:12:25,,True,admin
698,أردنيّة,2025-01-31 11:12:25,,True,admin
718,مصريّة,2025-01-31 11:13:45,,True,admin
2846,أردنيّة,2025-01-31 11:12:25,,True,admin
1426,أردنيّة,2025-01-31 11:12:25,,True,admin
727,أردنيّة,2025-01-31 11:12:25,,True,admin
692,أردنيّة,2025-01-31 11:12:25,,True,admin
743,أردنيّة,2025-01-31 11:12:25,,True,admin
2657,أردنيّة,2025-01-31 11:12:25,,True,admin
1393,أردنيّة,2025-01-31 11:12:25,,True,admin
2700,أردنيّة,2025-01-31 11:12:25,,True,admin
2685,أردنيّة,2025-01-31 11:12:25,,True,admin
2481,أردنيّة,2025-01-31 11:12:25,,True,admin
776,أردنيّة,2025-01-31 11:12:25,,True,admin
779,أردنيّة,2025-01-31 11:12:25,,True,admin
1437,أردنيّة,2025-01-31 11:12:25,,True,admin
2122,أردنيّة,2025-01-31 11:12:25,,True,admin
2238,أردنيّة,2025-01-31 11:12:25,,True,admin
3058,أردنيّة,2025-01-31 11:12:25,,True,admin
1056,أردنيّة,2025-01-31 11:12:25,,True,admin
602,أردنيّة,2025-01-31 11:12:25,,True,admin
2835,أردنيّة,2025-01-31 11:12:25,,True,admin
754,أردنيّة,2025-01-31 11:12:25,,True,admin
756,أردنيّة,2025-01-31 11:12:25,,True,admin
758,أردنيّة,2025-01-31 11:12:25,,True,admin
3113,أردنيّة,2025-01-31 11:12:25,,True,admin
3114,أردنيّة,2025-01-31 11:12:25,,True,admin
3115,أردنيّة,2025-01-31 11:12:25,,True,admin
3116,أردنيّة,2025-01-31 11:12:25,,True,admin
3117,أردنيّة,2025-01-31 11:12:25,,True,admin
3118,أردنيّة,2025-01-31 11:12:25,,True,admin
3119,أردنيّة,2025-01-31 11:12:25,,True,admin
3120,أردنيّة,2025-01-31 11:12:25,,True,admin
3121,أردنيّة,2025-01-31 11:12:25,,True,admin
3122,أردنيّة,2025-01-31 11:12:25,,True,admin
3123,أردنيّة,2025-01-31 11:12:25,,True,admin
3124,أردنيّة,2025-01-31 11:12:25,,True,admin
3125,أردنيّة,2025-01-31 11:12:25,,True,admin
3126,أردنيّة,2025-01-31 11:12:25,,True,admin
3127,أردنيّة,2025-01-31 11:12:25,,True,admin
3128,أردنيّة,2025-01-31 11:12:25,,True,admin
3129,أردنيّة,2025-01-31 11:12:25,,True,admin
3130,أردنيّة,2025-01-31 11:12:25,,True,admin
3131,أردنيّة,2025-01-31 11:12:25,,True,admin
3133,أردنيّة,2025-01-31 11:12:25,,True,admin
3134,أردنيّة,2025-01-31 11:12:25,,True,admin
3135,أردنيّة,2025-01-31 11:12:25,,True,admin
3136,أردنيّة,2025-01-31 11:12:25,,True,admin
3137,أردنيّة,2025-01-31 11:12:25,,True,admin
3138,أردنيّة,2025-01-31 11:12:25,,True,admin
3139,أردنيّة,2025-01-31 11:12:25,,True,admin
3140,أردنيّة,2025-01-31 11:12:25,,True,admin
3141,أردنيّة,2025-01-31 11:12:25,,True,admin
3142,أردنيّة,2025-01-31 11:12:25,,True,admin
3143,أردنيّة,2025-01-31 11:12:25,,True,admin
3144,أردنيّة,2025-01-31 11:12:25,,True,admin
3145,أردنيّة,2025-01-31 11:12:25,,True,admin
3146,أردنيّة,2025-01-31 11:12:25,,True,admin
3147,أردنيّة,2025-01-31 11:12:25,,True,admin
3148,أردنيّة,2025-01-31 11:12:25,,True,admin
3149,أردنيّة,2025-01-31 11:12:25,,True,admin
3150,أردنيّة,2025-01-31 11:12:25,,True,admin
3151,أردنيّة,2025-01-31 11:12:25,,True,admin
3152,أردنيّة,2025-01-31 11:12:25,,True,admin
3153,أردنيّة,2025-01-31 11:12:25,,True,admin
3154,أردنيّة,2025-01-31 11:12:25,,True,admin
3155,أردنيّة,2025-01-31 11:12:25,,True,admin
2485,أردنيّة,2025-01-31 11:12:25,,True,admin
3002,أردنيّة,2025-01-31 11:12:25,,True,admin
2676,أردنيّة,2025-01-31 11:12:25,,True,admin
2726,أردنيّة,2025-01-31 11:12:25,,True,admin
2599,أردنيّة,2025-01-31 11:12:25,,True,admin
2602,فلسطينيّة,2025-01-31 11:18:03,,True,admin
526,أردنيّة,2025-01-31 11:12:25,,True,admin
2606,أردنيّة,2025-01-31 11:12:25,,True,admin
2708,أردنيّة,2025-01-31 11:12:25,,True,admin
2709,أردنيّة,2025-01-31 11:12:25,,True,admin
3132,أردنيّة,2025-01-31 11:12:25,,True,admin
2679,أردنيّة,2025-01-31 11:12:25,,True,admin
2492,أردنيّة,2025-01-31 11:12:25,,True,admin
2573,أردنيّة,2025-01-31 11:12:25,,True,admin
1050,مصريّة,2025-01-31 11:13:45,,True,admin
1050,أبناء الأردنيّات,2025-02-23 14:17:18,,True,admin
2447,أردنيّة,2025-01-31 11:12:25,,True,admin
1833,أردنيّة,2025-01-31 11:12:25,,True,admin
194,عراقيّة,2025-01-31 11:13:20,,True,admin
19,أردنيّة,2025-01-31 11:12:25,,True,admin
483,عراقيّة,2025-01-31 11:13:20,,True,admin
71,أردنيّة,2025-01-31 11:12:25,,True,admin
197,أردنيّة,2025-01-31 11:12:25,,True,admin
412,أردنيّة,2025-01-31 11:12:25,,True,admin
43,أردنيّة,2025-01-31 11:12:25,,True,admin
258,أردنيّة,2025-01-31 11:12:25,,True,admin
1058,أردنيّة,2025-01-31 11:12:25,,True,admin
1274,عراقيّة,2025-01-31 11:13:20,,True,admin
169,أردنيّة,2025-01-31 11:12:25,,True,admin
1621,أردنيّة,2025-01-31 11:12:25,,True,admin
1061,أردنيّة,2025-01-31 11:12:25,,True,admin
1061,أمريكيّة,2025-01-31 11:16:50,,True,admin
81,أردنيّة,2025-01-31 11:12:25,,True,admin
66,أردنيّة,2025-01-31 11:12:25,,True,admin
498,أردنيّة,2025-01-31 11:12:25,,True,admin
1851,أردنيّة,2025-01-31 11:12:25,,True,admin
590,أردنيّة,2025-01-31 11:12:25,,True,admin
37,أردنيّة,2025-01-31 11:12:25,,True,admin
105,أردنيّة,2025-01-31 11:12:25,,True,admin
1584,عراقيّة,2025-01-31 11:13:20,,True,admin
101,أردنيّة,2025-01-31 11:12:25,,True,admin
112,عراقيّة,2025-01-31 11:13:20,,True,admin
1577,عراقيّة,2025-01-31 11:13:20,,True,admin
187,أردنيّة,2025-01-31 11:12:25,,True,admin
2217,أردنيّة,2025-01-31 11:12:25,,True,admin
98,أردنيّة,2025-01-31 11:12:25,,True,admin
128,أردنيّة,2025-01-31 11:12:25,,True,admin
1826,عراقيّة,2025-01-31 11:13:20,,True,admin
1310,أردنيّة,2025-01-31 11:12:25,,True,admin
205,أردنيّة,2025-01-31 11:12:25,,True,admin
77,أردنيّة,2025-01-31 11:12:25,,True,admin
110,أردنيّة,2025-01-31 11:12:25,,True,admin
15,أردنيّة,2025-01-31 11:12:25,,True,admin
167,أردنيّة,2025-01-31 11:12:25,,True,admin
480,عراقيّة,2025-01-31 11:13:20,,True,admin
195,أردنيّة,2025-01-31 11:12:25,,True,admin
272,عراقيّة,2025-01-31 11:13:20,,True,admin
298,أردنيّة,2025-01-31 11:12:25,,True,admin
221,أردنيّة,2025-01-31 11:12:25,,True,admin
91,عراقيّة,2025-01-31 11:13:20,,True,admin
151,مصريّة,2025-01-31 11:13:45,,True,admin
76,عراقيّة,2025-01-31 11:13:20,,True,admin
2303,أردنيّة,2025-01-31 11:12:25,,True,admin
1988,عراقيّة,2025-01-31 11:13:20,,True,admin
264,أردنيّة,2025-01-31 11:12:25,,True,admin
1264,أردنيّة,2025-01-31 11:12:25,,True,admin
1855,أردنيّة,2025-01-31 11:12:25,,True,admin
145,أردنيّة,2025-01-31 11:12:25,,True,admin
315,أردنيّة,2025-01-31 11:12:25,,True,admin
310,عراقيّة,2025-01-31 11:13:20,,True,admin
391,أردنيّة,2025-01-31 11:12:25,,True,admin
1315,عراقيّة,2025-01-31 11:13:20,,True,admin
2306,عراقيّة,2025-01-31 11:13:20,,True,admin
137,أردنيّة,2025-01-31 11:12:25,,True,admin
263,أردنيّة,2025-01-31 11:12:25,,True,admin
611,أردنيّة,2025-01-31 11:12:25,,True,admin
1982,عراقيّة,2025-01-31 11:13:20,,True,admin
163,أردنيّة,2025-01-31 11:12:25,,True,admin
2869,أردنيّة,2025-01-31 11:12:25,,True,admin
1737,أردنيّة,2025-01-31 11:12:25,,True,admin
2210,أمريكيّة,2025-01-31 11:16:50,,True,admin
1143,أردنيّة,2025-01-31 11:12:25,,True,admin
1547,أردنيّة,2025-01-31 11:12:25,,True,admin
705,أردنيّة,2025-01-31 11:12:25,,True,admin
186,أردنيّة,2025-01-31 11:12:25,,True,admin
1479,عراقيّة,2025-01-31 11:13:20,,True,admin
1507,أردنيّة,2025-01-31 11:12:25,,True,admin
1427,أردنيّة,2025-01-31 11:12:25,,True,admin
1464,أردنيّة,2025-01-31 11:12:25,,True,admin
1649,أردنيّة,2025-01-31 11:12:25,,True,admin
1245,أردنيّة,2025-01-31 11:12:25,,True,admin
946,أردنيّة,2025-01-31 11:12:25,,True,admin
2007,عراقيّة,2025-01-31 11:13:20,,True,admin
1582,عراقيّة,2025-01-31 11:13:20,,True,admin
1144,أردنيّة,2025-01-31 11:12:25,,True,admin
293,أردنيّة,2025-01-31 11:12:25,,True,admin
538,أردنيّة,2025-01-31 11:12:25,,True,admin
693,مصريّة,2025-01-31 11:13:45,,True,admin
541,أردنيّة,2025-01-31 11:12:25,,True,admin
2234,أردنيّة,2025-01-31 11:12:25,,True,admin
690,أردنيّة,2025-01-31 11:12:25,,True,admin
612,أردنيّة,2025-01-31 11:12:25,,True,admin
233,أردنيّة,2025-01-31 11:12:25,,True,admin
223,أردنيّة,2025-01-31 11:12:25,,True,admin
2304,أردنيّة,2025-01-31 11:12:25,,True,admin
1400,أردنيّة,2025-01-31 11:12:25,,True,admin
241,أردنيّة,2025-01-31 11:12:25,,True,admin
1256,أردنيّة,2025-01-31 11:12:25,,True,admin
762,أردنيّة,2025-01-31 11:12:25,,True,admin
762,أمريكيّة,2025-01-31 11:16:50,,True,admin
1630,أمريكيّة,2025-01-31 11:16:50,,True,admin
1466,عراقيّة,2025-01-31 11:13:20,,True,admin
1466,مصريّة,2025-01-31 11:13:45,,True,admin
404,فلسطينيّة,2025-01-31 11:18:03,,True,admin
540,أردنيّة,2025-01-31 11:12:25,,True,admin
540,فلسطينيّة,2025-01-31 11:18:03,,True,admin
529,فلسطينيّة,2025-01-31 11:18:03,,True,admin
542,أردنيّة,2025-01-31 11:12:25,,True,admin
542,فلسطينيّة,2025-01-31 11:18:03,,True,admin
966,فلسطينيّة,2025-01-31 11:18:03,,True,admin
124,سوريّة,2025-02-03 16:48:48,,True,admin
1408,سوريّة,2025-02-03 16:48:48,,True,admin
1622,أردنيّة,2025-01-31 11:12:25,,True,admin
929,أردنيّة,2025-01-31 11:12:25,,True,admin
2480,أردنيّة,2025-01-31 11:12:25,,True,admin
1214,أردنيّة,2025-01-31 11:12:25,,True,admin
791,أردنيّة,2025-01-31 11:12:25,,True,admin
278,أردنيّة,2025-01-31 11:12:25,,True,admin
1569,أردنيّة,2025-01-31 11:12:25,,True,admin
2277,أردنيّة,2025-01-31 11:12:25,,True,admin
59,أردنيّة,2025-01-31 11:12:25,,True,admin
267,أردنيّة,2025-01-31 11:12:25,,True,admin
2851,أردنيّة,2025-01-31 11:12:25,,True,admin
1308,أردنيّة,2025-01-31 11:12:25,,True,admin
1165,أردنيّة,2025-01-31 11:12:25,,True,admin
1314,أردنيّة,2025-01-31 11:12:25,,True,admin
400,أردنيّة,2025-01-31 11:12:25,,True,admin
587,أردنيّة,2025-01-31 11:12:25,,True,admin
2080,عراقيّة,2025-01-31 11:13:20,,True,admin
1518,أردنيّة,2025-01-31 11:12:25,,True,admin
2576,أردنيّة,2025-01-31 11:12:25,,True,admin
871,أردنيّة,2025-01-31 11:12:25,,True,admin
203,أردنيّة,2025-01-31 11:12:25,,True,admin
2230,أردنيّة,2025-01-31 11:12:25,,True,admin
318,أردنيّة,2025-01-31 11:12:25,,True,admin
280,أردنيّة,2025-01-31 11:12:25,,True,admin
2231,أردنيّة,2025-01-31 11:12:25,,True,admin
401,أردنيّة,2025-01-31 11:12:25,,True,admin
406,أردنيّة,2025-01-31 11:12:25,,True,admin
204,مصريّة,2025-01-31 11:13:45,,True,admin
965,أردنيّة,2025-01-31 11:12:25,,True,admin
313,أردنيّة,2025-01-31 11:12:25,,True,admin
375,أردنيّة,2025-01-31 11:12:25,,True,admin
269,أردنيّة,2025-01-31 11:12:25,,True,admin
604,أردنيّة,2025-01-31 11:12:25,,True,admin
954,أردنيّة,2025-01-31 11:12:25,,True,admin
843,أردنيّة,2025-01-31 11:12:25,,True,admin
2065,أردنيّة,2025-01-31 11:12:25,,True,admin
1531,أردنيّة,2025-01-31 11:12:25,,True,admin
323,أردنيّة,2025-01-31 11:12:25,,True,admin
933,أردنيّة,2025-01-31 11:12:25,,True,admin
2229,أردنيّة,2025-01-31 11:12:25,,True,admin
465,أردنيّة,2025-01-31 11:12:25,,True,admin
790,أردنيّة,2025-01-31 11:12:25,,True,admin
1201,أردنيّة,2025-01-31 11:12:25,,True,admin
1385,أردنيّة,2025-01-31 11:12:25,,True,admin
956,أردنيّة,2025-01-31 11:12:25,,True,admin
1232,أردنيّة,2025-01-31 11:12:25,,True,admin
1424,أردنيّة,2025-01-31 11:12:25,,True,admin
1495,عراقيّة,2025-01-31 11:13:20,,True,admin
253,أردنيّة,2025-01-31 11:12:25,,True,admin
206,أردنيّة,2025-01-31 11:12:25,,True,admin
3032,أردنيّة,2025-01-31 11:12:25,,True,admin
1347,أردنيّة,2025-01-31 11:12:25,,True,admin
3157,مصريّة,2025-01-31 11:13:45,,True,admin
3158,أردنيّة,2025-01-31 11:12:25,,True,admin
3159,أردنيّة,2025-01-31 11:12:25,,True,admin
3160,أردنيّة,2025-01-31 11:12:25,,True,admin
870,أردنيّة,2025-01-31 11:12:25,,True,admin
918,أردنيّة,2025-01-31 11:12:25,,True,admin
713,أردنيّة,2025-01-31 11:12:25,,True,admin
721,أردنيّة,2025-01-31 11:12:25,,True,admin
138,مصريّة,2025-01-31 11:13:45,,True,admin
3161,أردنيّة,2025-01-31 11:12:25,,True,admin
592,أردنيّة,2025-01-31 11:12:25,,True,admin
232,أردنيّة,2025-01-31 11:12:25,,True,admin
716,أردنيّة,2025-01-31 11:12:25,,True,admin
3057,أردنيّة,2025-01-31 11:12:25,,True,admin
2120,أردنيّة,2025-01-31 11:12:25,,True,admin
689,عراقيّة,2025-01-31 11:13:20,,True,admin
708,أردنيّة,2025-01-31 11:12:25,,True,admin
674,أردنيّة,2025-01-31 11:12:25,,True,admin
2119,أردنيّة,2025-01-31 11:12:25,,True,admin
1442,أردنيّة,2025-01-31 11:12:25,,True,admin
3162,أردنيّة,2025-01-31 11:12:25,,True,admin
3163,أردنيّة,2025-01-31 11:12:25,,True,admin
3164,مصريّة,2025-01-31 11:13:45,,True,admin
211,أردنيّة,2025-01-31 11:12:25,,True,admin
1,أردنيّة,2025-01-31 11:12:25,,True,admin
2537,أردنيّة,2025-01-31 11:12:25,,True,admin
3077,أردنيّة,2025-01-31 11:12:25,,True,admin
1399,أردنيّة,2025-01-31 11:12:25,,True,admin
948,أردنيّة,2025-01-31 11:12:25,,True,admin
3156,أردنيّة,2025-01-31 11:12:25,,True,admin
3184,أردنيّة,2025-01-31 11:12:25,,True,admin
3185,أردنيّة,2025-01-31 11:12:25,,True,admin
3186,فلسطينيّة,2025-01-31 11:18:03,,True,admin
3096,أردنيّة,2025-01-31 11:12:25,,True,admin
3103,عراقيّة,2025-01-31 11:13:20,,True,admin
3101,أردنيّة,2025-01-31 11:12:25,,True,admin
3092,أردنيّة,2025-01-31 11:12:25,,True,admin
3094,أردنيّة,2025-01-31 11:12:25,,True,admin
3112,أردنيّة,2025-01-31 11:12:25,,True,admin
3112,أمريكيّة,2025-01-31 11:16:50,,True,admin
3104,أردنيّة,2025-01-31 11:12:25,,True,admin
3106,أردنيّة,2025-01-31 11:12:25,,True,admin
3091,أردنيّة,2025-01-31 11:12:25,,True,admin
3170,أردنيّة,2025-01-31 11:12:25,,True,admin
3175,أردنيّة,2025-01-31 11:12:25,,True,admin
3156,أردنيّة,2025-01-31 11:12:25,2026-05-26 08:57:19,False,admin
948,أردنيّة,2025-01-31 11:12:25,2026-05-25 22:48:25,False,admin
948,أردنيّة,2025-01-31 11:12:25,2026-05-25 22:47:49,False,admin
3093,أردنيّة,2025-01-31 11:12:25,2026-05-28 13:46:23,False,admin
3102,أردنيّة,2025-01-31 11:12:25,2026-05-28 13:57:19,False,admin
