person_id,person_youth_group_record_id,youth_join_year,youth_group_id,archived,yg_approval_status,yg_approved_by,yg_approval_date,yg_approval_notes,scd_active_from,scd_active_to,scd_currently_active_flag,scd_changed_by_user
2,PRYG000001,2019,YG015,False,,,,,2025-01-31 11:12:25,,True,admin
3,PRYG000002,2024,YG023,False,,,,,2025-01-31 11:12:36,,True,admin
4,PRYG000003,2017,YG022,False,,,,,2025-01-31 11:12:38,,True,admin
5,PRYG000004,2005,YG007,False,,,,,2025-01-31 11:12:38,,True,admin
6,PRYG000005,2014,YG027,False,,,,,2025-01-31 11:12:42,,True,admin
7,PRYG000006,2013,YG023,False,,,,,2025-01-31 11:12:46,,True,admin
8,PRYG000007,2014,YG005,False,,,,,2025-01-31 11:12:47,,True,admin
9,PRYG000008,2011,YG012,False,,,,,2025-01-31 11:12:50,,True,admin
10,PRYG000009,2019,YG016,False,,,,,2025-01-31 11:12:50,,True,admin
11,PRYG000010,2014,YG029,False,,,,,2025-01-31 11:12:54,,True,admin
12,PRYG000011,2023,YG019,False,,,,,2025-01-31 11:12:54,,True,admin
13,PRYG000012,2022,YG023,False,,,,,2025-01-31 11:13:00,,True,admin
14,PRYG000013,2008,YG012,False,,,,,2025-01-31 11:13:00,,True,admin
16,PRYG000014,2015,YG021,False,,,,,2025-01-31 11:13:02,,True,admin
17,PRYG000015,2024,YG016,False,,,,,2025-01-31 11:13:03,,True,admin
18,PRYG000016,2014,YG027,False,,,,,2025-01-31 11:13:03,,True,admin
20,PRYG000017,2012,YG012,False,,,,,2025-01-31 11:13:06,,True,admin
21,PRYG000018,2009,YG003,False,,,,,2025-01-31 11:13:09,,True,admin
22,PRYG000019,2010,YG012,False,,,,,2025-01-31 11:13:09,,True,admin
23,PRYG000020,2005,YG003,False,,,,,2025-01-31 11:13:09,,True,admin
24,PRYG000021,2021,YG004,False,,,,,2025-01-31 11:13:12,,True,admin
25,PRYG000022,2014,YG005,False,,,,,2025-01-31 11:13:12,,True,admin
26,PRYG000023,2010,YG012,False,,,,,2025-01-31 11:13:13,,True,admin
27,PRYG000024,2010,YG016,False,,,,,2025-01-31 11:13:13,,True,admin
28,PRYG000025,2024,YG003,False,,,,,2025-01-31 11:13:13,,True,admin
29,PRYG000026,2006,YG010,False,,,,,2025-01-31 11:13:15,,True,admin
30,PRYG000027,2013,YG015,False,,,,,2025-01-31 11:13:18,,True,admin
31,PRYG000028,2022,YG016,False,,,,,2025-01-31 11:13:18,,True,admin
32,PRYG000029,2010,YG003,False,,,,,2025-01-31 11:13:19,,True,admin
33,PRYG000030,2004,YG019,False,,,,,2025-01-31 11:13:20,,True,admin
34,PRYG000031,2024,YG005,False,,,,,2025-01-31 11:13:20,,True,admin
35,PRYG000032,2019,YG003,False,,,,,2025-01-31 11:13:21,,True,admin
36,PRYG000033,2015,YG005,False,,,,,2025-01-31 11:13:22,,True,admin
38,PRYG000034,2013,YG003,False,,,,,2025-01-31 11:13:24,,True,admin
39,PRYG000035,2007,YG005,False,,,,,2025-01-31 11:13:25,,True,admin
40,PRYG000036,2021,YG007,False,,,,,2025-01-31 11:13:25,,True,admin
41,PRYG000037,2023,YG006,False,,,,,2025-01-31 11:13:26,,True,admin
42,PRYG000038,2022,YG002,False,,,,,2025-01-31 11:13:27,,True,admin
44,PRYG000039,2011,YG016,False,,,,,2025-01-31 11:13:29,,True,admin
45,PRYG000040,2019,YG009,False,,,,,2025-01-31 11:13:29,,True,admin
46,PRYG000041,2014,YG026,False,,,,,2025-01-31 11:13:32,,True,admin
47,PRYG000042,2022,YG002,False,,,,,2025-01-31 11:13:32,,True,admin
48,PRYG000043,2014,YG029,False,,,,,2025-01-31 11:13:33,,True,admin
49,PRYG000044,2008,YG016,False,,,,,2025-01-31 11:13:35,,True,admin
50,PRYG000045,2023,YG006,False,,,,,2025-01-31 11:13:36,,True,admin
51,PRYG000046,2017,YG010,False,,,,,2025-01-31 11:13:36,,True,admin
52,PRYG000047,2015,YG009,False,,,,,2025-01-31 11:13:40,,True,admin
53,PRYG000048,2018,YG003,False,,,,,2025-01-31 11:13:41,,True,admin
54,PRYG000049,2010,YG007,False,,,,,2025-01-31 11:13:42,,True,admin
55,PRYG000050,2015,YG009,False,,,,,2025-01-31 11:13:42,,True,admin
56,PRYG000051,2006,YG028,False,,,,,2025-01-31 11:13:44,,True,admin
57,PRYG000052,2018,YG010,False,,,,,2025-01-31 11:13:45,,True,admin
58,PRYG000053,2023,YG027,False,,,,,2025-01-31 11:13:45,,True,admin
60,PRYG000055,2011,YG015,False,,,,,2025-01-31 11:13:46,,True,admin
61,PRYG000056,2019,YG027,False,,,,,2025-01-31 11:13:46,,True,admin
62,PRYG000057,2019,YG016,False,,,,,2025-01-31 11:13:48,,True,admin
63,PRYG000058,2010,YG016,False,,,,,2025-01-31 11:13:49,,True,admin
64,PRYG000059,2011,YG020,False,,,,,2025-01-31 11:13:49,,True,admin
65,PRYG000060,2023,YG009,False,,,,,2025-01-31 11:13:49,,True,admin
67,PRYG000061,2007,YG013,False,,,,,2025-01-31 11:13:51,,True,admin
68,PRYG000062,2006,YG010,False,,,,,2025-01-31 11:13:52,,True,admin
69,PRYG000063,2011,YG022,False,,,,,2025-01-31 11:13:53,,True,admin
70,PRYG000064,2018,YG022,False,,,,,2025-01-31 11:13:55,,True,admin
72,PRYG000065,2009,YG016,False,,,,,2025-01-31 11:14:00,,True,admin
73,PRYG000066,2021,YG016,False,,,,,2025-01-31 11:14:01,,True,admin
74,PRYG000067,2020,YG016,False,,,,,2025-01-31 11:14:02,,True,admin
75,PRYG000068,2024,YG019,False,,,,,2025-01-31 11:14:03,,True,admin
78,PRYG000069,2018,YG026,False,,,,,2025-01-31 11:14:11,,True,admin
79,PRYG000070,2012,YG010,False,,,,,2025-01-31 11:14:11,,True,admin
80,PRYG000071,2020,YG003,False,,,,,2025-01-31 11:14:12,,True,admin
82,PRYG000072,2017,YG023,False,,,,,2025-01-31 11:14:14,,True,admin
83,PRYG000073,2012,YG016,False,,,,,2025-01-31 11:14:15,,True,admin
84,PRYG000074,2024,YG011,False,,,,,2025-01-31 11:14:16,,True,admin
85,PRYG000075,2013,YG003,False,,,,,2025-01-31 11:14:17,,True,admin
86,PRYG000076,2011,YG015,False,,,,,2025-01-31 11:14:17,,True,admin
87,PRYG000077,2010,YG024,False,,,,,2025-01-31 11:14:19,,True,admin
88,PRYG000078,2008,YG007,False,,,,,2025-01-31 11:14:19,,True,admin
89,PRYG000079,2012,YG019,False,,,,,2025-01-31 11:14:22,,True,admin
92,PRYG000080,2024,YG002,False,,,,,2025-01-31 11:14:26,,True,admin
93,PRYG000081,2010,YG012,False,,,,,2025-01-31 11:14:26,,True,admin
94,PRYG000082,2005,YG027,False,,,,,2025-01-31 11:14:27,,True,admin
95,PRYG000083,2023,YG006,False,,,,,2025-01-31 11:14:27,,True,admin
96,PRYG000084,2015,YG007,False,,,,,2025-01-31 11:14:27,,True,admin
97,PRYG000085,2011,YG002,False,,,,,2025-01-31 11:14:27,,True,admin
99,PRYG000086,2009,YG012,False,,,,,2025-01-31 11:14:29,,True,admin
100,PRYG000087,2023,YG007,False,,,,,2025-01-31 11:14:30,,True,admin
103,PRYG000089,2013,YG003,False,,,,,2025-01-31 11:14:33,,True,admin
104,PRYG000090,2004,YG009,False,,,,,2025-01-31 11:14:34,,True,admin
106,PRYG000091,2013,YG002,False,,,,,2025-01-31 11:14:36,,True,admin
107,PRYG000092,2023,YG017,False,,,,,2025-01-31 11:14:37,,True,admin
108,PRYG000093,2021,YG016,False,,,,,2025-01-31 11:14:38,,True,admin
109,PRYG000094,2007,YG003,False,,,,,2025-01-31 11:14:39,,True,admin
111,PRYG000095,2009,YG010,False,,,,,2025-01-31 11:14:40,,True,admin
113,PRYG000096,2024,YG027,False,,,,,2025-01-31 11:14:41,,True,admin
114,PRYG000097,2019,YG027,False,,,,,2025-01-31 11:14:41,,True,admin
115,PRYG000098,2012,YG003,False,,,,,2025-01-31 11:14:42,,True,admin
116,PRYG000099,2006,YG012,False,,,,,2025-01-31 11:14:42,,True,admin
117,PRYG000100,2022,YG019,False,,,,,2025-01-31 11:14:44,,True,admin
118,PRYG000101,2008,YG013,False,,,,,2025-01-31 11:14:45,,True,admin
119,PRYG000102,2012,YG002,False,,,,,2025-01-31 11:14:45,,True,admin
120,PRYG000103,2021,YG016,False,,,,,2025-01-31 11:14:45,,True,admin
121,PRYG000104,2024,YG017,False,,,,,2025-01-31 11:14:45,,True,admin
122,PRYG000105,2006,YG012,False,,,,,2025-01-31 11:14:45,,True,admin
123,PRYG000106,2012,YG026,False,,,,,2025-01-31 11:14:47,,True,admin
125,PRYG000107,2015,YG022,False,,,,,2025-01-31 11:14:47,,True,admin
126,PRYG000108,2014,YG016,False,,,,,2025-01-31 11:14:47,,True,admin
127,PRYG000109,2016,YG006,False,,,,,2025-01-31 11:14:50,,True,admin
129,PRYG000110,2021,YG016,False,,,,,2025-01-31 11:14:51,,True,admin
130,PRYG000111,2004,YG003,False,,,,,2025-01-31 11:14:51,,True,admin
131,PRYG000112,2010,YG024,False,,,,,2025-01-31 11:14:52,,True,admin
132,PRYG000113,2023,YG007,False,,,,,2025-01-31 11:14:53,,True,admin
133,PRYG000114,2023,YG003,False,,,,,2025-01-31 11:14:53,,True,admin
134,PRYG000115,2021,YG003,False,,,,,2025-01-31 11:14:54,,True,admin
135,PRYG000116,2013,YG009,False,,,,,2025-01-31 11:14:54,,True,admin
136,PRYG000117,2011,YG022,False,,,,,2025-01-31 11:14:57,,True,admin
139,PRYG000118,2015,YG009,False,,,,,2025-01-31 11:14:58,,True,admin
140,PRYG000119,2025,YG004,False,,,,,2025-01-31 11:14:58,,True,admin
142,PRYG000120,2008,YG010,False,,,,,2025-01-31 11:14:59,,True,admin
143,PRYG000121,2017,YG026,False,,,,,2025-01-31 11:14:00,,True,admin
144,PRYG000122,2015,YG010,False,,,,,2025-01-31 11:15:00,,True,admin
146,PRYG000123,2014,YG012,False,,,,,2025-01-31 11:15:02,,True,admin
147,PRYG000124,2024,YG002,False,,,,,2025-01-31 11:15:04,,True,admin
148,PRYG000125,2023,YG009,False,,,,,2025-01-31 11:15:06,,True,admin
149,PRYG000126,2012,YG015,False,,,,,2025-01-31 11:15:06,,True,admin
150,PRYG000127,2007,YG003,False,,,,,2025-01-31 11:15:07,,True,admin
152,PRYG000128,2012,YG007,False,,,,,2025-01-31 11:15:07,,True,admin
153,PRYG000129,2017,YG024,False,,,,,2025-01-31 11:15:09,,True,admin
154,PRYG000130,2023,YG017,False,,,,,2025-01-31 11:15:11,,True,admin
155,PRYG000131,2010,YG015,False,,,,,2025-01-31 11:15:12,,True,admin
156,PRYG000132,2016,YG023,False,,,,,2025-01-31 11:15:14,,True,admin
157,PRYG000133,2021,YG002,False,,,,,2025-01-31 11:15:15,,True,admin
158,PRYG000134,2017,YG007,False,,,,,2025-01-31 11:15:16,,True,admin
159,PRYG000135,2015,YG005,False,,,,,2025-01-31 11:15:16,,True,admin
160,PRYG000136,2022,YG022,False,,,,,2025-01-31 11:15:17,,True,admin
161,PRYG000137,2022,YG016,False,,,,,2025-01-31 11:15:18,,True,admin
162,PRYG000138,2022,YG016,False,,,,,2025-01-31 11:15:18,,True,admin
164,PRYG000139,2010,YG009,False,,,,,2025-01-31 11:15:20,,True,admin
165,PRYG000140,2008,YG024,False,,,,,2025-01-31 11:15:22,,True,admin
166,PRYG000141,2005,YG013,False,,,,,2025-01-31 11:15:27,,True,admin
168,PRYG000142,2006,YG016,False,,,,,2025-01-31 11:15:28,,True,admin
170,PRYG000143,2023,YG011,False,,,,,2025-01-31 11:15:33,,True,admin
171,PRYG000144,2016,YG016,False,,,,,2025-01-31 11:15:33,,True,admin
172,PRYG000145,2009,YG023,False,,,,,2025-01-31 11:15:33,,True,admin
173,PRYG000146,2024,YG002,False,,,,,2025-01-31 11:15:33,,True,admin
174,PRYG000147,2022,YG008,False,,,,,2025-01-31 11:15:34,,True,admin
174,PRYG000148,2023,YG003,False,,,,,2026-01-26 16:20:28,,True,admin
175,PRYG000149,2015,YG026,False,,,,,2025-01-31 11:15:34,,True,admin
176,PRYG000150,2017,YG003,False,,,,,2025-01-31 11:15:36,,True,admin
178,PRYG000152,2014,YG016,False,,,,,2025-01-31 11:15:38,,True,admin
179,PRYG000153,2020,YG006,False,,,,,2025-01-31 11:15:39,,True,admin
180,PRYG000154,2023,YG019,False,,,,,2025-01-31 11:15:39,,True,admin
181,PRYG000155,2022,YG009,False,,,,,2025-01-31 11:15:40,,True,admin
182,PRYG000156,2005,YG022,False,,,,,2025-01-31 11:15:41,,True,admin
183,PRYG000157,2017,YG012,False,,,,,2025-01-31 11:15:41,,True,admin
184,PRYG000158,2024,YG005,False,,,,,2025-01-31 11:15:41,,True,admin
185,PRYG000159,2019,YG007,False,,,,,2025-01-31 11:15:44,,True,admin
188,PRYG000161,2017,YG003,False,,,,,2025-01-31 11:15:44,,True,admin
189,PRYG000162,2017,YG024,False,,,,,2025-01-31 11:15:45,,True,admin
190,PRYG000163,2010,YG024,False,,,,,2025-01-31 11:15:45,,True,admin
191,PRYG000164,2008,YG023,False,,,,,2025-01-31 11:15:45,,True,admin
192,PRYG000165,2018,YG003,False,,,,,2025-01-31 11:15:45,,True,admin
193,PRYG000166,2022,YG026,False,,,,,2025-01-31 11:15:46,,True,admin
196,PRYG000167,2023,YG016,False,,,,,2025-01-31 11:15:48,,True,admin
198,PRYG000168,2025,YG017,False,,,,,2025-01-31 11:15:50,,True,admin
199,PRYG000169,2012,YG026,False,,,,,2025-01-31 11:15:53,,True,admin
200,PRYG000170,2022,YG030,False,,,,,2025-01-31 11:15:53,,True,admin
201,PRYG000171,2017,YG024,False,,,,,2025-01-31 11:15:55,,True,admin
201,PRYG000172,2017,YG021,False,,,,,2026-01-23 15:21:14,,True,admin
202,PRYG000173,2007,YG003,False,,,,,2025-01-31 11:15:55,,True,admin
207,PRYG000177,2025,YG003,False,,,,,2025-01-31 11:15:57,,True,admin
208,PRYG000178,2010,YG010,False,,,,,2025-01-31 11:15:57,,True,admin
209,PRYG000179,2023,YG003,False,,,,,2025-01-31 11:16:02,,True,admin
210,PRYG000180,2013,YG026,False,,,,,2025-01-31 11:16:02,,True,admin
212,PRYG000182,2020,YG023,False,,,,,2025-01-31 11:16:03,,True,admin
213,PRYG000183,2017,YG018,False,,,,,2025-01-31 11:16:05,,True,admin
214,PRYG000184,2021,YG009,False,,,,,2025-01-31 11:16:08,,True,admin
215,PRYG000185,2011,YG002,False,,,,,2025-01-31 11:16:10,,True,admin
216,PRYG000186,2023,YG014,False,,,,,2025-01-31 11:16:12,,True,admin
217,PRYG000187,2009,YG007,False,,,,,2025-01-31 11:16:12,,True,admin
218,PRYG000188,2022,YG003,False,,,,,2025-01-31 11:16:13,,True,admin
219,PRYG000189,2024,YG012,False,,,,,2025-01-31 11:16:13,,True,admin
220,PRYG000190,2016,YG005,False,,,,,2025-01-31 11:16:14,,True,admin
222,PRYG000191,2015,YG007,False,,,,,2025-01-31 11:16:15,,True,admin
224,PRYG000193,2012,YG015,False,,,,,2025-01-31 11:16:17,,True,admin
225,PRYG000194,2024,YG006,False,,,,,2025-01-31 11:16:17,,True,admin
226,PRYG000195,2013,YG026,False,,,,,2025-01-31 11:16:18,,True,admin
227,PRYG000196,2024,YG006,False,,,,,2025-01-31 11:16:19,,True,admin
228,PRYG000197,2013,YG022,False,,,,,2025-01-31 11:16:21,,True,admin
229,PRYG000198,2024,YG022,False,,,,,2025-01-31 11:16:24,,True,admin
230,PRYG000199,2012,YG022,False,,,,,2025-01-31 11:16:24,,True,admin
231,PRYG000200,2010,YG030,False,,,,,2025-01-31 11:16:25,,True,admin
234,PRYG000203,2023,YG004,False,,,,,2025-01-31 11:16:29,,True,admin
235,PRYG000204,2014,YG002,False,,,,,2025-01-31 11:16:29,,True,admin
236,PRYG000205,2015,YG003,False,,,,,2025-01-31 11:16:35,,True,admin
237,PRYG000206,2025,YG016,False,,,,,2025-01-31 11:16:37,,True,admin
238,PRYG000207,2014,YG010,False,,,,,2025-01-31 11:16:40,,True,admin
239,PRYG000208,2016,YG010,False,,,,,2025-01-31 11:16:41,,True,admin
240,PRYG000209,2021,YG022,False,,,,,2025-01-31 11:16:42,,True,admin
242,PRYG000211,2008,YG023,False,,,,,2025-01-31 11:16:44,,True,admin
243,PRYG000212,2015,YG015,False,,,,,2025-01-31 11:16:45,,True,admin
244,PRYG000213,2019,YG023,False,,,,,2025-01-31 11:16:46,,True,admin
246,PRYG000214,2011,YG002,False,,,,,2025-01-31 11:16:50,,True,admin
247,PRYG000215,2020,YG003,False,,,,,2025-01-31 11:16:51,,True,admin
248,PRYG000216,2023,YG005,False,,,,,2025-01-31 11:16:52,,True,admin
249,PRYG000217,2022,YG030,False,,,,,2025-01-31 11:16:52,,True,admin
250,PRYG000218,2024,YG010,False,,,,,2025-01-31 11:16:58,,True,admin
251,PRYG000219,1996,YG024,False,,,,,2025-01-31 11:16:59,,True,admin
252,PRYG000220,2020,YG004,False,,,,,2025-01-31 11:16:59,,True,admin
255,PRYG000222,2006,YG005,False,,,,,2025-01-31 11:17:06,,True,admin
256,PRYG000223,2017,YG003,False,,,,,2025-01-31 11:17:07,,True,admin
257,PRYG000224,2017,YG026,False,,,,,2025-01-31 11:17:09,,True,admin
259,PRYG000225,2022,YG019,False,,,,,2025-01-31 11:17:11,,True,admin
260,PRYG000226,2011,YG024,False,,,,,2025-01-31 11:17:12,,True,admin
261,PRYG000227,2014,YG015,False,,,,,2025-01-31 11:17:13,,True,admin
262,PRYG000228,2022,YG003,False,,,,,2025-01-31 11:17:15,,True,admin
265,PRYG000229,2023,YG006,False,,,,,2025-01-31 11:17:18,,True,admin
266,PRYG000230,2019,YG004,False,,,,,2025-01-31 11:17:20,,True,admin
268,PRYG000231,2024,YG005,False,,,,,2025-01-31 11:17:25,,True,admin
270,PRYG000233,2015,YG002,False,,,,,2025-01-31 11:17:38,,True,admin
273,PRYG000234,2008,YG003,False,,,,,2025-01-31 11:17:45,,True,admin
274,PRYG000235,2010,YG002,False,,,,,2025-01-31 11:17:49,,True,admin
275,PRYG000236,2024,YG021,False,,,,,2025-01-31 11:17:50,,True,admin
276,PRYG000237,2015,YG017,False,,,,,2025-01-31 11:18:01,,True,admin
277,PRYG000238,2009,YG007,False,,,,,2025-01-31 11:18:02,,True,admin
279,PRYG000240,2018,YG008,False,,,,,2025-01-31 11:18:03,,True,admin
281,PRYG000242,2023,YG004,False,,,,,2025-01-31 11:18:07,,True,admin
282,PRYG000243,2010,YG002,False,,,,,2025-01-31 11:18:08,,True,admin
282,PRYG000244,2025,YG017,False,,,,,2025-11-03 19:02:04,,True,admin
283,PRYG000245,2017,YG002,False,,,,,2025-01-31 11:18:11,,True,admin
284,PRYG000246,2014,YG015,False,,,,,2025-01-31 11:18:12,,True,admin
285,PRYG000247,2022,YG030,False,,,,,2025-01-31 11:18:16,,True,admin
286,PRYG000248,2010,YG011,False,,,,,2025-01-31 11:18:19,,True,admin
287,PRYG000249,2005,YG019,False,,,,,2025-01-31 11:18:21,,True,admin
288,PRYG000250,2017,YG002,False,,,,,2025-01-31 11:18:21,,True,admin
289,PRYG000251,2014,YG002,False,,,,,2025-01-31 11:18:21,,True,admin
290,PRYG000252,2023,YG003,False,,,,,2025-01-31 11:18:21,,True,admin
291,PRYG000253,2022,YG011,False,,,,,2025-01-31 11:18:24,,True,admin
292,PRYG000254,2017,YG007,False,,,,,2025-01-31 11:18:27,,True,admin
294,PRYG000256,2015,YG015,False,,,,,2025-01-31 11:18:39,,True,admin
295,PRYG000257,2024,YG017,False,,,,,2025-01-31 11:18:39,,True,admin
296,PRYG000258,2013,YG003,False,,,,,2025-01-31 11:18:43,,True,admin
297,PRYG000259,2008,YG003,False,,,,,2025-01-31 11:18:44,,True,admin
299,PRYG000260,2018,YG009,False,,,,,2025-01-31 11:18:00,,True,admin
300,PRYG000261,2024,YG003,False,,,,,2025-01-31 11:19:01,,True,admin
301,PRYG000262,2013,YG003,False,,,,,2025-01-31 11:19:04,,True,admin
302,PRYG000263,2010,YG024,False,,,,,2025-01-31 11:19:10,,True,admin
303,PRYG000264,2024,YG022,False,,,,,2025-01-31 11:19:11,,True,admin
304,PRYG000265,2007,YG019,False,,,,,2025-01-31 11:19:17,,True,admin
305,PRYG000266,2024,YG030,False,,,,,2025-01-31 11:19:18,,True,admin
306,PRYG000267,2021,YG022,False,,,,,2025-01-31 11:19:40,,True,admin
307,PRYG000268,2024,YG014,False,,,,,2025-01-31 11:19:43,,True,admin
307,PRYG000269,2025,YG017,False,,,,,2025-06-27 03:48:35,,True,admin
308,PRYG000270,2019,YG002,False,,,,,2025-01-31 11:20:06,,True,admin
309,PRYG000271,2009,YG010,False,,,,,2025-01-31 11:20:08,,True,admin
311,PRYG000272,2022,YG003,False,,,,,2025-01-31 11:20:10,,True,admin
312,PRYG000273,2022,YG019,False,,,,,2025-01-31 11:20:18,,True,admin
314,PRYG000275,2023,YG003,False,,,,,2025-01-31 11:21:51,,True,admin
316,PRYG000276,2015,YG016,False,,,,,2025-01-31 11:22:46,,True,admin
317,PRYG000277,2019,YG003,False,,,,,2025-01-31 11:23:09,,True,admin
319,PRYG000279,2023,YG030,False,,,,,2025-01-31 11:24:08,,True,admin
320,PRYG000280,2023,YG003,False,,,,,2025-01-31 11:24:54,,True,admin
321,PRYG000281,2018,YG030,False,,,,,2025-01-31 11:25:23,,True,admin
322,PRYG000282,2010,YG005,False,,,,,2025-01-31 11:26:59,,True,admin
324,PRYG000284,2008,YG017,False,,,,,2025-01-31 11:33:32,,True,admin
325,PRYG000285,2013,YG030,False,,,,,2025-01-31 11:37:13,,True,admin
326,PRYG000286,2023,YG003,False,,,,,2025-01-31 11:38:46,,True,admin
327,PRYG000287,2024,YG030,False,,,,,2025-01-31 11:42:11,,True,admin
328,PRYG000288,2010,YG002,False,,,,,2025-01-31 11:52:23,,True,admin
329,PRYG000289,2012,YG016,False,,,,,2025-01-31 11:58:47,,True,admin
330,PRYG000290,2011,YG003,False,,,,,2025-01-31 12:24:41,,True,admin
331,PRYG000291,2015,YG003,False,,,,,2025-01-31 12:32:23,,True,admin
332,PRYG000292,2024,YG002,False,,,,,2025-01-31 13:30:38,,True,admin
333,PRYG000293,2000,YG003,False,,,,,2025-01-31 13:33:50,,True,admin
334,PRYG000294,2018,YG022,False,,,,,2025-01-31 13:43:41,,True,admin
335,PRYG000295,2020,YG016,False,,,,,2025-01-31 13:51:54,,True,admin
336,PRYG000296,2020,YG002,False,,,,,2025-01-31 14:53:31,,True,admin
337,PRYG000297,2021,YG003,False,,,,,2025-01-31 15:08:17,,True,admin
338,PRYG000298,2008,YG016,False,,,,,2025-01-31 16:01:13,,True,admin
339,PRYG000299,2015,YG002,False,,,,,2025-01-31 16:17:26,,True,admin
340,PRYG000300,2024,YG002,False,,,,,2025-01-31 16:37:22,,True,admin
341,PRYG000301,2019,YG028,False,,,,,2025-01-31 17:12:27,,True,admin
342,PRYG000302,2018,YG028,False,,,,,2025-01-31 17:22:22,,True,admin
343,PRYG000303,2018,YG028,False,,,,,2025-01-31 17:27:30,,True,admin
344,PRYG000304,2018,YG028,False,,,,,2025-01-31 17:27:34,,True,admin
345,PRYG000305,2020,YG002,False,,,,,2025-01-31 17:30:15,,True,admin
346,PRYG000306,2011,YG016,False,,,,,2025-01-31 17:41:04,,True,admin
347,PRYG000307,2023,YG024,False,,,,,2025-01-31 19:11:47,,True,admin
348,PRYG000308,2015,YG024,False,,,,,2025-01-31 19:11:54,,True,admin
349,PRYG000309,2011,YG024,False,,,,,2025-01-31 19:11:58,,True,admin
350,PRYG000310,2013,YG024,False,,,,,2025-01-31 19:13:52,,True,admin
351,PRYG000311,2013,YG024,False,,,,,2025-01-31 19:15:56,,True,admin
352,PRYG000312,2010,YG024,False,,,,,2025-01-31 19:17:34,,True,admin
353,PRYG000313,2015,YG024,False,,,,,2025-01-31 19:18:25,,True,admin
354,PRYG000314,2014,YG024,False,,,,,2025-01-31 19:19:10,,True,admin
355,PRYG000315,2005,YG027,False,,,,,2025-01-31 19:39:59,,True,admin
356,PRYG000316,2024,YG027,False,,,,,2025-01-31 19:40:14,,True,admin
357,PRYG000317,2007,YG027,False,,,,,2025-01-31 19:40:50,,True,admin
358,PRYG000318,2019,YG024,False,,,,,2025-01-31 19:50:29,,True,admin
359,PRYG000319,2013,YG027,False,,,,,2025-01-31 19:50:31,,True,admin
360,PRYG000320,2014,YG027,False,,,,,2025-01-31 19:51:11,,True,admin
361,PRYG000321,2021,YG027,False,,,,,2025-01-31 19:51:53,,True,admin
362,PRYG000322,2022,YG027,False,,,,,2025-01-31 19:52:29,,True,admin
363,PRYG000323,2016,YG027,False,,,,,2025-01-31 19:53:05,,True,admin
365,PRYG000324,2015,YG027,False,,,,,2025-01-31 19:58:29,,True,admin
366,PRYG000325,2022,YG027,False,,,,,2025-01-31 19:59:07,,True,admin
367,PRYG000326,2020,YG027,False,,,,,2025-01-31 20:07:14,,True,admin
368,PRYG000327,2021,YG027,False,,,,,2025-01-31 20:10:48,,True,admin
369,PRYG000328,2018,YG024,False,,,,,2025-01-31 20:22:58,,True,admin
370,PRYG000329,2015,YG027,False,,,,,2025-01-31 20:28:49,,True,admin
371,PRYG000330,2021,YG027,False,,,,,2025-01-31 20:34:13,,True,admin
372,PRYG000331,2014,YG027,False,,,,,2025-01-31 20:45:50,,True,admin
373,PRYG000332,2008,YG028,False,,,,,2025-01-31 20:53:11,,True,admin
374,PRYG000333,2013,YG005,False,,,,,2025-01-31 20:55:47,,True,admin
376,PRYG000335,2016,YG012,False,,,,,2025-01-31 22:08:49,,True,admin
377,PRYG000336,2011,YG012,False,,,,,2025-01-31 22:08:55,,True,admin
378,PRYG000337,1999,YG012,False,,,,,2025-01-31 22:12:10,,True,admin
379,PRYG000338,2010,YG012,False,,,,,2025-01-31 22:13:50,,True,admin
380,PRYG000339,2012,YG024,False,,,,,2025-01-31 22:15:40,,True,admin
381,PRYG000340,2016,YG012,False,,,,,2025-01-31 22:19:07,,True,admin
382,PRYG000341,2016,YG012,False,,,,,2025-01-31 22:31:32,,True,admin
383,PRYG000342,2004,YG012,False,,,,,2025-01-31 22:37:46,,True,admin
384,PRYG000343,2010,YG012,False,,,,,2025-01-31 22:41:24,,True,admin
385,PRYG000344,2019,YG028,False,,,,,2025-01-31 22:45:19,,True,admin
386,PRYG000345,1995,YG012,False,,,,,2025-01-31 22:46:40,,True,admin
387,PRYG000346,2018,YG012,False,,,,,2025-01-31 22:49:13,,True,admin
388,PRYG000347,2017,YG012,False,,,,,2025-01-31 22:56:59,,True,admin
389,PRYG000348,2014,YG012,False,,,,,2025-01-31 23:15:38,,True,admin
390,PRYG000349,2012,YG012,False,,,,,2025-02-01 01:42:53,,True,admin
392,PRYG000350,2024,YG005,False,,,,,2025-02-01 09:51:14,,True,admin
393,PRYG000351,2024,YG005,False,,,,,2025-02-01 09:52:53,,True,admin
394,PRYG000352,2010,YG024,False,,,,,2025-02-01 10:06:30,,True,admin
395,PRYG000353,2024,YG005,False,,,,,2025-02-01 10:26:32,,True,admin
396,PRYG000354,2024,YG005,False,,,,,2025-02-01 10:27:32,,True,admin
397,PRYG000355,2012,YG013,False,,,,,2025-02-01 11:35:37,,True,admin
398,PRYG000356,2012,YG013,False,,,,,2025-02-01 11:50:03,,True,admin
399,PRYG000357,2023,YG005,False,,,,,2025-02-01 11:51:25,,True,admin
402,PRYG000360,2021,YG009,False,,,,,2025-02-01 12:20:45,,True,admin
403,PRYG000361,2025,YG009,False,,,,,2025-02-01 12:21:18,,True,admin
405,PRYG000363,2022,YG009,False,,,,,2025-02-01 12:29:45,,True,admin
407,PRYG000365,2022,YG009,False,,,,,2025-02-01 12:42:41,,True,admin
408,PRYG000366,2022,YG009,False,,,,,2025-02-01 12:45:12,,True,admin
409,PRYG000367,2016,YG009,False,,,,,2025-02-01 12:57:29,,True,admin
410,PRYG000368,2013,YG022,False,,,,,2025-02-01 13:07:19,,True,admin
411,PRYG000369,2015,YG011,False,,,,,2025-02-01 13:14:36,,True,admin
413,PRYG000370,2022,YG011,False,,,,,2025-02-01 13:23:12,,True,admin
414,PRYG000371,2007,YG009,False,,,,,2025-02-01 13:27:37,,True,admin
415,PRYG000372,2024,YG011,False,,,,,2025-02-01 13:32:37,,True,admin
416,PRYG000373,2017,YG009,False,,,,,2025-02-01 13:38:13,,True,admin
417,PRYG000374,2023,YG012,False,,,,,2025-02-01 13:47:43,,True,admin
418,PRYG000375,2023,YG012,False,,,,,2025-02-01 13:49:04,,True,admin
419,PRYG000376,2015,YG009,False,,,,,2025-02-01 13:51:21,,True,admin
420,PRYG000377,2012,YG011,False,,,,,2025-02-01 13:54:41,,True,admin
421,PRYG000378,2017,YG009,False,,,,,2025-02-01 13:55:00,,True,admin
422,PRYG000379,2023,YG011,False,,,,,2025-02-01 13:57:44,,True,admin
423,PRYG000380,2023,YG011,False,,,,,2025-02-01 13:59:10,,True,admin
424,PRYG000381,2023,YG016,False,,,,,2025-02-01 14:11:35,,True,admin
425,PRYG000382,2023,YG016,False,,,,,2025-02-01 14:11:48,,True,admin
425,PRYG000383,2024,YG003,False,,,,,2025-03-30 16:32:29,,True,admin
426,PRYG000384,2023,YG016,False,,,,,2025-02-01 14:11:59,,True,admin
427,PRYG000385,2025,YG016,False,,,,,2025-02-01 14:12:54,,True,admin
428,PRYG000386,2023,YG012,False,,,,,2025-02-01 14:12:57,,True,admin
429,PRYG000387,2023,YG016,False,,,,,2025-02-01 14:13:18,,True,admin
430,PRYG000388,2022,YG016,False,,,,,2025-02-01 14:13:58,,True,admin
431,PRYG000389,2022,YG012,False,,,,,2025-02-01 14:15:09,,True,admin
432,PRYG000390,2023,YG012,False,,,,,2025-02-01 14:15:29,,True,admin
433,PRYG000391,2021,YG016,False,,,,,2025-02-01 14:17:47,,True,admin
434,PRYG000392,2016,YG028,False,,,,,2025-02-01 14:18:23,,True,admin
435,PRYG000393,2006,YG012,False,,,,,2025-02-01 14:18:44,,True,admin
436,PRYG000394,2015,YG012,False,,,,,2025-02-01 14:20:11,,True,admin
437,PRYG000395,2018,YG012,False,,,,,2025-02-01 14:21:00,,True,admin
438,PRYG000396,2020,YG012,False,,,,,2025-02-01 14:23:52,,True,admin
439,PRYG000397,2021,YG012,False,,,,,2025-02-01 14:25:33,,True,admin
440,PRYG000398,2017,YG012,False,,,,,2025-02-01 14:30:36,,True,admin
441,PRYG000399,2022,YG009,False,,,,,2025-02-01 14:30:43,,True,admin
442,PRYG000400,2020,YG016,False,,,,,2025-02-01 14:30:48,,True,admin
443,PRYG000401,2016,YG012,False,,,,,2025-02-01 14:30:52,,True,admin
444,PRYG000402,2022,YG012,False,,,,,2025-02-01 14:30:58,,True,admin
445,PRYG000403,2025,YG016,False,,,,,2025-02-01 14:32:43,,True,admin
446,PRYG000404,2012,YG012,False,,,,,2025-02-01 14:32:46,,True,admin
447,PRYG000405,2019,YG012,False,,,,,2025-02-01 14:33:36,,True,admin
448,PRYG000406,2024,YG009,False,,,,,2025-02-01 14:35:15,,True,admin
449,PRYG000407,2007,YG009,False,,,,,2025-02-01 14:41:58,,True,admin
450,PRYG000408,2019,YG012,False,,,,,2025-02-01 14:42:41,,True,admin
451,PRYG000409,2022,YG016,False,,,,,2025-02-01 14:43:19,,True,admin
452,PRYG000410,2024,YG012,False,,,,,2025-02-01 14:44:58,,True,admin
453,PRYG000411,2019,YG003,False,,,,,2025-02-01 14:46:16,,True,admin
453,PRYG000412,2019,YG016,False,,,,,2025-03-21 21:30:13,,True,admin
454,PRYG000413,2018,YG009,False,,,,,2025-02-01 14:47:30,,True,admin
455,PRYG000414,2020,YG009,False,,,,,2025-02-01 14:48:05,,True,admin
456,PRYG000415,2021,YG003,False,,,,,2025-02-01 14:48:16,,True,admin
456,PRYG000416,2021,YG016,False,,,,,2025-03-21 21:28:34,,True,admin
457,PRYG000417,2023,YG016,False,,,,,2025-02-01 14:48:00,,True,admin
457,PRYG000418,2025,YG003,False,,,,,2025-11-07 15:54:08,,True,admin
458,PRYG000419,2021,YG009,False,,,,,2025-02-01 14:49:21,,True,admin
459,PRYG000420,2021,YG016,False,,,,,2025-02-01 14:50:27,,True,admin
460,PRYG000421,2023,YG009,False,,,,,2025-02-01 14:50:41,,True,admin
461,PRYG000422,2024,YG009,False,,,,,2025-02-01 14:51:39,,True,admin
462,PRYG000423,2024,YG009,False,,,,,2025-02-01 14:53:03,,True,admin
463,PRYG000424,2024,YG009,False,,,,,2025-02-01 14:53:11,,True,admin
464,PRYG000425,2018,YG027,False,,,,,2025-02-01 14:58:42,,True,admin
466,PRYG000427,2024,YG017,False,,,,,2025-02-01 15:04:02,,True,admin
467,PRYG000428,2019,YG012,False,,,,,2025-02-01 15:05:23,,True,admin
468,PRYG000429,2019,YG012,False,,,,,2025-02-01 15:05:53,,True,admin
469,PRYG000430,2019,YG012,False,,,,,2025-02-01 15:07:01,,True,admin
470,PRYG000431,2022,YG012,False,,,,,2025-02-01 15:07:17,,True,admin
471,PRYG000432,2021,YG012,False,,,,,2025-02-01 15:08:56,,True,admin
472,PRYG000433,2023,YG012,False,,,,,2025-02-01 15:09:24,,True,admin
473,PRYG000434,2019,YG024,False,,,,,2025-02-01 15:09:52,,True,admin
474,PRYG000435,2023,YG012,False,,,,,2025-02-01 15:09:55,,True,admin
475,PRYG000436,2012,YG012,False,,,,,2025-02-01 15:14:04,,True,admin
476,PRYG000437,2022,YG012,False,,,,,2025-02-01 15:16:26,,True,admin
477,PRYG000438,2022,YG012,False,,,,,2025-02-01 15:17:11,,True,admin
478,PRYG000439,2021,YG012,False,,,,,2025-02-01 15:18:22,,True,admin
479,PRYG000440,2018,YG012,False,,,,,2025-02-01 15:19:28,,True,admin
481,PRYG000441,2004,YG013,False,,,,,2025-02-01 15:26:13,,True,admin
482,PRYG000442,2018,YG012,False,,,,,2025-02-01 15:26:29,,True,admin
484,PRYG000443,2020,YG016,False,,,,,2025-02-01 15:41:12,,True,admin
485,PRYG000444,2025,YG016,False,,,,,2025-02-01 15:42:55,,True,admin
486,PRYG000445,2021,YG016,False,,,,,2025-02-01 15:46:03,,True,admin
486,PRYG000446,2023,YG003,False,,,,,2025-03-30 15:06:29,,True,admin
487,PRYG000447,2023,YG016,False,,,,,2025-02-01 15:46:18,,True,admin
488,PRYG000448,2025,YG016,False,,,,,2025-02-01 15:47:30,,True,admin
488,PRYG000449,2025,YG003,False,,,,,2025-03-30 15:08:06,,True,admin
489,PRYG000450,2024,YG016,False,,,,,2025-02-01 15:49:55,,True,admin
490,PRYG000451,2023,YG012,False,,,,,2025-02-01 15:52:51,,True,admin
491,PRYG000452,2024,YG016,False,,,,,2025-02-01 15:54:37,,True,admin
492,PRYG000453,2016,YG012,False,,,,,2025-02-01 15:56:31,,True,admin
493,PRYG000454,2020,YG016,False,,,,,2025-02-01 16:01:06,,True,admin
494,PRYG000455,2020,YG017,False,,,,,2025-02-01 16:01:42,,True,admin
495,PRYG000456,2022,YG016,False,,,,,2025-02-01 16:03:44,,True,admin
496,PRYG000457,2021,YG017,False,,,,,2025-02-01 16:04:41,,True,admin
497,PRYG000458,2019,YG012,False,,,,,2025-02-01 16:04:52,,True,admin
499,PRYG000459,2022,YG016,False,,,,,2025-02-01 16:05:41,,True,admin
500,PRYG000460,2024,YG017,False,,,,,2025-02-01 16:15:29,,True,admin
501,PRYG000461,2020,YG016,False,,,,,2025-02-01 16:20:00,,True,admin
502,PRYG000462,2023,YG016,False,,,,,2025-02-01 16:22:19,,True,admin
503,PRYG000463,2023,YG014,False,,,,,2025-02-01 16:22:56,,True,admin
503,PRYG000464,2022,YG017,False,,,,,2025-06-26 20:20:12,,True,admin
504,PRYG000465,2022,YG016,False,,,,,2025-02-01 16:23:32,,True,admin
505,PRYG000466,2020,YG017,False,,,,,2025-02-01 16:23:59,,True,admin
506,PRYG000467,2016,YG012,False,,,,,2025-02-01 16:24:02,,True,admin
507,PRYG000468,2015,YG012,False,,,,,2025-02-01 16:43:48,,True,admin
508,PRYG000469,2016,YG024,False,,,,,2025-02-01 16:45:55,,True,admin
509,PRYG000470,2025,YG016,False,,,,,2025-02-01 16:59:38,,True,admin
510,PRYG000471,2018,YG009,False,,,,,2025-02-01 17:01:04,,True,admin
511,PRYG000472,2022,YG012,False,,,,,2025-02-01 17:04:00,,True,admin
512,PRYG000473,2018,YG017,False,,,,,2025-02-01 17:06:02,,True,admin
513,PRYG000474,2020,YG012,False,,,,,2025-02-01 17:33:17,,True,admin
514,PRYG000475,2022,YG009,False,,,,,2025-02-01 17:33:50,,True,admin
515,PRYG000476,2020,YG012,False,,,,,2025-02-01 17:35:02,,True,admin
516,PRYG000477,2025,YG009,False,,,,,2025-02-01 18:09:32,,True,admin
517,PRYG000478,2022,YG012,False,,,,,2025-02-01 19:08:41,,True,admin
518,PRYG000479,2021,YG016,False,,,,,2025-02-01 19:11:43,,True,admin
519,PRYG000480,2022,YG012,False,,,,,2025-02-01 19:14:56,,True,admin
520,PRYG000481,2023,YG012,False,,,,,2025-02-01 19:17:13,,True,admin
521,PRYG000482,2019,YG012,False,,,,,2025-02-01 19:20:59,,True,admin
522,PRYG000483,2015,YG022,False,,,,,2025-02-01 20:41:09,,True,admin
523,PRYG000484,2014,YG022,False,,,,,2025-02-01 20:42:02,,True,admin
524,PRYG000485,2024,YG011,False,,,,,2025-02-01 20:42:42,,True,admin
527,PRYG000486,2017,YG022,False,,,,,2025-02-01 20:43:35,,True,admin
528,PRYG000487,2024,YG022,False,,,,,2025-02-01 20:43:36,,True,admin
530,PRYG000488,2024,YG022,False,,,,,2025-02-01 20:43:00,,True,admin
531,PRYG000489,2023,YG022,False,,,,,2025-02-01 20:45:02,,True,admin
532,PRYG000490,2019,YG022,False,,,,,2025-02-01 20:45:17,,True,admin
534,PRYG000491,2021,YG022,False,,,,,2025-02-01 20:46:42,,True,admin
536,PRYG000492,2016,YG022,False,,,,,2025-02-01 20:47:48,,True,admin
537,PRYG000493,2024,YG016,False,,,,,2025-02-01 20:48:54,,True,admin
539,PRYG000495,2024,YG022,False,,,,,2025-02-01 20:50:28,,True,admin
543,PRYG000499,2023,YG016,False,,,,,2025-02-01 20:57:44,,True,admin
544,PRYG000500,2024,YG016,False,,,,,2025-02-01 20:57:58,,True,admin
545,PRYG000501,2024,YG022,False,,,,,2025-02-01 20:58:50,,True,admin
546,PRYG000502,2020,YG009,False,,,,,2025-02-01 21:00:47,,True,admin
547,PRYG000503,2022,YG009,False,,,,,2025-02-01 21:02:27,,True,admin
548,PRYG000504,2021,YG022,False,,,,,2025-02-01 21:05:33,,True,admin
549,PRYG000505,2022,YG016,False,,,,,2025-02-01 21:06:06,,True,admin
549,PRYG000506,2024,YG003,False,,,,,2025-03-31 14:01:09,,True,admin
550,PRYG000507,2022,YG012,False,,,,,2025-02-01 21:06:11,,True,admin
551,PRYG000508,2020,YG016,False,,,,,2025-02-01 21:06:53,,True,admin
552,PRYG000509,2018,YG012,False,,,,,2025-02-01 21:08:56,,True,admin
553,PRYG000510,2020,YG016,False,,,,,2025-02-01 21:10:05,,True,admin
554,PRYG000511,2018,YG012,False,,,,,2025-02-01 21:10:48,,True,admin
555,PRYG000512,2022,YG012,False,,,,,2025-02-01 21:12:05,,True,admin
556,PRYG000513,2022,YG012,False,,,,,2025-02-01 21:13:32,,True,admin
557,PRYG000514,2020,YG015,False,,,,,2025-02-01 21:13:52,,True,admin
558,PRYG000515,2017,YG016,False,,,,,2025-02-01 21:14:44,,True,admin
559,PRYG000516,2022,YG016,False,,,,,2025-02-01 21:14:45,,True,admin
560,PRYG000517,2000,YG012,False,,,,,2025-02-01 21:14:54,,True,admin
561,PRYG000518,2022,YG012,False,,,,,2025-02-01 21:15:14,,True,admin
562,PRYG000519,2000,YG012,False,,,,,2025-02-01 21:16:36,,True,admin
563,PRYG000520,2023,YG016,False,,,,,2025-02-01 21:16:49,,True,admin
564,PRYG000521,2024,YG012,False,,,,,2025-02-01 21:21:06,,True,admin
566,PRYG000522,2023,YG017,False,,,,,2025-02-01 21:33:54,,True,admin
567,PRYG000523,2016,YG016,False,,,,,2025-02-01 21:42:00,,True,admin
568,PRYG000524,2025,YG016,False,,,,,2025-02-01 21:43:21,,True,admin
568,PRYG000525,2025,YG003,False,,,,,2025-03-30 17:30:56,,True,admin
569,PRYG000526,2011,YG015,False,,,,,2025-02-01 21:44:07,,True,admin
570,PRYG000527,2019,YG016,False,,,,,2025-02-01 21:44:51,,True,admin
571,PRYG000528,2022,YG016,False,,,,,2025-02-01 21:45:20,,True,admin
571,PRYG000529,2024,YG003,False,,,,,2025-03-31 14:02:39,,True,admin
572,PRYG000530,2021,YG016,False,,,,,2025-02-01 21:46:43,,True,admin
573,PRYG000531,2023,YG016,False,,,,,2025-02-01 21:49:07,,True,admin
574,PRYG000532,2013,YG015,False,,,,,2025-02-01 21:49:58,,True,admin
575,PRYG000533,2024,YG022,False,,,,,2025-02-01 21:55:58,,True,admin
576,PRYG000534,2021,YG016,False,,,,,2025-02-01 21:59:15,,True,admin
577,PRYG000535,2020,YG012,False,,,,,2025-02-01 22:03:08,,True,admin
578,PRYG000536,2023,YG009,False,,,,,2025-02-01 22:07:55,,True,admin
579,PRYG000537,2023,YG009,False,,,,,2025-02-01 22:09:36,,True,admin
582,PRYG000538,2011,YG015,False,,,,,2025-02-01 22:28:44,,True,admin
583,PRYG000539,2011,YG015,False,,,,,2025-02-01 22:38:12,,True,admin
584,PRYG000540,2021,YG003,False,,,,,2025-02-01 22:39:57,,True,admin
585,PRYG000541,2002,YG003,False,,,,,2025-02-01 22:40:07,,True,admin
586,PRYG000542,2023,YG003,False,,,,,2025-02-01 22:40:12,,True,admin
588,PRYG000544,2020,YG003,False,,,,,2025-02-01 22:40:31,,True,admin
589,PRYG000545,2024,YG009,False,,,,,2025-02-01 22:42:56,,True,admin
591,PRYG000546,2023,YG003,False,,,,,2025-02-01 22:48:27,,True,admin
593,PRYG000548,2021,YG016,False,,,,,2025-02-01 22:58:55,,True,admin
595,PRYG000549,2022,YG016,False,,,,,2025-02-01 23:03:48,,True,admin
596,PRYG000550,2022,YG016,False,,,,,2025-02-01 23:12:18,,True,admin
596,PRYG000551,2020,YG003,False,,,,,2025-06-29 14:54:27,,True,admin
599,PRYG000552,2020,YG016,False,,,,,2025-02-01 23:18:24,,True,admin
599,PRYG000553,2020,YG003,False,,,,,2025-03-30 15:25:38,,True,admin
600,PRYG000554,2021,YG003,False,,,,,2025-02-01 23:23:27,,True,admin
601,PRYG000555,2015,YG003,False,,,,,2025-02-01 23:26:20,,True,admin
603,PRYG000556,2020,YG011,False,,,,,2025-02-01 23:45:03,,True,admin
605,PRYG000558,2024,YG022,False,,,,,2025-02-02 00:16:32,,True,admin
606,PRYG000559,2023,YG016,False,,,,,2025-02-02 01:27:58,,True,admin
607,PRYG000560,2021,YG022,False,,,,,2025-02-02 06:33:07,,True,admin
608,PRYG000561,2014,YG022,False,,,,,2025-02-02 08:11:00,,True,admin
609,PRYG000562,2005,YG003,False,,,,,2025-02-02 08:35:34,,True,admin
610,PRYG000563,2022,YG006,False,,,,,2025-02-02 10:15:37,,True,admin
613,PRYG000564,2022,YG006,False,,,,,2025-02-02 10:24:42,,True,admin
614,PRYG000565,2020,YG006,False,,,,,2025-02-02 10:27:30,,True,admin
615,PRYG000566,2024,YG006,False,,,,,2025-02-02 10:29:17,,True,admin
616,PRYG000567,2020,YG006,False,,,,,2025-02-02 10:29:38,,True,admin
617,PRYG000568,2023,YG006,False,,,,,2025-02-02 10:30:54,,True,admin
618,PRYG000569,2024,YG006,False,,,,,2025-02-02 10:32:34,,True,admin
619,PRYG000570,2022,YG006,False,,,,,2025-02-02 10:35:12,,True,admin
620,PRYG000571,2022,YG006,False,,,,,2025-02-02 10:36:39,,True,admin
621,PRYG000572,2020,YG006,False,,,,,2025-02-02 10:37:53,,True,admin
622,PRYG000573,2024,YG006,False,,,,,2025-02-02 10:38:12,,True,admin
623,PRYG000574,2020,YG006,False,,,,,2025-02-02 10:39:15,,True,admin
624,PRYG000575,2023,YG006,False,,,,,2025-02-02 10:56:05,,True,admin
625,PRYG000576,2024,YG006,False,,,,,2025-02-02 10:59:22,,True,admin
626,PRYG000577,2024,YG006,False,,,,,2025-02-02 11:00:53,,True,admin
626,PRYG000578,2014,YG005,False,,,,,2025-11-01 18:26:01,,True,admin
627,PRYG000579,2024,YG006,False,,,,,2025-02-02 11:01:33,,True,admin
628,PRYG000580,2022,YG006,False,,,,,2025-02-02 11:05:34,,True,admin
629,PRYG000581,2020,YG006,False,,,,,2025-02-02 11:06:08,,True,admin
630,PRYG000582,2022,YG006,False,,,,,2025-02-02 11:06:47,,True,admin
631,PRYG000583,2020,YG006,False,,,,,2025-02-02 11:07:01,,True,admin
632,PRYG000584,2023,YG006,False,,,,,2025-02-02 11:09:31,,True,admin
633,PRYG000585,2024,YG006,False,,,,,2025-02-02 11:10:58,,True,admin
634,PRYG000586,2020,YG006,False,,,,,2025-02-02 11:11:06,,True,admin
636,PRYG000587,2023,YG006,False,,,,,2025-02-02 11:19:03,,True,admin
637,PRYG000588,2023,YG011,False,,,,,2025-02-02 11:27:35,,True,admin
638,PRYG000589,2025,YG006,False,,,,,2025-02-02 11:30:23,,True,admin
639,PRYG000590,2021,YG006,False,,,,,2025-02-02 11:31:22,,True,admin
640,PRYG000591,2024,YG006,False,,,,,2025-02-02 11:34:54,,True,admin
641,PRYG000592,2022,YG006,False,,,,,2025-02-02 11:41:45,,True,admin
642,PRYG000593,2022,YG006,False,,,,,2025-02-02 11:43:19,,True,admin
643,PRYG000594,2021,YG006,False,,,,,2025-02-02 11:47:23,,True,admin
644,PRYG000595,2024,YG006,False,,,,,2025-02-02 11:51:20,,True,admin
645,PRYG000596,2023,YG006,False,,,,,2025-02-02 11:54:49,,True,admin
646,PRYG000597,2023,YG006,False,,,,,2025-02-02 11:56:28,,True,admin
647,PRYG000598,2015,YG002,False,,,,,2025-02-02 12:05:00,,True,admin
648,PRYG000599,2024,YG006,False,,,,,2025-02-02 12:31:02,,True,admin
649,PRYG000600,2022,YG006,False,,,,,2025-02-02 12:56:04,,True,admin
650,PRYG000601,2024,YG006,False,,,,,2025-02-02 12:59:35,,True,admin
651,PRYG000602,2021,YG006,False,,,,,2025-02-02 13:03:43,,True,admin
652,PRYG000603,2021,YG006,False,,,,,2025-02-02 13:05:40,,True,admin
653,PRYG000604,2021,YG006,False,,,,,2025-02-02 13:15:16,,True,admin
654,PRYG000605,2021,YG006,False,,,,,2025-02-02 13:16:54,,True,admin
655,PRYG000606,2021,YG006,False,,,,,2025-02-02 13:19:23,,True,admin
656,PRYG000607,2023,YG006,False,,,,,2025-02-02 13:39:29,,True,admin
657,PRYG000608,2024,YG006,False,,,,,2025-02-02 13:59:05,,True,admin
658,PRYG000609,2023,YG022,False,,,,,2025-02-02 14:14:12,,True,admin
659,PRYG000610,2024,YG011,False,,,,,2025-02-02 15:14:10,,True,admin
660,PRYG000611,2024,YG011,False,,,,,2025-02-02 15:18:09,,True,admin
661,PRYG000612,2022,YG022,False,,,,,2025-02-02 15:23:11,,True,admin
662,PRYG000613,2022,YG006,False,,,,,2025-02-02 15:35:59,,True,admin
663,PRYG000614,2021,YG006,False,,,,,2025-02-02 15:45:21,,True,admin
663,PRYG000615,2021,YG023,False,,,,,2025-11-04 10:44:45,,True,admin
664,PRYG000616,2024,YG006,False,,,,,2025-02-02 15:45:22,,True,admin
665,PRYG000617,2024,YG022,False,,,,,2025-02-02 16:00:16,,True,admin
666,PRYG000618,2021,YG006,False,,,,,2025-02-02 16:20:21,,True,admin
667,PRYG000619,2020,YG006,False,,,,,2025-02-02 16:33:48,,True,admin
668,PRYG000620,2022,YG006,False,,,,,2025-02-02 16:57:19,,True,admin
669,PRYG000621,2022,YG006,False,,,,,2025-02-02 17:02:30,,True,admin
670,PRYG000622,2011,YG024,False,,,,,2025-02-02 17:30:55,,True,admin
671,PRYG000623,2010,YG024,False,,,,,2025-02-02 18:10:25,,True,admin
672,PRYG000624,2021,YG009,False,,,,,2025-02-02 19:53:09,,True,admin
673,PRYG000625,2023,YG011,False,,,,,2025-02-02 20:25:47,,True,admin
675,PRYG000627,2025,YG006,False,,,,,2025-02-02 21:31:45,,True,admin
676,PRYG000628,2023,YG006,False,,,,,2025-02-02 21:47:44,,True,admin
677,PRYG000629,2023,YG006,False,,,,,2025-02-02 21:50:25,,True,admin
678,PRYG000630,2025,YG006,False,,,,,2025-02-02 22:19:38,,True,admin
679,PRYG000631,2013,YG015,False,,,,,2025-02-03 01:37:51,,True,admin
681,PRYG000632,2014,YG022,False,,,,,2025-02-03 12:05:27,,True,admin
684,PRYG000633,2017,YG022,False,,,,,2025-02-03 12:13:38,,True,admin
688,PRYG000634,2019,YG022,False,,,,,2025-02-03 12:25:06,,True,admin
691,PRYG000636,2021,YG022,False,,,,,2025-02-03 12:43:50,,True,admin
694,PRYG000638,2019,YG022,False,,,,,2025-02-03 12:51:01,,True,admin
695,PRYG000639,2015,YG022,False,,,,,2025-02-03 12:51:13,,True,admin
696,PRYG000640,2020,YG022,False,,,,,2025-02-03 12:54:42,,True,admin
697,PRYG000641,2021,YG022,False,,,,,2025-02-03 12:59:56,,True,admin
699,PRYG000642,2019,YG022,False,,,,,2025-02-03 13:15:11,,True,admin
700,PRYG000643,2022,YG022,False,,,,,2025-02-03 13:17:48,,True,admin
701,PRYG000644,2019,YG003,False,,,,,2025-02-03 14:01:23,,True,admin
702,PRYG000645,2024,YG022,False,,,,,2025-02-03 14:14:22,,True,admin
704,PRYG000646,2024,YG022,False,,,,,2025-02-03 14:17:22,,True,admin
706,PRYG000648,2023,YG006,False,,,,,2025-02-03 14:35:24,,True,admin
707,PRYG000649,2023,YG022,False,,,,,2025-02-03 14:40:28,,True,admin
709,PRYG000651,2016,YG022,False,,,,,2025-02-03 14:50:08,,True,admin
710,PRYG000652,2017,YG022,False,,,,,2025-02-03 15:03:29,,True,admin
711,PRYG000653,2025,YG006,False,,,,,2025-02-03 15:16:42,,True,admin
712,PRYG000654,2022,YG022,False,,,,,2025-02-03 15:23:59,,True,admin
714,PRYG000656,2024,YG022,False,,,,,2025-02-03 15:29:44,,True,admin
715,PRYG000657,2024,YG022,False,,,,,2025-02-03 15:34:04,,True,admin
717,PRYG000659,2022,YG022,False,,,,,2025-02-03 15:36:43,,True,admin
719,PRYG000660,2024,YG022,False,,,,,2025-02-03 15:49:30,,True,admin
720,PRYG000661,2016,YG022,False,,,,,2025-02-03 15:57:31,,True,admin
722,PRYG000662,2024,YG022,False,,,,,2025-02-03 16:03:26,,True,admin
723,PRYG000663,2020,YG022,False,,,,,2025-02-03 16:11:27,,True,admin
725,PRYG000664,2022,YG022,False,,,,,2025-02-03 16:48:48,,True,admin
726,PRYG000665,2023,YG022,False,,,,,2025-02-03 16:53:07,,True,admin
729,PRYG000666,2003,YG011,False,,,,,2025-02-03 17:08:31,,True,admin
730,PRYG000667,2023,YG022,False,,,,,2025-02-03 17:50:47,,True,admin
732,PRYG000668,2023,YG022,False,,,,,2025-02-03 18:07:36,,True,admin
733,PRYG000669,2024,YG011,False,,,,,2025-02-03 18:12:54,,True,admin
734,PRYG000670,2023,YG022,False,,,,,2025-02-03 18:14:43,,True,admin
735,PRYG000671,2024,YG022,False,,,,,2025-02-03 18:19:06,,True,admin
736,PRYG000672,2003,YG011,False,,,,,2025-02-03 18:37:02,,True,admin
737,PRYG000673,2018,YG027,False,,,,,2025-02-03 18:44:48,,True,admin
738,PRYG000674,2018,YG027,False,,,,,2025-02-03 18:46:17,,True,admin
739,PRYG000675,2024,YG027,False,,,,,2025-02-03 18:48:56,,True,admin
740,PRYG000676,2024,YG027,False,,,,,2025-02-03 18:52:29,,True,admin
741,PRYG000677,2021,YG027,False,,,,,2025-02-03 19:32:41,,True,admin
742,PRYG000678,2021,YG027,False,,,,,2025-02-03 20:15:43,,True,admin
744,PRYG000679,2017,YG027,False,,,,,2025-02-03 21:57:15,,True,admin
745,PRYG000680,2019,YG027,False,,,,,2025-02-03 21:57:27,,True,admin
747,PRYG000681,2023,YG003,False,,,,,2025-02-03 23:01:11,,True,admin
749,PRYG000682,2019,YG028,False,,,,,2025-02-04 02:39:21,,True,admin
750,PRYG000683,2016,YG006,False,,,,,2025-02-04 06:00:27,,True,admin
751,PRYG000684,2024,YG024,False,,,,,2025-02-04 09:52:07,,True,admin
752,PRYG000685,2024,YG024,False,,,,,2025-02-04 10:05:56,,True,admin
753,PRYG000686,2023,YG022,False,,,,,2025-02-04 11:15:14,,True,admin
755,PRYG000687,2024,YG022,False,,,,,2025-02-04 11:22:27,,True,admin
757,PRYG000688,2020,YG022,False,,,,,2025-02-04 11:24:44,,True,admin
759,PRYG000689,2022,YG022,False,,,,,2025-02-04 11:25:56,,True,admin
761,PRYG000690,2007,YG002,False,,,,,2025-02-04 13:46:24,,True,admin
763,PRYG000692,2011,YG002,False,,,,,2025-02-04 14:04:10,,True,admin
764,PRYG000693,2017,YG002,False,,,,,2025-02-04 14:18:42,,True,admin
765,PRYG000694,2019,YG022,False,,,,,2025-02-04 14:22:31,,True,admin
766,PRYG000695,2017,YG022,False,,,,,2025-02-04 14:24:49,,True,admin
767,PRYG000696,2022,YG022,False,,,,,2025-02-04 14:31:06,,True,admin
768,PRYG000697,2023,YG022,False,,,,,2025-02-04 14:45:34,,True,admin
769,PRYG000698,2004,YG012,False,,,,,2025-02-04 15:30:45,,True,admin
770,PRYG000699,2023,YG022,False,,,,,2025-02-04 16:39:41,,True,admin
771,PRYG000700,2010,YG024,False,,,,,2025-02-04 16:45:47,,True,admin
772,PRYG000701,2018,YG027,False,,,,,2025-02-04 17:39:38,,True,admin
773,PRYG000702,2024,YG027,False,,,,,2025-02-04 17:41:36,,True,admin
774,PRYG000703,2024,YG022,False,,,,,2025-02-04 18:07:40,,True,admin
775,PRYG000704,2023,YG022,False,,,,,2025-02-04 18:08:17,,True,admin
777,PRYG000705,2023,YG022,False,,,,,2025-02-04 18:25:25,,True,admin
778,PRYG000706,2023,YG022,False,,,,,2025-02-04 18:26:59,,True,admin
780,PRYG000707,2024,YG022,False,,,,,2025-02-04 20:08:04,,True,admin
781,PRYG000708,2020,YG012,False,,,,,2025-02-04 21:03:59,,True,admin
782,PRYG000709,2017,YG012,False,,,,,2025-02-04 21:21:59,,True,admin
783,PRYG000710,2020,YG012,False,,,,,2025-02-04 21:25:25,,True,admin
784,PRYG000711,2020,YG012,False,,,,,2025-02-04 21:28:39,,True,admin
785,PRYG000712,2014,YG012,False,,,,,2025-02-04 21:37:51,,True,admin
786,PRYG000713,2018,YG027,False,,,,,2025-02-04 23:07:49,,True,admin
787,PRYG000714,2012,YG002,False,,,,,2025-02-05 04:51:45,,True,admin
788,PRYG000715,2023,YG006,False,,,,,2025-02-05 15:01:33,,True,admin
789,PRYG000716,2022,YG009,False,,,,,2025-02-05 16:51:02,,True,admin
792,PRYG000719,2020,YG012,False,,,,,2025-02-05 18:37:38,,True,admin
793,PRYG000720,2023,YG011,False,,,,,2025-02-05 18:58:56,,True,admin
794,PRYG000721,2012,YG002,False,,,,,2025-02-05 22:00:22,,True,admin
795,PRYG000722,2024,YG002,False,,,,,2025-02-05 22:10:00,,True,admin
796,PRYG000723,2008,YG002,False,,,,,2025-02-05 22:11:19,,True,admin
797,PRYG000724,2012,YG012,False,,,,,2025-02-05 22:34:48,,True,admin
798,PRYG000725,2018,YG002,False,,,,,2025-02-05 22:48:37,,True,admin
799,PRYG000726,2004,YG012,False,,,,,2025-02-05 23:04:01,,True,admin
800,PRYG000727,2014,YG012,False,,,,,2025-02-05 23:22:43,,True,admin
801,PRYG000728,2006,YG002,False,,,,,2025-02-06 01:42:19,,True,admin
802,PRYG000729,2024,YG005,False,,,,,2025-02-06 10:29:22,,True,admin
803,PRYG000730,2023,YG005,False,,,,,2025-02-06 10:42:07,,True,admin
804,PRYG000731,2023,YG005,False,,,,,2025-02-06 10:45:40,,True,admin
806,PRYG000732,2024,YG002,False,,,,,2025-02-06 14:56:04,,True,admin
807,PRYG000733,2016,YG006,False,,,,,2025-02-06 15:04:46,,True,admin
808,PRYG000734,2022,YG022,False,,,,,2025-02-06 18:11:08,,True,admin
809,PRYG000735,2015,YG002,False,,,,,2025-02-06 18:41:19,,True,admin
810,PRYG000736,2022,YG012,False,,,,,2025-02-06 22:36:14,,True,admin
811,PRYG000737,2021,YG012,False,,,,,2025-02-07 12:08:32,,True,admin
812,PRYG000738,2013,YG002,False,,,,,2025-02-07 13:24:51,,True,admin
813,PRYG000739,2023,YG024,False,,,,,2025-02-07 13:33:34,,True,admin
814,PRYG000740,2023,YG024,False,,,,,2025-02-07 13:35:18,,True,admin
815,PRYG000741,2022,YG006,False,,,,,2025-02-07 14:23:28,,True,admin
816,PRYG000742,2023,YG012,False,,,,,2025-02-07 15:10:05,,True,admin
817,PRYG000743,2016,YG012,False,,,,,2025-02-07 17:56:30,,True,admin
818,PRYG000744,2019,YG012,False,,,,,2025-02-07 17:58:05,,True,admin
819,PRYG000745,2020,YG023,False,,,,,2025-02-07 19:36:04,,True,admin
820,PRYG000746,2020,YG006,False,,,,,2025-02-08 19:25:28,,True,admin
821,PRYG000747,2024,YG011,False,,,,,2025-02-08 20:39:02,,True,admin
822,PRYG000748,2014,YG015,False,,,,,2025-02-08 21:30:49,,True,admin
823,PRYG000749,2015,YG015,False,,,,,2025-02-08 21:34:59,,True,admin
824,PRYG000750,2016,YG015,False,,,,,2025-02-08 21:35:45,,True,admin
825,PRYG000751,2024,YG015,False,,,,,2025-02-08 21:43:51,,True,admin
826,PRYG000752,2025,YG015,False,,,,,2025-02-08 22:06:15,,True,admin
827,PRYG000753,2025,YG015,False,,,,,2025-02-09 01:47:45,,True,admin
828,PRYG000754,2012,YG015,False,,,,,2025-02-09 02:25:44,,True,admin
829,PRYG000755,2022,YG015,False,,,,,2025-02-09 10:07:08,,True,admin
830,PRYG000756,2022,YG015,False,,,,,2025-02-09 12:23:52,,True,admin
831,PRYG000757,2023,YG006,False,,,,,2025-02-09 17:35:20,,True,admin
832,PRYG000758,2020,YG002,False,,,,,2025-02-09 20:15:01,,True,admin
833,PRYG000759,2017,YG024,False,,,,,2025-02-10 00:32:12,,True,admin
834,PRYG000760,2025,YG011,False,,,,,2025-02-10 08:57:48,,True,admin
835,PRYG000761,2024,YG011,False,,,,,2025-02-10 11:27:30,,True,admin
836,PRYG000762,2014,YG010,False,,,,,2025-02-10 13:44:22,,True,admin
837,PRYG000763,2014,YG010,False,,,,,2025-02-10 14:00:14,,True,admin
838,PRYG000764,2024,YG010,False,,,,,2025-02-10 14:03:48,,True,admin
839,PRYG000765,2024,YG010,False,,,,,2025-02-10 14:04:33,,True,admin
840,PRYG000766,2022,YG010,False,,,,,2025-02-10 14:08:07,,True,admin
841,PRYG000767,2023,YG010,False,,,,,2025-02-10 14:15:44,,True,admin
842,PRYG000768,2014,YG010,False,,,,,2025-02-10 14:16:01,,True,admin
844,PRYG000770,2023,YG010,False,,,,,2025-02-10 14:28:20,,True,admin
845,PRYG000771,2021,YG010,False,,,,,2025-02-10 14:31:49,,True,admin
846,PRYG000772,2013,YG010,False,,,,,2025-02-10 14:34:32,,True,admin
847,PRYG000773,2006,YG011,False,,,,,2025-02-10 14:45:01,,True,admin
848,PRYG000774,2011,YG010,False,,,,,2025-02-10 15:48:51,,True,admin
849,PRYG000775,2019,YG010,False,,,,,2025-02-10 16:00:00,,True,admin
850,PRYG000776,2018,YG002,False,,,,,2025-02-10 16:24:43,,True,admin
851,PRYG000777,2024,YG010,False,,,,,2025-02-10 16:48:13,,True,admin
852,PRYG000778,2012,YG007,False,,,,,2025-02-10 18:09:33,,True,admin
853,PRYG000779,2017,YG002,False,,,,,2025-02-10 18:57:32,,True,admin
854,PRYG000780,2015,YG010,False,,,,,2025-02-10 19:17:41,,True,admin
855,PRYG000781,2022,YG010,False,,,,,2025-02-10 19:38:31,,True,admin
856,PRYG000782,2022,YG010,False,,,,,2025-02-10 21:29:11,,True,admin
858,PRYG000783,2022,YG022,False,,,,,2025-02-10 23:08:26,,True,admin
859,PRYG000784,2020,YG016,False,,,,,2025-02-11 11:31:05,,True,admin
859,PRYG000785,2025,YG011,False,,,,,2025-11-08 10:25:54,,True,admin
860,PRYG000786,1994,YG011,False,,,,,2025-02-11 11:32:59,,True,admin
861,PRYG000787,2015,YG010,False,,,,,2025-02-11 16:46:23,,True,admin
862,PRYG000788,2021,YG010,False,,,,,2025-02-11 18:00:20,,True,admin
863,PRYG000789,2013,YG006,False,,,,,2025-02-12 09:20:17,,True,admin
864,PRYG000790,2015,YG002,False,,,,,2025-02-12 22:46:25,,True,admin
865,PRYG000791,2024,YG002,False,,,,,2025-02-12 22:52:32,,True,admin
866,PRYG000792,2025,YG002,False,,,,,2025-02-12 22:55:43,,True,admin
867,PRYG000793,2025,YG011,False,,,,,2025-02-12 22:57:23,,True,admin
868,PRYG000794,2023,YG002,False,,,,,2025-02-12 22:57:51,,True,admin
869,PRYG000795,2025,YG002,False,,,,,2025-02-12 23:09:34,,True,admin
872,PRYG000798,2025,YG002,False,,,,,2025-02-12 23:18:26,,True,admin
873,PRYG000799,2023,YG009,False,,,,,2025-02-13 13:27:32,,True,admin
874,PRYG000800,2014,YG009,False,,,,,2025-02-13 15:59:30,,True,admin
875,PRYG000801,2010,YG009,False,,,,,2025-02-13 16:02:45,,True,admin
876,PRYG000802,2025,YG009,False,,,,,2025-02-13 16:03:29,,True,admin
877,PRYG000803,2014,YG009,False,,,,,2025-02-13 16:03:40,,True,admin
878,PRYG000804,2015,YG009,False,,,,,2025-02-13 18:20:11,,True,admin
879,PRYG000805,2022,YG009,False,,,,,2025-02-13 18:31:07,,True,admin
880,PRYG000806,2024,YG010,False,,,,,2025-02-15 12:22:06,,True,admin
881,PRYG000807,2024,YG010,False,,,,,2025-02-15 12:23:31,,True,admin
882,PRYG000808,2023,YG010,False,,,,,2025-02-15 12:26:18,,True,admin
883,PRYG000809,2020,YG010,False,,,,,2025-02-15 12:27:11,,True,admin
884,PRYG000810,2024,YG010,False,,,,,2025-02-15 12:29:18,,True,admin
885,PRYG000811,2023,YG010,False,,,,,2025-02-15 12:31:02,,True,admin
886,PRYG000812,2024,YG010,False,,,,,2025-02-15 12:32:21,,True,admin
887,PRYG000813,2024,YG010,False,,,,,2025-02-15 12:33:14,,True,admin
888,PRYG000814,2023,YG010,False,,,,,2025-02-15 12:33:40,,True,admin
889,PRYG000815,2023,YG010,False,,,,,2025-02-15 12:51:49,,True,admin
890,PRYG000816,2024,YG010,False,,,,,2025-02-15 12:55:26,,True,admin
891,PRYG000817,2024,YG010,False,,,,,2025-02-15 13:05:08,,True,admin
892,PRYG000818,2021,YG010,False,,,,,2025-02-15 13:11:55,,True,admin
893,PRYG000819,2023,YG010,False,,,,,2025-02-15 13:15:50,,True,admin
894,PRYG000820,2023,YG010,False,,,,,2025-02-15 13:19:45,,True,admin
895,PRYG000821,2023,YG010,False,,,,,2025-02-15 13:38:35,,True,admin
896,PRYG000822,2024,YG010,False,,,,,2025-02-15 14:50:54,,True,admin
897,PRYG000823,2021,YG010,False,,,,,2025-02-15 15:26:22,,True,admin
898,PRYG000824,2025,YG010,False,,,,,2025-02-15 15:28:07,,True,admin
899,PRYG000825,2023,YG010,False,,,,,2025-02-15 17:11:32,,True,admin
900,PRYG000826,2023,YG010,False,,,,,2025-02-15 17:19:35,,True,admin
901,PRYG000827,2022,YG010,False,,,,,2025-02-15 17:21:23,,True,admin
902,PRYG000828,2023,YG010,False,,,,,2025-02-15 17:30:51,,True,admin
903,PRYG000829,2023,YG010,False,,,,,2025-02-15 18:38:58,,True,admin
904,PRYG000830,2024,YG010,False,,,,,2025-02-15 18:59:41,,True,admin
905,PRYG000831,2024,YG010,False,,,,,2025-02-15 19:01:05,,True,admin
906,PRYG000832,2022,YG010,False,,,,,2025-02-15 19:05:12,,True,admin
907,PRYG000833,2021,YG010,False,,,,,2025-02-15 19:34:17,,True,admin
908,PRYG000834,2020,YG010,False,,,,,2025-02-15 20:20:24,,True,admin
909,PRYG000835,2017,YG010,False,,,,,2025-02-15 20:28:54,,True,admin
910,PRYG000836,2025,YG002,False,,,,,2025-02-15 20:49:32,,True,admin
911,PRYG000837,2024,YG002,False,,,,,2025-02-15 20:51:14,,True,admin
912,PRYG000838,2024,YG002,False,,,,,2025-02-15 20:56:17,,True,admin
913,PRYG000839,2023,YG002,False,,,,,2025-02-15 21:01:43,,True,admin
914,PRYG000840,2021,YG010,False,,,,,2025-02-16 08:39:42,,True,admin
915,PRYG000841,2017,YG010,False,,,,,2025-02-16 10:39:38,,True,admin
916,PRYG000842,2022,YG010,False,,,,,2025-02-16 10:42:01,,True,admin
917,PRYG000843,2023,YG010,False,,,,,2025-02-16 15:04:50,,True,admin
919,PRYG000845,2019,YG010,False,,,,,2025-02-16 16:17:48,,True,admin
920,PRYG000846,2017,YG002,False,,,,,2025-02-16 22:19:52,,True,admin
921,PRYG000847,2023,YG002,False,,,,,2025-02-16 22:22:17,,True,admin
922,PRYG000848,2017,YG002,False,,,,,2025-02-16 22:28:04,,True,admin
923,PRYG000849,2018,YG002,False,,,,,2025-02-16 22:31:46,,True,admin
924,PRYG000850,2018,YG002,False,,,,,2025-02-16 22:34:36,,True,admin
925,PRYG000851,2021,YG002,False,,,,,2025-02-16 22:38:01,,True,admin
926,PRYG000852,2015,YG002,False,,,,,2025-02-16 22:41:41,,True,admin
927,PRYG000853,2025,YG002,False,,,,,2025-02-16 23:00:12,,True,admin
928,PRYG000854,2025,YG002,False,,,,,2025-02-16 23:01:54,,True,admin
930,PRYG000856,2017,YG002,False,,,,,2025-02-16 23:05:38,,True,admin
931,PRYG000857,2016,YG002,False,,,,,2025-02-16 23:07:31,,True,admin
932,PRYG000858,2025,YG002,False,,,,,2025-02-16 23:07:35,,True,admin
934,PRYG000860,2024,YG002,False,,,,,2025-02-16 23:11:33,,True,admin
935,PRYG000861,2025,YG002,False,,,,,2025-02-16 23:11:37,,True,admin
936,PRYG000862,2019,YG002,False,,,,,2025-02-16 23:13:36,,True,admin
937,PRYG000863,2024,YG002,False,,,,,2025-02-16 23:14:19,,True,admin
938,PRYG000864,2016,YG002,False,,,,,2025-02-16 23:16:18,,True,admin
939,PRYG000865,2024,YG002,False,,,,,2025-02-16 23:17:02,,True,admin
940,PRYG000866,2023,YG002,False,,,,,2025-02-16 23:17:59,,True,admin
941,PRYG000867,2018,YG002,False,,,,,2025-02-16 23:19:41,,True,admin
942,PRYG000868,2017,YG002,False,,,,,2025-02-16 23:24:53,,True,admin
943,PRYG000869,2018,YG002,False,,,,,2025-02-16 23:28:21,,True,admin
944,PRYG000870,2016,YG002,False,,,,,2025-02-16 23:30:48,,True,admin
945,PRYG000871,2017,YG002,False,,,,,2025-02-16 23:32:38,,True,admin
947,PRYG000873,2015,YG002,False,,,,,2025-02-16 23:36:28,,True,admin
949,PRYG000874,2015,YG002,False,,,,,2025-02-17 15:16:36,,True,admin
950,PRYG000875,2024,YG002,False,,,,,2025-02-17 15:26:05,,True,admin
951,PRYG000876,2017,YG002,False,,,,,2025-02-17 15:28:31,,True,admin
952,PRYG000877,2025,YG002,False,,,,,2025-02-17 15:30:42,,True,admin
953,PRYG000878,2017,YG002,False,,,,,2025-02-17 15:32:25,,True,admin
955,PRYG000880,2016,YG002,False,,,,,2025-02-17 15:36:16,,True,admin
957,PRYG000882,2016,YG002,False,,,,,2025-02-17 15:41:47,,True,admin
958,PRYG000883,2019,YG002,False,,,,,2025-02-17 15:45:46,,True,admin
959,PRYG000884,2022,YG010,False,,,,,2025-02-18 12:54:47,,True,admin
960,PRYG000885,2023,YG010,False,,,,,2025-02-18 12:56:46,,True,admin
961,PRYG000886,2022,YG010,False,,,,,2025-02-18 13:05:30,,True,admin
962,PRYG000887,2020,YG010,False,,,,,2025-02-18 13:15:55,,True,admin
963,PRYG000888,2024,YG010,False,,,,,2025-02-18 13:18:05,,True,admin
964,PRYG000889,2022,YG010,False,,,,,2025-02-18 13:20:23,,True,admin
967,PRYG000891,2023,YG010,False,,,,,2025-02-18 13:32:13,,True,admin
968,PRYG000892,2014,YG010,False,,,,,2025-02-18 13:33:25,,True,admin
969,PRYG000893,2024,YG010,False,,,,,2025-02-18 13:33:48,,True,admin
970,PRYG000894,2019,YG010,False,,,,,2025-02-18 13:33:58,,True,admin
971,PRYG000895,2017,YG010,False,,,,,2025-02-18 13:35:20,,True,admin
972,PRYG000896,2022,YG010,False,,,,,2025-02-18 13:36:11,,True,admin
973,PRYG000897,2021,YG010,False,,,,,2025-02-18 13:36:21,,True,admin
974,PRYG000898,2022,YG010,False,,,,,2025-02-18 13:37:37,,True,admin
975,PRYG000899,2015,YG010,False,,,,,2025-02-18 13:46:02,,True,admin
976,PRYG000900,2022,YG010,False,,,,,2025-02-18 13:50:10,,True,admin
977,PRYG000901,2017,YG010,False,,,,,2025-02-18 13:57:23,,True,admin
978,PRYG000902,2023,YG010,False,,,,,2025-02-18 14:04:17,,True,admin
979,PRYG000903,2016,YG010,False,,,,,2025-02-18 14:06:50,,True,admin
980,PRYG000904,2017,YG010,False,,,,,2025-02-18 14:26:08,,True,admin
981,PRYG000905,2022,YG010,False,,,,,2025-02-18 14:56:45,,True,admin
982,PRYG000906,2016,YG010,False,,,,,2025-02-18 15:02:57,,True,admin
983,PRYG000907,2024,YG010,False,,,,,2025-02-18 15:07:07,,True,admin
984,PRYG000908,2006,YG010,False,,,,,2025-02-18 15:07:25,,True,admin
985,PRYG000909,2001,YG010,False,,,,,2025-02-18 15:08:05,,True,admin
986,PRYG000910,2024,YG010,False,,,,,2025-02-18 15:09:34,,True,admin
987,PRYG000911,2014,YG010,False,,,,,2025-02-18 15:51:38,,True,admin
989,PRYG000913,2022,YG010,False,,,,,2025-02-18 19:13:12,,True,admin
990,PRYG000914,2013,YG010,False,,,,,2025-02-18 19:16:15,,True,admin
991,PRYG000915,2023,YG010,False,,,,,2025-02-18 19:49:42,,True,admin
992,PRYG000916,2022,YG010,False,,,,,2025-02-18 20:25:53,,True,admin
993,PRYG000917,2024,YG002,False,,,,,2025-02-18 20:34:49,,True,admin
994,PRYG000918,2023,YG010,False,,,,,2025-02-18 20:48:07,,True,admin
995,PRYG000919,2023,YG010,False,,,,,2025-02-18 20:50:31,,True,admin
996,PRYG000920,2015,YG010,False,,,,,2025-02-18 20:53:52,,True,admin
997,PRYG000921,2021,YG002,False,,,,,2025-02-18 21:04:53,,True,admin
998,PRYG000922,2023,YG010,False,,,,,2025-02-18 22:37:54,,True,admin
999,PRYG000923,2019,YG003,False,,,,,2025-02-19 14:20:19,,True,admin
1000,PRYG000924,2025,YG002,False,,,,,2025-02-19 21:36:11,,True,admin
1001,PRYG000925,2025,YG002,False,,,,,2025-02-19 21:50:57,,True,admin
1002,PRYG000926,2025,YG002,False,,,,,2025-02-19 21:56:53,,True,admin
1003,PRYG000927,2025,YG002,False,,,,,2025-02-19 21:57:54,,True,admin
1004,PRYG000928,2025,YG002,False,,,,,2025-02-19 21:59:16,,True,admin
1005,PRYG000929,2025,YG002,False,,,,,2025-02-19 21:59:56,,True,admin
1006,PRYG000930,2025,YG002,False,,,,,2025-02-19 22:00:04,,True,admin
1007,PRYG000931,2025,YG002,False,,,,,2025-02-19 22:02:28,,True,admin
1008,PRYG000932,2025,YG002,False,,,,,2025-02-19 22:04:12,,True,admin
1009,PRYG000933,2025,YG002,False,,,,,2025-02-19 22:07:07,,True,admin
1010,PRYG000934,2025,YG002,False,,,,,2025-02-19 22:08:11,,True,admin
1011,PRYG000935,2025,YG002,False,,,,,2025-02-19 22:10:16,,True,admin
1012,PRYG000936,2025,YG002,False,,,,,2025-02-19 22:11:08,,True,admin
1013,PRYG000937,2025,YG002,False,,,,,2025-02-19 22:11:23,,True,admin
1014,PRYG000938,2025,YG002,False,,,,,2025-02-19 22:12:53,,True,admin
1015,PRYG000939,2025,YG002,False,,,,,2025-02-19 22:14:04,,True,admin
1016,PRYG000940,2025,YG002,False,,,,,2025-02-19 22:14:15,,True,admin
1017,PRYG000941,2025,YG002,False,,,,,2025-02-19 22:15:52,,True,admin
1018,PRYG000942,2025,YG002,False,,,,,2025-02-19 22:16:32,,True,admin
1019,PRYG000943,2025,YG002,False,,,,,2025-02-19 22:16:52,,True,admin
1020,PRYG000944,2025,YG002,False,,,,,2025-02-19 22:18:40,,True,admin
1021,PRYG000945,2025,YG002,False,,,,,2025-02-19 22:19:09,,True,admin
1022,PRYG000946,2025,YG002,False,,,,,2025-02-19 22:19:33,,True,admin
1023,PRYG000947,2025,YG002,False,,,,,2025-02-19 22:21:12,,True,admin
1024,PRYG000948,2025,YG002,False,,,,,2025-02-19 22:23:46,,True,admin
1025,PRYG000949,2025,YG002,False,,,,,2025-02-19 22:25:05,,True,admin
1026,PRYG000950,2025,YG002,False,,,,,2025-02-19 22:31:35,,True,admin
1027,PRYG000951,2025,YG002,False,,,,,2025-02-19 22:33:39,,True,admin
1028,PRYG000952,2025,YG002,False,,,,,2025-02-19 22:33:43,,True,admin
1029,PRYG000953,2025,YG002,False,,,,,2025-02-19 22:35:34,,True,admin
1030,PRYG000954,2025,YG002,False,,,,,2025-02-19 22:37:26,,True,admin
1031,PRYG000955,2025,YG002,False,,,,,2025-02-19 22:41:03,,True,admin
1032,PRYG000956,2025,YG002,False,,,,,2025-02-19 22:45:33,,True,admin
1033,PRYG000957,2025,YG002,False,,,,,2025-02-19 23:01:19,,True,admin
1034,PRYG000958,2025,YG002,False,,,,,2025-02-19 23:03:08,,True,admin
1035,PRYG000959,2025,YG002,False,,,,,2025-02-19 23:05:39,,True,admin
1036,PRYG000960,2025,YG002,False,,,,,2025-02-19 23:07:03,,True,admin
1037,PRYG000961,2025,YG002,False,,,,,2025-02-19 23:08:18,,True,admin
1038,PRYG000962,2025,YG002,False,,,,,2025-02-19 23:09:59,,True,admin
1039,PRYG000963,2025,YG002,False,,,,,2025-02-20 00:02:24,,True,admin
1040,PRYG000964,2025,YG002,False,,,,,2025-02-20 00:04:51,,True,admin
1041,PRYG000965,2025,YG002,False,,,,,2025-02-20 00:07:28,,True,admin
1042,PRYG000966,2024,YG002,False,,,,,2025-02-20 00:09:17,,True,admin
1043,PRYG000967,2024,YG002,False,,,,,2025-02-20 00:11:13,,True,admin
1044,PRYG000968,2024,YG002,False,,,,,2025-02-20 00:12:35,,True,admin
1045,PRYG000969,2024,YG002,False,,,,,2025-02-20 00:13:57,,True,admin
1046,PRYG000970,2024,YG010,False,,,,,2025-02-20 14:52:59,,True,admin
1047,PRYG000971,2024,YG010,False,,,,,2025-02-20 14:55:11,,True,admin
1048,PRYG000972,2019,YG010,False,,,,,2025-02-20 15:06:12,,True,admin
1049,PRYG000973,2020,YG010,False,,,,,2025-02-20 15:09:37,,True,admin
1051,PRYG000974,2021,YG010,False,,,,,2025-02-20 17:55:52,,True,admin
1052,PRYG000975,2009,YG028,False,,,,,2025-02-20 20:47:40,,True,admin
1053,PRYG000976,2024,YG011,False,,,,,2025-02-21 16:40:14,,True,admin
1054,PRYG000977,2022,YG005,False,,,,,2025-02-21 16:43:02,,True,admin
1055,PRYG000978,2007,YG011,False,,,,,2025-02-21 17:44:07,,True,admin
1057,PRYG000979,2018,YG011,False,,,,,2025-02-21 18:26:27,,True,admin
1059,PRYG000980,2014,YG005,False,,,,,2025-02-21 21:17:31,,True,admin
1060,PRYG000981,2011,YG005,False,,,,,2025-02-21 21:18:34,,True,admin
1062,PRYG000982,2024,YG011,False,,,,,2025-02-21 21:58:35,,True,admin
1063,PRYG000983,2023,YG011,False,,,,,2025-02-21 22:03:18,,True,admin
1064,PRYG000984,2007,YG005,False,,,,,2025-02-21 22:04:16,,True,admin
1065,PRYG000985,2004,YG005,False,,,,,2025-02-21 22:07:23,,True,admin
1066,PRYG000986,2025,YG011,False,,,,,2025-02-21 22:38:31,,True,admin
1067,PRYG000987,2012,YG005,False,,,,,2025-02-21 22:59:56,,True,admin
1068,PRYG000988,2025,YG011,False,,,,,2025-02-21 23:16:04,,True,admin
1069,PRYG000989,2023,YG011,False,,,,,2025-02-22 04:10:28,,True,admin
1070,PRYG000990,2024,YG005,False,,,,,2025-02-22 10:48:20,,True,admin
1071,PRYG000991,2024,YG011,False,,,,,2025-02-22 13:51:34,,True,admin
1072,PRYG000992,2024,YG011,False,,,,,2025-02-22 15:20:19,,True,admin
1073,PRYG000993,2024,YG027,False,,,,,2025-02-22 15:35:27,,True,admin
1074,PRYG000994,2014,YG005,False,,,,,2025-02-22 15:41:13,,True,admin
1075,PRYG000995,2023,YG027,False,,,,,2025-02-22 15:42:22,,True,admin
1076,PRYG000996,2018,YG027,False,,,,,2025-02-22 15:43:08,,True,admin
1077,PRYG000997,2020,YG027,False,,,,,2025-02-22 15:46:24,,True,admin
1078,PRYG000998,2023,YG027,False,,,,,2025-02-22 15:48:24,,True,admin
1079,PRYG000999,2022,YG027,False,,,,,2025-02-22 15:48:24,,True,admin
1080,PRYG001000,2024,YG027,False,,,,,2025-02-22 15:50:05,,True,admin
1081,PRYG001001,2019,YG027,False,,,,,2025-02-22 15:52:51,,True,admin
1082,PRYG001002,2022,YG027,False,,,,,2025-02-22 15:57:48,,True,admin
1083,PRYG001003,2020,YG027,False,,,,,2025-02-22 15:59:19,,True,admin
1084,PRYG001004,2017,YG027,False,,,,,2025-02-22 16:03:07,,True,admin
1084,PRYG001005,2018,YG020,False,,,,,2025-03-30 12:49:24,,True,admin
1085,PRYG001006,2021,YG027,False,,,,,2025-02-22 16:04:46,,True,admin
1085,PRYG001007,2020,YG020,False,,,,,2025-03-30 12:51:31,,True,admin
1086,PRYG001008,2023,YG027,False,,,,,2025-02-22 16:05:54,,True,admin
1087,PRYG001009,2018,YG027,False,,,,,2025-02-22 16:06:03,,True,admin
1088,PRYG001010,2024,YG027,False,,,,,2025-02-22 16:07:38,,True,admin
1089,PRYG001011,2018,YG027,False,,,,,2025-02-22 16:13:12,,True,admin
1090,PRYG001012,2023,YG027,False,,,,,2025-02-22 16:31:54,,True,admin
1091,PRYG001013,2024,YG027,False,,,,,2025-02-22 16:33:18,,True,admin
1092,PRYG001014,2024,YG027,False,,,,,2025-02-22 16:34:28,,True,admin
1093,PRYG001015,2017,YG027,False,,,,,2025-02-22 16:42:54,,True,admin
1094,PRYG001016,2020,YG027,False,,,,,2025-02-22 17:01:30,,True,admin
1095,PRYG001017,2021,YG027,False,,,,,2025-02-22 17:03:50,,True,admin
1096,PRYG001018,2019,YG027,False,,,,,2025-02-22 17:09:38,,True,admin
1097,PRYG001019,2021,YG027,False,,,,,2025-02-22 17:11:01,,True,admin
1098,PRYG001020,2023,YG027,False,,,,,2025-02-22 17:16:12,,True,admin
1099,PRYG001021,2019,YG027,False,,,,,2025-02-22 17:18:50,,True,admin
1100,PRYG001022,2022,YG027,False,,,,,2025-02-22 17:20:18,,True,admin
1101,PRYG001023,2024,YG027,False,,,,,2025-02-22 17:28:46,,True,admin
1102,PRYG001024,2024,YG027,False,,,,,2025-02-22 17:31:07,,True,admin
1103,PRYG001025,2023,YG027,False,,,,,2025-02-22 17:33:53,,True,admin
1104,PRYG001026,2020,YG027,False,,,,,2025-02-22 17:57:51,,True,admin
1105,PRYG001027,2024,YG005,False,,,,,2025-02-22 18:02:15,,True,admin
1106,PRYG001028,2020,YG027,False,,,,,2025-02-22 18:04:24,,True,admin
1107,PRYG001029,2023,YG027,False,,,,,2025-02-22 18:12:15,,True,admin
1108,PRYG001030,2025,YG027,False,,,,,2025-02-22 18:35:37,,True,admin
1109,PRYG001031,2025,YG027,False,,,,,2025-02-22 18:37:17,,True,admin
1110,PRYG001032,2019,YG027,False,,,,,2025-02-22 18:39:51,,True,admin
1111,PRYG001033,2014,YG011,False,,,,,2025-02-22 18:57:26,,True,admin
1112,PRYG001034,2020,YG027,False,,,,,2025-02-22 20:17:24,,True,admin
1113,PRYG001035,2024,YG005,False,,,,,2025-02-22 20:44:35,,True,admin
1114,PRYG001036,2024,YG005,False,,,,,2025-02-22 21:21:29,,True,admin
1115,PRYG001037,2025,YG002,False,,,,,2025-02-22 22:02:30,,True,admin
1116,PRYG001038,2025,YG002,False,,,,,2025-02-22 22:09:13,,True,admin
1117,PRYG001039,2025,YG002,False,,,,,2025-02-22 22:10:51,,True,admin
1118,PRYG001040,2025,YG002,False,,,,,2025-02-22 22:15:09,,True,admin
1119,PRYG001041,2025,YG002,False,,,,,2025-02-22 22:57:47,,True,admin
1120,PRYG001042,2022,YG002,False,,,,,2025-02-22 23:45:55,,True,admin
1121,PRYG001043,2025,YG005,False,,,,,2025-02-22 23:57:41,,True,admin
1122,PRYG001044,2022,YG027,False,,,,,2025-02-23 09:41:48,,True,admin
1123,PRYG001045,2025,YG005,False,,,,,2025-02-23 10:49:17,,True,admin
1124,PRYG001046,2013,YG002,False,,,,,2025-02-23 11:22:23,,True,admin
1125,PRYG001047,2022,YG010,False,,,,,2025-02-23 13:00:39,,True,admin
1127,PRYG001048,2025,YG005,False,,,,,2025-02-23 14:43:51,,True,admin
1128,PRYG001049,2018,YG012,False,,,,,2025-02-23 14:49:10,,True,admin
1129,PRYG001050,2007,YG012,False,,,,,2025-02-23 14:49:46,,True,admin
1130,PRYG001051,2025,YG005,False,,,,,2025-02-23 14:51:06,,True,admin
1131,PRYG001052,2024,YG005,False,,,,,2025-02-23 14:51:16,,True,admin
1132,PRYG001053,2005,YG012,False,,,,,2025-02-23 14:55:49,,True,admin
1133,PRYG001054,2012,YG012,False,,,,,2025-02-23 14:58:17,,True,admin
1134,PRYG001055,2007,YG012,False,,,,,2025-02-23 15:06:49,,True,admin
1135,PRYG001056,2006,YG012,False,,,,,2025-02-23 15:12:18,,True,admin
1136,PRYG001057,2024,YG005,False,,,,,2025-02-23 15:17:00,,True,admin
1137,PRYG001058,2022,YG006,False,,,,,2025-02-23 15:19:50,,True,admin
1138,PRYG001059,2023,YG006,False,,,,,2025-02-23 15:23:37,,True,admin
1139,PRYG001060,2015,YG012,False,,,,,2025-02-23 15:25:04,,True,admin
1140,PRYG001061,2025,YG005,False,,,,,2025-02-23 16:08:48,,True,admin
1141,PRYG001062,2024,YG016,False,,,,,2025-02-23 16:47:25,,True,admin
1142,PRYG001063,2020,YG016,False,,,,,2025-02-23 16:48:07,,True,admin
1145,PRYG001066,2024,YG005,False,,,,,2025-02-23 16:50:44,,True,admin
1146,PRYG001067,2023,YG016,False,,,,,2025-02-23 16:51:55,,True,admin
1147,PRYG001068,2024,YG005,False,,,,,2025-02-23 16:52:11,,True,admin
1148,PRYG001069,2024,YG016,False,,,,,2025-02-23 16:54:06,,True,admin
1149,PRYG001070,2025,YG016,False,,,,,2025-02-23 16:54:10,,True,admin
1150,PRYG001071,2021,YG016,False,,,,,2025-02-23 17:01:28,,True,admin
1151,PRYG001072,1996,YG012,False,,,,,2025-02-23 17:07:15,,True,admin
1152,PRYG001073,2022,YG016,False,,,,,2025-02-23 17:08:27,,True,admin
1153,PRYG001074,2017,YG022,False,,,,,2025-02-23 17:12:12,,True,admin
1154,PRYG001075,2020,YG016,False,,,,,2025-02-23 17:34:58,,True,admin
1155,PRYG001076,2022,YG020,False,,,,,2025-02-23 19:23:16,,True,admin
1156,PRYG001077,2025,YG020,False,,,,,2025-02-23 19:25:01,,True,admin
1157,PRYG001078,2008,YG012,False,,,,,2025-02-23 19:27:20,,True,admin
1158,PRYG001079,2024,YG020,False,,,,,2025-02-23 19:27:22,,True,admin
1159,PRYG001080,2020,YG020,False,,,,,2025-02-23 19:27:46,,True,admin
1160,PRYG001081,2024,YG020,False,,,,,2025-02-23 19:27:54,,True,admin
1161,PRYG001082,2017,YG020,False,,,,,2025-02-23 19:29:26,,True,admin
1162,PRYG001083,2015,YG020,False,,,,,2025-02-23 19:29:31,,True,admin
1163,PRYG001084,2021,YG020,False,,,,,2025-02-23 19:30:23,,True,admin
1164,PRYG001085,2022,YG020,False,,,,,2025-02-23 19:30:44,,True,admin
1166,PRYG001087,2020,YG020,False,,,,,2025-02-23 19:37:14,,True,admin
1167,PRYG001088,2019,YG020,False,,,,,2025-02-23 19:42:54,,True,admin
1168,PRYG001089,2017,YG020,False,,,,,2025-02-23 19:44:22,,True,admin
1169,PRYG001090,2021,YG020,False,,,,,2025-02-23 19:48:35,,True,admin
1170,PRYG001091,2024,YG020,False,,,,,2025-02-23 20:07:22,,True,admin
1171,PRYG001092,2019,YG020,False,,,,,2025-02-23 20:08:59,,True,admin
1172,PRYG001093,2019,YG020,False,,,,,2025-02-23 20:10:50,,True,admin
1173,PRYG001094,2024,YG020,False,,,,,2025-02-23 20:21:29,,True,admin
1174,PRYG001095,2025,YG020,False,,,,,2025-02-23 20:23:57,,True,admin
1175,PRYG001096,2022,YG020,False,,,,,2025-02-23 20:31:32,,True,admin
1176,PRYG001097,2024,YG016,False,,,,,2025-02-23 20:37:15,,True,admin
1177,PRYG001098,2018,YG020,False,,,,,2025-02-23 20:38:52,,True,admin
1178,PRYG001099,2024,YG005,False,,,,,2025-02-23 21:25:41,,True,admin
1179,PRYG001100,2024,YG005,False,,,,,2025-02-23 21:33:02,,True,admin
1180,PRYG001101,2016,YG020,False,,,,,2025-02-23 21:39:02,,True,admin
1181,PRYG001102,2020,YG020,False,,,,,2025-02-23 22:46:56,,True,admin
1182,PRYG001103,2025,YG005,False,,,,,2025-02-23 22:47:43,,True,admin
1183,PRYG001104,2014,YG020,False,,,,,2025-02-23 23:17:52,,True,admin
1184,PRYG001105,2024,YG020,False,,,,,2025-02-23 23:21:10,,True,admin
1185,PRYG001106,2021,YG016,False,,,,,2025-02-23 23:23:27,,True,admin
1186,PRYG001107,2016,YG020,False,,,,,2025-02-24 06:35:03,,True,admin
1187,PRYG001108,2015,YG020,False,,,,,2025-02-24 07:13:32,,True,admin
1188,PRYG001109,2013,YG006,False,,,,,2025-02-24 10:19:23,,True,admin
1189,PRYG001110,2022,YG020,False,,,,,2025-02-24 11:15:23,,True,admin
1190,PRYG001111,2024,YG016,False,,,,,2025-02-24 14:22:58,,True,admin
1191,PRYG001112,2010,YG020,False,,,,,2025-02-24 14:53:59,,True,admin
1192,PRYG001113,2025,YG020,False,,,,,2025-02-24 15:10:53,,True,admin
1193,PRYG001114,2018,YG020,False,,,,,2025-02-24 15:22:28,,True,admin
1194,PRYG001115,2024,YG011,False,,,,,2025-02-24 15:35:46,,True,admin
1195,PRYG001116,2022,YG020,False,,,,,2025-02-24 15:51:36,,True,admin
1196,PRYG001117,2011,YG020,False,,,,,2025-02-24 17:58:10,,True,admin
1197,PRYG001118,2011,YG009,False,,,,,2025-02-24 18:57:34,,True,admin
1198,PRYG001119,2025,YG002,False,,,,,2025-02-24 19:28:12,,True,admin
1199,PRYG001120,2010,YG021,False,,,,,2025-02-24 20:50:30,,True,admin
1200,PRYG001121,2000,YG021,False,,,,,2025-02-24 21:06:24,,True,admin
1202,PRYG001123,2019,YG021,False,,,,,2025-02-24 21:13:28,,True,admin
1203,PRYG001124,2019,YG021,False,,,,,2025-02-24 21:14:37,,True,admin
1204,PRYG001125,2024,YG021,False,,,,,2025-02-24 21:15:22,,True,admin
1205,PRYG001126,2021,YG021,False,,,,,2025-02-24 21:36:34,,True,admin
1206,PRYG001127,2024,YG021,False,,,,,2025-02-24 23:51:46,,True,admin
1207,PRYG001128,2023,YG006,False,,,,,2025-02-25 00:56:23,,True,admin
1208,PRYG001129,2007,YG006,False,,,,,2025-02-25 10:20:48,,True,admin
1209,PRYG001130,2020,YG021,False,,,,,2025-02-25 16:37:19,,True,admin
1210,PRYG001131,2020,YG021,False,,,,,2025-02-25 16:38:45,,True,admin
1211,PRYG001132,2024,YG005,False,,,,,2025-02-25 16:40:35,,True,admin
1212,PRYG001133,2015,YG002,False,,,,,2025-02-25 17:25:36,,True,admin
1213,PRYG001134,2016,YG002,False,,,,,2025-02-25 17:28:01,,True,admin
1215,PRYG001136,2022,YG016,False,,,,,2025-02-25 21:24:17,,True,admin
1216,PRYG001137,2023,YG005,False,,,,,2025-02-25 21:27:02,,True,admin
1217,PRYG001138,2023,YG005,False,,,,,2025-02-25 21:29:01,,True,admin
1218,PRYG001139,2022,YG005,False,,,,,2025-02-25 22:51:43,,True,admin
1219,PRYG001140,2000,YG019,False,,,,,2025-02-26 14:00:52,,True,admin
1220,PRYG001141,2024,YG015,False,,,,,2025-02-26 14:45:08,,True,admin
1221,PRYG001142,2019,YG016,False,,,,,2025-02-26 22:27:22,,True,admin
1222,PRYG001143,2025,YG002,False,,,,,2025-02-27 00:16:10,,True,admin
1223,PRYG001144,2023,YG010,False,,,,,2025-02-27 01:09:45,,True,admin
1224,PRYG001145,2017,YG027,False,,,,,2025-02-27 12:33:59,,True,admin
1225,PRYG001146,2020,YG010,False,,,,,2025-02-27 14:19:35,,True,admin
1226,PRYG001147,2023,YG016,False,,,,,2025-02-27 15:13:03,,True,admin
1227,PRYG001148,2022,YG016,False,,,,,2025-02-27 15:43:20,,True,admin
1227,PRYG001149,2019,YG003,False,,,,,2025-03-14 12:56:03,,True,admin
1228,PRYG001150,2024,YG027,False,,,,,2025-02-27 15:54:48,,True,admin
1229,PRYG001151,2024,YG027,False,,,,,2025-02-27 15:56:33,,True,admin
1230,PRYG001152,2025,YG011,False,,,,,2025-02-27 17:08:53,,True,admin
1231,PRYG001153,2025,YG011,False,,,,,2025-02-27 17:13:25,,True,admin
1233,PRYG001155,2025,YG023,False,,,,,2025-02-27 18:03:49,,True,admin
1234,PRYG001156,2015,YG023,False,,,,,2025-02-27 18:03:49,,True,admin
1235,PRYG001157,2025,YG023,False,,,,,2025-02-27 18:04:03,,True,admin
1236,PRYG001158,2022,YG023,False,,,,,2025-02-27 18:04:19,,True,admin
1237,PRYG001159,2014,YG023,False,,,,,2025-02-27 18:05:19,,True,admin
1238,PRYG001160,2023,YG023,False,,,,,2025-02-27 18:05:53,,True,admin
1239,PRYG001161,2025,YG023,False,,,,,2025-02-27 18:06:53,,True,admin
1240,PRYG001162,2025,YG023,False,,,,,2025-02-27 18:07:05,,True,admin
1241,PRYG001163,2019,YG023,False,,,,,2025-02-27 18:08:07,,True,admin
1241,PRYG001164,2019,YG019,False,,,,,2025-03-13 14:47:32,,True,admin
1242,PRYG001165,2016,YG023,False,,,,,2025-02-27 18:09:04,,True,admin
1243,PRYG001166,2022,YG023,False,,,,,2025-02-27 19:58:09,,True,admin
1244,PRYG001167,2024,YG007,False,,,,,2025-02-27 21:19:22,,True,admin
1246,PRYG001169,2023,YG012,False,,,,,2025-02-28 10:24:26,,True,admin
1247,PRYG001170,2016,YG023,False,,,,,2025-02-28 11:58:58,,True,admin
1248,PRYG001171,2016,YG023,False,,,,,2025-02-28 12:02:07,,True,admin
1249,PRYG001172,2021,YG023,False,,,,,2025-02-28 12:05:35,,True,admin
1250,PRYG001173,2024,YG016,False,,,,,2025-02-28 19:29:06,,True,admin
1251,PRYG001174,2022,YG016,False,,,,,2025-02-28 20:13:47,,True,admin
1252,PRYG001175,2025,YG002,False,,,,,2025-03-01 11:14:08,,True,admin
1254,PRYG001176,2013,YG012,False,,,,,2025-03-01 13:37:50,,True,admin
1257,PRYG001178,2014,YG012,False,,,,,2025-03-01 15:01:24,,True,admin
1258,PRYG001179,2021,YG012,False,,,,,2025-03-01 16:20:56,,True,admin
1259,PRYG001180,2016,YG022,False,,,,,2025-03-01 16:33:30,,True,admin
1260,PRYG001181,2011,YG012,False,,,,,2025-03-01 18:30:19,,True,admin
1261,PRYG001182,2024,YG011,False,,,,,2025-03-01 18:53:40,,True,admin
1262,PRYG001183,2014,YG012,False,,,,,2025-03-01 19:22:23,,True,admin
1263,PRYG001184,2014,YG012,False,,,,,2025-03-01 19:23:29,,True,admin
1265,PRYG001185,2011,YG011,False,,,,,2025-03-01 19:41:21,,True,admin
1266,PRYG001186,2021,YG012,False,,,,,2025-03-01 20:50:31,,True,admin
1267,PRYG001187,2021,YG012,False,,,,,2025-03-01 20:52:06,,True,admin
1268,PRYG001188,2022,YG021,False,,,,,2025-03-01 21:04:08,,True,admin
1269,PRYG001189,2023,YG012,False,,,,,2025-03-03 08:22:43,,True,admin
1270,PRYG001190,2013,YG023,False,,,,,2025-03-04 11:53:22,,True,admin
1271,PRYG001191,2014,YG003,False,,,,,2025-03-04 12:17:03,,True,admin
1273,PRYG001192,2019,YG003,False,,,,,2025-03-04 12:56:36,,True,admin
1275,PRYG001193,2022,YG014,False,,,,,2025-03-04 13:38:27,,True,admin
1276,PRYG001194,2022,YG010,False,,,,,2025-03-04 14:06:58,,True,admin
1277,PRYG001195,2024,YG016,False,,,,,2025-03-04 15:54:56,,True,admin
1278,PRYG001196,2024,YG006,False,,,,,2025-03-04 16:07:26,,True,admin
1279,PRYG001197,2012,YG016,False,,,,,2025-03-04 16:24:29,,True,admin
1280,PRYG001198,2017,YG010,False,,,,,2025-03-04 16:42:03,,True,admin
1282,PRYG001199,2015,YG026,False,,,,,2025-03-06 20:29:42,,True,admin
1283,PRYG001200,2011,YG026,False,,,,,2025-03-07 11:38:14,,True,admin
1284,PRYG001201,2015,YG010,False,,,,,2025-03-07 12:22:09,,True,admin
1285,PRYG001202,2000,YG009,False,,,,,2025-03-07 15:32:29,,True,admin
1286,PRYG001203,2019,YG010,False,,,,,2025-03-07 16:17:19,,True,admin
1287,PRYG001204,1990,YG005,False,,,,,2025-03-08 21:44:17,,True,admin
1288,PRYG001205,2015,YG011,False,,,,,2025-03-08 23:50:47,,True,admin
1289,PRYG001206,2014,YG003,False,,,,,2025-03-09 12:43:27,,True,admin
1290,PRYG001207,1998,YG012,False,,,,,2025-03-09 12:51:26,,True,admin
1291,PRYG001208,2000,YG019,False,,,,,2025-03-09 13:07:10,,True,admin
1292,PRYG001209,2010,YG012,False,,,,,2025-03-09 13:10:36,,True,admin
1293,PRYG001210,2010,YG019,False,,,,,2025-03-09 13:14:30,,True,admin
1294,PRYG001211,2010,YG005,False,,,,,2025-03-09 14:13:07,,True,admin
1295,PRYG001212,2014,YG003,False,,,,,2025-03-09 14:58:31,,True,admin
1296,PRYG001213,2024,YG010,False,,,,,2025-03-09 15:30:53,,True,admin
1297,PRYG001214,2022,YG010,False,,,,,2025-03-09 15:32:58,,True,admin
1298,PRYG001215,2022,YG010,False,,,,,2025-03-09 15:34:26,,True,admin
1299,PRYG001216,2020,YG010,False,,,,,2025-03-09 15:45:22,,True,admin
1300,PRYG001217,2023,YG010,False,,,,,2025-03-09 15:46:31,,True,admin
1301,PRYG001218,2024,YG010,False,,,,,2025-03-09 15:51:15,,True,admin
1302,PRYG001219,2023,YG010,False,,,,,2025-03-09 15:54:19,,True,admin
1303,PRYG001220,2022,YG010,False,,,,,2025-03-09 15:56:52,,True,admin
1304,PRYG001221,2020,YG006,False,,,,,2025-03-09 16:27:11,,True,admin
1305,PRYG001222,2017,YG010,False,,,,,2025-03-09 16:30:38,,True,admin
1306,PRYG001223,2005,YG029,False,,,,,2025-03-09 16:38:22,,True,admin
1307,PRYG001224,2010,YG002,False,,,,,2025-03-09 19:40:48,,True,admin
1309,PRYG001226,2009,YG009,False,,,,,2025-03-09 22:06:37,,True,admin
1311,PRYG001227,2006,YG028,False,,,,,2025-03-09 22:55:43,,True,admin
1312,PRYG001228,2015,YG010,False,,,,,2025-03-10 11:49:16,,True,admin
1313,PRYG001229,2008,YG013,False,,,,,2025-03-10 14:21:12,,True,admin
1316,PRYG001231,2016,YG016,False,,,,,2025-03-10 14:30:34,,True,admin
1317,PRYG001232,2018,YG010,False,,,,,2025-03-10 14:41:33,,True,admin
1318,PRYG001233,2005,YG016,False,,,,,2025-03-10 15:20:29,,True,admin
1319,PRYG001234,2024,YG016,False,,,,,2025-03-10 15:26:37,,True,admin
1320,PRYG001235,2020,YG016,False,,,,,2025-03-10 15:26:44,,True,admin
1321,PRYG001236,2023,YG016,False,,,,,2025-03-10 15:26:53,,True,admin
1322,PRYG001237,2021,YG016,False,,,,,2025-03-10 15:27:15,,True,admin
1323,PRYG001238,2021,YG016,False,,,,,2025-03-10 15:27:42,,True,admin
1324,PRYG001239,2022,YG016,False,,,,,2025-03-10 15:27:46,,True,admin
1325,PRYG001240,2013,YG016,False,,,,,2025-03-10 15:27:46,,True,admin
1326,PRYG001241,2025,YG022,False,,,,,2025-03-10 15:27:47,,True,admin
1327,PRYG001242,2022,YG016,False,,,,,2025-03-10 15:28:18,,True,admin
1328,PRYG001243,2020,YG016,False,,,,,2025-03-10 15:28:19,,True,admin
1329,PRYG001244,2020,YG016,False,,,,,2025-03-10 15:29:32,,True,admin
1330,PRYG001245,2022,YG016,False,,,,,2025-03-10 15:29:32,,True,admin
1331,PRYG001246,2019,YG016,False,,,,,2025-03-10 15:29:38,,True,admin
1332,PRYG001247,2024,YG016,False,,,,,2025-03-10 15:29:39,,True,admin
1333,PRYG001248,2022,YG016,False,,,,,2025-03-10 15:30:29,,True,admin
1334,PRYG001249,2025,YG016,False,,,,,2025-03-10 15:30:42,,True,admin
1335,PRYG001250,2023,YG016,False,,,,,2025-03-10 15:32:55,,True,admin
1336,PRYG001251,2024,YG016,False,,,,,2025-03-10 15:33:39,,True,admin
1337,PRYG001252,2023,YG016,False,,,,,2025-03-10 15:33:43,,True,admin
1338,PRYG001253,2023,YG016,False,,,,,2025-03-10 15:33:54,,True,admin
1339,PRYG001254,2021,YG016,False,,,,,2025-03-10 15:36:44,,True,admin
1340,PRYG001255,2024,YG016,False,,,,,2025-03-10 15:38:14,,True,admin
1341,PRYG001256,2024,YG016,False,,,,,2025-03-10 15:39:39,,True,admin
1342,PRYG001257,2023,YG016,False,,,,,2025-03-10 15:43:46,,True,admin
1343,PRYG001258,2023,YG016,False,,,,,2025-03-10 15:47:36,,True,admin
1344,PRYG001259,2021,YG016,False,,,,,2025-03-10 15:51:14,,True,admin
1345,PRYG001260,2019,YG016,False,,,,,2025-03-10 15:53:23,,True,admin
1346,PRYG001261,2024,YG016,False,,,,,2025-03-10 15:57:34,,True,admin
1348,PRYG001263,2021,YG016,False,,,,,2025-03-10 16:00:12,,True,admin
1349,PRYG001264,2024,YG016,False,,,,,2025-03-10 16:01:01,,True,admin
1350,PRYG001265,2023,YG016,False,,,,,2025-03-10 16:10:19,,True,admin
1351,PRYG001266,2022,YG016,False,,,,,2025-03-10 16:12:17,,True,admin
1352,PRYG001267,2023,YG016,False,,,,,2025-03-10 16:14:56,,True,admin
1353,PRYG001268,2023,YG016,False,,,,,2025-03-10 16:23:50,,True,admin
1354,PRYG001269,2025,YG016,False,,,,,2025-03-10 16:23:00,,True,admin
1355,PRYG001270,2020,YG016,False,,,,,2025-03-10 16:40:33,,True,admin
1356,PRYG001271,2024,YG016,False,,,,,2025-03-10 16:42:53,,True,admin
1356,PRYG001272,2015,YG003,False,,,,,2025-04-22 17:52:05,,True,admin
1357,PRYG001273,2020,YG003,False,,,,,2025-03-10 16:45:08,,True,admin
1358,PRYG001274,2021,YG016,False,,,,,2025-03-10 17:13:25,,True,admin
1359,PRYG001275,2018,YG028,False,,,,,2025-03-10 17:14:56,,True,admin
1360,PRYG001276,2024,YG016,False,,,,,2025-03-10 17:27:26,,True,admin
1361,PRYG001277,2022,YG016,False,,,,,2025-03-10 17:29:58,,True,admin
1362,PRYG001278,2024,YG016,False,,,,,2025-03-10 17:31:54,,True,admin
1363,PRYG001279,2006,YG016,False,,,,,2025-03-10 17:40:05,,True,admin
1364,PRYG001280,1992,YG005,False,,,,,2025-03-10 17:49:24,,True,admin
1365,PRYG001281,2020,YG005,False,,,,,2025-03-10 18:25:52,,True,admin
1366,PRYG001282,2018,YG016,False,,,,,2025-03-10 19:16:29,,True,admin
1367,PRYG001283,2024,YG016,False,,,,,2025-03-10 19:19:09,,True,admin
1367,PRYG001284,2024,YG003,False,,,,,2025-04-21 14:56:25,,True,admin
1368,PRYG001285,2024,YG016,False,,,,,2025-03-10 19:29:21,,True,admin
1369,PRYG001286,2004,YG016,False,,,,,2025-03-10 19:44:44,,True,admin
1370,PRYG001287,2014,YG013,False,,,,,2025-03-10 19:51:51,,True,admin
1371,PRYG001288,2023,YG013,False,,,,,2025-03-10 20:01:17,,True,admin
1372,PRYG001289,2025,YG010,False,,,,,2025-03-10 20:07:45,,True,admin
1373,PRYG001290,2009,YG026,False,,,,,2025-03-10 20:38:24,,True,admin
1374,PRYG001291,2013,YG026,False,,,,,2025-03-10 20:49:50,,True,admin
1375,PRYG001292,2010,YG026,False,,,,,2025-03-10 20:49:53,,True,admin
1376,PRYG001293,2023,YG026,False,,,,,2025-03-10 20:59:12,,True,admin
1377,PRYG001294,2023,YG016,False,,,,,2025-03-10 21:16:15,,True,admin
1378,PRYG001295,2022,YG016,False,,,,,2025-03-10 21:44:50,,True,admin
1379,PRYG001296,2022,YG016,False,,,,,2025-03-10 21:46:55,,True,admin
1380,PRYG001297,2020,YG026,False,,,,,2025-03-10 21:50:04,,True,admin
1381,PRYG001298,2025,YG022,False,,,,,2025-03-10 22:45:51,,True,admin
1382,PRYG001299,2024,YG013,False,,,,,2025-03-11 00:12:44,,True,admin
1383,PRYG001300,2016,YG016,False,,,,,2025-03-11 00:22:11,,True,admin
1384,PRYG001301,2017,YG026,False,,,,,2025-03-11 01:56:17,,True,admin
1386,PRYG001303,2010,YG026,False,,,,,2025-03-11 07:47:29,,True,admin
1387,PRYG001304,2023,YG023,False,,,,,2025-03-11 10:15:20,,True,admin
1388,PRYG001305,2015,YG016,False,,,,,2025-03-11 10:36:43,,True,admin
1389,PRYG001306,2023,YG016,False,,,,,2025-03-11 10:38:06,,True,admin
1390,PRYG001307,2009,YG022,False,,,,,2025-03-11 10:48:01,,True,admin
1392,PRYG001308,2014,YG022,False,,,,,2025-03-11 10:54:29,,True,admin
1394,PRYG001309,2011,YG022,False,,,,,2025-03-11 10:56:57,,True,admin
1395,PRYG001310,2014,YG022,False,,,,,2025-03-11 10:57:56,,True,admin
1396,PRYG001311,2024,YG022,False,,,,,2025-03-11 10:58:50,,True,admin
1397,PRYG001312,2010,YG022,False,,,,,2025-03-11 11:04:16,,True,admin
1398,PRYG001313,2018,YG022,False,,,,,2025-03-11 11:12:59,,True,admin
1401,PRYG001316,2018,YG029,False,,,,,2025-03-11 11:39:05,,True,admin
1402,PRYG001317,2012,YG029,False,,,,,2025-03-11 11:40:34,,True,admin
1403,PRYG001318,2024,YG022,False,,,,,2025-03-11 11:42:29,,True,admin
1404,PRYG001319,2013,YG029,False,,,,,2025-03-11 11:43:35,,True,admin
1406,PRYG001320,2012,YG029,False,,,,,2025-03-11 11:47:36,,True,admin
1407,PRYG001321,2013,YG029,False,,,,,2025-03-11 11:48:53,,True,admin
1409,PRYG001323,2024,YG022,False,,,,,2025-03-11 11:56:43,,True,admin
1410,PRYG001324,2023,YG022,False,,,,,2025-03-11 11:59:42,,True,admin
1411,PRYG001325,2014,YG016,False,,,,,2025-03-11 12:32:34,,True,admin
1412,PRYG001326,2021,YG016,False,,,,,2025-03-11 12:48:48,,True,admin
1413,PRYG001327,2023,YG016,False,,,,,2025-03-11 12:58:49,,True,admin
1414,PRYG001328,2014,YG029,False,,,,,2025-03-11 13:10:16,,True,admin
1415,PRYG001329,2014,YG029,False,,,,,2025-03-11 13:11:49,,True,admin
1416,PRYG001330,2019,YG023,False,,,,,2025-03-11 13:44:35,,True,admin
1417,PRYG001331,2019,YG023,False,,,,,2025-03-11 13:45:03,,True,admin
1418,PRYG001332,2024,YG022,False,,,,,2025-03-11 13:52:31,,True,admin
1419,PRYG001333,2020,YG022,False,,,,,2025-03-11 14:07:21,,True,admin
1420,PRYG001334,2021,YG016,False,,,,,2025-03-11 14:08:48,,True,admin
1421,PRYG001335,2024,YG016,False,,,,,2025-03-11 14:11:14,,True,admin
1422,PRYG001336,2022,YG016,False,,,,,2025-03-11 14:15:27,,True,admin
1423,PRYG001337,2024,YG016,False,,,,,2025-03-11 14:19:12,,True,admin
1425,PRYG001339,2024,YG016,False,,,,,2025-03-11 14:52:56,,True,admin
1428,PRYG001341,2018,YG022,False,,,,,2025-03-11 15:03:15,,True,admin
1429,PRYG001342,2024,YG022,False,,,,,2025-03-11 15:07:35,,True,admin
1430,PRYG001343,2014,YG016,False,,,,,2025-03-11 15:08:40,,True,admin
1431,PRYG001344,2017,YG022,False,,,,,2025-03-11 15:11:01,,True,admin
1432,PRYG001345,2023,YG022,False,,,,,2025-03-11 15:12:51,,True,admin
1433,PRYG001346,2024,YG022,False,,,,,2025-03-11 15:20:01,,True,admin
1434,PRYG001347,2021,YG022,False,,,,,2025-03-11 15:30:28,,True,admin
1435,PRYG001348,2018,YG022,False,,,,,2025-03-11 15:42:18,,True,admin
1436,PRYG001349,2017,YG016,False,,,,,2025-03-11 16:08:42,,True,admin
1438,PRYG001350,2023,YG022,False,,,,,2025-03-11 16:22:36,,True,admin
1439,PRYG001351,2023,YG022,False,,,,,2025-03-11 16:27:24,,True,admin
1440,PRYG001352,2000,YG009,False,,,,,2025-03-11 16:45:09,,True,admin
1443,PRYG001354,2019,YG022,False,,,,,2025-03-11 18:18:59,,True,admin
1444,PRYG001355,2024,YG022,False,,,,,2025-03-11 19:50:40,,True,admin
1445,PRYG001356,2018,YG023,False,,,,,2025-03-11 20:18:08,,True,admin
1446,PRYG001357,2023,YG016,False,,,,,2025-03-11 21:18:59,,True,admin
1447,PRYG001358,2020,YG016,False,,,,,2025-03-11 21:26:20,,True,admin
1448,PRYG001359,2024,YG016,False,,,,,2025-03-11 21:27:22,,True,admin
1448,PRYG001360,2025,YG003,False,,,,,2025-04-21 15:14:16,,True,admin
1449,PRYG001361,2024,YG016,False,,,,,2025-03-11 21:28:43,,True,admin
1449,PRYG001362,2025,YG003,False,,,,,2025-04-21 22:59:04,,True,admin
1450,PRYG001363,2022,YG003,False,,,,,2025-03-12 14:05:00,,True,admin
1451,PRYG001364,2022,YG016,False,,,,,2025-03-12 14:57:48,,True,admin
1452,PRYG001365,2021,YG019,False,,,,,2025-03-12 15:07:45,,True,admin
1453,PRYG001366,2023,YG019,False,,,,,2025-03-12 15:09:42,,True,admin
1454,PRYG001367,2021,YG019,False,,,,,2025-03-12 15:12:52,,True,admin
1455,PRYG001368,2020,YG019,False,,,,,2025-03-12 15:20:30,,True,admin
1456,PRYG001369,2018,YG019,False,,,,,2025-03-12 15:20:53,,True,admin
1457,PRYG001370,2020,YG019,False,,,,,2025-03-12 15:23:21,,True,admin
1458,PRYG001371,2024,YG019,False,,,,,2025-03-12 15:25:46,,True,admin
1459,PRYG001372,2021,YG019,False,,,,,2025-03-12 16:17:47,,True,admin
1460,PRYG001373,2021,YG019,False,,,,,2025-03-12 16:23:28,,True,admin
1461,PRYG001374,2022,YG019,False,,,,,2025-03-12 16:24:26,,True,admin
1462,PRYG001375,2022,YG003,False,,,,,2025-03-12 16:26:25,,True,admin
1463,PRYG001376,2013,YG026,False,,,,,2025-03-12 16:48:29,,True,admin
1465,PRYG001377,2022,YG003,False,,,,,2025-03-12 17:33:05,,True,admin
1467,PRYG001379,2022,YG019,False,,,,,2025-03-12 18:19:59,,True,admin
1468,PRYG001380,2023,YG003,False,,,,,2025-03-12 19:05:22,,True,admin
1469,PRYG001381,2022,YG003,False,,,,,2025-03-12 19:13:45,,True,admin
1470,PRYG001382,2022,YG003,False,,,,,2025-03-12 19:14:55,,True,admin
1471,PRYG001383,2023,YG019,False,,,,,2025-03-12 19:39:05,,True,admin
1472,PRYG001384,2023,YG019,False,,,,,2025-03-12 19:42:23,,True,admin
1473,PRYG001385,2020,YG007,False,,,,,2025-03-12 19:57:24,,True,admin
1474,PRYG001386,2020,YG007,False,,,,,2025-03-12 20:04:44,,True,admin
1475,PRYG001387,2025,YG003,False,,,,,2025-03-12 20:04:52,,True,admin
1476,PRYG001388,2021,YG007,False,,,,,2025-03-12 20:06:10,,True,admin
1477,PRYG001389,2020,YG007,False,,,,,2025-03-12 20:12:04,,True,admin
1478,PRYG001390,2023,YG007,False,,,,,2025-03-12 20:25:23,,True,admin
1480,PRYG001392,2023,YG007,False,,,,,2025-03-12 20:36:26,,True,admin
1481,PRYG001393,2023,YG007,False,,,,,2025-03-12 20:40:14,,True,admin
1482,PRYG001394,2023,YG019,False,,,,,2025-03-12 20:42:33,,True,admin
1483,PRYG001395,2019,YG007,False,,,,,2025-03-12 21:25:48,,True,admin
1484,PRYG001396,2019,YG022,False,,,,,2025-03-12 22:16:04,,True,admin
1485,PRYG001397,2019,YG012,False,,,,,2025-03-12 22:36:11,,True,admin
1486,PRYG001398,2020,YG012,False,,,,,2025-03-12 22:42:32,,True,admin
1487,PRYG001399,2016,YG012,False,,,,,2025-03-12 22:48:08,,True,admin
1488,PRYG001400,2023,YG019,False,,,,,2025-03-12 23:27:18,,True,admin
1489,PRYG001401,2022,YG028,False,,,,,2025-03-12 23:47:07,,True,admin
1490,PRYG001402,2022,YG028,False,,,,,2025-03-12 23:48:28,,True,admin
1491,PRYG001403,2021,YG028,False,,,,,2025-03-12 23:49:46,,True,admin
1492,PRYG001404,2010,YG028,False,,,,,2025-03-12 23:50:48,,True,admin
1493,PRYG001405,2023,YG028,False,,,,,2025-03-13 00:02:06,,True,admin
1494,PRYG001406,2016,YG028,False,,,,,2025-03-13 00:29:53,,True,admin
1496,PRYG001408,2015,YG012,False,,,,,2025-03-13 01:38:32,,True,admin
1497,PRYG001409,2024,YG007,False,,,,,2025-03-13 01:39:46,,True,admin
1498,PRYG001410,2017,YG019,False,,,,,2025-03-13 12:19:35,,True,admin
1499,PRYG001411,2007,YG028,False,,,,,2025-03-13 12:21:13,,True,admin
1500,PRYG001412,2018,YG019,False,,,,,2025-03-13 12:31:45,,True,admin
1501,PRYG001413,2015,YG030,False,,,,,2025-03-13 12:46:43,,True,admin
1502,PRYG001414,2008,YG019,False,,,,,2025-03-13 12:56:42,,True,admin
1503,PRYG001415,2013,YG019,False,,,,,2025-03-13 13:13:03,,True,admin
1504,PRYG001416,2023,YG007,False,,,,,2025-03-13 14:37:50,,True,admin
1505,PRYG001417,2023,YG010,False,,,,,2025-03-13 16:37:19,,True,admin
1506,PRYG001418,2017,YG010,False,,,,,2025-03-13 16:38:10,,True,admin
1508,PRYG001420,2024,YG010,False,,,,,2025-03-13 16:41:40,,True,admin
1509,PRYG001421,2021,YG010,False,,,,,2025-03-13 16:41:57,,True,admin
1510,PRYG001422,2020,YG016,False,,,,,2025-03-13 18:15:55,,True,admin
1511,PRYG001423,2023,YG010,False,,,,,2025-03-13 18:20:26,,True,admin
1512,PRYG001424,2019,YG010,False,,,,,2025-03-13 18:21:41,,True,admin
1513,PRYG001425,2024,YG010,False,,,,,2025-03-13 18:22:01,,True,admin
1514,PRYG001426,2023,YG010,False,,,,,2025-03-13 18:22:14,,True,admin
1515,PRYG001427,2024,YG010,False,,,,,2025-03-13 18:22:27,,True,admin
1516,PRYG001428,2023,YG010,False,,,,,2025-03-13 18:22:34,,True,admin
1517,PRYG001429,2020,YG010,False,,,,,2025-03-13 18:23:50,,True,admin
1519,PRYG001431,2023,YG010,False,,,,,2025-03-13 18:23:58,,True,admin
1520,PRYG001432,2021,YG010,False,,,,,2025-03-13 18:24:01,,True,admin
1521,PRYG001433,2024,YG010,False,,,,,2025-03-13 18:24:13,,True,admin
1522,PRYG001434,2024,YG010,False,,,,,2025-03-13 18:24:18,,True,admin
1523,PRYG001435,2019,YG010,False,,,,,2025-03-13 18:24:31,,True,admin
1524,PRYG001436,2025,YG010,False,,,,,2025-03-13 18:25:11,,True,admin
1525,PRYG001437,2025,YG010,False,,,,,2025-03-13 18:26:03,,True,admin
1526,PRYG001438,2021,YG010,False,,,,,2025-03-13 18:26:55,,True,admin
1527,PRYG001439,2025,YG010,False,,,,,2025-03-13 18:27:04,,True,admin
1528,PRYG001440,2024,YG010,False,,,,,2025-03-13 18:28:24,,True,admin
1529,PRYG001441,2023,YG010,False,,,,,2025-03-13 18:28:45,,True,admin
1530,PRYG001442,2024,YG010,False,,,,,2025-03-13 18:28:52,,True,admin
1532,PRYG001444,2018,YG010,False,,,,,2025-03-13 18:29:17,,True,admin
1533,PRYG001445,2021,YG010,False,,,,,2025-03-13 18:29:35,,True,admin
1534,PRYG001446,2023,YG010,False,,,,,2025-03-13 18:30:08,,True,admin
1535,PRYG001447,2022,YG010,False,,,,,2025-03-13 18:30:35,,True,admin
1536,PRYG001448,2024,YG010,False,,,,,2025-03-13 18:31:03,,True,admin
1537,PRYG001449,2023,YG010,False,,,,,2025-03-13 18:31:25,,True,admin
1538,PRYG001450,2020,YG010,False,,,,,2025-03-13 18:31:43,,True,admin
1539,PRYG001451,2019,YG003,False,,,,,2025-03-13 19:19:47,,True,admin
1540,PRYG001452,2019,YG003,False,,,,,2025-03-13 19:33:59,,True,admin
1541,PRYG001453,2024,YG016,False,,,,,2025-03-13 20:09:08,,True,admin
1542,PRYG001454,2023,YG010,False,,,,,2025-03-13 21:26:10,,True,admin
1543,PRYG001455,2023,YG016,False,,,,,2025-03-13 23:33:09,,True,admin
1544,PRYG001456,2022,YG019,False,,,,,2025-03-14 02:33:22,,True,admin
1545,PRYG001457,2014,YG026,False,,,,,2025-03-14 09:00:52,,True,admin
1546,PRYG001458,2023,YG026,False,,,,,2025-03-14 09:03:46,,True,admin
1548,PRYG001460,2017,YG026,False,,,,,2025-03-14 09:06:06,,True,admin
1549,PRYG001461,2024,YG026,False,,,,,2025-03-14 09:07:25,,True,admin
1550,PRYG001462,2016,YG026,False,,,,,2025-03-14 09:08:09,,True,admin
1551,PRYG001463,2018,YG026,False,,,,,2025-03-14 09:09:07,,True,admin
1552,PRYG001464,2017,YG026,False,,,,,2025-03-14 09:09:49,,True,admin
1553,PRYG001465,2018,YG026,False,,,,,2025-03-14 09:11:47,,True,admin
1554,PRYG001466,2018,YG026,False,,,,,2025-03-14 09:13:07,,True,admin
1555,PRYG001467,2018,YG026,False,,,,,2025-03-14 09:13:50,,True,admin
1556,PRYG001468,2023,YG026,False,,,,,2025-03-14 09:16:17,,True,admin
1557,PRYG001469,2014,YG009,False,,,,,2025-03-14 09:17:20,,True,admin
1558,PRYG001470,2016,YG026,False,,,,,2025-03-14 09:17:51,,True,admin
1559,PRYG001471,2010,YG026,False,,,,,2025-03-14 09:18:33,,True,admin
1560,PRYG001472,2017,YG026,False,,,,,2025-03-14 09:20:25,,True,admin
1561,PRYG001473,2019,YG026,False,,,,,2025-03-14 09:21:21,,True,admin
1562,PRYG001474,2014,YG026,False,,,,,2025-03-14 09:22:39,,True,admin
1563,PRYG001475,2018,YG026,False,,,,,2025-03-14 09:24:34,,True,admin
1564,PRYG001476,2012,YG016,False,,,,,2025-03-14 10:04:26,,True,admin
1565,PRYG001477,2015,YG030,False,,,,,2025-03-14 10:40:55,,True,admin
1566,PRYG001478,2023,YG010,False,,,,,2025-03-14 11:52:44,,True,admin
1567,PRYG001479,2021,YG010,False,,,,,2025-03-14 12:21:21,,True,admin
1568,PRYG001480,2025,YG010,False,,,,,2025-03-14 12:41:09,,True,admin
1570,PRYG001482,2025,YG010,False,,,,,2025-03-14 12:43:05,,True,admin
1571,PRYG001483,2007,YG015,False,,,,,2025-03-14 16:35:14,,True,admin
1572,PRYG001484,2022,YG014,False,,,,,2025-03-14 16:40:01,,True,admin
1573,PRYG001485,2015,YG014,False,,,,,2025-03-14 16:40:39,,True,admin
1574,PRYG001486,2021,YG014,False,,,,,2025-03-14 16:43:03,,True,admin
1575,PRYG001487,2024,YG014,False,,,,,2025-03-14 16:45:31,,True,admin
1576,PRYG001488,2022,YG014,False,,,,,2025-03-14 16:48:31,,True,admin
1578,PRYG001489,2024,YG014,False,,,,,2025-03-14 16:51:46,,True,admin
1579,PRYG001490,2022,YG026,False,,,,,2025-03-14 17:01:45,,True,admin
1580,PRYG001491,2024,YG014,False,,,,,2025-03-14 17:19:56,,True,admin
1581,PRYG001492,2024,YG010,False,,,,,2025-03-14 17:23:58,,True,admin
1583,PRYG001494,2014,YG014,False,,,,,2025-03-14 18:09:08,,True,admin
1585,PRYG001495,2021,YG014,False,,,,,2025-03-14 18:22:04,,True,admin
1586,PRYG001496,2022,YG009,False,,,,,2025-03-14 21:25:50,,True,admin
1587,PRYG001497,2024,YG014,False,,,,,2025-03-14 21:46:29,,True,admin
1588,PRYG001498,2022,YG014,False,,,,,2025-03-14 21:56:16,,True,admin
1589,PRYG001499,2024,YG014,False,,,,,2025-03-14 22:33:42,,True,admin
1590,PRYG001500,2023,YG019,False,,,,,2025-03-14 22:58:48,,True,admin
1591,PRYG001501,2017,YG012,False,,,,,2025-03-14 23:26:22,,True,admin
1592,PRYG001502,2024,YG014,False,,,,,2025-03-14 23:50:58,,True,admin
1593,PRYG001503,2024,YG004,False,,,,,2025-03-15 04:52:02,,True,admin
1594,PRYG001504,2024,YG003,False,,,,,2025-03-15 11:02:07,,True,admin
1595,PRYG001505,2024,YG003,False,,,,,2025-03-15 11:05:27,,True,admin
1596,PRYG001506,2016,YG014,False,,,,,2025-03-15 12:24:01,,True,admin
1597,PRYG001507,2021,YG014,False,,,,,2025-03-15 14:03:19,,True,admin
1598,PRYG001508,2008,YG007,False,,,,,2025-03-15 14:37:03,,True,admin
1599,PRYG001509,2024,YG020,False,,,,,2025-03-15 15:28:27,,True,admin
1600,PRYG001510,2024,YG020,False,,,,,2025-03-15 15:30:13,,True,admin
1601,PRYG001511,2020,YG020,False,,,,,2025-03-15 16:16:13,,True,admin
1602,PRYG001512,2024,YG020,False,,,,,2025-03-15 16:18:27,,True,admin
1603,PRYG001513,2018,YG020,False,,,,,2025-03-15 16:30:24,,True,admin
1604,PRYG001514,2024,YG009,False,,,,,2025-03-15 16:34:31,,True,admin
1605,PRYG001515,2023,YG020,False,,,,,2025-03-15 16:35:33,,True,admin
1606,PRYG001516,2020,YG020,False,,,,,2025-03-15 16:37:10,,True,admin
1607,PRYG001517,2024,YG009,False,,,,,2025-03-15 16:39:45,,True,admin
1608,PRYG001518,2023,YG020,False,,,,,2025-03-15 16:40:04,,True,admin
1609,PRYG001519,2023,YG009,False,,,,,2025-03-15 16:56:20,,True,admin
1610,PRYG001520,2025,YG009,False,,,,,2025-03-15 17:02:56,,True,admin
1611,PRYG001521,2023,YG009,False,,,,,2025-03-15 17:15:52,,True,admin
1612,PRYG001522,2019,YG009,False,,,,,2025-03-15 17:24:19,,True,admin
1613,PRYG001523,2019,YG009,False,,,,,2025-03-15 17:26:05,,True,admin
1614,PRYG001524,2021,YG020,False,,,,,2025-03-15 17:31:35,,True,admin
1615,PRYG001525,2023,YG020,False,,,,,2025-03-15 17:34:14,,True,admin
1616,PRYG001526,2024,YG020,False,,,,,2025-03-15 17:36:05,,True,admin
1617,PRYG001527,2020,YG020,False,,,,,2025-03-15 17:48:12,,True,admin
1618,PRYG001528,2020,YG020,False,,,,,2025-03-15 17:50:02,,True,admin
1619,PRYG001529,2022,YG020,False,,,,,2025-03-15 18:09:25,,True,admin
1620,PRYG001530,2024,YG020,False,,,,,2025-03-15 18:19:40,,True,admin
1623,PRYG001532,2024,YG004,False,,,,,2025-03-15 20:43:22,,True,admin
1624,PRYG001533,2024,YG014,False,,,,,2025-03-15 21:22:47,,True,admin
1625,PRYG001534,2024,YG010,False,,,,,2025-03-15 21:26:57,,True,admin
1626,PRYG001535,2022,YG010,False,,,,,2025-03-15 21:29:37,,True,admin
1627,PRYG001536,2022,YG010,False,,,,,2025-03-15 21:43:59,,True,admin
1628,PRYG001537,2021,YG020,False,,,,,2025-03-15 21:48:16,,True,admin
1629,PRYG001538,2024,YG022,False,,,,,2025-03-15 22:08:27,,True,admin
1631,PRYG001540,2025,YG010,False,,,,,2025-03-15 22:25:10,,True,admin
1632,PRYG001541,2016,YG009,False,,,,,2025-03-15 22:42:42,,True,admin
1633,PRYG001542,2022,YG009,False,,,,,2025-03-15 22:44:36,,True,admin
1634,PRYG001543,2018,YG010,False,,,,,2025-03-15 23:00:31,,True,admin
1635,PRYG001544,2015,YG014,False,,,,,2025-03-15 23:55:20,,True,admin
1636,PRYG001545,2022,YG020,False,,,,,2025-03-16 00:19:00,,True,admin
1637,PRYG001546,2022,YG020,False,,,,,2025-03-16 00:21:40,,True,admin
1638,PRYG001547,2025,YG020,False,,,,,2025-03-16 00:25:57,,True,admin
1639,PRYG001548,2024,YG020,False,,,,,2025-03-16 00:32:55,,True,admin
1640,PRYG001549,2024,YG020,False,,,,,2025-03-16 00:53:36,,True,admin
1640,PRYG001550,2021,YG027,False,,,,,2025-06-11 14:26:14,,True,admin
1641,PRYG001551,2020,YG010,False,,,,,2025-03-16 07:57:18,,True,admin
1642,PRYG001552,2022,YG010,False,,,,,2025-03-16 07:59:07,,True,admin
1643,PRYG001553,2022,YG001,False,,,,,2025-03-16 09:34:01,,True,admin
1644,PRYG001554,2022,YG001,False,,,,,2025-03-16 09:34:01,,True,admin
1645,PRYG001555,2022,YG001,False,,,,,2025-03-16 09:34:01,,True,admin
1646,PRYG001556,2022,YG001,False,,,,,2025-03-16 09:34:01,,True,admin
1647,PRYG001557,2022,YG001,False,,,,,2025-03-16 09:34:01,,True,admin
1648,PRYG001558,2022,YG001,False,,,,,2025-03-16 09:34:01,,True,admin
1650,PRYG001560,2022,YG001,False,,,,,2025-03-16 09:34:01,,True,admin
1651,PRYG001561,2012,YG016,False,,,,,2025-03-16 12:02:12,,True,admin
1652,PRYG001562,2008,YG016,False,,,,,2025-03-16 12:19:30,,True,admin
1653,PRYG001563,2022,YG014,False,,,,,2025-03-16 13:00:31,,True,admin
1654,PRYG001564,2016,YG023,False,,,,,2025-03-16 13:13:04,,True,admin
1655,PRYG001565,2021,YG016,False,,,,,2025-03-16 13:21:01,,True,admin
1656,PRYG001566,2013,YG019,False,,,,,2025-03-16 14:12:15,,True,admin
1657,PRYG001567,2020,YG019,False,,,,,2025-03-16 14:21:46,,True,admin
1658,PRYG001568,2023,YG026,False,,,,,2025-03-16 14:26:00,,True,admin
1659,PRYG001569,2022,YG019,False,,,,,2025-03-16 14:32:46,,True,admin
1660,PRYG001570,2022,YG019,False,,,,,2025-03-16 14:34:30,,True,admin
1661,PRYG001571,2014,YG004,False,,,,,2025-03-16 14:35:09,,True,admin
1662,PRYG001572,2014,YG004,False,,,,,2025-03-16 14:37:35,,True,admin
1663,PRYG001573,2022,YG019,False,,,,,2025-03-16 14:40:41,,True,admin
1664,PRYG001574,2025,YG019,False,,,,,2025-03-16 14:41:48,,True,admin
1665,PRYG001575,2022,YG019,False,,,,,2025-03-16 14:42:44,,True,admin
1666,PRYG001576,2024,YG004,False,,,,,2025-03-16 14:43:56,,True,admin
1667,PRYG001577,2024,YG004,False,,,,,2025-03-16 14:45:33,,True,admin
1668,PRYG001578,2024,YG004,False,,,,,2025-03-16 14:46:08,,True,admin
1669,PRYG001579,2021,YG014,False,,,,,2025-03-16 14:48:05,,True,admin
1670,PRYG001580,2022,YG019,False,,,,,2025-03-16 14:48:32,,True,admin
1671,PRYG001581,2023,YG004,False,,,,,2025-03-16 14:50:03,,True,admin
1672,PRYG001582,2024,YG027,False,,,,,2025-03-16 14:50:18,,True,admin
1673,PRYG001583,2023,YG020,False,,,,,2025-03-16 14:53:51,,True,admin
1674,PRYG001584,2013,YG028,False,,,,,2025-03-16 14:54:53,,True,admin
1675,PRYG001585,2024,YG019,False,,,,,2025-03-16 14:55:29,,True,admin
1676,PRYG001586,2022,YG019,False,,,,,2025-03-16 14:55:30,,True,admin
1677,PRYG001587,2022,YG019,False,,,,,2025-03-16 14:56:28,,True,admin
1678,PRYG001588,2024,YG027,False,,,,,2025-03-16 14:56:39,,True,admin
1679,PRYG001589,2022,YG019,False,,,,,2025-03-16 14:58:01,,True,admin
1680,PRYG001590,2022,YG019,False,,,,,2025-03-16 14:59:14,,True,admin
1681,PRYG001591,2020,YG020,False,,,,,2025-03-16 15:06:07,,True,admin
1682,PRYG001592,2017,YG019,False,,,,,2025-03-16 15:14:46,,True,admin
1683,PRYG001593,2024,YG019,False,,,,,2025-03-16 15:23:31,,True,admin
1684,PRYG001594,2024,YG004,False,,,,,2025-03-16 15:27:02,,True,admin
1685,PRYG001595,2024,YG004,False,,,,,2025-03-16 15:28:58,,True,admin
1686,PRYG001596,2024,YG019,False,,,,,2025-03-16 15:34:28,,True,admin
1687,PRYG001597,2024,YG019,False,,,,,2025-03-16 15:36:46,,True,admin
1688,PRYG001598,2024,YG004,False,,,,,2025-03-16 15:50:00,,True,admin
1689,PRYG001599,2020,YG004,False,,,,,2025-03-16 15:52:15,,True,admin
1690,PRYG001600,2023,YG019,False,,,,,2025-03-16 15:55:22,,True,admin
1691,PRYG001601,2022,YG020,False,,,,,2025-03-16 16:02:41,,True,admin
1692,PRYG001602,2023,YG020,False,,,,,2025-03-16 16:05:58,,True,admin
1693,PRYG001603,2024,YG027,False,,,,,2025-03-16 16:15:10,,True,admin
1693,PRYG001604,2024,YG020,False,,,,,2025-03-30 12:53:21,,True,admin
1694,PRYG001605,2024,YG027,False,,,,,2025-03-16 16:32:27,,True,admin
1695,PRYG001606,2024,YG027,False,,,,,2025-03-16 16:34:21,,True,admin
1696,PRYG001607,2024,YG027,False,,,,,2025-03-16 16:35:54,,True,admin
1697,PRYG001608,2019,YG020,False,,,,,2025-03-16 16:54:36,,True,admin
1698,PRYG001609,2023,YG020,False,,,,,2025-03-16 16:57:21,,True,admin
1699,PRYG001610,2023,YG019,False,,,,,2025-03-16 16:58:15,,True,admin
1700,PRYG001611,2023,YG019,False,,,,,2025-03-16 17:01:15,,True,admin
1701,PRYG001612,2019,YG019,False,,,,,2025-03-16 17:39:55,,True,admin
1702,PRYG001613,2024,YG020,False,,,,,2025-03-16 17:44:22,,True,admin
1703,PRYG001614,2025,YG004,False,,,,,2025-03-16 17:54:21,,True,admin
1704,PRYG001615,2024,YG020,False,,,,,2025-03-16 17:54:41,,True,admin
1705,PRYG001616,2023,YG016,False,,,,,2025-03-16 18:00:50,,True,admin
1706,PRYG001617,2016,YG027,False,,,,,2025-03-16 18:11:36,,True,admin
1707,PRYG001618,2022,YG027,False,,,,,2025-03-16 18:16:21,,True,admin
1708,PRYG001619,2018,YG027,False,,,,,2025-03-16 18:19:50,,True,admin
1709,PRYG001620,2023,YG026,False,,,,,2025-03-16 18:20:26,,True,admin
1710,PRYG001621,2016,YG009,False,,,,,2025-03-16 18:28:08,,True,admin
1711,PRYG001622,2018,YG009,False,,,,,2025-03-16 18:57:01,,True,admin
1712,PRYG001623,2023,YG019,False,,,,,2025-03-16 19:00:22,,True,admin
1713,PRYG001624,2022,YG019,False,,,,,2025-03-16 19:00:55,,True,admin
1714,PRYG001625,2024,YG027,False,,,,,2025-03-16 19:24:57,,True,admin
1715,PRYG001626,2022,YG026,False,,,,,2025-03-16 19:26:14,,True,admin
1716,PRYG001627,2022,YG019,False,,,,,2025-03-16 19:34:14,,True,admin
1717,PRYG001628,2024,YG027,False,,,,,2025-03-16 19:42:40,,True,admin
1718,PRYG001629,2023,YG019,False,,,,,2025-03-16 19:53:13,,True,admin
1719,PRYG001630,2025,YG028,False,,,,,2025-03-16 20:12:09,,True,admin
1720,PRYG001631,2025,YG028,False,,,,,2025-03-16 20:14:13,,True,admin
1721,PRYG001632,2025,YG009,False,,,,,2025-03-16 20:18:24,,True,admin
1722,PRYG001633,2023,YG019,False,,,,,2025-03-16 20:30:45,,True,admin
1723,PRYG001634,2022,YG007,False,,,,,2025-03-16 20:41:43,,True,admin
1724,PRYG001635,2021,YG019,False,,,,,2025-03-16 20:43:00,,True,admin
1725,PRYG001636,2025,YG019,False,,,,,2025-03-16 20:53:18,,True,admin
1726,PRYG001637,2023,YG019,False,,,,,2025-03-16 21:00:00,,True,admin
1727,PRYG001638,2023,YG019,False,,,,,2025-03-16 21:00:54,,True,admin
1728,PRYG001639,2023,YG019,False,,,,,2025-03-16 21:02:22,,True,admin
1729,PRYG001640,2025,YG004,False,,,,,2025-03-16 21:02:45,,True,admin
1730,PRYG001641,2021,YG020,False,,,,,2025-03-16 21:06:03,,True,admin
1731,PRYG001642,2025,YG009,False,,,,,2025-03-16 21:12:59,,True,admin
1732,PRYG001643,2020,YG007,False,,,,,2025-03-16 21:19:31,,True,admin
1733,PRYG001644,2021,YG020,False,,,,,2025-03-16 21:24:50,,True,admin
1734,PRYG001645,2012,YG007,False,,,,,2025-03-16 22:10:08,,True,admin
1735,PRYG001646,2014,YG004,False,,,,,2025-03-16 22:17:37,,True,admin
1736,PRYG001647,2023,YG004,False,,,,,2025-03-16 22:19:42,,True,admin
1738,PRYG001649,2019,YG019,False,,,,,2025-03-16 22:35:20,,True,admin
1739,PRYG001650,2020,YG027,False,,,,,2025-03-16 22:53:30,,True,admin
1740,PRYG001651,2020,YG027,False,,,,,2025-03-16 22:55:14,,True,admin
1741,PRYG001652,2019,YG020,False,,,,,2025-03-16 23:51:03,,True,admin
1742,PRYG001653,2023,YG019,False,,,,,2025-03-17 03:47:53,,True,admin
1743,PRYG001654,2014,YG011,False,,,,,2025-03-17 07:46:58,,True,admin
1744,PRYG001655,2023,YG027,False,,,,,2025-03-17 07:49:51,,True,admin
1745,PRYG001656,2020,YG020,False,,,,,2025-03-17 08:29:44,,True,admin
1746,PRYG001657,2020,YG026,False,,,,,2025-03-17 08:36:55,,True,admin
1747,PRYG001658,2023,YG026,False,,,,,2025-03-17 08:38:12,,True,admin
1748,PRYG001659,2022,YG026,False,,,,,2025-03-17 08:42:37,,True,admin
1749,PRYG001660,2024,YG016,False,,,,,2025-03-17 08:45:41,,True,admin
1750,PRYG001661,2024,YG019,False,,,,,2025-03-17 08:51:50,,True,admin
1751,PRYG001662,2024,YG019,False,,,,,2025-03-17 08:54:17,,True,admin
1752,PRYG001663,2024,YG019,False,,,,,2025-03-17 08:56:47,,True,admin
1753,PRYG001664,2023,YG004,False,,,,,2025-03-17 09:26:23,,True,admin
1754,PRYG001665,2023,YG004,False,,,,,2025-03-17 09:28:38,,True,admin
1755,PRYG001666,2025,YG004,False,,,,,2025-03-17 11:25:36,,True,admin
1756,PRYG001667,2025,YG004,False,,,,,2025-03-17 11:28:25,,True,admin
1757,PRYG001668,2023,YG019,False,,,,,2025-03-17 14:30:40,,True,admin
1758,PRYG001669,2016,YG020,False,,,,,2025-03-17 16:40:29,,True,admin
1759,PRYG001670,2023,YG019,False,,,,,2025-03-17 16:56:02,,True,admin
1760,PRYG001671,2021,YG019,False,,,,,2025-03-17 16:57:31,,True,admin
1761,PRYG001672,2024,YG019,False,,,,,2025-03-17 17:01:26,,True,admin
1762,PRYG001673,2024,YG019,False,,,,,2025-03-17 17:03:38,,True,admin
1763,PRYG001674,2023,YG019,False,,,,,2025-03-17 17:07:59,,True,admin
1764,PRYG001675,2023,YG019,False,,,,,2025-03-17 17:09:34,,True,admin
1765,PRYG001676,2020,YG026,False,,,,,2025-03-17 17:39:35,,True,admin
1766,PRYG001677,2015,YG029,False,,,,,2025-03-17 18:44:42,,True,admin
1767,PRYG001678,2022,YG022,False,,,,,2025-03-17 21:28:30,,True,admin
1768,PRYG001679,2022,YG014,False,,,,,2025-03-17 21:45:03,,True,admin
1769,PRYG001680,2022,YG026,False,,,,,2025-03-17 23:04:42,,True,admin
1770,PRYG001681,2022,YG026,False,,,,,2025-03-17 23:06:35,,True,admin
1771,PRYG001682,2022,YG026,False,,,,,2025-03-17 23:08:32,,True,admin
1772,PRYG001683,2022,YG007,False,,,,,2025-03-18 00:13:43,,True,admin
1773,PRYG001684,2022,YG007,False,,,,,2025-03-18 00:15:17,,True,admin
1774,PRYG001685,2022,YG007,False,,,,,2025-03-18 00:19:54,,True,admin
1775,PRYG001686,2023,YG007,False,,,,,2025-03-18 00:21:44,,True,admin
1776,PRYG001687,2020,YG007,False,,,,,2025-03-18 00:24:06,,True,admin
1777,PRYG001688,2021,YG007,False,,,,,2025-03-18 00:25:54,,True,admin
1778,PRYG001689,2021,YG007,False,,,,,2025-03-18 00:27:38,,True,admin
1779,PRYG001690,2021,YG007,False,,,,,2025-03-18 00:28:43,,True,admin
1780,PRYG001691,2018,YG007,False,,,,,2025-03-18 00:34:28,,True,admin
1781,PRYG001692,2021,YG007,False,,,,,2025-03-18 00:40:58,,True,admin
1782,PRYG001693,2023,YG007,False,,,,,2025-03-18 00:55:22,,True,admin
1783,PRYG001694,2022,YG007,False,,,,,2025-03-18 01:18:18,,True,admin
1784,PRYG001695,2023,YG007,False,,,,,2025-03-18 01:26:36,,True,admin
1785,PRYG001696,2022,YG007,False,,,,,2025-03-18 01:30:14,,True,admin
1786,PRYG001697,2021,YG007,False,,,,,2025-03-18 01:31:27,,True,admin
1787,PRYG001698,2024,YG007,False,,,,,2025-03-18 01:32:39,,True,admin
1788,PRYG001699,2023,YG007,False,,,,,2025-03-18 01:34:10,,True,admin
1789,PRYG001700,2024,YG007,False,,,,,2025-03-18 01:39:10,,True,admin
1790,PRYG001701,2022,YG007,False,,,,,2025-03-18 07:04:46,,True,admin
1791,PRYG001702,2021,YG007,False,,,,,2025-03-18 07:47:50,,True,admin
1792,PRYG001703,2021,YG007,False,,,,,2025-03-18 07:49:58,,True,admin
1793,PRYG001704,2018,YG007,False,,,,,2025-03-18 07:53:57,,True,admin
1794,PRYG001705,2016,YG007,False,,,,,2025-03-18 07:55:34,,True,admin
1795,PRYG001706,2020,YG007,False,,,,,2025-03-18 08:20:56,,True,admin
1796,PRYG001707,2023,YG007,False,,,,,2025-03-18 08:32:36,,True,admin
1797,PRYG001708,2018,YG007,False,,,,,2025-03-18 08:59:38,,True,admin
1798,PRYG001709,2023,YG007,False,,,,,2025-03-18 09:02:04,,True,admin
1799,PRYG001710,2021,YG006,False,,,,,2025-03-18 09:52:52,,True,admin
1800,PRYG001711,2021,YG006,False,,,,,2025-03-18 09:54:10,,True,admin
1801,PRYG001712,2022,YG026,False,,,,,2025-03-18 10:19:24,,True,admin
1802,PRYG001713,2018,YG026,False,,,,,2025-03-18 10:20:39,,True,admin
1803,PRYG001714,2022,YG026,False,,,,,2025-03-18 10:21:57,,True,admin
1804,PRYG001715,2019,YG026,False,,,,,2025-03-18 10:23:04,,True,admin
1805,PRYG001716,2023,YG007,False,,,,,2025-03-18 10:23:11,,True,admin
1806,PRYG001717,2022,YG026,False,,,,,2025-03-18 10:24:34,,True,admin
1807,PRYG001718,2024,YG007,False,,,,,2025-03-18 10:25:00,,True,admin
1808,PRYG001719,2024,YG019,False,,,,,2025-03-18 10:25:40,,True,admin
1809,PRYG001720,2023,YG026,False,,,,,2025-03-18 10:26:54,,True,admin
1810,PRYG001721,2022,YG026,False,,,,,2025-03-18 10:29:11,,True,admin
1811,PRYG001722,2022,YG026,False,,,,,2025-03-18 10:33:19,,True,admin
1812,PRYG001723,2016,YG022,False,,,,,2025-03-18 11:25:12,,True,admin
1813,PRYG001724,2024,YG007,False,,,,,2025-03-18 12:17:01,,True,admin
1814,PRYG001725,2023,YG007,False,,,,,2025-03-18 12:25:51,,True,admin
1815,PRYG001726,2023,YG007,False,,,,,2025-03-18 12:27:11,,True,admin
1816,PRYG001727,2024,YG007,False,,,,,2025-03-18 12:37:11,,True,admin
1817,PRYG001728,2024,YG007,False,,,,,2025-03-18 12:42:56,,True,admin
1818,PRYG001729,2022,YG012,False,,,,,2025-03-18 13:00:32,,True,admin
1819,PRYG001730,2023,YG012,False,,,,,2025-03-18 13:02:49,,True,admin
1820,PRYG001731,2021,YG007,False,,,,,2025-03-18 13:04:53,,True,admin
1821,PRYG001732,2018,YG007,False,,,,,2025-03-18 16:12:24,,True,admin
1822,PRYG001733,2021,YG007,False,,,,,2025-03-18 17:55:02,,True,admin
1823,PRYG001734,2025,YG016,False,,,,,2025-03-19 08:18:14,,True,admin
1824,PRYG001735,2023,YG016,False,,,,,2025-03-19 08:21:04,,True,admin
1825,PRYG001736,2018,YG026,False,,,,,2025-03-19 09:42:00,,True,admin
1827,PRYG001737,2019,YG007,False,,,,,2025-03-19 13:29:34,,True,admin
1828,PRYG001738,2011,YG016,False,,,,,2025-03-19 13:37:52,,True,admin
1829,PRYG001739,2016,YG016,False,,,,,2025-03-19 14:17:39,,True,admin
1830,PRYG001740,2022,YG016,False,,,,,2025-03-19 14:56:30,,True,admin
1831,PRYG001741,2024,YG016,False,,,,,2025-03-19 14:57:57,,True,admin
1832,PRYG001742,2022,YG016,False,,,,,2025-03-19 15:13:01,,True,admin
1834,PRYG001743,2022,YG016,False,,,,,2025-03-19 15:56:41,,True,admin
1835,PRYG001744,2022,YG019,False,,,,,2025-03-19 16:23:31,,True,admin
1836,PRYG001745,2024,YG019,False,,,,,2025-03-19 16:28:29,,True,admin
1837,PRYG001746,2024,YG026,False,,,,,2025-03-19 16:30:55,,True,admin
1838,PRYG001747,2022,YG016,False,,,,,2025-03-19 17:28:34,,True,admin
1839,PRYG001748,2022,YG016,False,,,,,2025-03-19 17:30:27,,True,admin
1840,PRYG001749,2014,YG016,False,,,,,2025-03-19 18:15:50,,True,admin
1841,PRYG001750,2022,YG007,False,,,,,2025-03-19 20:14:02,,True,admin
1842,PRYG001751,2022,YG007,False,,,,,2025-03-19 20:16:43,,True,admin
1843,PRYG001752,2005,YG016,False,,,,,2025-03-19 23:48:38,,True,admin
1844,PRYG001753,2024,YG016,False,,,,,2025-03-20 11:40:28,,True,admin
1845,PRYG001754,2008,YG016,False,,,,,2025-03-20 11:41:34,,True,admin
1846,PRYG001755,2017,YG023,False,,,,,2025-03-20 12:20:37,,True,admin
1847,PRYG001756,2022,YG023,False,,,,,2025-03-20 12:22:27,,True,admin
1848,PRYG001757,2005,YG023,False,,,,,2025-03-20 12:23:49,,True,admin
1849,PRYG001758,2013,YG023,False,,,,,2025-03-20 12:25:24,,True,admin
1850,PRYG001759,2025,YG023,False,,,,,2025-03-20 12:36:05,,True,admin
1852,PRYG001760,2024,YG028,False,,,,,2025-03-20 14:25:10,,True,admin
1853,PRYG001761,2025,YG004,False,,,,,2025-03-20 14:31:11,,True,admin
1854,PRYG001762,2025,YG004,False,,,,,2025-03-20 14:33:43,,True,admin
1856,PRYG001763,2021,YG016,False,,,,,2025-03-20 15:10:38,,True,admin
1857,PRYG001764,2025,YG004,False,,,,,2025-03-20 15:14:14,,True,admin
1858,PRYG001765,2024,YG007,False,,,,,2025-03-20 15:37:16,,True,admin
1859,PRYG001766,2023,YG014,False,,,,,2025-03-20 15:37:58,,True,admin
1860,PRYG001767,2020,YG007,False,,,,,2025-03-20 15:57:32,,True,admin
1861,PRYG001768,2022,YG007,False,,,,,2025-03-20 16:28:15,,True,admin
1862,PRYG001769,2023,YG026,False,,,,,2025-03-20 16:44:48,,True,admin
1863,PRYG001770,2022,YG026,False,,,,,2025-03-20 16:47:20,,True,admin
1864,PRYG001771,2022,YG026,False,,,,,2025-03-20 16:48:19,,True,admin
1865,PRYG001772,2024,YG026,False,,,,,2025-03-20 16:49:54,,True,admin
1866,PRYG001773,2024,YG026,False,,,,,2025-03-20 16:51:45,,True,admin
1867,PRYG001774,2024,YG026,False,,,,,2025-03-20 16:55:31,,True,admin
1868,PRYG001775,2023,YG026,False,,,,,2025-03-20 16:57:10,,True,admin
1869,PRYG001776,2022,YG026,False,,,,,2025-03-20 16:59:42,,True,admin
1870,PRYG001777,2022,YG026,False,,,,,2025-03-20 17:06:59,,True,admin
1871,PRYG001778,2020,YG026,False,,,,,2025-03-20 17:12:24,,True,admin
1872,PRYG001779,2016,YG007,False,,,,,2025-03-20 17:12:36,,True,admin
1873,PRYG001780,2023,YG026,False,,,,,2025-03-20 17:16:51,,True,admin
1874,PRYG001781,2023,YG016,False,,,,,2025-03-20 17:17:29,,True,admin
1875,PRYG001782,2023,YG026,False,,,,,2025-03-20 17:19:12,,True,admin
1876,PRYG001783,2024,YG013,False,,,,,2025-03-20 17:47:33,,True,admin
1877,PRYG001784,2023,YG026,False,,,,,2025-03-20 17:48:45,,True,admin
1878,PRYG001785,2023,YG013,False,,,,,2025-03-20 17:51:51,,True,admin
1879,PRYG001786,2023,YG026,False,,,,,2025-03-20 17:52:55,,True,admin
1880,PRYG001787,2023,YG026,False,,,,,2025-03-20 17:58:13,,True,admin
1881,PRYG001788,2023,YG026,False,,,,,2025-03-20 17:59:51,,True,admin
1882,PRYG001789,2024,YG013,False,,,,,2025-03-20 18:01:54,,True,admin
1883,PRYG001790,2023,YG026,False,,,,,2025-03-20 18:01:54,,True,admin
1884,PRYG001791,2023,YG026,False,,,,,2025-03-20 18:04:55,,True,admin
1885,PRYG001792,2023,YG026,False,,,,,2025-03-20 18:07:03,,True,admin
1886,PRYG001793,2023,YG026,False,,,,,2025-03-20 18:11:59,,True,admin
1887,PRYG001794,2023,YG026,False,,,,,2025-03-20 18:14:38,,True,admin
1888,PRYG001795,2023,YG026,False,,,,,2025-03-20 18:17:01,,True,admin
1889,PRYG001796,2023,YG026,False,,,,,2025-03-20 18:20:39,,True,admin
1890,PRYG001797,2023,YG026,False,,,,,2025-03-20 18:29:04,,True,admin
1891,PRYG001798,2024,YG026,False,,,,,2025-03-20 18:30:55,,True,admin
1892,PRYG001799,2024,YG016,False,,,,,2025-03-20 18:31:31,,True,admin
1893,PRYG001800,2024,YG013,False,,,,,2025-03-20 18:31:46,,True,admin
1894,PRYG001801,2018,YG026,False,,,,,2025-03-20 18:32:32,,True,admin
1895,PRYG001802,2024,YG013,False,,,,,2025-03-20 18:33:27,,True,admin
1896,PRYG001803,2023,YG026,False,,,,,2025-03-20 18:34:24,,True,admin
1897,PRYG001804,2023,YG026,False,,,,,2025-03-20 18:36:08,,True,admin
1898,PRYG001805,2024,YG026,False,,,,,2025-03-20 18:38:13,,True,admin
1899,PRYG001806,2025,YG026,False,,,,,2025-03-20 18:40:07,,True,admin
1900,PRYG001807,2023,YG026,False,,,,,2025-03-20 18:44:47,,True,admin
1901,PRYG001808,2019,YG016,False,,,,,2025-03-20 18:45:03,,True,admin
1902,PRYG001809,2023,YG026,False,,,,,2025-03-20 18:47:07,,True,admin
1903,PRYG001810,2023,YG026,False,,,,,2025-03-20 18:52:05,,True,admin
1904,PRYG001811,2023,YG026,False,,,,,2025-03-20 18:53:49,,True,admin
1905,PRYG001812,2023,YG026,False,,,,,2025-03-20 18:55:37,,True,admin
1906,PRYG001813,2023,YG026,False,,,,,2025-03-20 19:39:58,,True,admin
1907,PRYG001814,2024,YG013,False,,,,,2025-03-20 19:43:18,,True,admin
1908,PRYG001815,2024,YG013,False,,,,,2025-03-20 19:45:03,,True,admin
1909,PRYG001816,2024,YG016,False,,,,,2025-03-20 19:53:16,,True,admin
1909,PRYG001817,2019,YG003,False,,,,,2025-03-30 15:23:41,,True,admin
1910,PRYG001818,2022,YG026,False,,,,,2025-03-20 19:57:16,,True,admin
1911,PRYG001819,2017,YG026,False,,,,,2025-03-20 19:58:27,,True,admin
1912,PRYG001820,2017,YG026,False,,,,,2025-03-20 19:58:41,,True,admin
1913,PRYG001821,2024,YG026,False,,,,,2025-03-20 19:59:49,,True,admin
1914,PRYG001822,2020,YG026,False,,,,,2025-03-20 20:07:58,,True,admin
1915,PRYG001823,2024,YG026,False,,,,,2025-03-20 20:14:15,,True,admin
1916,PRYG001824,2019,YG019,False,,,,,2025-03-20 20:43:09,,True,admin
1917,PRYG001825,2018,YG026,False,,,,,2025-03-20 21:11:50,,True,admin
1918,PRYG001826,2017,YG026,False,,,,,2025-03-20 21:19:35,,True,admin
1919,PRYG001827,2019,YG026,False,,,,,2025-03-20 21:36:46,,True,admin
1920,PRYG001828,2018,YG026,False,,,,,2025-03-20 21:40:38,,True,admin
1921,PRYG001829,2018,YG026,False,,,,,2025-03-20 21:44:45,,True,admin
1922,PRYG001830,2023,YG019,False,,,,,2025-03-20 23:01:39,,True,admin
1923,PRYG001831,2015,YG026,False,,,,,2025-03-20 23:03:22,,True,admin
1924,PRYG001832,2019,YG023,False,,,,,2025-03-20 23:30:35,,True,admin
1925,PRYG001833,2020,YG026,False,,,,,2025-03-20 23:49:35,,True,admin
1926,PRYG001834,2023,YG026,False,,,,,2025-03-20 23:55:40,,True,admin
1927,PRYG001835,2022,YG016,False,,,,,2025-03-21 01:52:03,,True,admin
1928,PRYG001836,2020,YG026,False,,,,,2025-03-21 10:15:00,,True,admin
1929,PRYG001837,2025,YG016,False,,,,,2025-03-21 11:06:17,,True,admin
1930,PRYG001838,2024,YG016,False,,,,,2025-03-21 11:07:00,,True,admin
1931,PRYG001839,2020,YG003,False,,,,,2025-03-21 12:09:47,,True,admin
1931,PRYG001840,2019,YG016,False,,,,,2025-03-21 12:37:38,,True,admin
1932,PRYG001841,2023,YG003,False,,,,,2025-03-21 12:13:26,,True,admin
1932,PRYG001842,2021,YG016,False,,,,,2025-03-21 14:15:59,,True,admin
1933,PRYG001843,2024,YG003,False,,,,,2025-03-21 12:15:41,,True,admin
1933,PRYG001844,2023,YG016,False,,,,,2025-03-21 12:49:31,,True,admin
1934,PRYG001845,2021,YG019,False,,,,,2025-03-21 13:04:24,,True,admin
1935,PRYG001846,2018,YG026,False,,,,,2025-03-21 17:59:29,,True,admin
1936,PRYG001847,2017,YG026,False,,,,,2025-03-21 18:00:33,,True,admin
1937,PRYG001848,2011,YG022,False,,,,,2025-03-21 18:47:34,,True,admin
1938,PRYG001849,2024,YG019,False,,,,,2025-03-21 22:41:30,,True,admin
1939,PRYG001850,2022,YG016,False,,,,,2025-03-21 23:10:27,,True,admin
1940,PRYG001851,2014,YG003,False,,,,,2025-03-22 08:15:47,,True,admin
1941,PRYG001852,2014,YG003,False,,,,,2025-03-22 08:18:09,,True,admin
1942,PRYG001853,2024,YG016,False,,,,,2025-03-22 10:50:59,,True,admin
1942,PRYG001854,2024,YG003,False,,,,,2025-03-30 15:40:46,,True,admin
1943,PRYG001855,2019,YG026,False,,,,,2025-03-22 13:39:49,,True,admin
1944,PRYG001856,2023,YG013,False,,,,,2025-03-22 14:18:27,,True,admin
1945,PRYG001857,2023,YG013,False,,,,,2025-03-22 14:20:08,,True,admin
1946,PRYG001858,2019,YG026,False,,,,,2025-03-22 14:28:09,,True,admin
1947,PRYG001859,2015,YG026,False,,,,,2025-03-22 14:37:52,,True,admin
1948,PRYG001860,2018,YG013,False,,,,,2025-03-22 15:07:45,,True,admin
1949,PRYG001861,2019,YG026,False,,,,,2025-03-22 15:31:18,,True,admin
1950,PRYG001862,2019,YG026,False,,,,,2025-03-22 15:33:53,,True,admin
1951,PRYG001863,2019,YG026,False,,,,,2025-03-22 15:36:52,,True,admin
1952,PRYG001864,2019,YG026,False,,,,,2025-03-22 15:38:56,,True,admin
1953,PRYG001865,2018,YG026,False,,,,,2025-03-22 15:46:37,,True,admin
1954,PRYG001866,2021,YG026,False,,,,,2025-03-22 15:52:12,,True,admin
1955,PRYG001867,2020,YG026,False,,,,,2025-03-22 15:57:52,,True,admin
1956,PRYG001868,2023,YG026,False,,,,,2025-03-22 15:59:19,,True,admin
1957,PRYG001869,2022,YG026,False,,,,,2025-03-22 16:03:47,,True,admin
1958,PRYG001870,2009,YG026,False,,,,,2025-03-22 16:08:46,,True,admin
1959,PRYG001871,2021,YG023,False,,,,,2025-03-22 16:11:51,,True,admin
1960,PRYG001872,2018,YG023,False,,,,,2025-03-22 16:12:24,,True,admin
1961,PRYG001873,2023,YG026,False,,,,,2025-03-22 16:12:46,,True,admin
1962,PRYG001874,2017,YG023,False,,,,,2025-03-22 16:12:53,,True,admin
1963,PRYG001875,2023,YG026,False,,,,,2025-03-22 16:13:58,,True,admin
1964,PRYG001876,2025,YG026,False,,,,,2025-03-22 16:14:12,,True,admin
1965,PRYG001877,2025,YG026,False,,,,,2025-03-22 16:15:21,,True,admin
1966,PRYG001878,2024,YG023,False,,,,,2025-03-22 16:15:35,,True,admin
1967,PRYG001879,2015,YG023,False,,,,,2025-03-22 16:15:55,,True,admin
1968,PRYG001880,2023,YG023,False,,,,,2025-03-22 16:19:07,,True,admin
1969,PRYG001881,2020,YG026,False,,,,,2025-03-22 16:19:23,,True,admin
1970,PRYG001882,2021,YG026,False,,,,,2025-03-22 16:23:01,,True,admin
1971,PRYG001883,2025,YG026,False,,,,,2025-03-22 16:23:03,,True,admin
1972,PRYG001884,2021,YG026,False,,,,,2025-03-22 16:25:14,,True,admin
1973,PRYG001885,2021,YG026,False,,,,,2025-03-22 16:26:50,,True,admin
1974,PRYG001886,2019,YG026,False,,,,,2025-03-22 16:28:31,,True,admin
1975,PRYG001887,2022,YG026,False,,,,,2025-03-22 16:29:59,,True,admin
1976,PRYG001888,2018,YG026,False,,,,,2025-03-22 16:45:12,,True,admin
1977,PRYG001889,2021,YG026,False,,,,,2025-03-22 17:03:04,,True,admin
1978,PRYG001890,2021,YG026,False,,,,,2025-03-22 17:07:21,,True,admin
1979,PRYG001891,2022,YG026,False,,,,,2025-03-22 17:42:15,,True,admin
1980,PRYG001892,2019,YG016,False,,,,,2025-03-22 17:47:17,,True,admin
1981,PRYG001893,2013,YG023,False,,,,,2025-03-22 18:04:33,,True,admin
1983,PRYG001894,2022,YG014,False,,,,,2025-03-22 19:10:01,,True,admin
1984,PRYG001895,2021,YG014,False,,,,,2025-03-22 19:10:27,,True,admin
1985,PRYG001896,2022,YG014,False,,,,,2025-03-22 19:12:33,,True,admin
1986,PRYG001897,2025,YG004,False,,,,,2025-03-22 19:13:10,,True,admin
1987,PRYG001898,2019,YG027,False,,,,,2025-03-22 19:14:51,,True,admin
1989,PRYG001899,2022,YG014,False,,,,,2025-03-22 19:25:40,,True,admin
1990,PRYG001900,2018,YG010,False,,,,,2025-03-22 19:26:40,,True,admin
1991,PRYG001901,2020,YG026,False,,,,,2025-03-22 19:28:40,,True,admin
1992,PRYG001902,2024,YG026,False,,,,,2025-03-22 19:29:40,,True,admin
1993,PRYG001903,2020,YG026,False,,,,,2025-03-22 19:30:32,,True,admin
1994,PRYG001904,2021,YG026,False,,,,,2025-03-22 19:33:48,,True,admin
1995,PRYG001905,2024,YG026,False,,,,,2025-03-22 19:37:26,,True,admin
1996,PRYG001906,2024,YG014,False,,,,,2025-03-22 19:40:15,,True,admin
1997,PRYG001907,2024,YG026,False,,,,,2025-03-22 20:00:12,,True,admin
1998,PRYG001908,2018,YG026,False,,,,,2025-03-22 20:03:10,,True,admin
1999,PRYG001909,2020,YG026,False,,,,,2025-03-22 20:12:25,,True,admin
2000,PRYG001910,2019,YG026,False,,,,,2025-03-22 20:13:35,,True,admin
2001,PRYG001911,2023,YG026,False,,,,,2025-03-22 20:18:43,,True,admin
2002,PRYG001912,2024,YG026,False,,,,,2025-03-22 20:20:08,,True,admin
2003,PRYG001913,2024,YG026,False,,,,,2025-03-22 20:25:43,,True,admin
2004,PRYG001914,2015,YG014,False,,,,,2025-03-22 20:30:25,,True,admin
2005,PRYG001915,2019,YG026,False,,,,,2025-03-22 20:30:52,,True,admin
2006,PRYG001916,2022,YG026,False,,,,,2025-03-22 20:40:25,,True,admin
2008,PRYG001918,2017,YG014,False,,,,,2025-03-22 20:53:15,,True,admin
2009,PRYG001919,2019,YG026,False,,,,,2025-03-22 21:08:00,,True,admin
2010,PRYG001920,2019,YG026,False,,,,,2025-03-22 21:10:40,,True,admin
2011,PRYG001921,2020,YG026,False,,,,,2025-03-22 21:40:50,,True,admin
2012,PRYG001922,2024,YG015,False,,,,,2025-03-22 22:09:35,,True,admin
2013,PRYG001923,2025,YG015,False,,,,,2025-03-22 22:09:47,,True,admin
2014,PRYG001924,2022,YG014,False,,,,,2025-03-22 23:24:09,,True,admin
2015,PRYG001925,2021,YG026,False,,,,,2025-03-22 23:34:54,,True,admin
2016,PRYG001926,2022,YG026,False,,,,,2025-03-22 23:36:37,,True,admin
2017,PRYG001927,2018,YG010,False,,,,,2025-03-22 23:50:18,,True,admin
2018,PRYG001928,2022,YG026,False,,,,,2025-03-23 03:19:33,,True,admin
2019,PRYG001929,2023,YG026,False,,,,,2025-03-23 09:52:50,,True,admin
2020,PRYG001930,2014,YG023,False,,,,,2025-03-23 11:01:06,,True,admin
2021,PRYG001931,2020,YG026,False,,,,,2025-03-23 18:32:42,,True,admin
2022,PRYG001932,2021,YG010,False,,,,,2025-03-23 18:35:21,,True,admin
2023,PRYG001933,2017,YG026,False,,,,,2025-03-23 18:37:18,,True,admin
2024,PRYG001934,2017,YG026,False,,,,,2025-03-23 22:21:34,,True,admin
2025,PRYG001935,2025,YG005,False,,,,,2025-03-24 10:38:39,,True,admin
2026,PRYG001936,2021,YG029,False,,,,,2025-03-24 17:13:50,,True,admin
2027,PRYG001937,2009,YG029,False,,,,,2025-03-24 17:30:35,,True,admin
2028,PRYG001938,2025,YG029,False,,,,,2025-03-24 17:34:43,,True,admin
2029,PRYG001939,2024,YG029,False,,,,,2025-03-24 17:36:43,,True,admin
2030,PRYG001940,2024,YG029,False,,,,,2025-03-24 17:39:35,,True,admin
2031,PRYG001941,2015,YG029,False,,,,,2025-03-24 17:47:40,,True,admin
2032,PRYG001942,2022,YG029,False,,,,,2025-03-24 17:50:11,,True,admin
2033,PRYG001943,2022,YG006,False,,,,,2025-03-24 17:57:57,,True,admin
2034,PRYG001944,2021,YG029,False,,,,,2025-03-24 18:01:06,,True,admin
2035,PRYG001945,2020,YG029,False,,,,,2025-03-24 18:03:27,,True,admin
2036,PRYG001946,2021,YG029,False,,,,,2025-03-24 18:03:29,,True,admin
2037,PRYG001947,2025,YG029,False,,,,,2025-03-24 18:06:11,,True,admin
2038,PRYG001948,2020,YG029,False,,,,,2025-03-24 18:10:01,,True,admin
2039,PRYG001949,2016,YG029,False,,,,,2025-03-24 18:36:34,,True,admin
2040,PRYG001950,2017,YG029,False,,,,,2025-03-24 18:39:58,,True,admin
2041,PRYG001951,2020,YG029,False,,,,,2025-03-24 18:41:29,,True,admin
2042,PRYG001952,2016,YG029,False,,,,,2025-03-24 19:40:38,,True,admin
2043,PRYG001953,2021,YG014,False,,,,,2025-03-24 21:05:03,,True,admin
2044,PRYG001954,2015,YG029,False,,,,,2025-03-24 21:30:23,,True,admin
2045,PRYG001955,2019,YG029,False,,,,,2025-03-24 21:33:04,,True,admin
2046,PRYG001956,2025,YG010,False,,,,,2025-03-24 21:36:38,,True,admin
2047,PRYG001957,2024,YG010,False,,,,,2025-03-24 21:49:41,,True,admin
2048,PRYG001958,2024,YG010,False,,,,,2025-03-24 22:06:32,,True,admin
2049,PRYG001959,2017,YG029,False,,,,,2025-03-24 22:27:16,,True,admin
2050,PRYG001960,2017,YG029,False,,,,,2025-03-24 22:28:59,,True,admin
2051,PRYG001961,2023,YG010,False,,,,,2025-03-24 22:42:32,,True,admin
2052,PRYG001962,2022,YG029,False,,,,,2025-03-25 00:49:48,,True,admin
2053,PRYG001963,2021,YG006,False,,,,,2025-03-25 01:45:51,,True,admin
2054,PRYG001964,2024,YG010,False,,,,,2025-03-25 08:04:00,,True,admin
2055,PRYG001965,2025,YG029,False,,,,,2025-03-25 08:44:20,,True,admin
2056,PRYG001966,2018,YG023,False,,,,,2025-03-25 21:22:56,,True,admin
2057,PRYG001967,2017,YG023,False,,,,,2025-03-25 21:56:01,,True,admin
2058,PRYG001968,2025,YG010,False,,,,,2025-03-26 21:33:19,,True,admin
2059,PRYG001969,2018,YG010,False,,,,,2025-03-26 21:34:45,,True,admin
2060,PRYG001970,2024,YG014,False,,,,,2025-03-26 23:47:23,,True,admin
2061,PRYG001971,2022,YG021,False,,,,,2025-03-27 09:30:38,,True,admin
2062,PRYG001972,2023,YG021,False,,,,,2025-03-27 09:31:11,,True,admin
2063,PRYG001973,2021,YG021,False,,,,,2025-03-27 09:40:50,,True,admin
2064,PRYG001974,2024,YG025,False,,,,,2025-03-27 17:32:56,,True,admin
2066,PRYG001976,2018,YG025,False,,,,,2025-03-27 17:34:46,,True,admin
2067,PRYG001977,2019,YG025,False,,,,,2025-03-27 17:34:53,,True,admin
2068,PRYG001978,2014,YG025,False,,,,,2025-03-27 17:35:11,,True,admin
2069,PRYG001979,2015,YG025,False,,,,,2025-03-27 17:35:20,,True,admin
2070,PRYG001980,2016,YG025,False,,,,,2025-03-27 17:35:23,,True,admin
2071,PRYG001981,2012,YG025,False,,,,,2025-03-27 17:36:10,,True,admin
2072,PRYG001982,2015,YG025,False,,,,,2025-03-27 17:37:00,,True,admin
2073,PRYG001983,2018,YG025,False,,,,,2025-03-27 17:37:15,,True,admin
2074,PRYG001984,2017,YG025,False,,,,,2025-03-27 17:37:20,,True,admin
2075,PRYG001985,2015,YG025,False,,,,,2025-03-27 17:38:18,,True,admin
2076,PRYG001986,2017,YG025,False,,,,,2025-03-27 17:38:52,,True,admin
2077,PRYG001987,2013,YG025,False,,,,,2025-03-27 17:39:58,,True,admin
2078,PRYG001988,2016,YG025,False,,,,,2025-03-27 17:41:04,,True,admin
2079,PRYG001989,2013,YG025,False,,,,,2025-03-27 17:41:35,,True,admin
2081,PRYG001991,2022,YG021,False,,,,,2025-03-27 21:17:00,,True,admin
2082,PRYG001992,2021,YG021,False,,,,,2025-03-27 23:22:19,,True,admin
2083,PRYG001993,2021,YG021,False,,,,,2025-03-27 23:26:01,,True,admin
2084,PRYG001994,2023,YG021,False,,,,,2025-03-27 23:39:42,,True,admin
2085,PRYG001995,2023,YG021,False,,,,,2025-03-28 09:49:04,,True,admin
2086,PRYG001996,2025,YG003,False,,,,,2025-03-28 11:17:39,,True,admin
2087,PRYG001997,2024,YG021,False,,,,,2025-03-28 16:28:02,,True,admin
2088,PRYG001998,2024,YG021,False,,,,,2025-03-28 16:30:02,,True,admin
2089,PRYG001999,2023,YG003,False,,,,,2025-03-28 17:30:30,,True,admin
2090,PRYG002000,2014,YG023,False,,,,,2025-03-28 21:24:04,,True,admin
2091,PRYG002001,2025,YG023,False,,,,,2025-03-28 21:27:45,,True,admin
2092,PRYG002002,2024,YG023,False,,,,,2025-03-28 21:28:30,,True,admin
2093,PRYG002003,2024,YG023,False,,,,,2025-03-28 21:28:56,,True,admin
2094,PRYG002004,2025,YG023,False,,,,,2025-03-28 21:30:16,,True,admin
2095,PRYG002005,2025,YG023,False,,,,,2025-03-28 21:41:46,,True,admin
2096,PRYG002006,2024,YG023,False,,,,,2025-03-28 21:44:43,,True,admin
2097,PRYG002007,2011,YG007,False,,,,,2025-03-28 23:12:14,,True,admin
2098,PRYG002008,2015,YG007,False,,,,,2025-03-28 23:14:03,,True,admin
2099,PRYG002009,2014,YG007,False,,,,,2025-03-28 23:14:16,,True,admin
2100,PRYG002010,2014,YG007,False,,,,,2025-03-28 23:15:18,,True,admin
2101,PRYG002011,2014,YG007,False,,,,,2025-03-28 23:16:58,,True,admin
2102,PRYG002012,2024,YG007,False,,,,,2025-03-28 23:18:01,,True,admin
2103,PRYG002013,2018,YG007,False,,,,,2025-03-28 23:19:12,,True,admin
2104,PRYG002014,2019,YG007,False,,,,,2025-03-28 23:22:24,,True,admin
2105,PRYG002015,2022,YG007,False,,,,,2025-03-28 23:28:32,,True,admin
2106,PRYG002016,2018,YG007,False,,,,,2025-03-28 23:28:53,,True,admin
2107,PRYG002017,2014,YG007,False,,,,,2025-03-28 23:35:36,,True,admin
2108,PRYG002018,2013,YG007,False,,,,,2025-03-28 23:38:17,,True,admin
2109,PRYG002019,2019,YG007,False,,,,,2025-03-28 23:42:09,,True,admin
2110,PRYG002020,2023,YG023,False,,,,,2025-03-29 00:39:34,,True,admin
2111,PRYG002021,2023,YG023,False,,,,,2025-03-29 00:41:57,,True,admin
2112,PRYG002022,2023,YG007,False,,,,,2025-03-29 01:02:53,,True,admin
2113,PRYG002023,2022,YG023,False,,,,,2025-03-29 09:33:31,,True,admin
2114,PRYG002024,2008,YG023,False,,,,,2025-03-29 11:41:15,,True,admin
2115,PRYG002025,2023,YG019,False,,,,,2025-03-29 12:47:51,,True,admin
2116,PRYG002026,2025,YG023,False,,,,,2025-03-29 14:52:45,,True,admin
2117,PRYG002027,2017,YG007,False,,,,,2025-03-29 15:50:14,,True,admin
2118,PRYG002028,2024,YG022,False,,,,,2025-03-29 18:06:48,,True,admin
2123,PRYG002030,2024,YG007,False,,,,,2025-03-29 22:29:52,,True,admin
2124,PRYG002031,2024,YG022,False,,,,,2025-03-29 23:21:08,,True,admin
2125,PRYG002032,2024,YG022,False,,,,,2025-03-29 23:46:28,,True,admin
2126,PRYG002033,2014,YG023,False,,,,,2025-03-30 10:01:36,,True,admin
2127,PRYG002034,2019,YG022,False,,,,,2025-03-30 10:06:37,,True,admin
2128,PRYG002035,2025,YG005,False,,,,,2025-03-30 10:57:48,,True,admin
2129,PRYG002036,2025,YG005,False,,,,,2025-03-30 10:58:55,,True,admin
2130,PRYG002037,2018,YG007,False,,,,,2025-03-30 11:22:01,,True,admin
2131,PRYG002038,2016,YG007,False,,,,,2025-03-30 12:00:41,,True,admin
2132,PRYG002039,2013,YG020,False,,,,,2025-03-30 12:20:28,,True,admin
2133,PRYG002040,2024,YG020,False,,,,,2025-03-30 12:22:56,,True,admin
2134,PRYG002041,2022,YG021,False,,,,,2025-03-30 12:40:49,,True,admin
2134,PRYG002042,2025,YG005,False,,,,,2025-09-10 22:03:11,,True,admin
2135,PRYG002043,2020,YG021,False,,,,,2025-03-30 12:44:04,,True,admin
2136,PRYG002044,2023,YG021,False,,,,,2025-03-30 12:45:30,,True,admin
2136,PRYG002045,2025,YG005,False,,,,,2025-09-10 22:09:37,,True,admin
2137,PRYG002046,2020,YG021,False,,,,,2025-03-30 12:45:55,,True,admin
2138,PRYG002047,2024,YG027,False,,,,,2025-03-30 14:33:32,,True,admin
2139,PRYG002048,2023,YG027,False,,,,,2025-03-30 14:34:59,,True,admin
2140,PRYG002049,2022,YG021,False,,,,,2025-03-30 14:54:53,,True,admin
2141,PRYG002050,2023,YG021,False,,,,,2025-03-30 15:05:26,,True,admin
2142,PRYG002051,2019,YG003,False,,,,,2025-03-30 15:06:30,,True,admin
2143,PRYG002052,2023,YG021,False,,,,,2025-03-30 15:06:49,,True,admin
2144,PRYG002053,2025,YG003,False,,,,,2025-03-30 15:13:10,,True,admin
2145,PRYG002054,2025,YG003,False,,,,,2025-03-30 15:15:18,,True,admin
2146,PRYG002055,2021,YG003,False,,,,,2025-03-30 15:18:20,,True,admin
2147,PRYG002056,2020,YG003,False,,,,,2025-03-30 15:20:55,,True,admin
2148,PRYG002057,2024,YG003,False,,,,,2025-03-30 15:21:26,,True,admin
2149,PRYG002058,2023,YG003,False,,,,,2025-03-30 15:21:58,,True,admin
2150,PRYG002059,2023,YG003,False,,,,,2025-03-30 15:25:48,,True,admin
2151,PRYG002060,2025,YG003,False,,,,,2025-03-30 15:28:25,,True,admin
2152,PRYG002061,2025,YG003,False,,,,,2025-03-30 15:29:56,,True,admin
2153,PRYG002062,2024,YG003,False,,,,,2025-03-30 15:36:15,,True,admin
2154,PRYG002063,2022,YG003,False,,,,,2025-03-30 15:49:41,,True,admin
2155,PRYG002064,2025,YG003,False,,,,,2025-03-30 15:53:17,,True,admin
2156,PRYG002065,2016,YG023,False,,,,,2025-03-30 16:50:29,,True,admin
2157,PRYG002066,2023,YG023,False,,,,,2025-03-30 16:53:47,,True,admin
2158,PRYG002067,2025,YG023,False,,,,,2025-03-30 16:55:32,,True,admin
2159,PRYG002068,2016,YG023,False,,,,,2025-03-30 16:57:15,,True,admin
2160,PRYG002069,2015,YG023,False,,,,,2025-03-30 16:57:22,,True,admin
2161,PRYG002070,2025,YG003,False,,,,,2025-03-30 17:03:08,,True,admin
2162,PRYG002071,2024,YG003,False,,,,,2025-03-30 17:05:26,,True,admin
2163,PRYG002072,2021,YG003,False,,,,,2025-03-30 17:05:53,,True,admin
2164,PRYG002073,2022,YG003,False,,,,,2025-03-30 17:07:27,,True,admin
2165,PRYG002074,2017,YG012,False,,,,,2025-03-30 17:23:27,,True,admin
2166,PRYG002075,2018,YG012,False,,,,,2025-03-30 17:24:35,,True,admin
2167,PRYG002076,2018,YG012,False,,,,,2025-03-30 17:26:43,,True,admin
2168,PRYG002077,2025,YG003,False,,,,,2025-03-30 17:28:20,,True,admin
2169,PRYG002078,2020,YG003,False,,,,,2025-03-30 17:32:44,,True,admin
2170,PRYG002079,2022,YG006,False,,,,,2025-03-30 17:33:48,,True,admin
2171,PRYG002080,2022,YG006,False,,,,,2025-03-30 17:35:32,,True,admin
2172,PRYG002081,2021,YG003,False,,,,,2025-03-30 18:56:35,,True,admin
2173,PRYG002082,2025,YG003,False,,,,,2025-03-30 19:26:55,,True,admin
2174,PRYG002083,2025,YG003,False,,,,,2025-03-30 19:26:55,,True,admin
2175,PRYG002084,2022,YG012,False,,,,,2025-03-30 19:28:39,,True,admin
2176,PRYG002085,2019,YG003,False,,,,,2025-03-30 20:42:33,,True,admin
2177,PRYG002086,2019,YG003,False,,,,,2025-03-30 20:45:45,,True,admin
2178,PRYG002087,2022,YG003,False,,,,,2025-03-30 20:48:20,,True,admin
2179,PRYG002088,2025,YG022,False,,,,,2025-03-30 21:22:43,,True,admin
2180,PRYG002089,2019,YG007,False,,,,,2025-03-30 21:56:44,,True,admin
2181,PRYG002090,2024,YG003,False,,,,,2025-03-30 22:07:17,,True,admin
2182,PRYG002091,2024,YG003,False,,,,,2025-03-30 22:12:47,,True,admin
2183,PRYG002092,2024,YG022,False,,,,,2025-03-30 22:27:51,,True,admin
2184,PRYG002093,2018,YG003,False,,,,,2025-03-30 22:37:26,,True,admin
2185,PRYG002094,2023,YG003,False,,,,,2025-03-30 22:40:39,,True,admin
2186,PRYG002095,2022,YG027,False,,,,,2025-03-31 00:03:18,,True,admin
2187,PRYG002096,2021,YG003,False,,,,,2025-03-31 02:22:34,,True,admin
2188,PRYG002097,2024,YG003,False,,,,,2025-03-31 02:24:10,,True,admin
2189,PRYG002098,2019,YG027,False,,,,,2025-03-31 13:36:29,,True,admin
2190,PRYG002099,2022,YG003,False,,,,,2025-03-31 14:05:08,,True,admin
2192,PRYG002100,2025,YG003,False,,,,,2025-03-31 14:18:11,,True,admin
2193,PRYG002101,2025,YG003,False,,,,,2025-03-31 14:20:08,,True,admin
2194,PRYG002102,2022,YG003,False,,,,,2025-03-31 14:41:36,,True,admin
2195,PRYG002103,2025,YG027,False,,,,,2025-03-31 14:43:56,,True,admin
2196,PRYG002104,2024,YG003,False,,,,,2025-03-31 14:44:53,,True,admin
2197,PRYG002105,2018,YG003,False,,,,,2025-03-31 15:25:28,,True,admin
2198,PRYG002106,2024,YG003,False,,,,,2025-03-31 16:00:00,,True,admin
2199,PRYG002107,2021,YG027,False,,,,,2025-03-31 17:51:13,,True,admin
2200,PRYG002108,2024,YG023,False,,,,,2025-03-31 20:35:34,,True,admin
2201,PRYG002109,2025,YG023,False,,,,,2025-03-31 20:37:10,,True,admin
2202,PRYG002110,2017,YG023,False,,,,,2025-03-31 20:46:33,,True,admin
2203,PRYG002111,2025,YG003,False,,,,,2025-03-31 20:48:28,,True,admin
2204,PRYG002112,2024,YG023,False,,,,,2025-03-31 22:29:52,,True,admin
2205,PRYG002113,2024,YG023,False,,,,,2025-03-31 22:31:30,,True,admin
2206,PRYG002114,2022,YG023,False,,,,,2025-04-01 10:42:57,,True,admin
2207,PRYG002115,2021,YG023,False,,,,,2025-04-01 10:45:04,,True,admin
2208,PRYG002116,2016,YG025,False,,,,,2025-04-01 13:21:32,,True,admin
2209,PRYG002117,2018,YG025,False,,,,,2025-04-01 15:34:50,,True,admin
2211,PRYG002119,2023,YG023,False,,,,,2025-04-01 21:32:26,,True,admin
2212,PRYG002120,2023,YG023,False,,,,,2025-04-01 21:36:24,,True,admin
2213,PRYG002121,2023,YG023,False,,,,,2025-04-01 21:38:54,,True,admin
2214,PRYG002122,2016,YG023,False,,,,,2025-04-02 11:01:22,,True,admin
2215,PRYG002123,2020,YG009,False,,,,,2025-04-02 14:50:27,,True,admin
2216,PRYG002124,2020,YG009,False,,,,,2025-04-02 14:52:13,,True,admin
2218,PRYG002125,2025,YG023,False,,,,,2025-04-02 21:05:39,,True,admin
2219,PRYG002126,2018,YG023,False,,,,,2025-04-02 21:38:11,,True,admin
2220,PRYG002127,2025,YG023,False,,,,,2025-04-03 11:11:53,,True,admin
2221,PRYG002128,2013,YG023,False,,,,,2025-04-03 11:20:40,,True,admin
2222,PRYG002129,2007,YG023,False,,,,,2025-04-03 11:22:31,,True,admin
2222,PRYG002130,2005,YG020,False,,,,,2025-06-16 18:07:13,,True,admin
2223,PRYG002131,2025,YG023,False,,,,,2025-04-03 11:23:41,,True,admin
2224,PRYG002132,2025,YG020,False,,,,,2025-04-04 15:18:51,,True,admin
2225,PRYG002133,2022,YG009,False,,,,,2025-04-04 15:25:17,,True,admin
2226,PRYG002134,2014,YG025,False,,,,,2025-04-04 15:45:17,,True,admin
2227,PRYG002135,2022,YG009,False,,,,,2025-04-04 17:18:40,,True,admin
2228,PRYG002136,2025,YG023,False,,,,,2025-04-04 20:37:07,,True,admin
2232,PRYG002140,2004,YG023,False,,,,,2025-04-05 09:51:11,,True,admin
2233,PRYG002141,2016,YG022,False,,,,,2025-04-05 19:39:13,,True,admin
2236,PRYG002143,2021,YG022,False,,,,,2025-04-05 19:44:28,,True,admin
2237,PRYG002144,2023,YG022,False,,,,,2025-04-05 20:02:13,,True,admin
2239,PRYG002145,2021,YG022,False,,,,,2025-04-05 20:18:37,,True,admin
2240,PRYG002146,2022,YG019,False,,,,,2025-04-05 22:13:43,,True,admin
2241,PRYG002147,2017,YG022,False,,,,,2025-04-05 22:43:03,,True,admin
2242,PRYG002148,2020,YG007,False,,,,,2025-04-06 19:09:34,,True,admin
2243,PRYG002149,2019,YG007,False,,,,,2025-04-06 19:11:15,,True,admin
2244,PRYG002150,2020,YG003,False,,,,,2025-04-07 18:44:05,,True,admin
2245,PRYG002151,2020,YG007,False,,,,,2025-04-07 19:12:51,,True,admin
2246,PRYG002152,2019,YG007,False,,,,,2025-04-07 19:14:26,,True,admin
2247,PRYG002153,2023,YG007,False,,,,,2025-04-07 19:17:19,,True,admin
2248,PRYG002154,2021,YG007,False,,,,,2025-04-07 19:18:32,,True,admin
2249,PRYG002155,2021,YG007,False,,,,,2025-04-07 19:19:48,,True,admin
2250,PRYG002156,2020,YG007,False,,,,,2025-04-07 19:20:10,,True,admin
2251,PRYG002157,2020,YG007,False,,,,,2025-04-07 19:21:31,,True,admin
2252,PRYG002158,2021,YG007,False,,,,,2025-04-07 19:21:51,,True,admin
2253,PRYG002159,2020,YG007,False,,,,,2025-04-07 19:22:31,,True,admin
2254,PRYG002160,2019,YG007,False,,,,,2025-04-07 19:23:11,,True,admin
2255,PRYG002161,2020,YG007,False,,,,,2025-04-07 19:23:50,,True,admin
2256,PRYG002162,2023,YG003,False,,,,,2025-04-07 19:43:52,,True,admin
2257,PRYG002163,2020,YG003,False,,,,,2025-04-07 22:49:24,,True,admin
2258,PRYG002164,2025,YG006,False,,,,,2025-04-08 13:34:59,,True,admin
2259,PRYG002165,2024,YG006,False,,,,,2025-04-08 16:52:15,,True,admin
2260,PRYG002166,2025,YG019,False,,,,,2025-04-09 23:24:34,,True,admin
2261,PRYG002167,2024,YG009,False,,,,,2025-04-10 07:56:46,,True,admin
2262,PRYG002168,2024,YG009,False,,,,,2025-04-10 07:58:09,,True,admin
2263,PRYG002169,2024,YG009,False,,,,,2025-04-10 07:59:27,,True,admin
2264,PRYG002170,2025,YG016,False,,,,,2025-04-12 22:03:58,,True,admin
2265,PRYG002171,2025,YG016,False,,,,,2025-04-12 22:04:22,,True,admin
2266,PRYG002172,2025,YG019,False,,,,,2025-04-17 16:01:47,,True,admin
2267,PRYG002173,2023,YG003,False,,,,,2025-04-17 22:44:27,,True,admin
2268,PRYG002174,2025,YG002,False,,,,,2025-04-17 23:12:13,,True,admin
2269,PRYG002175,2019,YG021,False,,,,,2025-04-18 19:52:40,,True,admin
2270,PRYG002176,2003,YG022,False,,,,,2025-04-18 23:45:23,,True,admin
2271,PRYG002177,2022,YG003,False,,,,,2025-04-21 14:55:58,,True,admin
2272,PRYG002178,2023,YG003,False,,,,,2025-04-21 14:58:51,,True,admin
2273,PRYG002179,2025,YG003,False,,,,,2025-04-21 14:59:55,,True,admin
2274,PRYG002180,2023,YG003,False,,,,,2025-04-21 15:00:37,,True,admin
2275,PRYG002181,2016,YG003,False,,,,,2025-04-21 15:01:45,,True,admin
2276,PRYG002182,2013,YG003,False,,,,,2025-04-21 15:11:51,,True,admin
2278,PRYG002184,2023,YG003,False,,,,,2025-04-21 15:33:42,,True,admin
2279,PRYG002185,2015,YG003,False,,,,,2025-04-21 16:08:58,,True,admin
2280,PRYG002186,2015,YG003,False,,,,,2025-04-21 16:08:59,,True,admin
2281,PRYG002187,2021,YG003,False,,,,,2025-04-21 16:26:05,,True,admin
2282,PRYG002188,2014,YG003,False,,,,,2025-04-21 16:35:25,,True,admin
2283,PRYG002189,2016,YG003,False,,,,,2025-04-21 18:05:20,,True,admin
2284,PRYG002190,2016,YG003,False,,,,,2025-04-21 19:46:01,,True,admin
2285,PRYG002191,2020,YG003,False,,,,,2025-04-21 23:59:29,,True,admin
2286,PRYG002192,2013,YG003,False,,,,,2025-04-22 00:15:10,,True,admin
2287,PRYG002193,2018,YG003,False,,,,,2025-04-22 14:40:12,,True,admin
2288,PRYG002194,2018,YG003,False,,,,,2025-04-22 17:29:07,,True,admin
2289,PRYG002195,2019,YG003,False,,,,,2025-04-22 18:50:30,,True,admin
2290,PRYG002196,2023,YG003,False,,,,,2025-04-22 22:49:19,,True,admin
2291,PRYG002197,2020,YG003,False,,,,,2025-04-23 18:28:56,,True,admin
2292,PRYG002198,2023,YG003,False,,,,,2025-04-23 22:17:32,,True,admin
2293,PRYG002199,2023,YG003,False,,,,,2025-04-23 22:24:30,,True,admin
2294,PRYG002200,2025,YG003,False,,,,,2025-04-23 23:10:34,,True,admin
2295,PRYG002201,2025,YG003,False,,,,,2025-04-23 23:28:02,,True,admin
2296,PRYG002202,2023,YG003,False,,,,,2025-04-24 01:09:45,,True,admin
2297,PRYG002203,2023,YG003,False,,,,,2025-04-24 09:59:21,,True,admin
2298,PRYG002204,2023,YG003,False,,,,,2025-04-24 10:03:27,,True,admin
2299,PRYG002205,2024,YG003,False,,,,,2025-04-24 12:12:31,,True,admin
2300,PRYG002206,2019,YG023,False,,,,,2025-04-26 14:11:38,,True,admin
2301,PRYG002207,2018,YG003,False,,,,,2025-04-27 12:39:08,,True,admin
2302,PRYG002208,2025,YG014,False,,,,,2025-04-27 16:35:38,,True,admin
2305,PRYG002210,2003,YG023,False,,,,,2025-04-28 19:10:37,,True,admin
2307,PRYG002211,2025,YG021,False,,,,,2025-05-01 12:43:13,,True,admin
2308,PRYG002212,2024,YG019,False,,,,,2025-05-01 13:42:47,,True,admin
2309,PRYG002213,2023,YG019,False,,,,,2025-05-01 13:45:00,,True,admin
2310,PRYG002214,2023,YG019,False,,,,,2025-05-01 13:48:29,,True,admin
2311,PRYG002215,2023,YG019,False,,,,,2025-05-01 13:49:42,,True,admin
2312,PRYG002216,2023,YG019,False,,,,,2025-05-01 13:51:53,,True,admin
2313,PRYG002217,2023,YG019,False,,,,,2025-05-01 13:53:38,,True,admin
2314,PRYG002218,2023,YG019,False,,,,,2025-05-01 13:55:26,,True,admin
2315,PRYG002219,2023,YG019,False,,,,,2025-05-01 13:56:40,,True,admin
2316,PRYG002220,2023,YG019,False,,,,,2025-05-01 13:57:55,,True,admin
2317,PRYG002221,2023,YG019,False,,,,,2025-05-01 13:59:08,,True,admin
2318,PRYG002222,2022,YG019,False,,,,,2025-05-01 14:00:42,,True,admin
2319,PRYG002223,2021,YG019,False,,,,,2025-05-01 14:01:57,,True,admin
2320,PRYG002224,2023,YG019,False,,,,,2025-05-01 16:10:11,,True,admin
2321,PRYG002225,2023,YG019,False,,,,,2025-05-01 17:05:22,,True,admin
2322,PRYG002226,2023,YG019,False,,,,,2025-05-01 17:08:25,,True,admin
2323,PRYG002227,2023,YG019,False,,,,,2025-05-01 17:10:21,,True,admin
2324,PRYG002228,2023,YG019,False,,,,,2025-05-01 17:14:12,,True,admin
2325,PRYG002229,2023,YG019,False,,,,,2025-05-01 17:17:18,,True,admin
2326,PRYG002230,2023,YG019,False,,,,,2025-05-01 17:19:40,,True,admin
2327,PRYG002231,2023,YG019,False,,,,,2025-05-01 17:21:31,,True,admin
2328,PRYG002232,2023,YG019,False,,,,,2025-05-01 17:23:06,,True,admin
2329,PRYG002233,2023,YG019,False,,,,,2025-05-01 17:24:34,,True,admin
2330,PRYG002234,2023,YG019,False,,,,,2025-05-01 17:26:05,,True,admin
2331,PRYG002235,2023,YG019,False,,,,,2025-05-01 17:27:35,,True,admin
2332,PRYG002236,2023,YG019,False,,,,,2025-05-01 17:29:22,,True,admin
2333,PRYG002237,2023,YG019,False,,,,,2025-05-01 17:31:33,,True,admin
2334,PRYG002238,2023,YG019,False,,,,,2025-05-01 17:32:59,,True,admin
2335,PRYG002239,2023,YG019,False,,,,,2025-05-01 17:34:35,,True,admin
2336,PRYG002240,2023,YG019,False,,,,,2025-05-01 17:35:52,,True,admin
2337,PRYG002241,2023,YG019,False,,,,,2025-05-01 17:37:08,,True,admin
2338,PRYG002242,2023,YG019,False,,,,,2025-05-01 17:38:32,,True,admin
2339,PRYG002243,2023,YG019,False,,,,,2025-05-01 17:40:08,,True,admin
2340,PRYG002244,2023,YG019,False,,,,,2025-05-01 17:41:18,,True,admin
2341,PRYG002245,2023,YG019,False,,,,,2025-05-01 17:42:41,,True,admin
2342,PRYG002246,2023,YG019,False,,,,,2025-05-01 17:44:04,,True,admin
2343,PRYG002247,2023,YG019,False,,,,,2025-05-01 17:45:44,,True,admin
2344,PRYG002248,2023,YG019,False,,,,,2025-05-01 17:47:04,,True,admin
2345,PRYG002249,2023,YG019,False,,,,,2025-05-01 17:48:28,,True,admin
2346,PRYG002250,2023,YG019,False,,,,,2025-05-02 10:59:14,,True,admin
2347,PRYG002251,2022,YG019,False,,,,,2025-05-02 20:56:41,,True,admin
2348,PRYG002252,2022,YG019,False,,,,,2025-05-02 20:58:57,,True,admin
2349,PRYG002253,2022,YG019,False,,,,,2025-05-02 21:17:38,,True,admin
2350,PRYG002254,2022,YG019,False,,,,,2025-05-02 21:19:27,,True,admin
2351,PRYG002255,2023,YG019,False,,,,,2025-05-02 21:23:29,,True,admin
2352,PRYG002256,2023,YG019,False,,,,,2025-05-02 21:26:50,,True,admin
2353,PRYG002257,2023,YG019,False,,,,,2025-05-02 21:27:55,,True,admin
2354,PRYG002258,2023,YG019,False,,,,,2025-05-02 21:31:06,,True,admin
2355,PRYG002259,2023,YG019,False,,,,,2025-05-02 21:32:22,,True,admin
2356,PRYG002260,2023,YG019,False,,,,,2025-05-02 21:33:07,,True,admin
2357,PRYG002261,2023,YG019,False,,,,,2025-05-02 21:34:31,,True,admin
2358,PRYG002262,2023,YG019,False,,,,,2025-05-02 21:36:49,,True,admin
2359,PRYG002263,2023,YG019,False,,,,,2025-05-02 21:47:09,,True,admin
2360,PRYG002264,2023,YG019,False,,,,,2025-05-02 21:48:22,,True,admin
2361,PRYG002265,2023,YG019,False,,,,,2025-05-02 21:50:01,,True,admin
2362,PRYG002266,2023,YG019,False,,,,,2025-05-02 21:52:14,,True,admin
2364,PRYG002267,2023,YG019,False,,,,,2025-05-02 21:55:51,,True,admin
2365,PRYG002268,2023,YG019,False,,,,,2025-05-02 21:56:56,,True,admin
2366,PRYG002269,2020,YG019,False,,,,,2025-05-05 19:16:35,,True,admin
2367,PRYG002270,2024,YG019,False,,,,,2025-05-06 00:02:23,,True,admin
2368,PRYG002271,2024,YG019,False,,,,,2025-05-06 00:03:37,,True,admin
2369,PRYG002272,2025,YG019,False,,,,,2025-05-07 15:39:13,,True,admin
2370,PRYG002273,2023,YG006,False,,,,,2025-05-07 15:45:35,,True,admin
2371,PRYG002274,2016,YG006,False,,,,,2025-05-07 15:45:48,,True,admin
2372,PRYG002275,2021,YG006,False,,,,,2025-05-07 22:17:27,,True,admin
2373,PRYG002276,2025,YG022,False,,,,,2025-05-10 18:07:01,,True,admin
2374,PRYG002277,2020,YG022,False,,,,,2025-05-10 20:14:35,,True,admin
2375,PRYG002278,2025,YG006,False,,,,,2025-05-11 13:51:42,,True,admin
2376,PRYG002279,2023,YG019,False,,,,,2025-05-11 20:58:41,,True,admin
2377,PRYG002280,2019,YG019,False,,,,,2025-05-11 21:06:38,,True,admin
2378,PRYG002281,2018,YG019,False,,,,,2025-05-11 21:08:54,,True,admin
2379,PRYG002282,2021,YG019,False,,,,,2025-05-11 21:12:27,,True,admin
2380,PRYG002283,2020,YG019,False,,,,,2025-05-11 21:14:01,,True,admin
2381,PRYG002284,2020,YG019,False,,,,,2025-05-11 21:14:57,,True,admin
2382,PRYG002285,2021,YG019,False,,,,,2025-05-11 21:16:50,,True,admin
2383,PRYG002286,2020,YG019,False,,,,,2025-05-11 21:18:27,,True,admin
2384,PRYG002287,2023,YG019,False,,,,,2025-05-11 21:23:09,,True,admin
2385,PRYG002288,2023,YG019,False,,,,,2025-05-11 21:24:27,,True,admin
2386,PRYG002289,2019,YG019,False,,,,,2025-05-11 21:28:49,,True,admin
2387,PRYG002290,2022,YG019,False,,,,,2025-05-11 21:30:54,,True,admin
2388,PRYG002291,2022,YG019,False,,,,,2025-05-11 21:31:58,,True,admin
2389,PRYG002292,2023,YG019,False,,,,,2025-05-11 21:32:51,,True,admin
2390,PRYG002293,2022,YG019,False,,,,,2025-05-11 21:34:50,,True,admin
2391,PRYG002294,2022,YG019,False,,,,,2025-05-11 21:35:44,,True,admin
2392,PRYG002295,2023,YG019,False,,,,,2025-05-11 21:37:23,,True,admin
2393,PRYG002296,2023,YG019,False,,,,,2025-05-11 21:38:44,,True,admin
2394,PRYG002297,2024,YG019,False,,,,,2025-05-12 08:04:33,,True,admin
2395,PRYG002298,2023,YG019,False,,,,,2025-05-12 08:07:12,,True,admin
2396,PRYG002299,2023,YG019,False,,,,,2025-05-12 08:09:15,,True,admin
2397,PRYG002300,2023,YG019,False,,,,,2025-05-12 08:10:44,,True,admin
2398,PRYG002301,2023,YG019,False,,,,,2025-05-12 08:12:20,,True,admin
2399,PRYG002302,2023,YG019,False,,,,,2025-05-12 08:14:02,,True,admin
2400,PRYG002303,2023,YG019,False,,,,,2025-05-12 08:19:26,,True,admin
2401,PRYG002304,2023,YG019,False,,,,,2025-05-12 08:21:01,,True,admin
2402,PRYG002305,2024,YG019,False,,,,,2025-05-12 08:29:39,,True,admin
2403,PRYG002306,2024,YG019,False,,,,,2025-05-12 08:30:49,,True,admin
2404,PRYG002307,2023,YG019,False,,,,,2025-05-12 08:31:44,,True,admin
2405,PRYG002308,2024,YG019,False,,,,,2025-05-12 08:32:42,,True,admin
2406,PRYG002309,2023,YG019,False,,,,,2025-05-12 08:33:46,,True,admin
2407,PRYG002310,2023,YG019,False,,,,,2025-05-12 08:34:55,,True,admin
2408,PRYG002311,2023,YG019,False,,,,,2025-05-12 08:36:04,,True,admin
2409,PRYG002312,2023,YG019,False,,,,,2025-05-12 08:37:02,,True,admin
2410,PRYG002313,2023,YG019,False,,,,,2025-05-12 08:38:05,,True,admin
2411,PRYG002314,2023,YG019,False,,,,,2025-05-12 08:39:10,,True,admin
2412,PRYG002315,2024,YG019,False,,,,,2025-05-12 08:40:16,,True,admin
2413,PRYG002316,2023,YG019,False,,,,,2025-05-12 08:41:12,,True,admin
2414,PRYG002317,2024,YG019,False,,,,,2025-05-12 08:42:22,,True,admin
2415,PRYG002318,2023,YG019,False,,,,,2025-05-12 08:43:13,,True,admin
2416,PRYG002319,2024,YG019,False,,,,,2025-05-12 08:44:23,,True,admin
2417,PRYG002320,2024,YG019,False,,,,,2025-05-12 08:45:29,,True,admin
2418,PRYG002321,2023,YG019,False,,,,,2025-05-12 08:47:08,,True,admin
2419,PRYG002322,2023,YG019,False,,,,,2025-05-12 08:48:03,,True,admin
2420,PRYG002323,2024,YG019,False,,,,,2025-05-12 08:50:40,,True,admin
2421,PRYG002324,2024,YG019,False,,,,,2025-05-12 08:52:32,,True,admin
2422,PRYG002325,2023,YG019,False,,,,,2025-05-12 09:22:51,,True,admin
2423,PRYG002326,2022,YG019,False,,,,,2025-05-12 09:24:53,,True,admin
2424,PRYG002327,2023,YG019,False,,,,,2025-05-12 09:25:43,,True,admin
2425,PRYG002328,2023,YG019,False,,,,,2025-05-12 09:26:41,,True,admin
2426,PRYG002329,2023,YG019,False,,,,,2025-05-12 09:31:46,,True,admin
2427,PRYG002330,2022,YG019,False,,,,,2025-05-12 09:32:52,,True,admin
2428,PRYG002331,2022,YG019,False,,,,,2025-05-12 09:34:14,,True,admin
2429,PRYG002332,2023,YG019,False,,,,,2025-05-12 09:35:07,,True,admin
2430,PRYG002333,2024,YG019,False,,,,,2025-05-12 09:36:15,,True,admin
2431,PRYG002334,2022,YG019,False,,,,,2025-05-12 09:37:10,,True,admin
2432,PRYG002335,2022,YG019,False,,,,,2025-05-12 09:38:09,,True,admin
2433,PRYG002336,2023,YG019,False,,,,,2025-05-12 09:39:06,,True,admin
2434,PRYG002337,2023,YG019,False,,,,,2025-05-12 09:40:19,,True,admin
2435,PRYG002338,2022,YG019,False,,,,,2025-05-12 09:41:25,,True,admin
2436,PRYG002339,2023,YG019,False,,,,,2025-05-12 09:42:15,,True,admin
2437,PRYG002340,2023,YG019,False,,,,,2025-05-12 09:43:06,,True,admin
2438,PRYG002341,2020,YG025,False,,,,,2025-05-28 08:47:23,,True,admin
2439,PRYG002342,2024,YG025,False,,,,,2025-05-28 08:48:25,,True,admin
2440,PRYG002343,2019,YG025,False,,,,,2025-05-28 08:51:55,,True,admin
2441,PRYG002344,2018,YG025,False,,,,,2025-05-28 08:52:09,,True,admin
2442,PRYG002345,2019,YG025,False,,,,,2025-05-28 08:54:49,,True,admin
2443,PRYG002346,2018,YG025,False,,,,,2025-05-28 08:55:01,,True,admin
2444,PRYG002347,2023,YG025,False,,,,,2025-05-28 08:56:32,,True,admin
2445,PRYG002348,2021,YG025,False,,,,,2025-05-28 08:57:10,,True,admin
2446,PRYG002349,1965,YG025,False,,,,,2025-05-28 08:57:38,,True,admin
2448,PRYG002350,2015,YG025,False,,,,,2025-05-28 09:55:14,,True,admin
2449,PRYG002351,2013,YG025,False,,,,,2025-05-28 10:03:30,,True,admin
2450,PRYG002352,2008,YG025,False,,,,,2025-05-28 10:05:22,,True,admin
2451,PRYG002353,2019,YG025,False,,,,,2025-05-28 10:22:00,,True,admin
2452,PRYG002354,2023,YG025,False,,,,,2025-05-28 10:25:16,,True,admin
2453,PRYG002355,2024,YG025,False,,,,,2025-05-28 14:01:06,,True,admin
2454,PRYG002356,2020,YG025,False,,,,,2025-05-28 14:04:53,,True,admin
2455,PRYG002357,2017,YG025,False,,,,,2025-05-28 14:11:39,,True,admin
2456,PRYG002358,2022,YG025,False,,,,,2025-05-28 14:14:17,,True,admin
2457,PRYG002359,2020,YG025,False,,,,,2025-05-28 16:42:01,,True,admin
2458,PRYG002360,2011,YG025,False,,,,,2025-05-28 17:33:09,,True,admin
2459,PRYG002361,2008,YG025,False,,,,,2025-05-28 17:41:02,,True,admin
2460,PRYG002362,2010,YG025,False,,,,,2025-05-28 17:47:09,,True,admin
2461,PRYG002363,2024,YG025,False,,,,,2025-05-28 20:29:09,,True,admin
2462,PRYG002364,2024,YG025,False,,,,,2025-05-28 20:39:15,,True,admin
2463,PRYG002365,2020,YG025,False,,,,,2025-05-28 21:17:59,,True,admin
2464,PRYG002366,2022,YG025,False,,,,,2025-05-29 11:32:41,,True,admin
2465,PRYG002367,2024,YG025,False,,,,,2025-05-29 17:01:44,,True,admin
2466,PRYG002368,2021,YG025,False,,,,,2025-05-30 22:15:34,,True,admin
2467,PRYG002369,2019,YG025,False,,,,,2025-05-30 22:17:48,,True,admin
2468,PRYG002370,2011,YG025,False,,,,,2025-06-04 11:22:31,,True,admin
2469,PRYG002371,2025,YG016,False,,,,,2025-06-04 12:47:16,,True,admin
2470,PRYG002372,2014,YG007,False,,,,,2025-06-07 22:29:46,,True,admin
2471,PRYG002373,2024,YG007,False,,,,,2025-06-07 22:31:07,,True,admin
2472,PRYG002374,2022,YG007,False,,,,,2025-06-07 22:37:24,,True,admin
2473,PRYG002375,2022,YG006,False,,,,,2025-06-09 13:20:44,,True,admin
2474,PRYG002376,2023,YG006,False,,,,,2025-06-09 13:20:47,,True,admin
2475,PRYG002377,2025,YG006,False,,,,,2025-06-09 13:21:57,,True,admin
2476,PRYG002378,2025,YG006,False,,,,,2025-06-09 13:22:55,,True,admin
2477,PRYG002379,2022,YG006,False,,,,,2025-06-09 13:27:19,,True,admin
2478,PRYG002380,2025,YG006,False,,,,,2025-06-09 13:36:54,,True,admin
2479,PRYG002381,2020,YG006,False,,,,,2025-06-09 14:13:53,,True,admin
2483,PRYG002383,2025,YG022,False,,,,,2025-06-10 14:33:47,,True,admin
2484,PRYG002384,2021,YG022,False,,,,,2025-06-10 14:34:05,,True,admin
2486,PRYG002385,2025,YG022,False,,,,,2025-06-10 14:40:27,,True,admin
2487,PRYG002386,2024,YG022,False,,,,,2025-06-10 14:40:40,,True,admin
2490,PRYG002387,2025,YG006,False,,,,,2025-06-10 15:58:23,,True,admin
2493,PRYG002388,2025,YG006,False,,,,,2025-06-10 19:21:25,,True,admin
2494,PRYG002389,2025,YG022,False,,,,,2025-06-10 20:15:19,,True,admin
2495,PRYG002390,2025,YG022,False,,,,,2025-06-10 20:17:31,,True,admin
2496,PRYG002391,2022,YG019,False,,,,,2025-06-11 11:36:23,,True,admin
2497,PRYG002392,2022,YG019,False,,,,,2025-06-11 11:46:58,,True,admin
2498,PRYG002393,2022,YG019,False,,,,,2025-06-11 11:49:20,,True,admin
2499,PRYG002394,2014,YG019,False,,,,,2025-06-11 15:20:56,,True,admin
2500,PRYG002395,2024,YG014,False,,,,,2025-06-14 17:33:04,,True,admin
2501,PRYG002396,2024,YG014,False,,,,,2025-06-14 17:35:32,,True,admin
2502,PRYG002397,2025,YG014,False,,,,,2025-06-14 17:36:35,,True,admin
2503,PRYG002398,2016,YG014,False,,,,,2025-06-14 17:37:20,,True,admin
2504,PRYG002399,2025,YG014,False,,,,,2025-06-14 17:37:36,,True,admin
2505,PRYG002400,2024,YG014,False,,,,,2025-06-14 17:39:50,,True,admin
2506,PRYG002401,2024,YG014,False,,,,,2025-06-14 17:40:29,,True,admin
2507,PRYG002402,2025,YG014,False,,,,,2025-06-14 17:44:36,,True,admin
2508,PRYG002403,2024,YG014,False,,,,,2025-06-14 17:50:37,,True,admin
2509,PRYG002404,2025,YG014,False,,,,,2025-06-14 18:33:22,,True,admin
2510,PRYG002405,2023,YG014,False,,,,,2025-06-14 20:12:33,,True,admin
2511,PRYG002406,2024,YG014,False,,,,,2025-06-14 20:42:45,,True,admin
2512,PRYG002407,2025,YG014,False,,,,,2025-06-14 20:48:52,,True,admin
2513,PRYG002408,2025,YG014,False,,,,,2025-06-14 22:12:46,,True,admin
2514,PRYG002409,2021,YG019,False,,,,,2025-06-15 20:38:34,,True,admin
2515,PRYG002410,2024,YG006,False,,,,,2025-06-16 13:39:21,,True,admin
2516,PRYG002411,2024,YG006,False,,,,,2025-06-16 13:41:06,,True,admin
2517,PRYG002412,2022,YG019,False,,,,,2025-06-16 15:09:35,,True,admin
2518,PRYG002413,2022,YG019,False,,,,,2025-06-16 15:11:12,,True,admin
2519,PRYG002414,2024,YG020,False,,,,,2025-06-16 17:21:22,,True,admin
2520,PRYG002415,2008,YG020,False,,,,,2025-06-16 17:21:49,,True,admin
2521,PRYG002416,2006,YG020,False,,,,,2025-06-16 17:23:20,,True,admin
2522,PRYG002417,2017,YG020,False,,,,,2025-06-16 17:38:52,,True,admin
2523,PRYG002418,2008,YG020,False,,,,,2025-06-16 17:40:40,,True,admin
2524,PRYG002419,2017,YG020,False,,,,,2025-06-16 18:11:59,,True,admin
2525,PRYG002420,2004,YG020,False,,,,,2025-06-16 18:15:35,,True,admin
2526,PRYG002421,2010,YG020,False,,,,,2025-06-16 18:29:04,,True,admin
2527,PRYG002422,2008,YG020,False,,,,,2025-06-16 18:52:45,,True,admin
2528,PRYG002423,2011,YG020,False,,,,,2025-06-16 19:05:35,,True,admin
2529,PRYG002424,2011,YG020,False,,,,,2025-06-17 03:44:30,,True,admin
2530,PRYG002425,2010,YG020,False,,,,,2025-06-18 17:03:38,,True,admin
2531,PRYG002426,2010,YG023,False,,,,,2025-06-18 21:13:55,,True,admin
2532,PRYG002427,2019,YG023,False,,,,,2025-06-18 21:29:15,,True,admin
2533,PRYG002428,2025,YG023,False,,,,,2025-06-18 21:54:51,,True,admin
2534,PRYG002429,2019,YG023,False,,,,,2025-06-19 00:50:52,,True,admin
2535,PRYG002430,2022,YG023,False,,,,,2025-06-19 07:46:18,,True,admin
2536,PRYG002431,2012,YG020,False,,,,,2025-06-19 14:15:51,,True,admin
2538,PRYG002433,2010,YG023,False,,,,,2025-06-19 16:33:51,,True,admin
2538,PRYG002434,2009,YG027,False,,,,,2025-11-04 00:07:41,,True,admin
2539,PRYG002435,2025,YG023,False,,,,,2025-06-19 17:30:55,,True,admin
2540,PRYG002436,2015,YG025,False,,,,,2025-06-20 12:11:59,,True,admin
2541,PRYG002437,2021,YG022,False,,,,,2025-06-20 14:04:05,,True,admin
2542,PRYG002438,2023,YG022,False,,,,,2025-06-21 13:09:15,,True,admin
2543,PRYG002439,2019,YG019,False,,,,,2025-06-22 14:46:22,,True,admin
2544,PRYG002440,2025,YG023,False,,,,,2025-06-24 15:39:04,,True,admin
2545,PRYG002441,2019,YG013,False,,,,,2025-06-24 21:37:10,,True,admin
2546,PRYG002442,2022,YG013,False,,,,,2025-06-24 21:38:50,,True,admin
2547,PRYG002443,2023,YG013,False,,,,,2025-06-24 21:46:54,,True,admin
2548,PRYG002444,2020,YG003,False,,,,,2025-06-24 22:04:39,,True,admin
2550,PRYG002446,2021,YG010,False,,,,,2025-06-24 23:04:31,,True,admin
2551,PRYG002447,2024,YG023,False,,,,,2025-06-25 11:53:01,,True,admin
2552,PRYG002448,2010,YG020,False,,,,,2025-06-25 12:59:08,,True,admin
2553,PRYG002449,2021,YG017,False,,,,,2025-06-26 09:52:09,,True,admin
2554,PRYG002450,2025,YG017,False,,,,,2025-06-26 10:01:07,,True,admin
2555,PRYG002451,2022,YG017,False,,,,,2025-06-26 10:52:14,,True,admin
2556,PRYG002452,2024,YG017,False,,,,,2025-06-26 10:55:11,,True,admin
2557,PRYG002453,2022,YG017,False,,,,,2025-06-26 11:52:06,,True,admin
2558,PRYG002454,2025,YG017,False,,,,,2025-06-26 12:10:00,,True,admin
2559,PRYG002455,2018,YG023,False,,,,,2025-06-26 15:07:34,,True,admin
2560,PRYG002456,2025,YG005,False,,,,,2025-06-26 21:12:05,,True,admin
2561,PRYG002457,2024,YG017,False,,,,,2025-06-26 23:08:30,,True,admin
2562,PRYG002458,2024,YG017,False,,,,,2025-06-27 00:38:15,,True,admin
2563,PRYG002459,2025,YG017,False,,,,,2025-06-27 03:51:21,,True,admin
2564,PRYG002460,2020,YG003,False,,,,,2025-06-29 14:27:09,,True,admin
2565,PRYG002461,2023,YG019,False,,,,,2025-06-30 14:20:43,,True,admin
2566,PRYG002462,2025,YG003,False,,,,,2025-07-04 16:20:31,,True,admin
2567,PRYG002463,2025,YG003,False,,,,,2025-07-04 16:23:40,,True,admin
2568,PRYG002464,2024,YG006,False,,,,,2025-07-08 18:51:25,,True,admin
2569,PRYG002465,2022,YG022,False,,,,,2025-07-08 22:42:46,,True,admin
2570,PRYG002466,2023,YG022,False,,,,,2025-07-08 22:46:29,,True,admin
2571,PRYG002467,2021,YG022,False,,,,,2025-07-08 22:49:07,,True,admin
2572,PRYG002468,1964,YG019,False,,,,,2025-07-09 19:42:17,,True,admin
2574,PRYG002469,2017,YG025,False,,,,,2025-07-13 22:47:18,,True,admin
2575,PRYG002470,2011,YG018,False,,,,,2025-07-15 11:24:30,,True,admin
2577,PRYG002472,2025,YG024,False,,,,,2025-07-15 12:04:53,,True,admin
2578,PRYG002473,2018,YG018,False,,,,,2025-07-15 16:06:27,,True,admin
2579,PRYG002474,2024,YG019,False,,,,,2025-07-16 10:40:31,,True,admin
2600,PRYG002475,2025,YG022,False,,,,,2025-08-09 19:50:00,,True,admin
2601,PRYG002476,2025,YG022,False,,,,,2025-08-09 19:52:20,,True,admin
2603,PRYG002477,2023,YG022,False,,,,,2025-08-09 20:50:47,,True,admin
2604,PRYG002478,2023,YG022,False,,,,,2025-08-09 20:53:52,,True,admin
2605,PRYG002479,2022,YG022,False,,,,,2025-08-09 20:55:17,,True,admin
2607,PRYG002480,2025,YG022,False,,,,,2025-08-09 20:57:37,,True,admin
2608,PRYG002481,2020,YG022,False,,,,,2025-08-09 21:02:37,,True,admin
2609,PRYG002482,2025,YG022,False,,,,,2025-08-09 21:03:23,,True,admin
2610,PRYG002483,2024,YG022,False,,,,,2025-08-09 21:03:54,,True,admin
2611,PRYG002484,2025,YG022,False,,,,,2025-08-09 21:05:51,,True,admin
2612,PRYG002485,2024,YG022,False,,,,,2025-08-09 21:07:30,,True,admin
2613,PRYG002486,2023,YG022,False,,,,,2025-08-09 21:08:12,,True,admin
2614,PRYG002487,2020,YG022,False,,,,,2025-08-09 21:28:55,,True,admin
2616,PRYG002488,2023,YG022,False,,,,,2025-08-09 22:29:54,,True,admin
2617,PRYG002489,2020,YG022,False,,,,,2025-08-09 23:00:32,,True,admin
2618,PRYG002490,2025,YG006,False,,,,,2025-08-12 13:19:31,,True,admin
2619,PRYG002491,2024,YG006,False,,,,,2025-08-12 14:19:53,,True,admin
2620,PRYG002492,2022,YG022,False,,,,,2025-09-09 16:58:08,,True,admin
2621,PRYG002493,2025,YG005,False,,,,,2025-09-10 20:47:49,,True,admin
2622,PRYG002494,2023,YG005,False,,,,,2025-09-10 20:51:45,,True,admin
2623,PRYG002495,2025,YG005,False,,,,,2025-09-10 20:53:09,,True,admin
2624,PRYG002496,2023,YG005,False,,,,,2025-09-10 20:53:20,,True,admin
2625,PRYG002497,2024,YG005,False,,,,,2025-09-10 20:55:06,,True,admin
2626,PRYG002498,2025,YG005,False,,,,,2025-09-10 20:56:18,,True,admin
2627,PRYG002499,2024,YG005,False,,,,,2025-09-10 20:56:36,,True,admin
2628,PRYG002500,2023,YG005,False,,,,,2025-09-10 20:58:31,,True,admin
2629,PRYG002501,2025,YG005,False,,,,,2025-09-10 21:01:56,,True,admin
2630,PRYG002502,2025,YG005,False,,,,,2025-09-10 21:19:54,,True,admin
2631,PRYG002503,2025,YG005,False,,,,,2025-09-10 21:23:02,,True,admin
2632,PRYG002504,2025,YG005,False,,,,,2025-09-10 21:48:08,,True,admin
2633,PRYG002505,2024,YG005,False,,,,,2025-09-10 22:45:43,,True,admin
2634,PRYG002506,2025,YG005,False,,,,,2025-09-10 22:51:51,,True,admin
2635,PRYG002507,2025,YG005,False,,,,,2025-09-10 22:54:52,,True,admin
2636,PRYG002508,2025,YG005,False,,,,,2025-09-10 23:10:27,,True,admin
2637,PRYG002509,2025,YG005,False,,,,,2025-09-12 07:53:42,,True,admin
2638,PRYG002510,2025,YG005,False,,,,,2025-09-12 07:54:59,,True,admin
2639,PRYG002511,2025,YG005,False,,,,,2025-09-12 09:46:57,,True,admin
2640,PRYG002512,2025,YG005,False,,,,,2025-09-12 13:31:51,,True,admin
2641,PRYG002513,2025,YG005,False,,,,,2025-09-12 17:06:30,,True,admin
2642,PRYG002514,2025,YG005,False,,,,,2025-09-12 17:07:46,,True,admin
2643,PRYG002515,2025,YG005,False,,,,,2025-09-12 18:32:40,,True,admin
2644,PRYG002516,2021,YG022,False,,,,,2025-09-13 14:30:38,,True,admin
2645,PRYG002517,2025,YG005,False,,,,,2025-09-13 14:42:50,,True,admin
2646,PRYG002518,2023,YG022,False,,,,,2025-09-13 15:33:35,,True,admin
2647,PRYG002519,2021,YG022,False,,,,,2025-09-13 21:54:05,,True,admin
2648,PRYG002520,2025,YG005,False,,,,,2025-09-14 17:30:30,,True,admin
2649,PRYG002521,2025,YG005,False,,,,,2025-09-15 21:57:49,,True,admin
2650,PRYG002522,2025,YG005,False,,,,,2025-09-15 22:15:16,,True,admin
2651,PRYG002523,2025,YG005,False,,,,,2025-09-19 13:24:01,,True,admin
2652,PRYG002524,2025,YG022,False,,,,,2025-09-21 18:40:13,,True,admin
2653,PRYG002525,2025,YG022,False,,,,,2025-09-21 18:44:38,,True,admin
2655,PRYG002526,2023,YG022,False,,,,,2025-09-24 07:33:41,,True,admin
2658,PRYG002527,2024,YG022,False,,,,,2025-09-24 07:40:30,,True,admin
2659,PRYG002528,2024,YG022,False,,,,,2025-09-24 07:41:43,,True,admin
2661,PRYG002529,2020,YG022,False,,,,,2025-09-24 08:22:40,,True,admin
2662,PRYG002530,2025,YG022,False,,,,,2025-09-24 08:25:12,,True,admin
2664,PRYG002531,2024,YG022,False,,,,,2025-09-24 09:37:27,,True,admin
2665,PRYG002532,2025,YG022,False,,,,,2025-09-24 10:12:20,,True,admin
2666,PRYG002533,2023,YG022,False,,,,,2025-09-24 11:00:50,,True,admin
2668,PRYG002534,2023,YG022,False,,,,,2025-09-25 07:40:19,,True,admin
2669,PRYG002535,2021,YG022,False,,,,,2025-09-26 14:48:07,,True,admin
2671,PRYG002536,2025,YG022,False,,,,,2025-09-27 17:35:49,,True,admin
2672,PRYG002537,2025,YG022,False,,,,,2025-09-27 17:38:42,,True,admin
2673,PRYG002538,2025,YG005,False,,,,,2025-09-27 17:50:01,,True,admin
2674,PRYG002539,2015,YG005,False,,,,,2025-09-27 17:50:30,,True,admin
2675,PRYG002540,2022,YG022,False,,,,,2025-09-27 18:08:23,,True,admin
2677,PRYG002541,2025,YG022,False,,,,,2025-09-27 18:37:42,,True,admin
2678,PRYG002542,2025,YG022,False,,,,,2025-09-27 18:40:17,,True,admin
2680,PRYG002543,2021,YG022,False,,,,,2025-09-27 20:53:04,,True,admin
2681,PRYG002544,2019,YG022,False,,,,,2025-09-27 20:55:51,,True,admin
2682,PRYG002545,2023,YG022,False,,,,,2025-09-27 20:56:29,,True,admin
2683,PRYG002546,2019,YG022,False,,,,,2025-09-27 20:58:28,,True,admin
2684,PRYG002547,2021,YG022,False,,,,,2025-09-27 21:08:01,,True,admin
2687,PRYG002548,2021,YG022,False,,,,,2025-09-27 22:17:48,,True,admin
2688,PRYG002549,2023,YG022,False,,,,,2025-09-28 10:22:30,,True,admin
2689,PRYG002550,2023,YG022,False,,,,,2025-09-28 10:58:36,,True,admin
2690,PRYG002551,2023,YG022,False,,,,,2025-09-28 10:58:37,,True,admin
2692,PRYG002552,2023,YG022,False,,,,,2025-09-28 14:37:40,,True,admin
2693,PRYG002553,2022,YG022,False,,,,,2025-09-28 14:38:46,,True,admin
2694,PRYG002554,2024,YG022,False,,,,,2025-09-28 14:40:58,,True,admin
2695,PRYG002555,2022,YG022,False,,,,,2025-10-09 10:12:01,,True,admin
2696,PRYG002556,2022,YG022,False,,,,,2025-10-09 10:14:14,,True,admin
2697,PRYG002557,2023,YG022,False,,,,,2025-10-10 10:17:40,,True,admin
2698,PRYG002558,2023,YG022,False,,,,,2025-10-10 10:20:23,,True,admin
2701,PRYG002559,2025,YG022,False,,,,,2025-10-15 09:14:10,,True,admin
2702,PRYG002560,2025,YG022,False,,,,,2025-10-15 09:17:13,,True,admin
2703,PRYG002561,2022,YG022,False,,,,,2025-10-15 09:17:26,,True,admin
2704,PRYG002562,2025,YG022,False,,,,,2025-10-15 11:02:54,,True,admin
2705,PRYG002563,2025,YG022,False,,,,,2025-10-15 15:20:34,,True,admin
2706,PRYG002564,2025,YG022,False,,,,,2025-10-18 18:07:54,,True,admin
2707,PRYG002565,2025,YG022,False,,,,,2025-10-18 18:09:42,,True,admin
2710,PRYG002566,2025,YG022,False,,,,,2025-10-24 14:28:50,,True,admin
2713,PRYG002567,2025,YG005,False,,,,,2025-10-28 18:13:52,,True,admin
2714,PRYG002568,2025,YG005,False,,,,,2025-10-28 18:15:39,,True,admin
2715,PRYG002569,2025,YG005,False,,,,,2025-10-28 18:33:54,,True,admin
2716,PRYG002570,2025,YG005,False,,,,,2025-10-28 21:22:24,,True,admin
2717,PRYG002571,2025,YG022,False,,,,,2025-10-29 09:08:18,,True,admin
2718,PRYG002572,2025,YG022,False,,,,,2025-10-29 09:10:43,,True,admin
2719,PRYG002573,2025,YG022,False,,,,,2025-10-29 09:30:49,,True,admin
2721,PRYG002574,2021,YG022,False,,,,,2025-10-29 10:53:48,,True,admin
2722,PRYG002575,2023,YG022,False,,,,,2025-10-29 11:04:54,,True,admin
2723,PRYG002576,2024,YG022,False,,,,,2025-10-29 12:13:13,,True,admin
2724,PRYG002577,2023,YG022,False,,,,,2025-10-29 12:15:45,,True,admin
2725,PRYG002578,2023,YG022,False,,,,,2025-10-29 13:27:07,,True,admin
2727,PRYG002579,2025,YG021,False,,,,,2025-10-29 21:39:43,,True,admin
2729,PRYG002580,2025,YG013,False,,,,,2025-10-30 14:05:04,,True,admin
2730,PRYG002581,2025,YG013,False,,,,,2025-10-30 14:37:52,,True,admin
2731,PRYG002582,2025,YG013,False,,,,,2025-10-30 14:48:03,,True,admin
2732,PRYG002583,2025,YG022,False,,,,,2025-10-30 21:16:39,,True,admin
2733,PRYG002584,2018,YG019,False,,,,,2025-10-31 15:02:56,,True,admin
2734,PRYG002585,2025,YG022,False,,,,,2025-10-31 15:19:51,,True,admin
2735,PRYG002586,2013,YG022,False,,,,,2025-10-31 15:32:44,,True,admin
2736,PRYG002587,2023,YG022,False,,,,,2025-10-31 15:41:22,,True,admin
2737,PRYG002588,2025,YG022,False,,,,,2025-10-31 15:46:20,,True,admin
2738,PRYG002589,2021,YG022,False,,,,,2025-10-31 16:01:21,,True,admin
2740,PRYG002591,2025,YG022,False,,,,,2025-10-31 16:51:34,,True,admin
2741,PRYG002592,2025,YG022,False,,,,,2025-10-31 16:54:07,,True,admin
2742,PRYG002593,2021,YG021,False,,,,,2025-10-31 19:49:34,,True,admin
2743,PRYG002594,2021,YG021,False,,,,,2025-10-31 19:51:23,,True,admin
2744,PRYG002595,2015,YG022,False,,,,,2025-10-31 20:58:23,,True,admin
2745,PRYG002596,2025,YG005,False,,,,,2025-10-31 21:14:49,,True,admin
2746,PRYG002597,2025,YG005,False,,,,,2025-10-31 21:21:07,,True,admin
2747,PRYG002598,2025,YG005,False,,,,,2025-10-31 21:22:40,,True,admin
2748,PRYG002599,2025,YG005,False,,,,,2025-10-31 21:25:44,,True,admin
2749,PRYG002600,2025,YG016,False,,,,,2025-10-31 21:26:26,,True,admin
2750,PRYG002601,2025,YG016,False,,,,,2025-10-31 23:56:06,,True,admin
2751,PRYG002602,2025,YG016,False,,,,,2025-10-31 23:58:22,,True,admin
2752,PRYG002603,2023,YG019,False,,,,,2025-11-01 00:06:32,,True,admin
2753,PRYG002604,2025,YG016,False,,,,,2025-11-01 00:09:46,,True,admin
2754,PRYG002605,2019,YG019,False,,,,,2025-11-01 00:09:59,,True,admin
2755,PRYG002606,2021,YG003,False,,,,,2025-11-01 12:53:09,,True,admin
2756,PRYG002607,2012,YG027,False,,,,,2025-11-01 12:53:22,,True,admin
2757,PRYG002608,2022,YG027,False,,,,,2025-11-01 12:54:57,,True,admin
2758,PRYG002609,2022,YG028,False,,,,,2025-11-01 12:56:39,,True,admin
2759,PRYG002610,2022,YG021,False,,,,,2025-11-01 12:57:35,,True,admin
2760,PRYG002611,2017,YG023,False,,,,,2025-11-01 13:04:27,,True,admin
2761,PRYG002612,2012,YG007,False,,,,,2025-11-01 13:04:58,,True,admin
2762,PRYG002613,2025,YG023,False,,,,,2025-11-01 13:07:30,,True,admin
2763,PRYG002614,2022,YG007,False,,,,,2025-11-01 13:09:55,,True,admin
2764,PRYG002615,2025,YG003,False,,,,,2025-11-01 13:10:42,,True,admin
2765,PRYG002616,2020,YG028,False,,,,,2025-11-01 13:10:43,,True,admin
2766,PRYG002617,2014,YG007,False,,,,,2025-11-01 13:15:47,,True,admin
2767,PRYG002618,2023,YG009,False,,,,,2025-11-01 13:38:15,,True,admin
2768,PRYG002619,2019,YG002,False,,,,,2025-11-01 13:42:24,,True,admin
2769,PRYG002620,2024,YG016,False,,,,,2025-11-01 13:45:21,,True,admin
2770,PRYG002621,2025,YG016,False,,,,,2025-11-01 13:47:48,,True,admin
2771,PRYG002622,2024,YG016,False,,,,,2025-11-01 13:54:24,,True,admin
2772,PRYG002623,2023,YG016,False,,,,,2025-11-01 13:54:51,,True,admin
2773,PRYG002624,2025,YG016,False,,,,,2025-11-01 14:14:31,,True,admin
2774,PRYG002625,2025,YG016,False,,,,,2025-11-01 14:14:33,,True,admin
2775,PRYG002626,2022,YG016,False,,,,,2025-11-01 14:16:46,,True,admin
2777,PRYG002627,2025,YG021,False,,,,,2025-11-01 14:22:07,,True,admin
2779,PRYG002628,2019,YG003,False,,,,,2025-11-01 14:23:33,,True,admin
2780,PRYG002629,2025,YG016,False,,,,,2025-11-01 14:26:49,,True,admin
2781,PRYG002630,2023,YG016,False,,,,,2025-11-01 14:30:32,,True,admin
2782,PRYG002631,2020,YG022,False,,,,,2025-11-01 14:32:39,,True,admin
2783,PRYG002632,2019,YG003,False,,,,,2025-11-01 14:37:02,,True,admin
2784,PRYG002633,2024,YG022,False,,,,,2025-11-01 14:37:23,,True,admin
2785,PRYG002634,2025,YG016,False,,,,,2025-11-01 14:38:41,,True,admin
2786,PRYG002635,2016,YG022,False,,,,,2025-11-01 14:39:55,,True,admin
2787,PRYG002636,2025,YG022,False,,,,,2025-11-01 14:44:21,,True,admin
2788,PRYG002637,2025,YG016,False,,,,,2025-11-01 14:55:13,,True,admin
2789,PRYG002638,2025,YG016,False,,,,,2025-11-01 14:56:14,,True,admin
2790,PRYG002639,2022,YG002,False,,,,,2025-11-01 15:16:15,,True,admin
2791,PRYG002640,2013,YG027,False,,,,,2025-11-01 15:27:30,,True,admin
2792,PRYG002641,2022,YG027,False,,,,,2025-11-01 15:30:17,,True,admin
2793,PRYG002642,2025,YG002,False,,,,,2025-11-01 15:31:36,,True,admin
2794,PRYG002643,2011,YG029,False,,,,,2025-11-01 15:36:24,,True,admin
2795,PRYG002644,2020,YG023,False,,,,,2025-11-01 15:36:39,,True,admin
2796,PRYG002645,2020,YG029,False,,,,,2025-11-01 15:39:14,,True,admin
2797,PRYG002646,2019,YG029,False,,,,,2025-11-01 15:40:51,,True,admin
2798,PRYG002647,2021,YG029,False,,,,,2025-11-01 15:42:04,,True,admin
2799,PRYG002648,2019,YG029,False,,,,,2025-11-01 15:44:04,,True,admin
2800,PRYG002649,2024,YG002,False,,,,,2025-11-01 15:44:27,,True,admin
2801,PRYG002650,2022,YG029,False,,,,,2025-11-01 15:45:23,,True,admin
2802,PRYG002651,2025,YG002,False,,,,,2025-11-01 15:46:54,,True,admin
2803,PRYG002652,2025,YG002,False,,,,,2025-11-01 15:50:56,,True,admin
2804,PRYG002653,2024,YG028,False,,,,,2025-11-01 15:57:39,,True,admin
2805,PRYG002654,2020,YG002,False,,,,,2025-11-01 16:01:30,,True,admin
2806,PRYG002655,2015,YG007,False,,,,,2025-11-01 16:21:38,,True,admin
2807,PRYG002656,2025,YG022,False,,,,,2025-11-01 16:25:41,,True,admin
2809,PRYG002658,2024,YG019,False,,,,,2025-11-01 17:19:44,,True,admin
2810,PRYG002659,2020,YG023,False,,,,,2025-11-01 17:22:02,,True,admin
2811,PRYG002660,2025,YG028,False,,,,,2025-11-01 17:31:29,,True,admin
2812,PRYG002661,2023,YG028,False,,,,,2025-11-01 17:44:14,,True,admin
2812,PRYG002662,2025,YG030,False,,,,,2026-01-25 16:42:58,,True,admin
2813,PRYG002663,2024,YG028,False,,,,,2025-11-01 18:36:01,,True,admin
2814,PRYG002664,2024,YG002,False,,,,,2025-11-01 18:54:11,,True,admin
2815,PRYG002665,2014,YG002,False,,,,,2025-11-01 18:59:46,,True,admin
2817,PRYG002666,2025,YG020,False,,,,,2025-11-01 19:21:29,,True,admin
2818,PRYG002667,2025,YG020,False,,,,,2025-11-01 19:26:29,,True,admin
2819,PRYG002668,2022,YG028,False,,,,,2025-11-01 20:03:05,,True,admin
2820,PRYG002669,2021,YG028,False,,,,,2025-11-01 20:04:12,,True,admin
2821,PRYG002670,2015,YG028,False,,,,,2025-11-01 20:20:26,,True,admin
2822,PRYG002671,2023,YG027,False,,,,,2025-11-01 20:50:17,,True,admin
2823,PRYG002672,2023,YG016,False,,,,,2025-11-01 21:21:30,,True,admin
2824,PRYG002673,2024,YG006,False,,,,,2025-11-01 22:08:22,,True,admin
2825,PRYG002674,2014,YG022,False,,,,,2025-11-01 22:12:46,,True,admin
2826,PRYG002675,2024,YG026,False,,,,,2025-11-01 22:25:46,,True,admin
2827,PRYG002676,2024,YG021,False,,,,,2025-11-01 22:36:54,,True,admin
2828,PRYG002677,2024,YG021,False,,,,,2025-11-01 23:31:58,,True,admin
2829,PRYG002678,2024,YG021,False,,,,,2025-11-01 23:34:04,,True,admin
2830,PRYG002679,2025,YG022,False,,,,,2025-11-02 02:32:53,,True,admin
2831,PRYG002680,2025,YG002,False,,,,,2025-11-02 07:36:54,,True,admin
2832,PRYG002681,2017,YG022,False,,,,,2025-11-02 09:06:38,,True,admin
2833,PRYG002682,2025,YG010,False,,,,,2025-11-02 09:59:02,,True,admin
2834,PRYG002683,2022,YG010,False,,,,,2025-11-02 11:10:16,,True,admin
2836,PRYG002684,2025,YG026,False,,,,,2025-11-02 15:31:58,,True,admin
2837,PRYG002685,2009,YG026,False,,,,,2025-11-02 15:32:31,,True,admin
2838,PRYG002686,2024,YG022,False,,,,,2025-11-02 15:36:25,,True,admin
2839,PRYG002687,2025,YG026,False,,,,,2025-11-02 15:45:41,,True,admin
2840,PRYG002688,2025,YG026,False,,,,,2025-11-02 15:47:15,,True,admin
2841,PRYG002689,2025,YG026,False,,,,,2025-11-02 15:47:19,,True,admin
2842,PRYG002690,2017,YG026,False,,,,,2025-11-02 15:49:59,,True,admin
2843,PRYG002691,2025,YG026,False,,,,,2025-11-02 15:57:35,,True,admin
2844,PRYG002692,2025,YG003,False,,,,,2025-11-02 16:07:15,,True,admin
2845,PRYG002693,2023,YG002,False,,,,,2025-11-02 18:02:40,,True,admin
2847,PRYG002694,2025,YG022,False,,,,,2025-11-02 22:51:00,,True,admin
2848,PRYG002695,2023,YG022,False,,,,,2025-11-02 22:59:14,,True,admin
2849,PRYG002696,2025,YG002,False,,,,,2025-11-02 23:06:10,,True,admin
2850,PRYG002697,2025,YG003,False,,,,,2025-11-02 23:28:35,,True,admin
2852,PRYG002699,2021,YG007,False,,,,,2025-11-03 11:44:49,,True,admin
2853,PRYG002700,2020,YG007,False,,,,,2025-11-03 11:47:05,,True,admin
2854,PRYG002701,2020,YG007,False,,,,,2025-11-03 11:48:14,,True,admin
2855,PRYG002702,2022,YG022,False,,,,,2025-11-03 15:20:43,,True,admin
2856,PRYG002703,2025,YG022,False,,,,,2025-11-03 15:21:27,,True,admin
2857,PRYG002704,2024,YG022,False,,,,,2025-11-03 15:21:39,,True,admin
2858,PRYG002705,2024,YG022,False,,,,,2025-11-03 15:29:03,,True,admin
2860,PRYG002706,2025,YG022,False,,,,,2025-11-03 15:34:19,,True,admin
2861,PRYG002707,2021,YG022,False,,,,,2025-11-03 16:41:36,,True,admin
2862,PRYG002708,2025,YG017,False,,,,,2025-11-03 17:48:53,,True,admin
2863,PRYG002709,2025,YG011,False,,,,,2025-11-03 18:11:29,,True,admin
2864,PRYG002710,2025,YG011,False,,,,,2025-11-03 18:13:36,,True,admin
2865,PRYG002711,2025,YG011,False,,,,,2025-11-03 18:15:43,,True,admin
2866,PRYG002712,2025,YG017,False,,,,,2025-11-03 19:02:59,,True,admin
2867,PRYG002713,2025,YG005,False,,,,,2025-11-03 19:20:56,,True,admin
2868,PRYG002714,2025,YG017,False,,,,,2025-11-03 19:55:34,,True,admin
2871,PRYG002715,2014,YG024,False,,,,,2025-11-03 23:43:39,,True,admin
2872,PRYG002716,2020,YG024,False,,,,,2025-11-03 23:57:42,,True,admin
2873,PRYG002717,2023,YG024,False,,,,,2025-11-03 23:59:22,,True,admin
2874,PRYG002718,2023,YG019,False,,,,,2025-11-04 00:17:50,,True,admin
2875,PRYG002719,2019,YG017,False,,,,,2025-11-04 01:12:23,,True,admin
2876,PRYG002720,2024,YG007,False,,,,,2025-11-04 03:52:51,,True,admin
2877,PRYG002721,2022,YG019,False,,,,,2025-11-04 08:13:58,,True,admin
2878,PRYG002722,2024,YG011,False,,,,,2025-11-04 10:39:05,,True,admin
2879,PRYG002723,2024,YG019,False,,,,,2025-11-04 10:45:12,,True,admin
2880,PRYG002724,2025,YG023,False,,,,,2025-11-04 10:48:33,,True,admin
2881,PRYG002725,2024,YG019,False,,,,,2025-11-04 10:49:25,,True,admin
2882,PRYG002726,2025,YG011,False,,,,,2025-11-04 12:44:13,,True,admin
2883,PRYG002727,2025,YG023,False,,,,,2025-11-04 12:48:22,,True,admin
2884,PRYG002728,2015,YG012,False,,,,,2025-11-04 12:53:27,,True,admin
2885,PRYG002729,2025,YG023,False,,,,,2025-11-04 13:26:56,,True,admin
2886,PRYG002730,2024,YG019,False,,,,,2025-11-04 13:36:14,,True,admin
2887,PRYG002731,2007,YG012,False,,,,,2025-11-04 14:12:03,,True,admin
2888,PRYG002732,2022,YG007,False,,,,,2025-11-04 18:53:40,,True,admin
2889,PRYG002733,2025,YG026,False,,,,,2025-11-04 19:16:47,,True,admin
2890,PRYG002734,2015,YG026,False,,,,,2025-11-04 21:01:49,,True,admin
2891,PRYG002735,2024,YG003,False,,,,,2025-11-04 21:32:50,,True,admin
2892,PRYG002736,2019,YG016,False,,,,,2025-11-04 22:46:01,,True,admin
2893,PRYG002737,2011,YG029,False,,,,,2025-11-05 07:25:13,,True,admin
2894,PRYG002738,2011,YG029,False,,,,,2025-11-05 07:27:01,,True,admin
2895,PRYG002739,2013,YG029,False,,,,,2025-11-05 07:31:11,,True,admin
2896,PRYG002740,2020,YG029,False,,,,,2025-11-05 07:32:51,,True,admin
2897,PRYG002741,2023,YG029,False,,,,,2025-11-05 07:36:03,,True,admin
2898,PRYG002742,2018,YG029,False,,,,,2025-11-05 07:38:50,,True,admin
2899,PRYG002743,2020,YG029,False,,,,,2025-11-05 07:40:38,,True,admin
2900,PRYG002744,2018,YG029,False,,,,,2025-11-05 07:42:21,,True,admin
2901,PRYG002745,2016,YG029,False,,,,,2025-11-05 07:44:46,,True,admin
2902,PRYG002746,2018,YG029,False,,,,,2025-11-05 07:46:10,,True,admin
2903,PRYG002747,2018,YG029,False,,,,,2025-11-05 07:49:01,,True,admin
2904,PRYG002748,2022,YG029,False,,,,,2025-11-05 07:50:22,,True,admin
2905,PRYG002749,2019,YG029,False,,,,,2025-11-05 07:51:40,,True,admin
2906,PRYG002750,2017,YG029,False,,,,,2025-11-05 07:56:59,,True,admin
2907,PRYG002751,2017,YG029,False,,,,,2025-11-05 07:57:55,,True,admin
2908,PRYG002752,2016,YG029,False,,,,,2025-11-05 07:59:10,,True,admin
2909,PRYG002753,2015,YG029,False,,,,,2025-11-05 08:00:35,,True,admin
2910,PRYG002754,2021,YG009,False,,,,,2025-11-05 10:53:05,,True,admin
2911,PRYG002755,2025,YG029,False,,,,,2025-11-05 10:58:40,,True,admin
2913,PRYG002756,2012,YG024,False,,,,,2025-11-05 13:11:33,,True,admin
2914,PRYG002757,2020,YG002,False,,,,,2025-11-05 13:44:21,,True,admin
2915,PRYG002758,2020,YG006,False,,,,,2025-11-05 13:59:04,,True,admin
2916,PRYG002759,2020,YG006,False,,,,,2025-11-05 14:00:41,,True,admin
2917,PRYG002760,2020,YG006,False,,,,,2025-11-05 14:02:40,,True,admin
2918,PRYG002761,2011,YG024,False,,,,,2025-11-05 15:13:06,,True,admin
2919,PRYG002762,2008,YG024,False,,,,,2025-11-05 19:24:23,,True,admin
2920,PRYG002763,2025,YG003,False,,,,,2025-11-05 19:24:56,,True,admin
2921,PRYG002764,2014,YG024,False,,,,,2025-11-05 20:28:11,,True,admin
2922,PRYG002765,2010,YG024,False,,,,,2025-11-05 21:21:05,,True,admin
2923,PRYG002766,2024,YG016,False,,,,,2025-11-06 08:16:31,,True,admin
2924,PRYG002767,2012,YG018,False,,,,,2025-11-06 20:13:22,,True,admin
2925,PRYG002768,2025,YG018,False,,,,,2025-11-06 20:15:02,,True,admin
2926,PRYG002769,2023,YG018,False,,,,,2025-11-06 20:19:41,,True,admin
2927,PRYG002770,2023,YG018,False,,,,,2025-11-06 20:29:08,,True,admin
2928,PRYG002771,2019,YG018,False,,,,,2025-11-06 20:42:16,,True,admin
2929,PRYG002772,2021,YG018,False,,,,,2025-11-06 21:08:17,,True,admin
2930,PRYG002773,2025,YG022,False,,,,,2025-11-06 22:34:57,,True,admin
2931,PRYG002774,2023,YG019,False,,,,,2025-11-07 14:15:50,,True,admin
2932,PRYG002775,2022,YG019,False,,,,,2025-11-07 14:26:50,,True,admin
2933,PRYG002776,2022,YG019,False,,,,,2025-11-07 14:28:07,,True,admin
2934,PRYG002777,2021,YG018,False,,,,,2025-11-07 15:37:58,,True,admin
2935,PRYG002778,2022,YG023,False,,,,,2025-11-07 16:29:29,,True,admin
2936,PRYG002779,2023,YG023,False,,,,,2025-11-07 16:31:32,,True,admin
2937,PRYG002780,2017,YG026,False,,,,,2025-11-07 19:30:19,,True,admin
2939,PRYG002781,2025,YG017,False,,,,,2025-11-07 23:26:35,,True,admin
2940,PRYG002782,2025,YG017,False,,,,,2025-11-07 23:40:26,,True,admin
2941,PRYG002783,2023,YG012,False,,,,,2025-11-08 10:52:17,,True,admin
2942,PRYG002784,2025,YG003,False,,,,,2025-11-08 11:56:50,,True,admin
2943,PRYG002785,2023,YG010,False,,,,,2025-11-08 13:49:07,,True,admin
2944,PRYG002786,2025,YG007,False,,,,,2025-11-08 17:28:43,,True,admin
2945,PRYG002787,2015,YG018,False,,,,,2025-11-08 17:41:23,,True,admin
2946,PRYG002788,2022,YG018,False,,,,,2025-11-08 20:22:41,,True,admin
2947,PRYG002789,2023,YG018,False,,,,,2025-11-08 20:25:06,,True,admin
2948,PRYG002790,2023,YG018,False,,,,,2025-11-08 20:29:36,,True,admin
2949,PRYG002791,2022,YG018,False,,,,,2025-11-08 20:32:35,,True,admin
2950,PRYG002792,2025,YG018,False,,,,,2025-11-08 22:12:28,,True,admin
2951,PRYG002793,2025,YG018,False,,,,,2025-11-08 22:17:09,,True,admin
2952,PRYG002794,2025,YG018,False,,,,,2025-11-08 22:18:55,,True,admin
2953,PRYG002795,2025,YG018,False,,,,,2025-11-08 22:21:19,,True,admin
2954,PRYG002796,2025,YG018,False,,,,,2025-11-08 22:23:43,,True,admin
2955,PRYG002797,2025,YG018,False,,,,,2025-11-08 22:25:56,,True,admin
2956,PRYG002798,2025,YG018,False,,,,,2025-11-08 22:28:03,,True,admin
2957,PRYG002799,2025,YG018,False,,,,,2025-11-08 22:32:43,,True,admin
2958,PRYG002800,2025,YG018,False,,,,,2025-11-08 22:34:43,,True,admin
2959,PRYG002801,2025,YG018,False,,,,,2025-11-08 22:37:14,,True,admin
2960,PRYG002802,2025,YG018,False,,,,,2025-11-08 22:38:59,,True,admin
2961,PRYG002803,2025,YG002,False,,,,,2025-11-09 15:19:41,,True,admin
2962,PRYG002804,2025,YG002,False,,,,,2025-11-09 15:21:48,,True,admin
2963,PRYG002805,2025,YG002,False,,,,,2025-11-09 15:23:17,,True,admin
2964,PRYG002806,2025,YG002,False,,,,,2025-11-09 15:26:22,,True,admin
2965,PRYG002807,2025,YG002,False,,,,,2025-11-09 15:27:57,,True,admin
2966,PRYG002808,2025,YG002,False,,,,,2025-11-09 15:29:40,,True,admin
2967,PRYG002809,2025,YG002,False,,,,,2025-11-09 15:31:05,,True,admin
2968,PRYG002810,2025,YG002,False,,,,,2025-11-09 18:05:54,,True,admin
2969,PRYG002811,2023,YG002,False,,,,,2025-11-09 18:08:18,,True,admin
2970,PRYG002812,2025,YG002,False,,,,,2025-11-09 18:10:53,,True,admin
2971,PRYG002813,2024,YG002,False,,,,,2025-11-09 18:12:33,,True,admin
2972,PRYG002814,2022,YG002,False,,,,,2025-11-09 18:14:45,,True,admin
2973,PRYG002815,2024,YG022,False,,,,,2025-11-10 12:40:38,,True,admin
2974,PRYG002816,2024,YG022,False,,,,,2025-11-10 12:42:39,,True,admin
2975,PRYG002817,2024,YG022,False,,,,,2025-11-10 12:44:35,,True,admin
2976,PRYG002818,2025,YG018,False,,,,,2025-11-10 19:05:12,,True,admin
2977,PRYG002819,2025,YG018,False,,,,,2025-11-10 19:07:26,,True,admin
2978,PRYG002820,2025,YG018,False,,,,,2025-11-10 19:08:37,,True,admin
2979,PRYG002821,2023,YG019,False,,,,,2025-11-11 12:43:57,,True,admin
2980,PRYG002822,2023,YG019,False,,,,,2025-11-11 12:45:29,,True,admin
2981,PRYG002823,2015,YG019,False,,,,,2025-11-11 13:37:24,,True,admin
2982,PRYG002824,2019,YG019,False,,,,,2025-11-11 13:39:32,,True,admin
2983,PRYG002825,2025,YG006,False,,,,,2025-11-11 13:42:41,,True,admin
2984,PRYG002826,2025,YG018,False,,,,,2025-11-11 13:49:25,,True,admin
2985,PRYG002827,2025,YG006,False,,,,,2025-11-11 14:18:59,,True,admin
2986,PRYG002828,2024,YG006,False,,,,,2025-11-11 15:09:21,,True,admin
2987,PRYG002829,2021,YG019,False,,,,,2025-11-11 16:54:22,,True,admin
2988,PRYG002830,2019,YG019,False,,,,,2025-11-11 18:21:19,,True,admin
2989,PRYG002831,2025,YG022,False,,,,,2025-11-13 07:06:23,,True,admin
2990,PRYG002832,2025,YG022,False,,,,,2025-11-13 13:58:35,,True,admin
2991,PRYG002833,2020,YG022,False,,,,,2025-11-13 19:12:49,,True,admin
2992,PRYG002834,2025,YG010,False,,,,,2025-11-13 19:25:10,,True,admin
2993,PRYG002835,2025,YG022,False,,,,,2025-11-13 21:49:38,,True,admin
2994,PRYG002836,2025,YG011,False,,,,,2025-11-13 22:42:51,,True,admin
2995,PRYG002837,2024,YG022,False,,,,,2025-12-09 16:52:39,,True,admin
2996,PRYG002838,2023,YG022,False,,,,,2025-12-09 17:00:15,,True,admin
2997,PRYG002839,2021,YG022,False,,,,,2025-12-09 17:06:58,,True,admin
2998,PRYG002840,2024,YG022,False,,,,,2025-12-09 17:09:25,,True,admin
2999,PRYG002841,2019,YG022,False,,,,,2025-12-09 17:33:39,,True,admin
3000,PRYG002842,2023,YG022,False,,,,,2025-12-09 17:45:26,,True,admin
3001,PRYG002843,2023,YG022,False,,,,,2025-12-09 17:50:51,,True,admin
3003,PRYG002844,2021,YG022,False,,,,,2025-12-09 18:08:01,,True,admin
3004,PRYG002845,2023,YG022,False,,,,,2025-12-09 20:51:52,,True,admin
3005,PRYG002846,2021,YG022,False,,,,,2025-12-09 20:56:37,,True,admin
3006,PRYG002847,2025,YG022,False,,,,,2025-12-10 15:43:56,,True,admin
3007,PRYG002848,2024,YG016,False,,,,,2026-01-23 12:08:47,,True,admin
3008,PRYG002849,2025,YG016,False,,,,,2026-01-23 12:21:47,,True,admin
3009,PRYG002850,2024,YG004,False,,,,,2026-01-23 12:38:16,,True,admin
3010,PRYG002851,2019,YG021,False,,,,,2026-01-23 14:52:14,,True,admin
3012,PRYG002852,2025,YG021,False,,,,,2026-01-23 15:00:55,,True,admin
3013,PRYG002853,2025,YG004,False,,,,,2026-01-23 15:12:44,,True,admin
3014,PRYG002854,2025,YG021,False,,,,,2026-01-23 15:17:51,,True,admin
3015,PRYG002855,2011,YG024,False,,,,,2026-01-23 16:47:13,,True,admin
3016,PRYG002856,2024,YG019,False,,,,,2026-01-23 19:49:32,,True,admin
3017,PRYG002857,2025,YG019,False,,,,,2026-01-23 19:50:03,,True,admin
3018,PRYG002858,2025,YG011,False,,,,,2026-01-23 20:05:22,,True,admin
3019,PRYG002859,2025,YG011,False,,,,,2026-01-23 20:07:40,,True,admin
3020,PRYG002860,2025,YG011,False,,,,,2026-01-23 20:09:28,,True,admin
3021,PRYG002861,2025,YG011,False,,,,,2026-01-23 20:11:40,,True,admin
3022,PRYG002862,2025,YG015,False,,,,,2026-01-23 20:47:52,,True,admin
3023,PRYG002863,2025,YG015,False,,,,,2026-01-23 20:57:49,,True,admin
3024,PRYG002864,2025,YG015,False,,,,,2026-01-23 20:57:51,,True,admin
3025,PRYG002865,2025,YG015,False,,,,,2026-01-24 05:39:15,,True,admin
3026,PRYG002866,2025,YG002,False,,,,,2026-01-24 16:17:17,,True,admin
3027,PRYG002867,2019,YG002,False,,,,,2026-01-24 16:26:57,,True,admin
3028,PRYG002868,2025,YG002,False,,,,,2026-01-24 16:29:53,,True,admin
3029,PRYG002869,2025,YG002,False,,,,,2026-01-24 16:29:56,,True,admin
3030,PRYG002870,2025,YG002,False,,,,,2026-01-24 17:04:22,,True,admin
3031,PRYG002871,2025,YG002,False,,,,,2026-01-24 17:09:23,,True,admin
3033,PRYG002873,2023,YG010,False,,,,,2026-01-24 18:00:12,,True,admin
3034,PRYG002874,2025,YG010,False,,,,,2026-01-24 18:10:14,,True,admin
3035,PRYG002875,2016,YG010,False,,,,,2026-01-24 18:54:43,,True,admin
3036,PRYG002876,2022,YG010,False,,,,,2026-01-24 19:22:00,,True,admin
3037,PRYG002877,2022,YG012,False,,,,,2026-01-24 19:54:01,,True,admin
3038,PRYG002878,2017,YG010,False,,,,,2026-01-24 20:00:53,,True,admin
3039,PRYG002879,2010,YG009,False,,,,,2026-01-24 20:30:17,,True,admin
3040,PRYG002880,2016,YG007,False,,,,,2026-01-24 21:33:30,,True,admin
3041,PRYG002881,2014,YG007,False,,,,,2026-01-24 21:46:57,,True,admin
3042,PRYG002882,2017,YG007,False,,,,,2026-01-24 22:05:52,,True,admin
3043,PRYG002883,2017,YG007,False,,,,,2026-01-24 22:36:22,,True,admin
3044,PRYG002884,2022,YG009,False,,,,,2026-01-24 23:16:10,,True,admin
3045,PRYG002885,2025,YG030,False,,,,,2026-01-25 10:34:04,,True,admin
3046,PRYG002886,2019,YG024,False,,,,,2026-01-25 10:51:02,,True,admin
3047,PRYG002887,2024,YG030,False,,,,,2026-01-25 11:40:53,,True,admin
3048,PRYG002888,2020,YG024,False,,,,,2026-01-25 11:47:17,,True,admin
3049,PRYG002889,2025,YG030,False,,,,,2026-01-25 11:49:16,,True,admin
3050,PRYG002890,2025,YG030,False,,,,,2026-01-25 13:44:59,,True,admin
3051,PRYG002891,2023,YG030,False,,,,,2026-01-25 13:54:04,,True,admin
3052,PRYG002892,2023,YG009,False,,,,,2026-01-25 13:59:29,,True,admin
3053,PRYG002893,2025,YG014,False,,,,,2026-01-25 14:16:28,,True,admin
3054,PRYG002894,2023,YG014,False,,,,,2026-01-25 14:20:21,,True,admin
3055,PRYG002895,2025,YG014,False,,,,,2026-01-25 14:26:11,,True,admin
3056,PRYG002896,2025,YG014,False,,,,,2026-01-25 14:26:36,,True,admin
3059,PRYG002898,2025,YG022,False,,,,,2026-01-25 15:19:18,,True,admin
3060,PRYG002899,2025,YG022,False,,,,,2026-01-25 15:20:17,,True,admin
3061,PRYG002900,2025,YG022,False,,,,,2026-01-25 15:47:05,,True,admin
3062,PRYG002901,2025,YG022,False,,,,,2026-01-25 16:21:37,,True,admin
3063,PRYG002902,2017,YG027,False,,,,,2026-01-25 17:12:32,,True,admin
3064,PRYG002903,2015,YG024,False,,,,,2026-01-25 18:20:15,,True,admin
3065,PRYG002904,2025,YG023,False,,,,,2026-01-25 18:40:43,,True,admin
3066,PRYG002905,2025,YG023,False,,,,,2026-01-25 19:57:46,,True,admin
3067,PRYG002906,2014,YG023,False,,,,,2026-01-25 22:47:05,,True,admin
3068,PRYG002907,2000,YG023,False,,,,,2026-01-25 22:51:28,,True,admin
3069,PRYG002908,2018,YG023,False,,,,,2026-01-25 22:59:13,,True,admin
3070,PRYG002909,2011,YG025,False,,,,,2026-01-26 13:57:47,,True,admin
3071,PRYG002910,2003,YG025,False,,,,,2026-01-26 14:16:17,,True,admin
3072,PRYG002911,2019,YG014,False,,,,,2026-01-26 14:26:47,,True,admin
3073,PRYG002912,2006,YG025,False,,,,,2026-01-26 14:47:06,,True,admin
3074,PRYG002913,2025,YG006,False,,,,,2026-01-26 15:58:12,,True,admin
3075,PRYG002914,2025,YG003,False,,,,,2026-01-26 16:18:16,,True,admin
3076,PRYG002915,2019,YG003,False,,,,,2026-01-26 16:26:28,,True,admin
3078,PRYG002917,2023,YG003,False,,,,,2026-01-26 17:31:54,,True,admin
3079,PRYG002918,2017,YG003,False,,,,,2026-01-26 18:05:39,,True,admin
3080,PRYG002919,2025,YG003,False,,,,,2026-01-26 19:00:27,,True,admin
3081,PRYG002920,2018,YG025,False,,,,,2026-01-26 19:04:09,,True,admin
3082,PRYG002921,2020,YG025,False,,,,,2026-01-26 19:07:22,,True,admin
3083,PRYG002922,2015,YG003,False,,,,,2026-01-26 19:09:21,,True,admin
3084,PRYG002923,2023,YG013,False,,,,,2026-01-26 21:24:35,,True,admin
3085,PRYG002924,2025,YG013,False,,,,,2026-01-26 22:58:56,,True,admin
3086,PRYG002925,2025,YG013,False,,,,,2026-01-26 23:24:59,,True,admin
3087,PRYG002926,2025,YG006,False,,,,,2026-01-27 07:47:13,,True,admin
3088,PRYG002927,2025,YG009,False,,,,,2026-01-29 00:17:18,,True,admin
3089,PRYG002928,2022,YG026,False,,,,,2026-01-29 12:23:50,,True,admin
3090,PRYG002929,1996,YG003,False,,,,,2026-01-30 08:18:05,,True,admin
3011,PRYG002930,2025,YG004,False,,,,,2026-01-23 14:59:38,,True,admin
597,PRYG002931,2025,YG016,False,,,,,2025-02-01 23:13:34,,True,admin
597,PRYG002932,2018,YG003,False,,,,,2025-03-31 14:55:49,,True,admin
2191,PRYG002933,2020,YG003,False,,,,,2025-03-31 14:16:09,,True,admin
598,PRYG002934,2020,YG016,False,,,,,2025-02-01 23:15:04,,True,admin
598,PRYG002935,2020,YG003,False,,,,,2025-03-30 15:21:59,,True,admin
805,PRYG002937,2006,YG002,False,,,,,2025-02-06 13:23:06,,True,admin
1255,PRYG002938,2023,YG022,False,,,,,2025-03-01 14:25:20,,True,admin
90,PRYG002939,2024,YG024,False,,,,,2025-01-31 11:14:24,,True,admin
90,PRYG002940,2025,YG005,False,,,,,2025-09-10 23:28:12,,True,admin
90,PRYG002941,2025,YG011,False,,,,,2025-11-04 18:10:48,,True,admin
271,PRYG002942,2015,YG015,False,,,,,2025-01-31 11:17:40,,True,admin
2363,PRYG002943,2023,YG019,False,,,,,2025-05-02 21:54:16,,True,admin
2776,PRYG002944,2018,YG022,False,,,,,2025-11-01 14:20:17,,True,admin
2912,PRYG002945,2012,YG024,False,,,,,2025-11-05 12:50:56,,True,admin
2778,PRYG002946,2023,YG022,False,,,,,2025-11-01 14:23:22,,True,admin
245,PRYG002947,2022,YG015,False,,,,,2025-01-31 11:16:48,,True,admin
141,PRYG002948,2007,YG012,False,,,,,2025-01-31 11:14:59,,True,admin
1281,PRYG002949,2007,YG002,False,,,,,2025-03-05 08:22:07,,True,admin
1253,PRYG002950,2016,YG012,False,,,,,2025-03-01 12:50:05,,True,admin
1272,PRYG002953,2003,YG024,False,,,,,2025-03-04 12:51:54,,True,admin
254,PRYG002954,2024,YG006,False,,,,,2025-01-31 11:17:01,,True,admin
680,PRYG002955,2019,YG006,False,,,,,2025-02-03 02:09:11,,True,admin
635,PRYG002956,2024,YG006,False,,,,,2025-02-02 11:15:34,,True,admin
1391,PRYG002957,2018,YG022,False,,,,,2025-03-11 10:52:37,,True,admin
1126,PRYG002958,2015,YG006,False,,,,,2025-02-23 14:17:18,,True,admin
0,PRYG002959,2014,YG005,False,,,,,2025-01-31 11:12:11,,True,admin
364,PRYG002960,2015,YG024,False,,,,,2025-01-31 19:56:06,,True,admin
1405,PRYG002961,2024,YG022,False,,,,,2025-03-11 11:43:48,,True,admin
1405,PRYG002962,,YG008,True,,,,,2026-05-25 19:02:52,,True,admin
594,PRYG002963,2017,YG003,False,,,,,2025-02-01 22:59:31,,True,admin
857,PRYG002964,2022,YG022,False,,,,,2025-02-10 23:06:04,,True,admin
2581,PRYG002965,2024,YG022,False,,,,,2025-08-09 09:45:05,,True,admin
2580,PRYG002966,2022,YG022,False,,,,,2025-08-09 09:44:53,,True,admin
2582,PRYG002967,2022,YG022,False,,,,,2025-08-09 09:46:00,,True,admin
2583,PRYG002968,2023,YG022,False,,,,,2025-08-09 09:46:25,,True,admin
2584,PRYG002969,2023,YG022,False,,,,,2025-08-09 09:47:19,,True,admin
2585,PRYG002970,2024,YG022,False,,,,,2025-08-09 09:47:23,,True,admin
2586,PRYG002971,2024,YG022,False,,,,,2025-08-09 09:48:06,,True,admin
2587,PRYG002972,2024,YG022,False,,,,,2025-08-09 09:48:12,,True,admin
2588,PRYG002973,2023,YG022,False,,,,,2025-08-09 09:49:00,,True,admin
2589,PRYG002974,2022,YG022,False,,,,,2025-08-09 09:49:26,,True,admin
2590,PRYG002975,2022,YG022,False,,,,,2025-08-09 09:49:28,,True,admin
2591,PRYG002976,2024,YG022,False,,,,,2025-08-09 09:53:03,,True,admin
2592,PRYG002977,2022,YG022,False,,,,,2025-08-09 09:53:16,,True,admin
2593,PRYG002978,2022,YG022,False,,,,,2025-08-09 09:55:00,,True,admin
2594,PRYG002979,2024,YG022,False,,,,,2025-08-09 09:55:42,,True,admin
2595,PRYG002980,2024,YG022,False,,,,,2025-08-09 10:05:38,,True,admin
2596,PRYG002981,2024,YG022,False,,,,,2025-08-09 10:11:35,,True,admin
2597,PRYG002982,2023,YG022,False,,,,,2025-08-09 10:14:02,,True,admin
2598,PRYG002983,2023,YG022,False,,,,,2025-08-09 10:24:10,,True,admin
724,PRYG002985,2018,YG022,False,,,,,2025-02-03 16:42:55,,True,admin
682,PRYG002986,2017,YG022,False,,,,,2025-02-03 12:12:02,,True,admin
2686,PRYG003009,2025,YG022,False,,,,,2025-09-27 21:24:55,,True,admin
2670,PRYG003010,2025,YG022,False,,,,,2025-09-27 17:35:35,,True,admin
2482,PRYG003011,2022,YG022,False,,,,,2025-06-10 14:31:43,,True,admin
2488,PRYG003012,2025,YG022,False,,,,,2025-06-10 14:49:40,,True,admin
2615,PRYG003013,2021,YG022,False,,,,,2025-08-09 22:27:02,,True,admin
2656,PRYG003014,2025,YG022,False,,,,,2025-09-24 07:35:26,,True,admin
2654,PRYG003015,2025,YG022,False,,,,,2025-09-24 07:31:20,,True,admin
2663,PRYG003016,2024,YG022,False,,,,,2025-09-24 09:09:59,,True,admin
748,PRYG003017,2022,YG022,False,,,,,2025-02-04 00:17:11,,True,admin
2667,PRYG003018,2021,YG022,False,,,,,2025-09-24 22:13:22,,True,admin
746,PRYG003019,2015,YG022,False,,,,,2025-02-03 22:17:59,,True,admin
2691,PRYG003020,2022,YG022,False,,,,,2025-09-28 11:59:52,,True,admin
2489,PRYG003021,2025,YG022,False,,,,,2025-06-10 14:57:28,,True,admin
2491,PRYG003022,2025,YG022,False,,,,,2025-06-10 16:59:59,,True,admin
2699,PRYG003023,2025,YG022,False,,,,,2025-10-10 10:51:59,,True,admin
2711,PRYG003024,2025,YG022,False,,,,,2025-10-25 20:09:51,,True,admin
2712,PRYG003025,2025,YG022,False,,,,,2025-10-25 20:39:50,,True,admin
2660,PRYG003026,2020,YG022,False,,,,,2025-09-24 07:44:17,,True,admin
760,PRYG003027,2019,YG022,False,,,,,2025-02-04 11:26:40,,True,admin
728,PRYG003028,2022,YG022,False,,,,,2025-02-03 17:06:59,,True,admin
1441,PRYG003029,2018,YG022,False,,,,,2025-03-11 17:15:49,,True,admin
2728,PRYG003030,2019,YG022,False,,,,,2025-10-30 10:57:12,,True,admin
2938,PRYG003031,2017,YG022,False,,,,,2025-11-07 22:52:58,,True,admin
703,PRYG003032,2024,YG022,False,,,,,2025-02-03 14:14:32,,True,admin
565,PRYG003033,2011,YG022,False,,,,,2025-02-01 21:24:12,,True,admin
683,PRYG003034,2024,YG022,False,,,,,2025-02-03 12:13:16,,True,admin
686,PRYG003035,2020,YG022,False,,,,,2025-02-03 12:21:05,,True,admin
687,PRYG003036,2020,YG022,False,,,,,2025-02-03 12:23:56,,True,admin
2859,PRYG003037,2019,YG022,False,,,,,2025-11-03 15:29:59,,True,admin
533,PRYG003038,2014,YG022,False,,,,,2025-02-01 20:45:18,,True,admin
580,PRYG003040,2023,YG022,False,,,,,2025-02-01 22:10:49,,True,admin
581,PRYG003041,2022,YG022,False,,,,,2025-02-01 22:16:10,,True,admin
535,PRYG003042,2020,YG022,False,,,,,2025-02-01 20:47:03,,True,admin
2720,PRYG003043,2022,YG022,False,,,,,2025-10-29 10:39:31,,True,admin
2816,PRYG003044,2025,YG022,False,,,,,2025-11-01 19:10:35,,True,admin
685,PRYG003045,2018,YG022,False,,,,,2025-02-03 12:17:32,,True,admin
2121,PRYG003046,2018,YG022,False,,,,,2025-03-29 19:03:14,,True,admin
525,PRYG003047,2018,YG022,False,,,,,2025-02-01 20:43:02,,True,admin
2870,PRYG003048,2023,YG022,False,,,,,2025-11-03 22:29:57,,True,admin
2235,PRYG003049,2021,YG022,False,,,,,2025-04-05 19:41:37,,True,admin
731,PRYG003050,2025,YG022,False,,,,,2025-02-03 18:02:45,,True,admin
698,PRYG003051,2017,YG022,False,,,,,2025-02-03 13:12:10,,True,admin
718,PRYG003052,2019,YG022,False,,,,,2025-02-03 15:40:24,,True,admin
2846,PRYG003053,2024,YG022,False,,,,,2025-11-02 21:38:50,,True,admin
1426,PRYG003055,2017,YG022,False,,,,,2025-03-11 15:01:15,,True,admin
727,PRYG003056,2024,YG022,False,,,,,2025-02-03 16:58:29,,True,admin
692,PRYG003057,2018,YG022,False,,,,,2025-02-03 12:46:04,,True,admin
743,PRYG003058,2021,YG022,False,,,,,2025-02-03 20:49:37,,True,admin
2657,PRYG003059,2023,YG022,False,,,,,2025-09-24 07:39:52,,True,admin
1393,PRYG003060,2016,YG022,False,,,,,2025-03-11 10:55:00,,True,admin
2700,PRYG003061,2020,YG022,False,,,,,2025-10-10 10:53:48,,True,admin
2685,PRYG003062,2022,YG022,False,,,,,2025-09-27 21:17:46,,True,admin
2481,PRYG003063,2023,YG022,False,,,,,2025-06-10 14:24:30,,True,admin
776,PRYG003064,2022,YG022,False,,,,,2025-02-04 18:21:59,,True,admin
779,PRYG003065,2022,YG022,False,,,,,2025-02-04 18:53:28,,True,admin
1437,PRYG003066,2015,YG022,False,,,,,2025-03-11 16:14:12,,True,admin
2122,PRYG003067,2025,YG022,False,,,,,2025-03-29 21:47:52,,True,admin
2238,PRYG003068,2022,YG022,False,,,,,2025-04-05 20:07:12,,True,admin
3058,PRYG003069,2025,YG022,False,,,,,2026-01-25 15:18:01,,True,admin
1056,PRYG003070,2025,YG005,False,,,,,2025-02-21 17:47:04,,True,admin
602,PRYG003071,2015,YG022,False,,,,,2025-02-01 23:40:39,,True,admin
2835,PRYG003072,2022,YG022,False,,,,,2025-11-02 13:45:07,,True,admin
754,PRYG003073,2019,YG022,False,,,,,2025-02-04 11:20:51,,True,admin
756,PRYG003074,2023,YG022,False,,,,,2025-02-04 11:23:29,,True,admin
758,PRYG003075,2023,YG022,False,,,,,2025-02-04 11:25:43,,True,admin
3113,PRYG003076,2025,YG022,False,,,,,2025-11-17 15:13:05,,True,admin
3114,PRYG003077,2023,YG022,False,,,,,2025-11-17 15:42:44,,True,admin
3115,PRYG003078,2023,YG022,False,,,,,2025-11-17 15:44:46,,True,admin
3116,PRYG003079,2023,YG022,False,,,,,2025-11-18 09:24:38,,True,admin
3117,PRYG003080,2024,YG022,False,,,,,2025-11-18 09:28:54,,True,admin
3118,PRYG003081,2024,YG022,False,,,,,2025-11-18 09:31:17,,True,admin
3119,PRYG003082,2025,YG022,False,,,,,2025-11-18 09:44:27,,True,admin
3120,PRYG003083,2023,YG022,False,,,,,2025-11-18 10:50:41,,True,admin
3121,PRYG003084,2020,YG022,False,,,,,2025-11-19 08:52:39,,True,admin
3122,PRYG003085,2025,YG022,False,,,,,2025-11-19 08:56:52,,True,admin
3123,PRYG003086,2025,YG022,False,,,,,2025-11-19 10:22:46,,True,admin
3124,PRYG003087,2025,YG022,False,,,,,2025-11-19 10:28:12,,True,admin
3125,PRYG003088,2024,YG022,False,,,,,2025-11-19 14:31:23,,True,admin
3126,PRYG003089,2025,YG022,False,,,,,2025-11-19 17:01:11,,True,admin
3127,PRYG003090,2025,YG022,False,,,,,2025-11-19 22:48:46,,True,admin
3128,PRYG003091,2024,YG022,False,,,,,2025-11-19 23:23:59,,True,admin
3129,PRYG003092,2025,YG022,False,,,,,2025-11-19 23:41:23,,True,admin
3130,PRYG003093,2025,YG022,False,,,,,2025-11-20 07:00:47,,True,admin
3131,PRYG003094,2025,YG022,False,,,,,2025-11-20 08:54:25,,True,admin
3133,PRYG003095,2024,YG022,False,,,,,2025-11-20 15:44:45,,True,admin
3134,PRYG003096,2025,YG022,False,,,,,2025-11-27 12:59:52,,True,admin
3135,PRYG003097,2024,YG022,False,,,,,2025-11-27 15:58:01,,True,admin
3136,PRYG003098,2024,YG022,False,,,,,2025-11-27 16:00:34,,True,admin
3137,PRYG003099,2025,YG022,False,,,,,2025-11-27 16:11:52,,True,admin
3138,PRYG003100,2025,YG022,False,,,,,2025-11-27 17:25:05,,True,admin
3139,PRYG003101,2025,YG022,False,,,,,2025-11-27 17:42:57,,True,admin
3140,PRYG003102,2025,YG022,False,,,,,2025-11-27 17:44:59,,True,admin
3141,PRYG003103,2023,YG022,False,,,,,2025-11-27 21:24:48,,True,admin
3142,PRYG003104,2024,YG022,False,,,,,2025-11-27 21:40:48,,True,admin
3143,PRYG003105,2024,YG022,False,,,,,2025-11-27 21:44:38,,True,admin
3144,PRYG003106,2022,YG022,False,,,,,2025-11-27 21:47:34,,True,admin
3145,PRYG003107,2025,YG022,False,,,,,2025-11-27 21:50:37,,True,admin
3146,PRYG003108,2024,YG022,False,,,,,2025-11-27 21:56:59,,True,admin
3147,PRYG003109,2023,YG022,False,,,,,2025-11-27 22:15:22,,True,admin
3148,PRYG003110,2023,YG022,False,,,,,2025-11-27 22:15:25,,True,admin
3149,PRYG003111,2025,YG022,False,,,,,2025-11-28 08:40:52,,True,admin
3150,PRYG003112,2025,YG022,False,,,,,2025-11-28 15:13:17,,True,admin
3151,PRYG003113,2025,YG022,False,,,,,2025-11-28 15:18:48,,True,admin
3152,PRYG003114,2022,YG022,False,,,,,2025-11-28 21:19:57,,True,admin
3153,PRYG003115,2024,YG022,False,,,,,2026-02-22 17:33:46,,True,admin
3154,PRYG003116,2025,YG022,False,,,,,2026-03-05 15:37:36,,True,admin
3155,PRYG003117,2019,YG022,False,,,,,2026-03-14 19:21:16,,True,admin
2485,PRYG003118,2023,YG022,False,,,,,2025-06-10 14:36:18,,True,admin
3002,PRYG003119,2020,YG022,False,,,,,2025-12-09 18:03:22,,True,admin
2676,PRYG003120,2023,YG022,False,,,,,2025-09-27 18:32:17,,True,admin
2726,PRYG003121,2024,YG022,False,,,,,2025-10-29 15:22:42,,True,admin
2599,PRYG003122,2021,YG022,False,,,,,2025-08-09 10:25:25,,True,admin
2602,PRYG003125,2021,YG022,False,,,,,2025-08-09 20:50:26,,True,admin
526,PRYG003126,2011,YG022,False,,,,,2025-02-01 20:43:09,,True,admin
2606,PRYG003128,2020,YG022,False,,,,,2025-08-09 20:57:29,,True,admin
2708,PRYG003129,2025,YG022,False,,,,,2025-10-19 19:15:44,,True,admin
2709,PRYG003130,2025,YG022,False,,,,,2025-10-19 19:21:05,,True,admin
3132,PRYG003131,2025,YG022,False,,,,,2025-11-20 14:00:34,,True,admin
2679,PRYG003132,2024,YG022,False,,,,,2025-09-27 20:52:33,,True,admin
2492,PRYG003133,2022,YG022,False,,,,,2025-06-10 17:37:39,,True,admin
2573,PRYG003134,2023,YG022,False,,,,,2025-07-10 05:07:41,,True,admin
1050,PRYG003135,2021,YG023,False,,,,,2025-02-20 16:54:29,,True,admin
2447,PRYG003136,2021,YG025,False,,,,,2025-05-28 09:08:20,,True,admin
1833,PRYG003137,2018,YG016,False,,,,,2025-03-19 15:15:48,,True,admin
194,PRYG003138,2018,YG014,False,,,,,2025-01-31 11:15:47,,True,admin
19,PRYG003139,2022,YG010,False,,,,,2025-01-31 11:13:04,,True,admin
483,PRYG003140,2024,YG017,False,,,,,2025-02-01 15:39:32,,True,admin
71,PRYG003141,2012,YG002,False,,,,,2025-01-31 11:13:56,,True,admin
71,PRYG003142,2021,YG023,False,,,,,2025-03-20 12:24:29,,True,admin
197,PRYG003143,2022,YG011,False,,,,,2025-01-31 11:15:50,,True,admin
412,PRYG003144,2023,YG011,False,,,,,2025-02-01 13:19:33,,True,admin
43,PRYG003145,2013,YG023,False,,,,,2025-01-31 11:13:28,,True,admin
258,PRYG003146,2007,YG003,False,,,,,2025-01-31 11:17:10,,True,admin
1058,PRYG003147,2023,YG005,False,,,,,2025-02-21 20:59:58,,True,admin
1274,PRYG003149,2021,YG014,False,,,,,2025-03-04 13:01:58,,True,admin
169,PRYG003150,2024,YG006,False,,,,,2025-01-31 11:15:32,,True,admin
1621,PRYG003151,2016,YG007,False,,,,,2025-03-15 20:14:08,,True,admin
1061,PRYG003152,2024,YG005,False,,,,,2025-02-21 21:32:01,,True,admin
81,PRYG003153,2017,YG016,False,,,,,2025-01-31 11:14:13,,True,admin
66,PRYG003154,2023,YG016,False,,,,,2025-01-31 11:13:50,,True,admin
498,PRYG003155,2017,YG011,False,,,,,2025-02-01 16:05:19,,True,admin
1851,PRYG003156,2014,YG023,False,,,,,2025-03-20 12:51:00,,True,admin
590,PRYG003157,2010,YG003,False,,,,,2025-02-01 22:43:40,,True,admin
37,PRYG003158,2023,YG005,False,,,,,2025-01-31 11:13:23,,True,admin
105,PRYG003159,2005,YG005,False,,,,,2025-01-31 11:14:35,,True,admin
1584,PRYG003160,2022,YG014,False,,,,,2025-03-14 18:13:40,,True,admin
101,PRYG003161,2013,YG003,False,,,,,2025-01-31 11:14:32,,True,admin
112,PRYG003162,2022,YG017,False,,,,,2025-01-31 11:14:40,,True,admin
1577,PRYG003163,2024,YG014,False,,,,,2025-03-14 16:51:29,,True,admin
187,PRYG003165,2004,YG012,False,,,,,2025-01-31 11:15:44,,True,admin
2217,PRYG003166,2025,YG023,False,,,,,2025-04-02 20:56:43,,True,admin
98,PRYG003167,2016,YG005,False,,,,,2025-01-31 11:14:28,,True,admin
128,PRYG003168,2016,YG005,False,,,,,2025-01-31 11:14:50,,True,admin
1826,PRYG003169,2024,YG014,False,,,,,2025-03-19 12:42:41,,True,admin
1826,PRYG003170,2025,YG017,False,,,,,2025-04-27 12:05:50,,True,admin
1310,PRYG003171,2014,YG003,False,,,,,2025-03-09 22:09:10,,True,admin
205,PRYG003172,2006,YG024,False,,,,,2025-01-31 11:15:57,,True,admin
77,PRYG003173,2010,YG019,False,,,,,2025-01-31 11:14:09,,True,admin
110,PRYG003174,2007,YG016,False,,,,,2025-01-31 11:14:39,,True,admin
15,PRYG003175,2024,YG023,False,,,,,2025-01-31 11:13:01,,True,admin
167,PRYG003177,2019,YG011,False,,,,,2025-01-31 11:15:27,,True,admin
480,PRYG003178,2021,YG017,False,,,,,2025-02-01 15:25:08,,True,admin
195,PRYG003179,2021,YG023,False,,,,,2025-01-31 11:15:47,,True,admin
272,PRYG003180,2024,YG014,False,,,,,2025-01-31 11:17:41,,True,admin
298,PRYG003181,2015,YG011,False,,,,,2025-01-31 11:18:44,,True,admin
221,PRYG003182,2021,YG023,False,,,,,2025-01-31 11:16:14,,True,admin
91,PRYG003183,2022,YG017,False,,,,,2025-01-31 11:14:25,,True,admin
151,PRYG003184,2014,YG003,False,,,,,2025-01-31 11:15:07,,True,admin
76,PRYG003185,2024,YG017,False,,,,,2025-01-31 11:14:05,,True,admin
2303,PRYG003186,2024,YG023,False,,,,,2025-04-28 00:04:55,,True,admin
1988,PRYG003187,2023,YG014,False,,,,,2025-03-22 19:24:12,,True,admin
264,PRYG003188,2024,YG003,False,,,,,2025-01-31 11:17:17,,True,admin
1264,PRYG003189,2022,YG011,False,,,,,2025-03-01 19:37:37,,True,admin
1855,PRYG003190,2015,YG023,False,,,,,2025-03-20 14:44:03,,True,admin
145,PRYG003191,2017,YG006,False,,,,,2025-01-31 11:15:01,,True,admin
315,PRYG003192,2018,YG003,False,,,,,2025-01-31 11:22:37,,True,admin
310,PRYG003193,2022,YG014,False,,,,,2025-01-31 11:20:08,,True,admin
391,PRYG003194,2019,YG003,False,,,,,2025-02-01 08:43:18,,True,admin
1315,PRYG003195,2022,YG014,False,,,,,2025-03-10 14:29:55,,True,admin
2306,PRYG003196,2023,YG014,False,,,,,2025-04-30 14:40:21,,True,admin
137,PRYG003197,2021,YG005,False,,,,,2025-01-31 11:14:57,,True,admin
263,PRYG003198,2021,YG005,False,,,,,2025-01-31 11:17:16,,True,admin
611,PRYG003199,2014,YG006,False,,,,,2025-02-02 10:18:23,,True,admin
1982,PRYG003200,2023,YG014,False,,,,,2025-03-22 19:04:27,,True,admin
163,PRYG003201,2000,YG010,False,,,,,2025-01-31 11:15:20,,True,admin
2869,PRYG003123,2022,YG022,False,,,,,2025-11-03 21:06:45,,True,admin
1737,PRYG001648,2021,YG027,False,,,,,2025-03-16 22:26:54,,True,admin
2210,PRYG002118,2016,YG023,False,,,,,2025-04-01 18:35:47,,True,admin
1143,PRYG001064,2023,YG016,False,,,,,2025-02-23 16:48:58,,True,admin
1547,PRYG001459,2015,YG026,False,,,,,2025-03-14 09:05:49,,True,admin
705,PRYG000647,2021,YG006,False,,,,,2025-02-03 14:23:56,,True,admin
186,PRYG000160,2009,YG007,False,,,,,2025-01-31 11:15:44,,True,admin
1479,PRYG001391,2019,YG019,False,,,,,2025-03-12 20:35:46,,True,admin
1507,PRYG001419,2020,YG010,False,,,,,2025-03-13 16:39:21,,True,admin
1427,PRYG001340,2021,YG022,False,,,,,2025-03-11 15:01:54,,True,admin
1464,PRYG002936,2023,YG003,False,,,,,2025-03-12 17:28:51,,True,admin
1649,PRYG001559,2022,YG001,False,,,,,2025-03-16 09:34:01,,True,admin
1245,PRYG001168,2015,YG007,False,,,,,2025-02-28 03:21:59,,True,admin
946,PRYG000872,2018,YG002,False,,,,,2025-02-16 23:34:41,,True,admin
2007,PRYG001917,2022,YG014,False,,,,,2025-03-22 20:51:25,,True,admin
1582,PRYG001493,2022,YG014,False,,,,,2025-03-14 17:26:25,,True,admin
1144,PRYG001065,2017,YG016,False,,,,,2025-02-23 16:48:59,,True,admin
293,PRYG000255,2018,YG003,False,,,,,2025-01-31 11:18:33,,True,admin
538,PRYG000494,2018,YG022,False,,,,,2025-02-01 20:49:57,,True,admin
693,PRYG000637,2016,YG022,False,,,,,2025-02-03 12:49:04,,True,admin
541,PRYG000497,2014,YG022,False,,,,,2025-02-01 20:51:51,,True,admin
2234,PRYG002142,2023,YG022,False,,,,,2025-04-05 19:39:30,,True,admin
690,PRYG003127,2014,YG022,False,,,,,2025-02-03 12:38:06,,True,admin
612,PRYG003054,2020,YG022,False,,,,,2025-02-02 10:19:52,,True,admin
233,PRYG000202,2015,YG022,False,,,,,2025-01-31 11:16:28,,True,admin
223,PRYG000192,2010,YG022,False,,,,,2025-01-31 11:16:16,,True,admin
2304,PRYG002209,2000,YG011,False,,,,,2025-04-28 18:12:07,,True,admin
2304,PRYG003210,2024,YG022,True,,,,,2026-05-25 19:02:52,,True,admin
1400,PRYG001315,2018,YG022,False,,,,,2025-03-11 11:25:56,,True,admin
241,PRYG000210,2013,YG022,False,,,,,2025-01-31 11:16:43,,True,admin
1256,PRYG001177,2018,YG022,False,,,,,2025-03-01 14:46:42,,True,admin
762,PRYG000691,2015,YG002,False,,,,,2025-02-04 13:52:51,,True,admin
1630,PRYG001539,2022,YG007,False,,,,,2025-03-15 22:12:45,,True,admin
1466,PRYG001378,2022,YG019,False,,,,,2025-03-12 17:46:20,,True,admin
404,PRYG000362,2023,YG009,False,,,,,2025-02-01 12:23:59,,True,admin
540,PRYG000496,2020,YG022,False,,,,,2025-02-01 20:50:47,,True,admin
529,PRYG003124,2021,YG022,False,,,,,2025-02-01 20:43:43,,True,admin
542,PRYG000498,2022,YG022,False,,,,,2025-02-01 20:56:13,,True,admin
966,PRYG000890,2021,YG010,False,,,,,2025-02-18 13:31:59,,True,admin
124,PRYG003148,2013,YG005,False,,,,,2025-01-31 11:14:47,,True,admin
1408,PRYG001322,2023,YG013,False,,,,,2025-03-11 11:51:10,,True,admin
1622,PRYG001531,2010,YG007,False,,,,,2025-03-15 20:32:02,,True,admin
929,PRYG000855,2023,YG002,False,,,,,2025-02-16 23:03:25,,True,admin
2480,PRYG002382,2025,YG006,False,,,,,2025-06-09 17:38:08,,True,admin
1214,PRYG001135,2021,YG021,False,,,,,2025-02-25 20:28:35,,True,admin
791,PRYG000718,2023,YG006,False,,,,,2025-02-05 17:12:40,,True,admin
278,PRYG000239,2007,YG003,False,,,,,2025-01-31 11:18:02,,True,admin
1569,PRYG001481,2020,YG030,False,,,,,2025-03-14 12:41:23,,True,admin
2277,PRYG002183,2020,YG003,False,,,,,2025-04-21 15:15:50,,True,admin
59,PRYG000054,2020,YG004,False,,,,,2025-01-31 11:13:46,,True,admin
267,PRYG003176,2014,YG003,False,,,,,2025-01-31 11:17:21,,True,admin
2851,PRYG002698,2023,YG026,False,,,,,2025-11-03 00:02:06,,True,admin
1308,PRYG001225,2019,YG007,False,,,,,2025-03-09 20:05:01,,True,admin
1165,PRYG001086,2017,YG020,False,,,,,2025-02-23 19:35:32,,True,admin
1314,PRYG001230,2010,YG016,False,,,,,2025-03-10 14:23:29,,True,admin
400,PRYG000358,2017,YG009,False,,,,,2025-02-01 12:13:29,,True,admin
587,PRYG000543,2014,YG003,False,,,,,2025-02-01 22:40:21,,True,admin
2080,PRYG001990,2023,YG014,False,,,,,2025-03-27 20:53:21,,True,admin
1518,PRYG001430,2021,YG010,False,,,,,2025-03-13 18:23:57,,True,admin
2576,PRYG002471,2018,YG018,False,,,,,2025-07-15 11:53:26,,True,admin
871,PRYG000797,2017,YG002,False,,,,,2025-02-12 23:16:47,,True,admin
203,PRYG000174,2014,YG022,False,,,,,2025-01-31 11:15:55,,True,admin
2230,PRYG002138,2022,YG009,False,,,,,2025-04-04 22:09:12,,True,admin
318,PRYG000278,2023,YG030,False,,,,,2025-01-31 11:23:15,,True,admin
280,PRYG000241,2022,YG009,False,,,,,2025-01-31 11:18:06,,True,admin
2231,PRYG002139,2022,YG009,False,,,,,2025-04-04 22:09:38,,True,admin
401,PRYG000359,2022,YG009,False,,,,,2025-02-01 12:19:50,,True,admin
406,PRYG000364,1990,YG028,False,,,,,2025-02-01 12:34:29,,True,admin
204,PRYG000175,2022,YG027,False,,,,,2025-01-31 11:15:55,,True,admin
313,PRYG000274,2012,YG011,False,,,,,2025-01-31 11:21:26,,True,admin
375,PRYG000334,2012,YG027,False,,,,,2025-01-31 21:34:04,,True,admin
269,PRYG000232,2019,YG027,False,,,,,2025-01-31 11:17:34,,True,admin
604,PRYG000557,2022,YG022,False,,,,,2025-02-02 00:11:15,,True,admin
954,PRYG000879,2018,YG002,False,,,,,2025-02-17 15:34:07,,True,admin
843,PRYG000769,2011,YG010,False,,,,,2025-02-10 14:23:55,,True,admin
2065,PRYG001975,2014,YG025,False,,,,,2025-03-27 17:33:02,,True,admin
1531,PRYG001443,2015,YG010,False,,,,,2025-03-13 18:29:05,,True,admin
323,PRYG000283,2012,YG003,False,,,,,2025-01-31 11:29:09,,True,admin
933,PRYG000859,2016,YG002,False,,,,,2025-02-16 23:09:17,,True,admin
2229,PRYG002137,2021,YG009,False,,,,,2025-04-04 20:38:24,,True,admin
465,PRYG000426,2021,YG009,False,,,,,2025-02-01 14:59:02,,True,admin
790,PRYG000717,2022,YG009,False,,,,,2025-02-05 16:55:37,,True,admin
1201,PRYG001122,2021,YG021,False,,,,,2025-02-24 21:13:12,,True,admin
1385,PRYG001302,2023,YG013,False,,,,,2025-03-11 07:47:15,,True,admin
956,PRYG000881,2023,YG002,False,,,,,2025-02-17 15:39:54,,True,admin
1232,PRYG001154,2014,YG023,False,,,,,2025-02-27 18:03:13,,True,admin
1424,PRYG001338,2019,YG016,False,,,,,2025-03-11 14:45:00,,True,admin
1495,PRYG001407,2022,YG019,False,,,,,2025-03-13 01:31:19,,True,admin
253,PRYG000221,2013,YG030,False,,,,,2025-01-31 11:17:01,,True,admin
206,PRYG000176,2013,YG007,False,,,,,2025-01-31 11:15:57,,True,admin
3032,PRYG002872,2015,YG002,False,,,,,2026-01-24 17:45:48,,True,admin
1347,PRYG001262,2012,YG011,False,,,,,2025-03-10 15:59:32,,True,admin
3157,PRYG003218,2014,YG024,True,,,,,2024-11-02 15:18:54,,True,admin
3158,PRYG003222,2024,YG006,True,,,,,2024-03-01 12:12:39,,True,admin
3159,PRYG003229,2019,YG006,True,,,,,2024-02-28 23:04:44,,True,admin
3160,PRYG003236,2024,YG006,True,,,,,2024-03-02 01:00:18,,True,admin
870,PRYG000796,2017,YG002,False,,,,,2025-02-12 23:15:02,,True,admin
918,PRYG000844,2013,YG008,False,,,,,2025-02-16 15:32:27,,True,admin
713,PRYG000655,2021,YG022,False,,,,,2025-02-03 15:28:18,,True,admin
721,PRYG003039,2016,YG022,False,,,,,2025-02-03 15:57:39,,True,admin
138,PRYG003164,2008,YG019,False,,,,,2025-01-31 11:14:58,,True,admin
3161,PRYG003244,2017,YG022,True,,,,,2024-04-15 19:59:12,,True,admin
592,PRYG000547,2024,YG022,False,,,,,2025-02-01 22:58:19,,True,admin
232,PRYG000201,2018,YG022,False,,,,,2025-01-31 11:16:27,,True,admin
716,PRYG000658,2023,YG022,False,,,,,2025-02-03 15:34:05,,True,admin
3057,PRYG002897,2023,YG022,False,,,,,2026-01-25 15:16:45,,True,admin
2120,PRYG002029,2024,YG022,False,,,,,2025-03-29 18:07:08,,True,admin
689,PRYG000635,2024,YG022,False,,,,,2025-02-03 12:34:52,,True,admin
708,PRYG000650,2023,YG022,False,,,,,2025-02-03 14:48:20,,True,admin
674,PRYG000626,2018,YG022,False,,,,,2025-02-02 21:06:35,,True,admin
2119,PRYG002984,2017,YG022,False,,,,,2025-03-29 18:07:06,,True,admin
1442,PRYG001353,2017,YG022,False,,,,,2025-03-11 17:50:00,,True,admin
3162,PRYG003248,2023,YG022,True,,,,,2024-04-15 20:09:38,,True,admin
3163,PRYG003254,2023,YG022,True,,,,,2024-11-07 20:39:56,,True,admin
3164,PRYG003259,2014,YG022,True,,,,,2024-04-15 20:11:25,,True,admin
211,PRYG000181,2023,YG003,False,,,,,2025-01-31 11:16:02,,True,admin
1,PRYG002987,2019,YG022,False,,,,,2025-01-31 11:12:21,,True,admin
2537,PRYG002432,2024,YG023,False,,,,,2025-06-19 15:42:54,,True,admin
3077,PRYG002916,2014,YG003,False,,,,,2026-01-26 16:51:49,,True,admin
1399,PRYG001314,2016,YG022,False,,,,,2025-03-11 11:15:24,,True,admin
3156,PRYG003203,2016,YG012,True,,,,,2026-05-26 08:56:43,,True,admin
948,PRYG003202,2018,YG022,False,,,,,2025-02-17 13:17:50,,True,admin
988,PRYG000912,2018,YG010,False,,,,,2026-05-27 19:49:48,,True,admin
2808,PRYG002657,2019,YG019,False,,,,,2026-05-27 20:25:09,,True,admin
102,PRYG000088,2021,YG016,False,,,,,2026-05-27 20:28:08,,True,admin
3102,PRYG003308,2025,YG005,False,,,,,,,True,
3174,PRYG003309,2023,YG006,False,,,,,2026-05-28 19:42:09,,True,admin
177,PRYG000151,2004,YG002,False,,,,,2026-05-28 20:23:03,,True,admin
177,PRYG003306,2025,YG017,False,,,,,2026-05-28 20:23:03,,True,admin
3184,PRYG003307,2014,YG022,False,,,,,2026-05-28 20:23:50,,True,admin
3188,PRYG003314,1999,YG003,False,,,,,2026-05-29 13:40:34,,True,admin
3189,PRYG003315,2019,YG023,False,,,,,2026-05-29 13:44:42,,True,admin
3189,PRYG003316,2010,YG028,True,,,,,2026-05-29 13:44:42,,True,admin
3191,PRYG003317,2008,YG002,True,,,,,2026-05-29 14:00:26,,True,admin
3192,PRYG003318,2000,YG016,True,,,,,2026-05-29 14:02:58,,True,admin
3193,PRYG003319,2003,YG024,True,,,,,2026-05-29 14:05:15,,True,admin
965,PRYG002951,2012,YG011,False,,,,,2026-05-29 20:52:01,,True,admin
965,PRYG002952,1996,YG004,True,,,,,2026-05-29 20:52:01,,True,admin
3195,PRYG003321,2019,YG022,False,rejected,1255,2026-05-29 22:31:15,,2026-05-29 22:24:40,,True,registration
3094,PRYG002996,,YG003,False,,,,,2026-02-27 18:36:57,,True,admin
3107,PRYG002997,,YG028,False,,,,,2026-03-08 21:23:14,,True,admin
3100,PRYG003002,,YG004,False,,,,,2026-02-27 18:51:54,,True,admin
3109,PRYG003006,,YG028,False,,,,,2026-03-08 21:30:19,,True,admin
3110,PRYG003007,,YG021,False,,,,,2026-03-09 19:28:05,,True,admin
3108,PRYG003005,,YG028,False,,,,,2026-03-08 21:24:26,,True,admin
3171,PRYG003272,,YG010,False,,,,,2026-05-02 09:49:19,,True,admin
3172,PRYG003273,,YG010,False,,,,,2026-05-02 09:50:58,,True,admin
3176,PRYG003280,,YG006,False,,,,,2026-05-02 12:25:23,,True,admin
3178,PRYG003298,,YG023,False,,,,,2026-05-02 13:06:36,,True,admin
3183,PRYG003303,,YG023,False,,,,,2026-05-07 19:22:47,,True,admin
3179,PRYG003299,,YG023,False,,,,,2026-05-07 19:10:11,,True,admin
3091,PRYG003000,2025,YG022,False,,,,,2026-05-28 13:05:48,,True,admin
3092,PRYG002995,2024,YG022,False,,,,,2026-05-28 13:07:00,,True,admin
3095,PRYG002988,,YG003,False,,,,,2026-05-28 13:09:13,,True,admin
3096,PRYG002989,,YG003,False,,,,,2026-05-28 13:09:57,,True,admin
3097,PRYG002990,,YG003,False,,,,,2026-05-28 13:10:18,,True,admin
3098,PRYG002991,,YG016,False,,,,,2026-05-28 13:10:36,,True,admin
3099,PRYG003001,,YG016,False,,,,,2026-05-28 13:10:55,,True,admin
3101,PRYG002993,,YG030,False,,,,,2026-05-28 13:11:18,,True,admin
3104,PRYG002999,2024,YG002,False,,,,,2026-05-28 13:12:07,,True,admin
3105,PRYG003003,,YG015,False,,,,,2026-05-28 13:12:33,,True,admin
3106,PRYG003004,,YG028,False,,,,,2026-05-28 13:12:49,,True,admin
3111,PRYG003008,,YG007,False,,,,,2026-05-28 13:13:07,,True,admin
3112,PRYG002998,2026,YG022,False,,,,,2026-05-28 13:13:24,,True,admin
3165,PRYG003261,2023,YG019,False,,,,,2026-05-28 13:13:42,,True,admin
3166,PRYG003262,,YG019,False,,,,,2026-05-28 13:14:03,,True,admin
3167,PRYG003263,,YG019,False,,,,,2026-05-28 13:14:21,,True,admin
3168,PRYG003269,,YG010,False,,,,,2026-05-28 13:14:38,,True,admin
3169,PRYG003270,,YG010,False,,,,,2026-05-28 13:14:55,,True,admin
3170,PRYG003271,,YG010,False,,,,,2026-05-28 13:15:11,,True,admin
3173,PRYG003279,,YG012,False,,,,,2026-05-28 13:15:30,,True,admin
3175,PRYG003297,,YG006,False,,,,,2026-05-28 13:16:04,,True,admin
3177,PRYG003294,,YG023,False,,,,,2026-05-28 13:16:21,,True,admin
3180,PRYG003300,,YG023,False,,,,,2026-05-28 13:16:42,,True,admin
3181,PRYG003301,,YG023,False,,,,,2026-05-28 13:16:58,,True,admin
3182,PRYG003302,,YG023,False,,,,,2026-05-28 13:17:16,,True,admin
3186,PRYG003312,,YG011,False,,,,,2026-05-29 11:20:52,,True,system
3185,PRYG003311,,YG011,False,,,,,2026-05-29 16:56:23,,True,admin
3187,PRYG003313,,YG011,False,,,,,2026-05-29 16:57:50,,True,admin
3194,PRYG003320,,YG009,False,,,,,2026-05-30 14:15:27,,True,admin
2739,PRYG002590,2018,YG022,False,,,,,2026-05-30 16:24:18,,True,1812
2549,PRYG002445,2018,YG022,False,,,,,2026-05-30 16:24:44,,True,1812
2549,PRYG002445,2018,YG022,False,,,,,2025-06-24 22:54:34,2026-05-30 16:24:44.346065,False,1812
2739,PRYG002590,2018,YG022,False,,,,,2025-10-31 16:23:51,2026-05-30 16:24:18.308584,False,1812
965,PRYG002951,2012,YG011,False,,,,,2026-05-29 20:42:53,2026-05-29 20:52:01,False,admin
965,PRYG002952,1996,YG004,True,,,,,2026-05-29 20:42:53,2026-05-29 20:52:01,False,admin
965,PRYG002951,2012,YG011,False,,,,,2026-05-29 13:56:05,2026-05-29 20:42:53,False,admin
965,PRYG002952,1996,YG004,True,,,,,2026-05-29 13:56:05,2026-05-29 20:42:53,False,admin
965,PRYG002951,2012,YG011,False,,,,,2025-02-18 13:29:59,2026-05-29 13:56:05,False,admin
965,PRYG002952,,YG004,True,,,,,2026-02-28 01:06:02,2026-05-29 13:56:05,False,admin
3184,PRYG003307,,YG022,False,,,,,,2026-05-28 20:23:50,False,admin
177,PRYG000151,2004,YG002,False,,,,,2026-05-27 20:33:42,2026-05-28 20:23:03,False,admin
177,PRYG003306,,YG017,False,,,,,2026-05-27 20:33:42,2026-05-28 20:23:03,False,admin
3174,PRYG003309,,YG006,False,,,,,,2026-05-28 19:42:09,False,admin
3184,PRYG003304,,YG006,False,,,,,2026-05-25 19:10:42,2026-05-28 13:46:22,False,admin
177,PRYG000151,2004,YG002,False,,,,,2026-05-27 20:33:23,2026-05-27 20:33:42,False,admin
177,PRYG003305,,YG017,False,,,,,2026-05-27 20:33:23,2026-05-27 20:33:42,False,admin
177,PRYG000151,2004,YG002,False,,,,,2025-01-31 11:15:37,2026-05-27 20:33:23,False,admin
102,PRYG000088,2021,YG016,False,,,,,2025-01-31 11:14:32,2026-05-27 20:28:08,False,admin
2808,PRYG002657,2019,YG019,False,,,,,2025-11-01 17:19:07,2026-05-27 20:25:09,False,admin
988,PRYG000912,2018,YG010,False,,,,,2025-02-18 18:08:19,2026-05-27 19:49:48,False,admin
3156,PRYG003203,2016,YG012,False,,,,,2026-05-26 08:56:17,2026-05-26 08:56:42,False,admin
3156,PRYG003203,2016,YG012,False,,,,,2026-05-26 08:55:51,2026-05-26 08:56:16,False,admin
3156,PRYG003203,2016,YG012,False,,,,,2026-05-26 08:55:32,2026-05-26 08:55:51,False,admin
3156,PRYG003203,2016,YG012,True,,,,,2024-03-23 22:26:10,2026-05-26 08:55:32,False,admin
3093,PRYG002994,,YG022,False,,,,,2026-02-27 18:33:03,2026-05-28 13:46:23,False,admin
3102,PRYG002992,2025,YG005,False,,,,,2026-05-28 13:11:41,2026-05-28 13:57:19,False,admin
3174,PRYG003281,,YG006,False,,,,,2026-05-28 13:15:47,2026-05-28 13:59:06,False,admin
3194,PRYG003320,,YG009,False,,,,,2026-05-29 21:22:55,2026-05-30 14:15:27,False,admin
